ISO-10303-21;
HEADER;
/* Generated by software containing ST-Developer
 * from STEP Tools, Inc. (www.steptools.com) 
 */

FILE_DESCRIPTION(
/* description */ (''),
/* implementation_level */ '2;1');

FILE_NAME(
/* name */ 'CFLAP.step',
/* time_stamp */ '2026-09-26T20:21:49+02:00',
/* author */ (''),
/* organization */ (''),
/* preprocessor_version */ 'ST-DEVELOPER v20.2',
/* originating_system */ 'Autodesk Translation Framework v15.15.0.0',
/* authorisation */ '');

FILE_SCHEMA (('AUTOMOTIVE_DESIGN { 1 0 10303 214 3 1 1 }'));
ENDSEC;

DATA;
#10=MECHANICAL_DESIGN_GEOMETRIC_PRESENTATION_REPRESENTATION('',(#104,#105,
#106,#107,#108,#109,#110,#111,#112),#17791);
#11=CONTEXT_DEPENDENT_OVER_RIDING_STYLED_ITEM('',(#17880),#17830,#112,(#29));
#12=MAPPED_ITEM('',#13,#11331);
#13=REPRESENTATION_MAP(#11331,#17825);
#14=ITEM_DEFINED_TRANSFORMATION($,$,#10981,#11322);
#15=ITEM_DEFINED_TRANSFORMATION($,$,#11128,#11323);
#16=ITEM_DEFINED_TRANSFORMATION($,$,#10232,#11324);
#17=ITEM_DEFINED_TRANSFORMATION($,$,#10396,#11325);
#18=ITEM_DEFINED_TRANSFORMATION($,$,#10437,#11326);
#19=ITEM_DEFINED_TRANSFORMATION($,$,#10556,#11327);
#20=ITEM_DEFINED_TRANSFORMATION($,$,#10772,#11328);
#21=ITEM_DEFINED_TRANSFORMATION($,$,#10913,#11329);
#22=ITEM_DEFINED_TRANSFORMATION($,$,#10980,#11330);
#23=(
REPRESENTATION_RELATIONSHIP($,$,#17833,#17832)
REPRESENTATION_RELATIONSHIP_WITH_TRANSFORMATION(#14)
SHAPE_REPRESENTATION_RELATIONSHIP()
);
#24=(
REPRESENTATION_RELATIONSHIP($,$,#17834,#17832)
REPRESENTATION_RELATIONSHIP_WITH_TRANSFORMATION(#15)
SHAPE_REPRESENTATION_RELATIONSHIP()
);
#25=(
REPRESENTATION_RELATIONSHIP($,$,#17826,#17825)
REPRESENTATION_RELATIONSHIP_WITH_TRANSFORMATION(#16)
SHAPE_REPRESENTATION_RELATIONSHIP()
);
#26=(
REPRESENTATION_RELATIONSHIP($,$,#17827,#17825)
REPRESENTATION_RELATIONSHIP_WITH_TRANSFORMATION(#17)
SHAPE_REPRESENTATION_RELATIONSHIP()
);
#27=(
REPRESENTATION_RELATIONSHIP($,$,#17828,#17825)
REPRESENTATION_RELATIONSHIP_WITH_TRANSFORMATION(#18)
SHAPE_REPRESENTATION_RELATIONSHIP()
);
#28=(
REPRESENTATION_RELATIONSHIP($,$,#17829,#17825)
REPRESENTATION_RELATIONSHIP_WITH_TRANSFORMATION(#19)
SHAPE_REPRESENTATION_RELATIONSHIP()
);
#29=(
REPRESENTATION_RELATIONSHIP($,$,#17830,#17825)
REPRESENTATION_RELATIONSHIP_WITH_TRANSFORMATION(#20)
SHAPE_REPRESENTATION_RELATIONSHIP()
);
#30=(
REPRESENTATION_RELATIONSHIP($,$,#17831,#17825)
REPRESENTATION_RELATIONSHIP_WITH_TRANSFORMATION(#21)
SHAPE_REPRESENTATION_RELATIONSHIP()
);
#31=(
REPRESENTATION_RELATIONSHIP($,$,#17832,#17825)
REPRESENTATION_RELATIONSHIP_WITH_TRANSFORMATION(#22)
SHAPE_REPRESENTATION_RELATIONSHIP()
);
#32=CONTEXT_DEPENDENT_SHAPE_REPRESENTATION(#23,#17816);
#33=CONTEXT_DEPENDENT_SHAPE_REPRESENTATION(#24,#17817);
#34=CONTEXT_DEPENDENT_SHAPE_REPRESENTATION(#25,#17818);
#35=CONTEXT_DEPENDENT_SHAPE_REPRESENTATION(#26,#17819);
#36=CONTEXT_DEPENDENT_SHAPE_REPRESENTATION(#27,#17820);
#37=CONTEXT_DEPENDENT_SHAPE_REPRESENTATION(#28,#17821);
#38=CONTEXT_DEPENDENT_SHAPE_REPRESENTATION(#29,#17822);
#39=CONTEXT_DEPENDENT_SHAPE_REPRESENTATION(#30,#17823);
#40=CONTEXT_DEPENDENT_SHAPE_REPRESENTATION(#31,#17824);
#41=NEXT_ASSEMBLY_USAGE_OCCURRENCE('MG90servo_body:1',
'MG90servo_body:1','MG90servo_body:1',#17843,#17844,'MG90servo_body:1');
#42=NEXT_ASSEMBLY_USAGE_OCCURRENCE('MG90servo_shaft:1',
'MG90servo_shaft:1','MG90servo_shaft:1',#17843,#17845,
'MG90servo_shaft:1');
#43=NEXT_ASSEMBLY_USAGE_OCCURRENCE('bottom (1):1','bottom (1):1',
'bottom (1):1',#17836,#17837,'bottom (1):1');
#44=NEXT_ASSEMBLY_USAGE_OCCURRENCE('Flap (1):1','Flap (1):1',
'Flap (1):1',#17836,#17838,'Flap (1):1');
#45=NEXT_ASSEMBLY_USAGE_OCCURRENCE('TPU seal (1):1','TPU seal (1):1',
'TPU seal (1):1',#17836,#17839,'TPU seal (1):1');
#46=NEXT_ASSEMBLY_USAGE_OCCURRENCE('New Base (1):1','New Base (1):1',
'New Base (1):1',#17836,#17840,'New Base (1):1');
#47=NEXT_ASSEMBLY_USAGE_OCCURRENCE('TPU cover seal (1):1',
'TPU cover seal (1):1','TPU cover seal (1):1',#17836,#17841,
'TPU cover seal (1):1');
#48=NEXT_ASSEMBLY_USAGE_OCCURRENCE('Cover (1):1','Cover (1):1',
'Cover (1):1',#17836,#17842,'Cover (1):1');
#49=NEXT_ASSEMBLY_USAGE_OCCURRENCE('MG90servo:1','MG90servo:1',
'MG90servo:1',#17836,#17843,'MG90servo:1');
#50=(
BOUNDED_SURFACE()
B_SPLINE_SURFACE(3,2,((#17011,#17012,#17013),(#17014,#17015,#17016),(#17017,
#17018,#17019),(#17020,#17021,#17022),(#17023,#17024,#17025),(#17026,#17027,
#17028),(#17029,#17030,#17031),(#17032,#17033,#17034)),.UNSPECIFIED.,.F.,
 .F.,.F.)
B_SPLINE_SURFACE_WITH_KNOTS((4,2,2,4),(3,3),(0.000743941612241298,0.00114710874076338,
0.00155027586928546,0.00235661012632962),(-1.27709371554008E-5,1.),
 .UNSPECIFIED.)
GEOMETRIC_REPRESENTATION_ITEM()
RATIONAL_B_SPLINE_SURFACE(((1.00000748113732,0.707103040665657,1.),(1.00000602947051,
0.76393782094094,1.),(1.00000489054088,0.808528504211623,1.),(1.00000301209281,
0.88207236591544,1.),(1.00000227490204,0.91093441235919,1.),(1.00000053613676,
0.979009498142535,1.),(1.00000000678061,0.999734529753634,1.),(1.,1.,1.)))
REPRESENTATION_ITEM('')
SURFACE()
);
#51=(
BOUNDED_SURFACE()
B_SPLINE_SURFACE(2,2,((#17038,#17039,#17040),(#17041,#17042,#17043),(#17044,
#17045,#17046)),.UNSPECIFIED.,.F.,.F.,.F.)
B_SPLINE_SURFACE_WITH_KNOTS((3,3),(3,3),(-1.57079632679491,0.),(-1.5707963267949,
0.),.UNSPECIFIED.)
GEOMETRIC_REPRESENTATION_ITEM()
RATIONAL_B_SPLINE_SURFACE(((1.,0.707106781186548,1.),(0.707106781186539,
0.499999999999994,0.707106781186539),(1.,0.707106781186548,1.)))
REPRESENTATION_ITEM('')
SURFACE()
);
#52=(
BOUNDED_SURFACE()
B_SPLINE_SURFACE(3,2,((#17048,#17049,#17050),(#17051,#17052,#17053),(#17054,
#17055,#17056),(#17057,#17058,#17059),(#17060,#17061,#17062),(#17063,#17064,
#17065),(#17066,#17067,#17068),(#17069,#17070,#17071)),.UNSPECIFIED.,.F.,
 .F.,.F.)
B_SPLINE_SURFACE_WITH_KNOTS((4,2,2,4),(3,3),(0.000743941612241268,0.00114710874076334,
0.0015502758692854,0.00235661012632954),(0.,1.00001277093717),
 .UNSPECIFIED.)
GEOMETRIC_REPRESENTATION_ITEM()
RATIONAL_B_SPLINE_SURFACE(((1.,0.707103040665652,1.00000748113733),(1.,
0.763937820940936,1.00000602947052),(1.,0.80852850421162,1.00000489054089),
(1.,0.882072365915436,1.00000301209281),(1.,0.910934412359354,1.00000227490205),
(1.,0.979009498142194,1.00000053613676),(1.,0.999734529753887,1.00000000678061),
(1.,1.,1.)))
REPRESENTATION_ITEM('')
SURFACE()
);
#53=(
BOUNDED_SURFACE()
B_SPLINE_SURFACE(2,2,((#17077,#17078,#17079),(#17080,#17081,#17082),(#17083,
#17084,#17085)),.UNSPECIFIED.,.F.,.F.,.F.)
B_SPLINE_SURFACE_WITH_KNOTS((3,3),(3,3),(-1.5707963267949,0.),(-3.14159265358979,
-1.5707963267949),.UNSPECIFIED.)
GEOMETRIC_REPRESENTATION_ITEM()
RATIONAL_B_SPLINE_SURFACE(((1.,0.707106781186548,1.),(0.707106781186555,
0.500000000000005,0.707106781186555),(1.,0.707106781186548,1.)))
REPRESENTATION_ITEM('')
SURFACE()
);
#54=(
BOUNDED_SURFACE()
B_SPLINE_SURFACE(3,2,((#17086,#17087,#17088),(#17089,#17090,#17091),(#17092,
#17093,#17094),(#17095,#17096,#17097),(#17098,#17099,#17100),(#17101,#17102,
#17103),(#17104,#17105,#17106),(#17107,#17108,#17109)),.UNSPECIFIED.,.F.,
 .F.,.F.)
B_SPLINE_SURFACE_WITH_KNOTS((4,2,2,4),(3,3),(0.000743941612241292,0.00114710874076336,
0.00155027586928544,0.00235661012632958),(-1.2770937610029E-5,1.),
 .UNSPECIFIED.)
GEOMETRIC_REPRESENTATION_ITEM()
RATIONAL_B_SPLINE_SURFACE(((1.00000748113759,0.707103040665524,1.),(1.00000602947072,
0.763937820940613,1.),(1.00000489054105,0.808528504211813,1.),(1.00000301209291,
0.882072365915105,1.),(1.00000227490213,0.910934412359413,1.),(1.00000053613678,
0.979009498141977,1.),(1.00000000678061,0.99973452975404,1.),(1.,1.,1.)))
REPRESENTATION_ITEM('')
SURFACE()
);
#55=(
BOUNDED_SURFACE()
B_SPLINE_SURFACE(2,2,((#17113,#17114,#17115),(#17116,#17117,#17118),(#17119,
#17120,#17121)),.UNSPECIFIED.,.F.,.F.,.F.)
B_SPLINE_SURFACE_WITH_KNOTS((3,3),(3,3),(-1.57079632679491,0.),(0.,1.5707963267949),
 .UNSPECIFIED.)
GEOMETRIC_REPRESENTATION_ITEM()
RATIONAL_B_SPLINE_SURFACE(((1.,0.707106781186548,1.),(0.707106781186539,
0.499999999999994,0.707106781186539),(1.,0.707106781186548,1.)))
REPRESENTATION_ITEM('')
SURFACE()
);
#56=(
BOUNDED_SURFACE()
B_SPLINE_SURFACE(3,2,((#17125,#17126,#17127),(#17128,#17129,#17130),(#17131,
#17132,#17133),(#17134,#17135,#17136),(#17137,#17138,#17139),(#17140,#17141,
#17142),(#17143,#17144,#17145),(#17146,#17147,#17148)),.UNSPECIFIED.,.F.,
 .F.,.F.)
B_SPLINE_SURFACE_WITH_KNOTS((4,2,2,4),(3,3),(0.000743941612241278,0.00114710874076335,
0.00155027586928543,0.00235661012632958),(0.,1.00001277093713),
 .UNSPECIFIED.)
GEOMETRIC_REPRESENTATION_ITEM()
RATIONAL_B_SPLINE_SURFACE(((1.,0.707103040665666,1.00000748113731),(1.,
0.763937820940876,1.0000060294705),(1.,0.808528504211725,1.00000489054087),
(1.,0.882072365915349,1.0000030120928),(1.,0.910934412359192,1.00000227490204),
(1.,0.979009498142535,1.00000053613676),(1.,0.999734529753635,1.00000000678061),
(1.,1.,1.)))
REPRESENTATION_ITEM('')
SURFACE()
);
#57=(
BOUNDED_SURFACE()
B_SPLINE_SURFACE(3,2,((#17149,#17150,#17151),(#17152,#17153,#17154),(#17155,
#17156,#17157),(#17158,#17159,#17160),(#17161,#17162,#17163),(#17164,#17165,
#17166),(#17167,#17168,#17169),(#17170,#17171,#17172)),.UNSPECIFIED.,.F.,
 .F.,.F.)
B_SPLINE_SURFACE_WITH_KNOTS((4,2,2,4),(3,3),(0.000743941612241281,0.00114710874076335,
0.00155027586928542,0.00235661012632955),(-1.27709370572475E-5,1.),
 .UNSPECIFIED.)
GEOMETRIC_REPRESENTATION_ITEM()
RATIONAL_B_SPLINE_SURFACE(((1.00000748113726,0.707103040665686,1.),(1.00000602947046,
0.763937820940852,1.),(1.00000489054084,0.80852850421179,1.),(1.00000301209278,
0.882072365915304,1.),(1.00000227490203,0.910934412359349,1.),(1.00000053613676,
0.979009498142225,1.),(1.00000000678061,0.999734529753865,1.),(1.,1.,1.)))
REPRESENTATION_ITEM('')
SURFACE()
);
#58=(
BOUNDED_SURFACE()
B_SPLINE_SURFACE(2,2,((#17176,#17177,#17178),(#17179,#17180,#17181),(#17182,
#17183,#17184)),.UNSPECIFIED.,.F.,.F.,.F.)
B_SPLINE_SURFACE_WITH_KNOTS((3,3),(3,3),(-1.57079632679491,0.),(1.5707963267949,
3.14159265358979),.UNSPECIFIED.)
GEOMETRIC_REPRESENTATION_ITEM()
RATIONAL_B_SPLINE_SURFACE(((1.,0.707106781186548,1.),(0.707106781186552,
0.500000000000003,0.707106781186552),(1.,0.707106781186548,1.)))
REPRESENTATION_ITEM('')
SURFACE()
);
#59=(
BOUNDED_SURFACE()
B_SPLINE_SURFACE(3,2,((#17186,#17187,#17188),(#17189,#17190,#17191),(#17192,
#17193,#17194),(#17195,#17196,#17197),(#17198,#17199,#17200),(#17201,#17202,
#17203),(#17204,#17205,#17206),(#17207,#17208,#17209)),.UNSPECIFIED.,.F.,
 .F.,.F.)
B_SPLINE_SURFACE_WITH_KNOTS((4,2,2,4),(3,3),(0.000743941612241252,0.0011471087407633,
0.00155027586928535,0.00235661012632946),(0.,1.0000127709378),
 .UNSPECIFIED.)
GEOMETRIC_REPRESENTATION_ITEM()
RATIONAL_B_SPLINE_SURFACE(((1.,0.707103040665467,1.0000074811377),(1.,0.763937820940785,
1.00000602947081),(1.,0.8085285042115,1.00000489054113),(1.,0.882072365915358,
1.00000301209296),(1.,0.910934412359257,1.00000227490216),(1.,0.979009498142269,
1.00000053613679),(1.,0.999734529753816,1.00000000678061),(1.,1.,1.)))
REPRESENTATION_ITEM('')
SURFACE()
);
#60=ELLIPSE('',#11004,0.42426406871167,0.29999999999982);
#61=ELLIPSE('',#11008,0.424264068711576,0.299999999999769);
#62=ELLIPSE('',#11069,0.424264068711305,0.299999999999539);
#63=ELLIPSE('',#11072,0.424264068711714,0.299999999999855);
#64=ELLIPSE('',#11075,0.424264068711124,0.299999999999423);
#65=ELLIPSE('',#11080,0.424264068711876,0.299999999999969);
#66=ELLIPSE('',#11082,0.424264068711468,0.299999999999707);
#67=ELLIPSE('',#11087,0.424264068711791,0.29999999999991);
#68=TOROIDAL_SURFACE('',#10991,6.05,0.2);
#69=TOROIDAL_SURFACE('',#11097,1.2,0.2);
#70=TOROIDAL_SURFACE('',#11099,2.625,0.2);
#71=TOROIDAL_SURFACE('',#11101,1.2,0.2);
#72=B_SPLINE_CURVE_WITH_KNOTS('',3,(#15655,#15656,#15657,#15658,#15659,
#15660,#15661,#15662,#15663,#15664),.UNSPECIFIED.,.F.,.F.,(4,2,2,2,4),(0.303948761594639,
0.322898366423704,0.341847971252769,0.360998080639652,0.380148190026536),
 .UNSPECIFIED.);
#73=B_SPLINE_CURVE_WITH_KNOTS('',3,(#15678,#15679,#15680,#15681,#15682,
#15683,#15684,#15685,#15686,#15687),.UNSPECIFIED.,.F.,.F.,(4,2,2,2,4),(0.22774931947043,
0.247013016149224,0.266276712828019,0.285112591632043,0.303948470436067),
 .UNSPECIFIED.);
#74=B_SPLINE_CURVE_WITH_KNOTS('',3,(#15694,#15695,#15696,#15697,#15698,
#15699,#15700,#15701,#15702,#15703),.UNSPECIFIED.,.F.,.F.,(4,2,2,2,4),(0.151974235218034,
0.170810114022058,0.189645992826081,0.208909689504876,0.228173386183671),
 .UNSPECIFIED.);
#75=B_SPLINE_CURVE_WITH_KNOTS('',3,(#15717,#15718,#15719,#15720,#15721,
#15722,#15723,#15724,#15725,#15726),.UNSPECIFIED.,.F.,.F.,(4,2,2,2,4),(0.0757750842523964,
0.095038780931191,0.114302477609986,0.133138356414009,0.151974235218032),
 .UNSPECIFIED.);
#76=B_SPLINE_CURVE_WITH_KNOTS('',3,(#16534,#16535,#16536,#16537,#16538,
#16539,#16540,#16541,#16542,#16543),.UNSPECIFIED.,.F.,.F.,(4,2,2,2,4),(0.,
0.0393290827535148,0.0792766492744176,0.157826786627375,0.158574968554041),
 .UNSPECIFIED.);
#77=B_SPLINE_CURVE_WITH_KNOTS('',3,(#16545,#16546,#16547,#16548,#16549,
#16550,#16551,#16552,#16553,#16554),.UNSPECIFIED.,.F.,.F.,(4,2,2,2,4),(-0.00074815161394972,
0.,0.0785469548793719,0.118492902917426,0.157820392246059),
 .UNSPECIFIED.);
#78=B_SPLINE_CURVE_WITH_KNOTS('',3,(#16558,#16559,#16560,#16561,#16562,
#16563,#16564,#16565,#16566,#16567),.UNSPECIFIED.,.F.,.F.,(4,2,2,2,4),(0.,
0.0393290827535616,0.0792766492745743,0.157826786574062,0.158574968501176),
 .UNSPECIFIED.);
#79=B_SPLINE_CURVE_WITH_KNOTS('',3,(#16569,#16570,#16571,#16572,#16573,
#16574,#16575,#16576,#16577,#16578),.UNSPECIFIED.,.F.,.F.,(4,2,2,2,4),(-0.000748151615368947,
0.,0.0785469549293727,0.118492903019816,0.157820392400025),
 .UNSPECIFIED.);
#80=B_SPLINE_CURVE_WITH_KNOTS('',3,(#16582,#16583,#16584,#16585,#16586,
#16587,#16588,#16589,#16590,#16591),.UNSPECIFIED.,.F.,.F.,(4,2,2,2,4),(0.,
0.0393290827535129,0.0792766492744104,0.157826786612177,0.158574968538976),
 .UNSPECIFIED.);
#81=B_SPLINE_CURVE_WITH_KNOTS('',3,(#16593,#16594,#16595,#16596,#16597,
#16598,#16599,#16600,#16601,#16602),.UNSPECIFIED.,.F.,.F.,(4,2,2,2,4),(-0.000748151614341636,
0.,0.0785469548932946,0.11849290294594,0.157820392288959),.UNSPECIFIED.);
#82=B_SPLINE_CURVE_WITH_KNOTS('',3,(#16672,#16673,#16674,#16675,#16676,
#16677,#16678,#16679,#16680,#16681,#16682,#16683,#16684,#16685,#16686,#16687),
 .UNSPECIFIED.,.F.,.F.,(4,3,3,3,3,4),(0.,0.000398367008911524,0.000796746456632986,
0.000796838955247222,0.00117158929684029,0.00159367791049444),
 .UNSPECIFIED.);
#83=B_SPLINE_CURVE_WITH_KNOTS('',3,(#16689,#16690,#16691,#16692,#16693,
#16694,#16695,#16696,#16697,#16698,#16699,#16700,#16701,#16702,#16703,#16704),
 .UNSPECIFIED.,.F.,.F.,(4,3,3,3,3,4),(-1.55563491987819E-5,0.000651430346555223,
0.000775024113694695,0.000775177571785817,0.00117039723204881,0.00156560457658817),
 .UNSPECIFIED.);
#84=B_SPLINE_CURVE_WITH_KNOTS('',3,(#16732,#16733,#16734,#16735,#16736,
#16737,#16738,#16739,#16740,#16741,#16742,#16743,#16744,#16745,#16746,#16747),
 .UNSPECIFIED.,.F.,.F.,(4,3,3,3,3,4),(0.,0.000398367008911204,0.000796746456632998,
0.00079683895524723,0.00117158929585099,0.00159367791049446),
 .UNSPECIFIED.);
#85=B_SPLINE_CURVE_WITH_KNOTS('',3,(#16749,#16750,#16751,#16752,#16753,
#16754,#16755,#16756,#16757,#16758,#16759,#16760,#16761,#16762,#16763,#16764),
 .UNSPECIFIED.,.F.,.F.,(4,3,3,3,3,4),(-1.55563491988021E-5,0.000651430361339793,
0.000775024113694673,0.000775177571785799,0.00117039723204905,0.00156560457658815),
 .UNSPECIFIED.);
#86=B_SPLINE_CURVE_WITH_KNOTS('',3,(#16795,#16796,#16797,#16798,#16799,
#16800,#16801,#16802,#16803,#16804,#16805,#16806,#16807,#16808,#16809,#16810),
 .UNSPECIFIED.,.F.,.F.,(4,3,3,3,3,4),(0.,0.00039836700891129,0.000796746456632973,
0.00079683895524721,0.00117158929639172,0.00159367791049442),
 .UNSPECIFIED.);
#87=B_SPLINE_CURVE_WITH_KNOTS('',3,(#16812,#16813,#16814,#16815,#16816,
#16817,#16818,#16819,#16820,#16821,#16822,#16823,#16824,#16825,#16826,#16827),
 .UNSPECIFIED.,.F.,.F.,(4,3,3,3,3,4),(-1.55563491988008E-5,0.000651430361345589,
0.000775024113694678,0.000775177571785801,0.00117039723204897,0.00156560457658816),
 .UNSPECIFIED.);
#88=SHAPE_REPRESENTATION_RELATIONSHIP('SRR','None',#17826,#96);
#89=SHAPE_REPRESENTATION_RELATIONSHIP('SRR','None',#17827,#97);
#90=SHAPE_REPRESENTATION_RELATIONSHIP('SRR','None',#17828,#98);
#91=SHAPE_REPRESENTATION_RELATIONSHIP('SRR','None',#17829,#99);
#92=SHAPE_REPRESENTATION_RELATIONSHIP('SRR','None',#17830,#100);
#93=SHAPE_REPRESENTATION_RELATIONSHIP('SRR','None',#17831,#101);
#94=SHAPE_REPRESENTATION_RELATIONSHIP('SRR','None',#17833,#102);
#95=SHAPE_REPRESENTATION_RELATIONSHIP('SRR','None',#17834,#103);
#96=ADVANCED_BREP_SHAPE_REPRESENTATION('',(#113),#17782);
#97=ADVANCED_BREP_SHAPE_REPRESENTATION('',(#114),#17783);
#98=ADVANCED_BREP_SHAPE_REPRESENTATION('',(#115),#17784);
#99=ADVANCED_BREP_SHAPE_REPRESENTATION('',(#116),#17785);
#100=ADVANCED_BREP_SHAPE_REPRESENTATION('',(#117),#17786);
#101=ADVANCED_BREP_SHAPE_REPRESENTATION('',(#118),#17787);
#102=ADVANCED_BREP_SHAPE_REPRESENTATION('',(#119),#17789);
#103=ADVANCED_BREP_SHAPE_REPRESENTATION('',(#120),#17790);
#104=STYLED_ITEM('',(#17881),#113);
#105=STYLED_ITEM('',(#17882),#114);
#106=STYLED_ITEM('',(#17880),#115);
#107=STYLED_ITEM('',(#17879),#116);
#108=STYLED_ITEM('',(#17880),#117);
#109=STYLED_ITEM('',(#17883),#118);
#110=STYLED_ITEM('',(#17884),#119);
#111=STYLED_ITEM('',(#17885),#120);
#112=STYLED_ITEM('',(#17886),#12);
#113=MANIFOLD_SOLID_BREP('Body1',#10134);
#114=MANIFOLD_SOLID_BREP('Body1',#10135);
#115=MANIFOLD_SOLID_BREP('Body1',#10136);
#116=MANIFOLD_SOLID_BREP('Body1',#10137);
#117=MANIFOLD_SOLID_BREP('Body1',#10138);
#118=MANIFOLD_SOLID_BREP('Body1',#10139);
#119=MANIFOLD_SOLID_BREP('Body1',#10140);
#120=MANIFOLD_SOLID_BREP('Body1',#10141);
#121=LINE('',#14455,#1025);
#122=LINE('',#14462,#1026);
#123=LINE('',#14470,#1027);
#124=LINE('',#14474,#1028);
#125=LINE('',#14482,#1029);
#126=LINE('',#14490,#1030);
#127=LINE('',#14494,#1031);
#128=LINE('',#14498,#1032);
#129=LINE('',#14506,#1033);
#130=LINE('',#14514,#1034);
#131=LINE('',#14517,#1035);
#132=LINE('',#14544,#1036);
#133=LINE('',#14546,#1037);
#134=LINE('',#14547,#1038);
#135=LINE('',#14550,#1039);
#136=LINE('',#14552,#1040);
#137=LINE('',#14553,#1041);
#138=LINE('',#14556,#1042);
#139=LINE('',#14558,#1043);
#140=LINE('',#14559,#1044);
#141=LINE('',#14563,#1045);
#142=LINE('',#14567,#1046);
#143=LINE('',#14572,#1047);
#144=LINE('',#14575,#1048);
#145=LINE('',#14578,#1049);
#146=LINE('',#14584,#1050);
#147=LINE('',#14587,#1051);
#148=LINE('',#14590,#1052);
#149=LINE('',#14594,#1053);
#150=LINE('',#14595,#1054);
#151=LINE('',#14600,#1055);
#152=LINE('',#14601,#1056);
#153=LINE('',#14606,#1057);
#154=LINE('',#14607,#1058);
#155=LINE('',#14611,#1059);
#156=LINE('',#14615,#1060);
#157=LINE('',#14618,#1061);
#158=LINE('',#14619,#1062);
#159=LINE('',#14623,#1063);
#160=LINE('',#14627,#1064);
#161=LINE('',#14631,#1065);
#162=LINE('',#14634,#1066);
#163=LINE('',#14635,#1067);
#164=LINE('',#14639,#1068);
#165=LINE('',#14642,#1069);
#166=LINE('',#14646,#1070);
#167=LINE('',#14650,#1071);
#168=LINE('',#14654,#1072);
#169=LINE('',#14658,#1073);
#170=LINE('',#14662,#1074);
#171=LINE('',#14666,#1075);
#172=LINE('',#14670,#1076);
#173=LINE('',#14675,#1077);
#174=LINE('',#14678,#1078);
#175=LINE('',#14682,#1079);
#176=LINE('',#14686,#1080);
#177=LINE('',#14690,#1081);
#178=LINE('',#14694,#1082);
#179=LINE('',#14698,#1083);
#180=LINE('',#14702,#1084);
#181=LINE('',#14706,#1085);
#182=LINE('',#14710,#1086);
#183=LINE('',#14714,#1087);
#184=LINE('',#14718,#1088);
#185=LINE('',#14722,#1089);
#186=LINE('',#14726,#1090);
#187=LINE('',#14729,#1091);
#188=LINE('',#14733,#1092);
#189=LINE('',#14736,#1093);
#190=LINE('',#14739,#1094);
#191=LINE('',#14740,#1095);
#192=LINE('',#14743,#1096);
#193=LINE('',#14747,#1097);
#194=LINE('',#14748,#1098);
#195=LINE('',#14751,#1099);
#196=LINE('',#14755,#1100);
#197=LINE('',#14756,#1101);
#198=LINE('',#14759,#1102);
#199=LINE('',#14763,#1103);
#200=LINE('',#14764,#1104);
#201=LINE('',#14767,#1105);
#202=LINE('',#14771,#1106);
#203=LINE('',#14772,#1107);
#204=LINE('',#14775,#1108);
#205=LINE('',#14779,#1109);
#206=LINE('',#14780,#1110);
#207=LINE('',#14783,#1111);
#208=LINE('',#14786,#1112);
#209=LINE('',#14789,#1113);
#210=LINE('',#14790,#1114);
#211=LINE('',#14793,#1115);
#212=LINE('',#14797,#1116);
#213=LINE('',#14799,#1117);
#214=LINE('',#14800,#1118);
#215=LINE('',#14803,#1119);
#216=LINE('',#14807,#1120);
#217=LINE('',#14808,#1121);
#218=LINE('',#14811,#1122);
#219=LINE('',#14815,#1123);
#220=LINE('',#14816,#1124);
#221=LINE('',#14819,#1125);
#222=LINE('',#14822,#1126);
#223=LINE('',#14826,#1127);
#224=LINE('',#14829,#1128);
#225=LINE('',#14830,#1129);
#226=LINE('',#14836,#1130);
#227=LINE('',#14838,#1131);
#228=LINE('',#14841,#1132);
#229=LINE('',#14842,#1133);
#230=LINE('',#14844,#1134);
#231=LINE('',#14846,#1135);
#232=LINE('',#14852,#1136);
#233=LINE('',#14854,#1137);
#234=LINE('',#14856,#1138);
#235=LINE('',#14858,#1139);
#236=LINE('',#14859,#1140);
#237=LINE('',#14862,#1141);
#238=LINE('',#14869,#1142);
#239=LINE('',#14871,#1143);
#240=LINE('',#14875,#1144);
#241=LINE('',#14877,#1145);
#242=LINE('',#14878,#1146);
#243=LINE('',#14879,#1147);
#244=LINE('',#14882,#1148);
#245=LINE('',#14886,#1149);
#246=LINE('',#14890,#1150);
#247=LINE('',#14896,#1151);
#248=LINE('',#14897,#1152);
#249=LINE('',#14901,#1153);
#250=LINE('',#14902,#1154);
#251=LINE('',#14904,#1155);
#252=LINE('',#14905,#1156);
#253=LINE('',#14908,#1157);
#254=LINE('',#14909,#1158);
#255=LINE('',#14910,#1159);
#256=LINE('',#14920,#1160);
#257=LINE('',#14924,#1161);
#258=LINE('',#14929,#1162);
#259=LINE('',#14935,#1163);
#260=LINE('',#14939,#1164);
#261=LINE('',#14944,#1165);
#262=LINE('',#14948,#1166);
#263=LINE('',#14951,#1167);
#264=LINE('',#14952,#1168);
#265=LINE('',#14954,#1169);
#266=LINE('',#14956,#1170);
#267=LINE('',#14962,#1171);
#268=LINE('',#14964,#1172);
#269=LINE('',#14966,#1173);
#270=LINE('',#14967,#1174);
#271=LINE('',#14972,#1175);
#272=LINE('',#14976,#1176);
#273=LINE('',#14978,#1177);
#274=LINE('',#14979,#1178);
#275=LINE('',#14984,#1179);
#276=LINE('',#14991,#1180);
#277=LINE('',#14994,#1181);
#278=LINE('',#14997,#1182);
#279=LINE('',#14999,#1183);
#280=LINE('',#15000,#1184);
#281=LINE('',#15007,#1185);
#282=LINE('',#15009,#1186);
#283=LINE('',#15011,#1187);
#284=LINE('',#15012,#1188);
#285=LINE('',#15017,#1189);
#286=LINE('',#15021,#1190);
#287=LINE('',#15023,#1191);
#288=LINE('',#15024,#1192);
#289=LINE('',#15029,#1193);
#290=LINE('',#15036,#1194);
#291=LINE('',#15039,#1195);
#292=LINE('',#15042,#1196);
#293=LINE('',#15044,#1197);
#294=LINE('',#15045,#1198);
#295=LINE('',#15051,#1199);
#296=LINE('',#15055,#1200);
#297=LINE('',#15059,#1201);
#298=LINE('',#15062,#1202);
#299=LINE('',#15064,#1203);
#300=LINE('',#15068,#1204);
#301=LINE('',#15071,#1205);
#302=LINE('',#15076,#1206);
#303=LINE('',#15080,#1207);
#304=LINE('',#15084,#1208);
#305=LINE('',#15088,#1209);
#306=LINE('',#15092,#1210);
#307=LINE('',#15096,#1211);
#308=LINE('',#15100,#1212);
#309=LINE('',#15104,#1213);
#310=LINE('',#15108,#1214);
#311=LINE('',#15112,#1215);
#312=LINE('',#15116,#1216);
#313=LINE('',#15120,#1217);
#314=LINE('',#15123,#1218);
#315=LINE('',#15134,#1219);
#316=LINE('',#15135,#1220);
#317=LINE('',#15138,#1221);
#318=LINE('',#15142,#1222);
#319=LINE('',#15145,#1223);
#320=LINE('',#15149,#1224);
#321=LINE('',#15153,#1225);
#322=LINE('',#15156,#1226);
#323=LINE('',#15161,#1227);
#324=LINE('',#15165,#1228);
#325=LINE('',#15169,#1229);
#326=LINE('',#15173,#1230);
#327=LINE('',#15177,#1231);
#328=LINE('',#15181,#1232);
#329=LINE('',#15185,#1233);
#330=LINE('',#15189,#1234);
#331=LINE('',#15193,#1235);
#332=LINE('',#15197,#1236);
#333=LINE('',#15201,#1237);
#334=LINE('',#15205,#1238);
#335=LINE('',#15208,#1239);
#336=LINE('',#15218,#1240);
#337=LINE('',#15220,#1241);
#338=LINE('',#15221,#1242);
#339=LINE('',#15223,#1243);
#340=LINE('',#15225,#1244);
#341=LINE('',#15226,#1245);
#342=LINE('',#15228,#1246);
#343=LINE('',#15230,#1247);
#344=LINE('',#15231,#1248);
#345=LINE('',#15233,#1249);
#346=LINE('',#15235,#1250);
#347=LINE('',#15237,#1251);
#348=LINE('',#15239,#1252);
#349=LINE('',#15241,#1253);
#350=LINE('',#15243,#1254);
#351=LINE('',#15245,#1255);
#352=LINE('',#15247,#1256);
#353=LINE('',#15250,#1257);
#354=LINE('',#15252,#1258);
#355=LINE('',#15254,#1259);
#356=LINE('',#15257,#1260);
#357=LINE('',#15259,#1261);
#358=LINE('',#15261,#1262);
#359=LINE('',#15263,#1263);
#360=LINE('',#15265,#1264);
#361=LINE('',#15267,#1265);
#362=LINE('',#15269,#1266);
#363=LINE('',#15272,#1267);
#364=LINE('',#15274,#1268);
#365=LINE('',#15276,#1269);
#366=LINE('',#15278,#1270);
#367=LINE('',#15280,#1271);
#368=LINE('',#15282,#1272);
#369=LINE('',#15284,#1273);
#370=LINE('',#15287,#1274);
#371=LINE('',#15289,#1275);
#372=LINE('',#15291,#1276);
#373=LINE('',#15293,#1277);
#374=LINE('',#15295,#1278);
#375=LINE('',#15302,#1279);
#376=LINE('',#15309,#1280);
#377=LINE('',#15316,#1281);
#378=LINE('',#15323,#1282);
#379=LINE('',#15330,#1283);
#380=LINE('',#15337,#1284);
#381=LINE('',#15343,#1285);
#382=LINE('',#15347,#1286);
#383=LINE('',#15351,#1287);
#384=LINE('',#15355,#1288);
#385=LINE('',#15359,#1289);
#386=LINE('',#15363,#1290);
#387=LINE('',#15367,#1291);
#388=LINE('',#15371,#1292);
#389=LINE('',#15375,#1293);
#390=LINE('',#15379,#1294);
#391=LINE('',#15383,#1295);
#392=LINE('',#15387,#1296);
#393=LINE('',#15391,#1297);
#394=LINE('',#15399,#1298);
#395=LINE('',#15403,#1299);
#396=LINE('',#15407,#1300);
#397=LINE('',#15411,#1301);
#398=LINE('',#15415,#1302);
#399=LINE('',#15419,#1303);
#400=LINE('',#15423,#1304);
#401=LINE('',#15431,#1305);
#402=LINE('',#15435,#1306);
#403=LINE('',#15439,#1307);
#404=LINE('',#15443,#1308);
#405=LINE('',#15451,#1309);
#406=LINE('',#15455,#1310);
#407=LINE('',#15459,#1311);
#408=LINE('',#15472,#1312);
#409=LINE('',#15476,#1313);
#410=LINE('',#15480,#1314);
#411=LINE('',#15484,#1315);
#412=LINE('',#15488,#1316);
#413=LINE('',#15492,#1317);
#414=LINE('',#15496,#1318);
#415=LINE('',#15500,#1319);
#416=LINE('',#15504,#1320);
#417=LINE('',#15508,#1321);
#418=LINE('',#15512,#1322);
#419=LINE('',#15516,#1323);
#420=LINE('',#15520,#1324);
#421=LINE('',#15536,#1325);
#422=LINE('',#15540,#1326);
#423=LINE('',#15544,#1327);
#424=LINE('',#15552,#1328);
#425=LINE('',#15556,#1329);
#426=LINE('',#15560,#1330);
#427=LINE('',#15564,#1331);
#428=LINE('',#15572,#1332);
#429=LINE('',#15576,#1333);
#430=LINE('',#15580,#1334);
#431=LINE('',#15584,#1335);
#432=LINE('',#15588,#1336);
#433=LINE('',#15592,#1337);
#434=LINE('',#15596,#1338);
#435=LINE('',#15601,#1339);
#436=LINE('',#15603,#1340);
#437=LINE('',#15605,#1341);
#438=LINE('',#15606,#1342);
#439=LINE('',#15612,#1343);
#440=LINE('',#15615,#1344);
#441=LINE('',#15617,#1345);
#442=LINE('',#15618,#1346);
#443=LINE('',#15624,#1347);
#444=LINE('',#15627,#1348);
#445=LINE('',#15629,#1349);
#446=LINE('',#15630,#1350);
#447=LINE('',#15636,#1351);
#448=LINE('',#15639,#1352);
#449=LINE('',#15641,#1353);
#450=LINE('',#15642,#1354);
#451=LINE('',#15647,#1355);
#452=LINE('',#15648,#1356);
#453=LINE('',#15650,#1357);
#454=LINE('',#15651,#1358);
#455=LINE('',#15666,#1359);
#456=LINE('',#15669,#1360);
#457=LINE('',#15672,#1361);
#458=LINE('',#15674,#1362);
#459=LINE('',#15675,#1363);
#460=LINE('',#15689,#1364);
#461=LINE('',#15705,#1365);
#462=LINE('',#15708,#1366);
#463=LINE('',#15711,#1367);
#464=LINE('',#15713,#1368);
#465=LINE('',#15714,#1369);
#466=LINE('',#15728,#1370);
#467=LINE('',#15733,#1371);
#468=LINE('',#15736,#1372);
#469=LINE('',#15741,#1373);
#470=LINE('',#15743,#1374);
#471=LINE('',#15745,#1375);
#472=LINE('',#15746,#1376);
#473=LINE('',#15748,#1377);
#474=LINE('',#15749,#1378);
#475=LINE('',#15751,#1379);
#476=LINE('',#15752,#1380);
#477=LINE('',#15756,#1381);
#478=LINE('',#15758,#1382);
#479=LINE('',#15760,#1383);
#480=LINE('',#15761,#1384);
#481=LINE('',#15766,#1385);
#482=LINE('',#15770,#1386);
#483=LINE('',#15772,#1387);
#484=LINE('',#15773,#1388);
#485=LINE('',#15778,#1389);
#486=LINE('',#15782,#1390);
#487=LINE('',#15784,#1391);
#488=LINE('',#15785,#1392);
#489=LINE('',#15790,#1393);
#490=LINE('',#15794,#1394);
#491=LINE('',#15796,#1395);
#492=LINE('',#15797,#1396);
#493=LINE('',#15802,#1397);
#494=LINE('',#15803,#1398);
#495=LINE('',#15805,#1399);
#496=LINE('',#15806,#1400);
#497=LINE('',#15808,#1401);
#498=LINE('',#15809,#1402);
#499=LINE('',#15811,#1403);
#500=LINE('',#15813,#1404);
#501=LINE('',#15814,#1405);
#502=LINE('',#15816,#1406);
#503=LINE('',#15818,#1407);
#504=LINE('',#15821,#1408);
#505=LINE('',#15823,#1409);
#506=LINE('',#15825,#1410);
#507=LINE('',#15827,#1411);
#508=LINE('',#15830,#1412);
#509=LINE('',#15831,#1413);
#510=LINE('',#15833,#1414);
#511=LINE('',#15835,#1415);
#512=LINE('',#15836,#1416);
#513=LINE('',#15838,#1417);
#514=LINE('',#15840,#1418);
#515=LINE('',#15841,#1419);
#516=LINE('',#15843,#1420);
#517=LINE('',#15845,#1421);
#518=LINE('',#15846,#1422);
#519=LINE('',#15848,#1423);
#520=LINE('',#15850,#1424);
#521=LINE('',#15852,#1425);
#522=LINE('',#15856,#1426);
#523=LINE('',#15859,#1427);
#524=LINE('',#15861,#1428);
#525=LINE('',#15862,#1429);
#526=LINE('',#15864,#1430);
#527=LINE('',#15866,#1431);
#528=LINE('',#15870,#1432);
#529=LINE('',#15872,#1433);
#530=LINE('',#15874,#1434);
#531=LINE('',#15876,#1435);
#532=LINE('',#15878,#1436);
#533=LINE('',#15880,#1437);
#534=LINE('',#15882,#1438);
#535=LINE('',#15884,#1439);
#536=LINE('',#15886,#1440);
#537=LINE('',#15889,#1441);
#538=LINE('',#15891,#1442);
#539=LINE('',#15893,#1443);
#540=LINE('',#15895,#1444);
#541=LINE('',#15897,#1445);
#542=LINE('',#15899,#1446);
#543=LINE('',#15902,#1447);
#544=LINE('',#15904,#1448);
#545=LINE('',#15906,#1449);
#546=LINE('',#15908,#1450);
#547=LINE('',#15910,#1451);
#548=LINE('',#15913,#1452);
#549=LINE('',#15915,#1453);
#550=LINE('',#15917,#1454);
#551=LINE('',#15919,#1455);
#552=LINE('',#15921,#1456);
#553=LINE('',#15927,#1457);
#554=LINE('',#15929,#1458);
#555=LINE('',#15931,#1459);
#556=LINE('',#15932,#1460);
#557=LINE('',#15937,#1461);
#558=LINE('',#15941,#1462);
#559=LINE('',#15945,#1463);
#560=LINE('',#15949,#1464);
#561=LINE('',#15953,#1465);
#562=LINE('',#15957,#1466);
#563=LINE('',#15961,#1467);
#564=LINE('',#15965,#1468);
#565=LINE('',#15969,#1469);
#566=LINE('',#15973,#1470);
#567=LINE('',#15977,#1471);
#568=LINE('',#15981,#1472);
#569=LINE('',#15987,#1473);
#570=LINE('',#15991,#1474);
#571=LINE('',#15995,#1475);
#572=LINE('',#15999,#1476);
#573=LINE('',#16007,#1477);
#574=LINE('',#16011,#1478);
#575=LINE('',#16015,#1479);
#576=LINE('',#16023,#1480);
#577=LINE('',#16027,#1481);
#578=LINE('',#16031,#1482);
#579=LINE('',#16035,#1483);
#580=LINE('',#16043,#1484);
#581=LINE('',#16047,#1485);
#582=LINE('',#16050,#1486);
#583=LINE('',#16062,#1487);
#584=LINE('',#16063,#1488);
#585=LINE('',#16064,#1489);
#586=LINE('',#16068,#1490);
#587=LINE('',#16071,#1491);
#588=LINE('',#16072,#1492);
#589=LINE('',#16076,#1493);
#590=LINE('',#16079,#1494);
#591=LINE('',#16080,#1495);
#592=LINE('',#16084,#1496);
#593=LINE('',#16088,#1497);
#594=LINE('',#16092,#1498);
#595=LINE('',#16095,#1499);
#596=LINE('',#16096,#1500);
#597=LINE('',#16100,#1501);
#598=LINE('',#16103,#1502);
#599=LINE('',#16104,#1503);
#600=LINE('',#16108,#1504);
#601=LINE('',#16111,#1505);
#602=LINE('',#16112,#1506);
#603=LINE('',#16116,#1507);
#604=LINE('',#16119,#1508);
#605=LINE('',#16120,#1509);
#606=LINE('',#16124,#1510);
#607=LINE('',#16128,#1511);
#608=LINE('',#16132,#1512);
#609=LINE('',#16135,#1513);
#610=LINE('',#16136,#1514);
#611=LINE('',#16140,#1515);
#612=LINE('',#16143,#1516);
#613=LINE('',#16144,#1517);
#614=LINE('',#16148,#1518);
#615=LINE('',#16151,#1519);
#616=LINE('',#16152,#1520);
#617=LINE('',#16156,#1521);
#618=LINE('',#16160,#1522);
#619=LINE('',#16164,#1523);
#620=LINE('',#16167,#1524);
#621=LINE('',#16168,#1525);
#622=LINE('',#16172,#1526);
#623=LINE('',#16175,#1527);
#624=LINE('',#16176,#1528);
#625=LINE('',#16180,#1529);
#626=LINE('',#16183,#1530);
#627=LINE('',#16184,#1531);
#628=LINE('',#16188,#1532);
#629=LINE('',#16191,#1533);
#630=LINE('',#16192,#1534);
#631=LINE('',#16197,#1535);
#632=LINE('',#16201,#1536);
#633=LINE('',#16205,#1537);
#634=LINE('',#16209,#1538);
#635=LINE('',#16214,#1539);
#636=LINE('',#16217,#1540);
#637=LINE('',#16218,#1541);
#638=LINE('',#16222,#1542);
#639=LINE('',#16225,#1543);
#640=LINE('',#16226,#1544);
#641=LINE('',#16230,#1545);
#642=LINE('',#16233,#1546);
#643=LINE('',#16234,#1547);
#644=LINE('',#16238,#1548);
#645=LINE('',#16241,#1549);
#646=LINE('',#16242,#1550);
#647=LINE('',#16246,#1551);
#648=LINE('',#16249,#1552);
#649=LINE('',#16250,#1553);
#650=LINE('',#16254,#1554);
#651=LINE('',#16257,#1555);
#652=LINE('',#16258,#1556);
#653=LINE('',#16262,#1557);
#654=LINE('',#16265,#1558);
#655=LINE('',#16266,#1559);
#656=LINE('',#16270,#1560);
#657=LINE('',#16273,#1561);
#658=LINE('',#16274,#1562);
#659=LINE('',#16278,#1563);
#660=LINE('',#16281,#1564);
#661=LINE('',#16282,#1565);
#662=LINE('',#16286,#1566);
#663=LINE('',#16289,#1567);
#664=LINE('',#16290,#1568);
#665=LINE('',#16294,#1569);
#666=LINE('',#16297,#1570);
#667=LINE('',#16298,#1571);
#668=LINE('',#16302,#1572);
#669=LINE('',#16305,#1573);
#670=LINE('',#16306,#1574);
#671=LINE('',#16314,#1575);
#672=LINE('',#16316,#1576);
#673=LINE('',#16318,#1577);
#674=LINE('',#16319,#1578);
#675=LINE('',#16324,#1579);
#676=LINE('',#16328,#1580);
#677=LINE('',#16332,#1581);
#678=LINE('',#16336,#1582);
#679=LINE('',#16340,#1583);
#680=LINE('',#16344,#1584);
#681=LINE('',#16348,#1585);
#682=LINE('',#16352,#1586);
#683=LINE('',#16356,#1587);
#684=LINE('',#16360,#1588);
#685=LINE('',#16364,#1589);
#686=LINE('',#16368,#1590);
#687=LINE('',#16380,#1591);
#688=LINE('',#16384,#1592);
#689=LINE('',#16388,#1593);
#690=LINE('',#16392,#1594);
#691=LINE('',#16397,#1595);
#692=LINE('',#16400,#1596);
#693=LINE('',#16401,#1597);
#694=LINE('',#16405,#1598);
#695=LINE('',#16408,#1599);
#696=LINE('',#16409,#1600);
#697=LINE('',#16413,#1601);
#698=LINE('',#16416,#1602);
#699=LINE('',#16417,#1603);
#700=LINE('',#16421,#1604);
#701=LINE('',#16424,#1605);
#702=LINE('',#16425,#1606);
#703=LINE('',#16429,#1607);
#704=LINE('',#16432,#1608);
#705=LINE('',#16433,#1609);
#706=LINE('',#16437,#1610);
#707=LINE('',#16440,#1611);
#708=LINE('',#16441,#1612);
#709=LINE('',#16445,#1613);
#710=LINE('',#16448,#1614);
#711=LINE('',#16449,#1615);
#712=LINE('',#16453,#1616);
#713=LINE('',#16456,#1617);
#714=LINE('',#16457,#1618);
#715=LINE('',#16461,#1619);
#716=LINE('',#16464,#1620);
#717=LINE('',#16465,#1621);
#718=LINE('',#16469,#1622);
#719=LINE('',#16472,#1623);
#720=LINE('',#16473,#1624);
#721=LINE('',#16477,#1625);
#722=LINE('',#16480,#1626);
#723=LINE('',#16481,#1627);
#724=LINE('',#16485,#1628);
#725=LINE('',#16488,#1629);
#726=LINE('',#16489,#1630);
#727=LINE('',#16500,#1631);
#728=LINE('',#16503,#1632);
#729=LINE('',#16509,#1633);
#730=LINE('',#16512,#1634);
#731=LINE('',#16517,#1635);
#732=LINE('',#16530,#1636);
#733=LINE('',#16605,#1637);
#734=LINE('',#16609,#1638);
#735=LINE('',#16611,#1639);
#736=LINE('',#16613,#1640);
#737=LINE('',#16614,#1641);
#738=LINE('',#16619,#1642);
#739=LINE('',#16624,#1643);
#740=LINE('',#16626,#1644);
#741=LINE('',#16628,#1645);
#742=LINE('',#16629,#1646);
#743=LINE('',#16635,#1647);
#744=LINE('',#16640,#1648);
#745=LINE('',#16641,#1649);
#746=LINE('',#16646,#1650);
#747=LINE('',#16647,#1651);
#748=LINE('',#16651,#1652);
#749=LINE('',#16653,#1653);
#750=LINE('',#16655,#1654);
#751=LINE('',#16656,#1655);
#752=LINE('',#16660,#1656);
#753=LINE('',#16662,#1657);
#754=LINE('',#16664,#1658);
#755=LINE('',#16665,#1659);
#756=LINE('',#16669,#1660);
#757=LINE('',#16671,#1661);
#758=LINE('',#16706,#1662);
#759=LINE('',#16708,#1663);
#760=LINE('',#16710,#1664);
#761=LINE('',#16712,#1665);
#762=LINE('',#16714,#1666);
#763=LINE('',#16716,#1667);
#764=LINE('',#16718,#1668);
#765=LINE('',#16720,#1669);
#766=LINE('',#16722,#1670);
#767=LINE('',#16724,#1671);
#768=LINE('',#16725,#1672);
#769=LINE('',#16729,#1673);
#770=LINE('',#16731,#1674);
#771=LINE('',#16766,#1675);
#772=LINE('',#16768,#1676);
#773=LINE('',#16769,#1677);
#774=LINE('',#16771,#1678);
#775=LINE('',#16773,#1679);
#776=LINE('',#16775,#1680);
#777=LINE('',#16777,#1681);
#778=LINE('',#16778,#1682);
#779=LINE('',#16779,#1683);
#780=LINE('',#16783,#1684);
#781=LINE('',#16785,#1685);
#782=LINE('',#16787,#1686);
#783=LINE('',#16788,#1687);
#784=LINE('',#16792,#1688);
#785=LINE('',#16794,#1689);
#786=LINE('',#16829,#1690);
#787=LINE('',#16831,#1691);
#788=LINE('',#16832,#1692);
#789=LINE('',#16835,#1693);
#790=LINE('',#16839,#1694);
#791=LINE('',#16842,#1695);
#792=LINE('',#16851,#1696);
#793=LINE('',#16852,#1697);
#794=LINE('',#16853,#1698);
#795=LINE('',#16855,#1699);
#796=LINE('',#16856,#1700);
#797=LINE('',#16858,#1701);
#798=LINE('',#16860,#1702);
#799=LINE('',#16861,#1703);
#800=LINE('',#16863,#1704);
#801=LINE('',#16864,#1705);
#802=LINE('',#16870,#1706);
#803=LINE('',#16871,#1707);
#804=LINE('',#16872,#1708);
#805=LINE('',#16874,#1709);
#806=LINE('',#16876,#1710);
#807=LINE('',#16878,#1711);
#808=LINE('',#16879,#1712);
#809=LINE('',#16880,#1713);
#810=LINE('',#16882,#1714);
#811=LINE('',#16885,#1715);
#812=LINE('',#16893,#1716);
#813=LINE('',#16897,#1717);
#814=LINE('',#16901,#1718);
#815=LINE('',#16903,#1719);
#816=LINE('',#16905,#1720);
#817=LINE('',#16907,#1721);
#818=LINE('',#16909,#1722);
#819=LINE('',#16913,#1723);
#820=LINE('',#16918,#1724);
#821=LINE('',#16919,#1725);
#822=LINE('',#16920,#1726);
#823=LINE('',#16924,#1727);
#824=LINE('',#16925,#1728);
#825=LINE('',#16926,#1729);
#826=LINE('',#16930,#1730);
#827=LINE('',#16931,#1731);
#828=LINE('',#16932,#1732);
#829=LINE('',#16935,#1733);
#830=LINE('',#16937,#1734);
#831=LINE('',#16938,#1735);
#832=LINE('',#16940,#1736);
#833=LINE('',#16942,#1737);
#834=LINE('',#16943,#1738);
#835=LINE('',#16951,#1739);
#836=LINE('',#16952,#1740);
#837=LINE('',#16955,#1741);
#838=LINE('',#16956,#1742);
#839=LINE('',#16958,#1743);
#840=LINE('',#16968,#1744);
#841=LINE('',#16971,#1745);
#842=LINE('',#17222,#1746);
#843=LINE('',#17228,#1747);
#844=LINE('',#17314,#1748);
#845=LINE('',#17321,#1749);
#846=LINE('',#17324,#1750);
#847=LINE('',#17326,#1751);
#848=LINE('',#17327,#1752);
#849=LINE('',#17333,#1753);
#850=LINE('',#17336,#1754);
#851=LINE('',#17338,#1755);
#852=LINE('',#17339,#1756);
#853=LINE('',#17345,#1757);
#854=LINE('',#17348,#1758);
#855=LINE('',#17350,#1759);
#856=LINE('',#17351,#1760);
#857=LINE('',#17357,#1761);
#858=LINE('',#17360,#1762);
#859=LINE('',#17362,#1763);
#860=LINE('',#17363,#1764);
#861=LINE('',#17369,#1765);
#862=LINE('',#17372,#1766);
#863=LINE('',#17374,#1767);
#864=LINE('',#17375,#1768);
#865=LINE('',#17381,#1769);
#866=LINE('',#17384,#1770);
#867=LINE('',#17386,#1771);
#868=LINE('',#17387,#1772);
#869=LINE('',#17393,#1773);
#870=LINE('',#17396,#1774);
#871=LINE('',#17398,#1775);
#872=LINE('',#17399,#1776);
#873=LINE('',#17405,#1777);
#874=LINE('',#17408,#1778);
#875=LINE('',#17410,#1779);
#876=LINE('',#17411,#1780);
#877=LINE('',#17417,#1781);
#878=LINE('',#17420,#1782);
#879=LINE('',#17422,#1783);
#880=LINE('',#17423,#1784);
#881=LINE('',#17429,#1785);
#882=LINE('',#17432,#1786);
#883=LINE('',#17434,#1787);
#884=LINE('',#17435,#1788);
#885=LINE('',#17441,#1789);
#886=LINE('',#17444,#1790);
#887=LINE('',#17446,#1791);
#888=LINE('',#17447,#1792);
#889=LINE('',#17453,#1793);
#890=LINE('',#17456,#1794);
#891=LINE('',#17458,#1795);
#892=LINE('',#17459,#1796);
#893=LINE('',#17465,#1797);
#894=LINE('',#17468,#1798);
#895=LINE('',#17470,#1799);
#896=LINE('',#17471,#1800);
#897=LINE('',#17477,#1801);
#898=LINE('',#17480,#1802);
#899=LINE('',#17482,#1803);
#900=LINE('',#17483,#1804);
#901=LINE('',#17489,#1805);
#902=LINE('',#17492,#1806);
#903=LINE('',#17494,#1807);
#904=LINE('',#17495,#1808);
#905=LINE('',#17501,#1809);
#906=LINE('',#17504,#1810);
#907=LINE('',#17506,#1811);
#908=LINE('',#17507,#1812);
#909=LINE('',#17513,#1813);
#910=LINE('',#17516,#1814);
#911=LINE('',#17518,#1815);
#912=LINE('',#17519,#1816);
#913=LINE('',#17525,#1817);
#914=LINE('',#17528,#1818);
#915=LINE('',#17530,#1819);
#916=LINE('',#17531,#1820);
#917=LINE('',#17537,#1821);
#918=LINE('',#17540,#1822);
#919=LINE('',#17542,#1823);
#920=LINE('',#17543,#1824);
#921=LINE('',#17551,#1825);
#922=LINE('',#17554,#1826);
#923=LINE('',#17557,#1827);
#924=LINE('',#17558,#1828);
#925=LINE('',#17560,#1829);
#926=LINE('',#17561,#1830);
#927=LINE('',#17563,#1831);
#928=LINE('',#17564,#1832);
#929=LINE('',#17566,#1833);
#930=LINE('',#17567,#1834);
#931=LINE('',#17569,#1835);
#932=LINE('',#17570,#1836);
#933=LINE('',#17572,#1837);
#934=LINE('',#17573,#1838);
#935=LINE('',#17575,#1839);
#936=LINE('',#17576,#1840);
#937=LINE('',#17578,#1841);
#938=LINE('',#17579,#1842);
#939=LINE('',#17581,#1843);
#940=LINE('',#17582,#1844);
#941=LINE('',#17584,#1845);
#942=LINE('',#17585,#1846);
#943=LINE('',#17587,#1847);
#944=LINE('',#17588,#1848);
#945=LINE('',#17590,#1849);
#946=LINE('',#17591,#1850);
#947=LINE('',#17593,#1851);
#948=LINE('',#17594,#1852);
#949=LINE('',#17596,#1853);
#950=LINE('',#17597,#1854);
#951=LINE('',#17599,#1855);
#952=LINE('',#17600,#1856);
#953=LINE('',#17602,#1857);
#954=LINE('',#17603,#1858);
#955=LINE('',#17605,#1859);
#956=LINE('',#17606,#1860);
#957=LINE('',#17608,#1861);
#958=LINE('',#17609,#1862);
#959=LINE('',#17611,#1863);
#960=LINE('',#17612,#1864);
#961=LINE('',#17614,#1865);
#962=LINE('',#17615,#1866);
#963=LINE('',#17617,#1867);
#964=LINE('',#17618,#1868);
#965=LINE('',#17622,#1869);
#966=LINE('',#17623,#1870);
#967=LINE('',#17625,#1871);
#968=LINE('',#17629,#1872);
#969=LINE('',#17630,#1873);
#970=LINE('',#17632,#1874);
#971=LINE('',#17636,#1875);
#972=LINE('',#17637,#1876);
#973=LINE('',#17639,#1877);
#974=LINE('',#17643,#1878);
#975=LINE('',#17644,#1879);
#976=LINE('',#17646,#1880);
#977=LINE('',#17650,#1881);
#978=LINE('',#17651,#1882);
#979=LINE('',#17653,#1883);
#980=LINE('',#17657,#1884);
#981=LINE('',#17658,#1885);
#982=LINE('',#17660,#1886);
#983=LINE('',#17664,#1887);
#984=LINE('',#17665,#1888);
#985=LINE('',#17667,#1889);
#986=LINE('',#17671,#1890);
#987=LINE('',#17672,#1891);
#988=LINE('',#17674,#1892);
#989=LINE('',#17678,#1893);
#990=LINE('',#17679,#1894);
#991=LINE('',#17681,#1895);
#992=LINE('',#17685,#1896);
#993=LINE('',#17686,#1897);
#994=LINE('',#17688,#1898);
#995=LINE('',#17692,#1899);
#996=LINE('',#17693,#1900);
#997=LINE('',#17695,#1901);
#998=LINE('',#17699,#1902);
#999=LINE('',#17700,#1903);
#1000=LINE('',#17702,#1904);
#1001=LINE('',#17706,#1905);
#1002=LINE('',#17707,#1906);
#1003=LINE('',#17709,#1907);
#1004=LINE('',#17713,#1908);
#1005=LINE('',#17714,#1909);
#1006=LINE('',#17716,#1910);
#1007=LINE('',#17720,#1911);
#1008=LINE('',#17721,#1912);
#1009=LINE('',#17723,#1913);
#1010=LINE('',#17727,#1914);
#1011=LINE('',#17728,#1915);
#1012=LINE('',#17730,#1916);
#1013=LINE('',#17734,#1917);
#1014=LINE('',#17735,#1918);
#1015=LINE('',#17737,#1919);
#1016=LINE('',#17741,#1920);
#1017=LINE('',#17742,#1921);
#1018=LINE('',#17744,#1922);
#1019=LINE('',#17748,#1923);
#1020=LINE('',#17749,#1924);
#1021=LINE('',#17751,#1925);
#1022=LINE('',#17755,#1926);
#1023=LINE('',#17756,#1927);
#1024=LINE('',#17758,#1928);
#1025=VECTOR('',#11352,0.75);
#1026=VECTOR('',#11361,0.75);
#1027=VECTOR('',#11370,10.);
#1028=VECTOR('',#11373,10.);
#1029=VECTOR('',#11380,10.);
#1030=VECTOR('',#11387,10.);
#1031=VECTOR('',#11390,10.);
#1032=VECTOR('',#11393,10.);
#1033=VECTOR('',#11400,10.);
#1034=VECTOR('',#11407,10.);
#1035=VECTOR('',#11410,10.);
#1036=VECTOR('',#11437,10.);
#1037=VECTOR('',#11438,10.);
#1038=VECTOR('',#11439,10.);
#1039=VECTOR('',#11442,10.);
#1040=VECTOR('',#11443,10.);
#1041=VECTOR('',#11444,10.);
#1042=VECTOR('',#11447,10.);
#1043=VECTOR('',#11448,10.);
#1044=VECTOR('',#11449,10.);
#1045=VECTOR('',#11454,10.);
#1046=VECTOR('',#11459,10.);
#1047=VECTOR('',#11466,10.);
#1048=VECTOR('',#11469,10.);
#1049=VECTOR('',#11472,10.);
#1050=VECTOR('',#11481,10.);
#1051=VECTOR('',#11484,10.);
#1052=VECTOR('',#11487,10.);
#1053=VECTOR('',#11492,10.);
#1054=VECTOR('',#11493,10.);
#1055=VECTOR('',#11500,10.);
#1056=VECTOR('',#11501,10.);
#1057=VECTOR('',#11508,10.);
#1058=VECTOR('',#11509,10.);
#1059=VECTOR('',#11514,10.);
#1060=VECTOR('',#11519,10.);
#1061=VECTOR('',#11522,10.);
#1062=VECTOR('',#11523,10.);
#1063=VECTOR('',#11528,10.);
#1064=VECTOR('',#11533,10.);
#1065=VECTOR('',#11538,10.);
#1066=VECTOR('',#11541,9.99999999999999);
#1067=VECTOR('',#11542,10.);
#1068=VECTOR('',#11547,10.);
#1069=VECTOR('',#11550,1.6);
#1070=VECTOR('',#11555,1.6);
#1071=VECTOR('',#11560,1.6);
#1072=VECTOR('',#11565,1.6);
#1073=VECTOR('',#11570,1.6);
#1074=VECTOR('',#11575,1.6);
#1075=VECTOR('',#11580,1.6);
#1076=VECTOR('',#11585,1.6);
#1077=VECTOR('',#11592,10.);
#1078=VECTOR('',#11593,10.);
#1079=VECTOR('',#11596,10.);
#1080=VECTOR('',#11599,10.);
#1081=VECTOR('',#11602,10.);
#1082=VECTOR('',#11605,10.);
#1083=VECTOR('',#11608,10.);
#1084=VECTOR('',#11611,10.);
#1085=VECTOR('',#11614,10.);
#1086=VECTOR('',#11617,10.);
#1087=VECTOR('',#11620,10.);
#1088=VECTOR('',#11623,10.);
#1089=VECTOR('',#11626,10.);
#1090=VECTOR('',#11629,10.);
#1091=VECTOR('',#11634,10.);
#1092=VECTOR('',#11639,10.);
#1093=VECTOR('',#11642,10.);
#1094=VECTOR('',#11645,10.);
#1095=VECTOR('',#11646,10.);
#1096=VECTOR('',#11649,10.);
#1097=VECTOR('',#11654,10.);
#1098=VECTOR('',#11655,10.);
#1099=VECTOR('',#11658,10.);
#1100=VECTOR('',#11663,10.);
#1101=VECTOR('',#11664,10.);
#1102=VECTOR('',#11667,10.);
#1103=VECTOR('',#11672,10.);
#1104=VECTOR('',#11673,10.);
#1105=VECTOR('',#11676,10.);
#1106=VECTOR('',#11681,10.);
#1107=VECTOR('',#11682,10.);
#1108=VECTOR('',#11685,10.);
#1109=VECTOR('',#11690,10.);
#1110=VECTOR('',#11691,10.);
#1111=VECTOR('',#11694,10.);
#1112=VECTOR('',#11697,10.);
#1113=VECTOR('',#11700,10.);
#1114=VECTOR('',#11701,10.);
#1115=VECTOR('',#11704,10.);
#1116=VECTOR('',#11709,10.);
#1117=VECTOR('',#11710,10.);
#1118=VECTOR('',#11711,10.);
#1119=VECTOR('',#11714,10.);
#1120=VECTOR('',#11719,10.);
#1121=VECTOR('',#11720,10.);
#1122=VECTOR('',#11723,10.);
#1123=VECTOR('',#11728,10.);
#1124=VECTOR('',#11729,10.);
#1125=VECTOR('',#11732,10.);
#1126=VECTOR('',#11737,10.);
#1127=VECTOR('',#11742,2.6);
#1128=VECTOR('',#11745,10.);
#1129=VECTOR('',#11746,10.);
#1130=VECTOR('',#11755,10.);
#1131=VECTOR('',#11758,10.);
#1132=VECTOR('',#11763,10.);
#1133=VECTOR('',#11764,10.);
#1134=VECTOR('',#11767,10.);
#1135=VECTOR('',#11770,10.);
#1136=VECTOR('',#11777,10.);
#1137=VECTOR('',#11778,10.);
#1138=VECTOR('',#11779,10.);
#1139=VECTOR('',#11780,10.);
#1140=VECTOR('',#11781,10.);
#1141=VECTOR('',#11784,10.);
#1142=VECTOR('',#11791,10.);
#1143=VECTOR('',#11794,10.);
#1144=VECTOR('',#11797,10.);
#1145=VECTOR('',#11798,10.);
#1146=VECTOR('',#11799,10.);
#1147=VECTOR('',#11800,10.);
#1148=VECTOR('',#11803,10.);
#1149=VECTOR('',#11810,10.);
#1150=VECTOR('',#11813,10.);
#1151=VECTOR('',#11820,10.);
#1152=VECTOR('',#11821,10.);
#1153=VECTOR('',#11824,10.);
#1154=VECTOR('',#11825,10.);
#1155=VECTOR('',#11826,10.);
#1156=VECTOR('',#11827,10.);
#1157=VECTOR('',#11830,10.);
#1158=VECTOR('',#11831,10.);
#1159=VECTOR('',#11832,10.);
#1160=VECTOR('',#11847,2.25);
#1161=VECTOR('',#11852,1.2);
#1162=VECTOR('',#11857,2.47499999999999);
#1163=VECTOR('',#11864,10.);
#1164=VECTOR('',#11867,10.);
#1165=VECTOR('',#11872,10.);
#1166=VECTOR('',#11875,10.);
#1167=VECTOR('',#11880,10.);
#1168=VECTOR('',#11881,10.);
#1169=VECTOR('',#11884,10.);
#1170=VECTOR('',#11887,10.);
#1171=VECTOR('',#11894,10.);
#1172=VECTOR('',#11895,10.);
#1173=VECTOR('',#11896,10.);
#1174=VECTOR('',#11897,10.);
#1175=VECTOR('',#11902,10.);
#1176=VECTOR('',#11907,10.);
#1177=VECTOR('',#11908,10.);
#1178=VECTOR('',#11909,10.);
#1179=VECTOR('',#11914,10.);
#1180=VECTOR('',#11921,10.);
#1181=VECTOR('',#11924,10.);
#1182=VECTOR('',#11927,10.);
#1183=VECTOR('',#11928,10.);
#1184=VECTOR('',#11929,10.);
#1185=VECTOR('',#11938,10.);
#1186=VECTOR('',#11939,10.);
#1187=VECTOR('',#11940,10.);
#1188=VECTOR('',#11941,10.);
#1189=VECTOR('',#11946,10.);
#1190=VECTOR('',#11951,10.);
#1191=VECTOR('',#11952,10.);
#1192=VECTOR('',#11953,10.);
#1193=VECTOR('',#11958,10.);
#1194=VECTOR('',#11965,10.);
#1195=VECTOR('',#11968,10.);
#1196=VECTOR('',#11971,10.);
#1197=VECTOR('',#11972,10.);
#1198=VECTOR('',#11973,10.);
#1199=VECTOR('',#11982,10.);
#1200=VECTOR('',#11985,10.);
#1201=VECTOR('',#11988,10.);
#1202=VECTOR('',#11991,10.);
#1203=VECTOR('',#11992,10.);
#1204=VECTOR('',#11995,10.);
#1205=VECTOR('',#11998,10.);
#1206=VECTOR('',#12001,10.);
#1207=VECTOR('',#12004,10.);
#1208=VECTOR('',#12007,10.);
#1209=VECTOR('',#12010,10.);
#1210=VECTOR('',#12013,10.);
#1211=VECTOR('',#12016,10.);
#1212=VECTOR('',#12019,10.);
#1213=VECTOR('',#12022,10.);
#1214=VECTOR('',#12025,10.);
#1215=VECTOR('',#12028,10.);
#1216=VECTOR('',#12031,10.);
#1217=VECTOR('',#12034,10.);
#1218=VECTOR('',#12037,10.);
#1219=VECTOR('',#12048,10.);
#1220=VECTOR('',#12049,10.);
#1221=VECTOR('',#12052,10.);
#1222=VECTOR('',#12055,10.);
#1223=VECTOR('',#12058,10.);
#1224=VECTOR('',#12061,10.);
#1225=VECTOR('',#12064,10.);
#1226=VECTOR('',#12067,10.);
#1227=VECTOR('',#12070,10.);
#1228=VECTOR('',#12073,10.);
#1229=VECTOR('',#12076,10.);
#1230=VECTOR('',#12079,10.);
#1231=VECTOR('',#12082,10.);
#1232=VECTOR('',#12085,10.);
#1233=VECTOR('',#12088,10.);
#1234=VECTOR('',#12091,10.);
#1235=VECTOR('',#12094,10.);
#1236=VECTOR('',#12097,10.);
#1237=VECTOR('',#12100,10.);
#1238=VECTOR('',#12103,10.);
#1239=VECTOR('',#12106,10.);
#1240=VECTOR('',#12117,10.);
#1241=VECTOR('',#12120,10.);
#1242=VECTOR('',#12121,10.);
#1243=VECTOR('',#12124,10.);
#1244=VECTOR('',#12127,10.);
#1245=VECTOR('',#12128,10.);
#1246=VECTOR('',#12131,10.);
#1247=VECTOR('',#12134,10.);
#1248=VECTOR('',#12135,10.);
#1249=VECTOR('',#12138,10.);
#1250=VECTOR('',#12141,10.);
#1251=VECTOR('',#12144,10.);
#1252=VECTOR('',#12147,10.);
#1253=VECTOR('',#12150,10.);
#1254=VECTOR('',#12153,10.);
#1255=VECTOR('',#12156,10.);
#1256=VECTOR('',#12159,10.);
#1257=VECTOR('',#12164,10.);
#1258=VECTOR('',#12167,10.);
#1259=VECTOR('',#12170,10.);
#1260=VECTOR('',#12175,10.);
#1261=VECTOR('',#12178,10.);
#1262=VECTOR('',#12181,10.);
#1263=VECTOR('',#12184,10.);
#1264=VECTOR('',#12187,10.);
#1265=VECTOR('',#12190,10.);
#1266=VECTOR('',#12193,10.);
#1267=VECTOR('',#12198,2.15);
#1268=VECTOR('',#12201,2.15);
#1269=VECTOR('',#12204,2.15);
#1270=VECTOR('',#12207,2.15);
#1271=VECTOR('',#12210,10.);
#1272=VECTOR('',#12213,10.);
#1273=VECTOR('',#12216,10.);
#1274=VECTOR('',#12221,10.);
#1275=VECTOR('',#12224,10.);
#1276=VECTOR('',#12227,10.);
#1277=VECTOR('',#12230,10.);
#1278=VECTOR('',#12233,10.);
#1279=VECTOR('',#12242,2.15);
#1280=VECTOR('',#12251,2.15);
#1281=VECTOR('',#12260,2.15);
#1282=VECTOR('',#12269,2.15);
#1283=VECTOR('',#12278,2.15);
#1284=VECTOR('',#12287,2.15);
#1285=VECTOR('',#12294,10.);
#1286=VECTOR('',#12297,10.);
#1287=VECTOR('',#12300,10.);
#1288=VECTOR('',#12303,10.);
#1289=VECTOR('',#12306,10.);
#1290=VECTOR('',#12309,10.);
#1291=VECTOR('',#12312,10.);
#1292=VECTOR('',#12315,10.);
#1293=VECTOR('',#12318,10.);
#1294=VECTOR('',#12321,10.);
#1295=VECTOR('',#12324,10.);
#1296=VECTOR('',#12327,10.);
#1297=VECTOR('',#12330,10.);
#1298=VECTOR('',#12337,10.);
#1299=VECTOR('',#12340,10.);
#1300=VECTOR('',#12343,10.);
#1301=VECTOR('',#12346,10.);
#1302=VECTOR('',#12349,10.);
#1303=VECTOR('',#12352,10.);
#1304=VECTOR('',#12355,10.);
#1305=VECTOR('',#12362,10.);
#1306=VECTOR('',#12365,10.);
#1307=VECTOR('',#12368,10.);
#1308=VECTOR('',#12371,10.);
#1309=VECTOR('',#12378,10.);
#1310=VECTOR('',#12381,10.);
#1311=VECTOR('',#12384,10.);
#1312=VECTOR('',#12397,10.);
#1313=VECTOR('',#12400,10.);
#1314=VECTOR('',#12403,10.);
#1315=VECTOR('',#12406,10.);
#1316=VECTOR('',#12409,10.);
#1317=VECTOR('',#12412,10.);
#1318=VECTOR('',#12415,10.);
#1319=VECTOR('',#12418,10.);
#1320=VECTOR('',#12421,10.);
#1321=VECTOR('',#12424,10.);
#1322=VECTOR('',#12427,10.);
#1323=VECTOR('',#12430,10.);
#1324=VECTOR('',#12433,10.);
#1325=VECTOR('',#12448,10.);
#1326=VECTOR('',#12451,10.);
#1327=VECTOR('',#12454,10.);
#1328=VECTOR('',#12461,10.);
#1329=VECTOR('',#12464,10.);
#1330=VECTOR('',#12467,10.);
#1331=VECTOR('',#12470,10.);
#1332=VECTOR('',#12477,10.);
#1333=VECTOR('',#12480,10.);
#1334=VECTOR('',#12483,10.);
#1335=VECTOR('',#12486,10.);
#1336=VECTOR('',#12489,10.);
#1337=VECTOR('',#12492,10.);
#1338=VECTOR('',#12495,10.);
#1339=VECTOR('',#12500,10.);
#1340=VECTOR('',#12501,10.);
#1341=VECTOR('',#12502,10.);
#1342=VECTOR('',#12503,10.);
#1343=VECTOR('',#12510,10.);
#1344=VECTOR('',#12513,10.);
#1345=VECTOR('',#12514,10.);
#1346=VECTOR('',#12515,10.);
#1347=VECTOR('',#12522,10.);
#1348=VECTOR('',#12525,10.);
#1349=VECTOR('',#12526,10.);
#1350=VECTOR('',#12527,10.);
#1351=VECTOR('',#12534,10.);
#1352=VECTOR('',#12537,10.);
#1353=VECTOR('',#12538,10.);
#1354=VECTOR('',#12539,10.);
#1355=VECTOR('',#12548,10.);
#1356=VECTOR('',#12549,10.);
#1357=VECTOR('',#12552,10.);
#1358=VECTOR('',#12553,10.);
#1359=VECTOR('',#12556,10.);
#1360=VECTOR('',#12559,10.);
#1361=VECTOR('',#12562,10.);
#1362=VECTOR('',#12563,0.500000000000007);
#1363=VECTOR('',#12564,10.);
#1364=VECTOR('',#12567,10.);
#1365=VECTOR('',#12572,10.);
#1366=VECTOR('',#12575,10.);
#1367=VECTOR('',#12578,10.);
#1368=VECTOR('',#12579,10.);
#1369=VECTOR('',#12580,10.);
#1370=VECTOR('',#12583,10.);
#1371=VECTOR('',#12590,10.);
#1372=VECTOR('',#12593,10.);
#1373=VECTOR('',#12598,10.);
#1374=VECTOR('',#12601,10.);
#1375=VECTOR('',#12604,10.);
#1376=VECTOR('',#12605,10.);
#1377=VECTOR('',#12608,10.);
#1378=VECTOR('',#12609,10.);
#1379=VECTOR('',#12612,10.);
#1380=VECTOR('',#12613,10.);
#1381=VECTOR('',#12616,10.);
#1382=VECTOR('',#12617,10.);
#1383=VECTOR('',#12618,10.);
#1384=VECTOR('',#12619,10.);
#1385=VECTOR('',#12624,10.);
#1386=VECTOR('',#12629,10.);
#1387=VECTOR('',#12630,10.);
#1388=VECTOR('',#12631,10.);
#1389=VECTOR('',#12636,10.);
#1390=VECTOR('',#12641,10.);
#1391=VECTOR('',#12642,10.);
#1392=VECTOR('',#12643,10.);
#1393=VECTOR('',#12648,10.);
#1394=VECTOR('',#12653,10.);
#1395=VECTOR('',#12654,10.);
#1396=VECTOR('',#12655,10.);
#1397=VECTOR('',#12664,10.);
#1398=VECTOR('',#12665,10.);
#1399=VECTOR('',#12668,10.);
#1400=VECTOR('',#12669,10.);
#1401=VECTOR('',#12672,10.);
#1402=VECTOR('',#12673,10.);
#1403=VECTOR('',#12676,2.);
#1404=VECTOR('',#12679,10.);
#1405=VECTOR('',#12680,10.);
#1406=VECTOR('',#12683,10.);
#1407=VECTOR('',#12686,2.);
#1408=VECTOR('',#12691,10.);
#1409=VECTOR('',#12694,10.);
#1410=VECTOR('',#12697,10.);
#1411=VECTOR('',#12700,10.);
#1412=VECTOR('',#12705,2.);
#1413=VECTOR('',#12706,2.);
#1414=VECTOR('',#12709,10.);
#1415=VECTOR('',#12712,2.);
#1416=VECTOR('',#12713,2.);
#1417=VECTOR('',#12716,10.);
#1418=VECTOR('',#12719,2.);
#1419=VECTOR('',#12720,2.);
#1420=VECTOR('',#12723,10.);
#1421=VECTOR('',#12726,2.);
#1422=VECTOR('',#12727,2.);
#1423=VECTOR('',#12730,10.);
#1424=VECTOR('',#12733,10.);
#1425=VECTOR('',#12736,10.);
#1426=VECTOR('',#12743,10.);
#1427=VECTOR('',#12748,10.);
#1428=VECTOR('',#12751,10.);
#1429=VECTOR('',#12752,10.);
#1430=VECTOR('',#12755,1.00000000000001);
#1431=VECTOR('',#12758,1.00000000000001);
#1432=VECTOR('',#12765,2.15);
#1433=VECTOR('',#12768,2.15);
#1434=VECTOR('',#12771,2.15);
#1435=VECTOR('',#12774,10.);
#1436=VECTOR('',#12777,10.);
#1437=VECTOR('',#12780,10.);
#1438=VECTOR('',#12783,10.);
#1439=VECTOR('',#12786,10.);
#1440=VECTOR('',#12789,10.);
#1441=VECTOR('',#12794,10.);
#1442=VECTOR('',#12797,10.);
#1443=VECTOR('',#12800,10.);
#1444=VECTOR('',#12803,10.);
#1445=VECTOR('',#12806,10.);
#1446=VECTOR('',#12809,10.);
#1447=VECTOR('',#12814,2.15);
#1448=VECTOR('',#12817,10.);
#1449=VECTOR('',#12820,10.);
#1450=VECTOR('',#12823,10.);
#1451=VECTOR('',#12826,10.);
#1452=VECTOR('',#12831,10.);
#1453=VECTOR('',#12834,10.);
#1454=VECTOR('',#12837,10.);
#1455=VECTOR('',#12840,10.);
#1456=VECTOR('',#12843,10.);
#1457=VECTOR('',#12850,10.);
#1458=VECTOR('',#12851,10.);
#1459=VECTOR('',#12852,10.);
#1460=VECTOR('',#12853,10.);
#1461=VECTOR('',#12858,10.);
#1462=VECTOR('',#12861,10.);
#1463=VECTOR('',#12864,10.);
#1464=VECTOR('',#12867,10.);
#1465=VECTOR('',#12870,10.);
#1466=VECTOR('',#12873,10.);
#1467=VECTOR('',#12876,10.);
#1468=VECTOR('',#12879,10.);
#1469=VECTOR('',#12882,10.);
#1470=VECTOR('',#12885,10.);
#1471=VECTOR('',#12888,10.);
#1472=VECTOR('',#12891,10.);
#1473=VECTOR('',#12896,10.);
#1474=VECTOR('',#12899,10.);
#1475=VECTOR('',#12902,10.);
#1476=VECTOR('',#12905,10.);
#1477=VECTOR('',#12912,10.);
#1478=VECTOR('',#12915,10.);
#1479=VECTOR('',#12918,10.);
#1480=VECTOR('',#12925,10.);
#1481=VECTOR('',#12928,10.);
#1482=VECTOR('',#12931,10.);
#1483=VECTOR('',#12934,10.);
#1484=VECTOR('',#12941,10.);
#1485=VECTOR('',#12944,10.);
#1486=VECTOR('',#12947,10.);
#1487=VECTOR('',#12958,10.);
#1488=VECTOR('',#12959,10.);
#1489=VECTOR('',#12960,10.);
#1490=VECTOR('',#12965,10.);
#1491=VECTOR('',#12968,10.);
#1492=VECTOR('',#12969,10.);
#1493=VECTOR('',#12974,10.);
#1494=VECTOR('',#12977,10.);
#1495=VECTOR('',#12978,10.);
#1496=VECTOR('',#12983,10.);
#1497=VECTOR('',#12988,10.);
#1498=VECTOR('',#12993,10.);
#1499=VECTOR('',#12996,10.);
#1500=VECTOR('',#12997,10.);
#1501=VECTOR('',#13002,10.);
#1502=VECTOR('',#13005,10.);
#1503=VECTOR('',#13006,10.);
#1504=VECTOR('',#13011,10.);
#1505=VECTOR('',#13014,10.);
#1506=VECTOR('',#13015,10.);
#1507=VECTOR('',#13020,10.);
#1508=VECTOR('',#13023,10.);
#1509=VECTOR('',#13024,10.);
#1510=VECTOR('',#13029,10.);
#1511=VECTOR('',#13034,10.);
#1512=VECTOR('',#13039,10.);
#1513=VECTOR('',#13042,10.);
#1514=VECTOR('',#13043,10.);
#1515=VECTOR('',#13048,10.);
#1516=VECTOR('',#13051,10.);
#1517=VECTOR('',#13052,10.);
#1518=VECTOR('',#13057,10.);
#1519=VECTOR('',#13060,10.);
#1520=VECTOR('',#13061,10.);
#1521=VECTOR('',#13066,10.);
#1522=VECTOR('',#13071,10.);
#1523=VECTOR('',#13076,10.);
#1524=VECTOR('',#13079,10.);
#1525=VECTOR('',#13080,10.);
#1526=VECTOR('',#13085,10.);
#1527=VECTOR('',#13088,10.);
#1528=VECTOR('',#13089,10.);
#1529=VECTOR('',#13094,10.);
#1530=VECTOR('',#13097,10.);
#1531=VECTOR('',#13098,10.);
#1532=VECTOR('',#13103,10.);
#1533=VECTOR('',#13106,10.);
#1534=VECTOR('',#13107,10.);
#1535=VECTOR('',#13114,2.15);
#1536=VECTOR('',#13119,2.15);
#1537=VECTOR('',#13124,2.15000000000001);
#1538=VECTOR('',#13129,2.15000000000001);
#1539=VECTOR('',#13136,10.);
#1540=VECTOR('',#13139,10.);
#1541=VECTOR('',#13140,10.);
#1542=VECTOR('',#13145,10.);
#1543=VECTOR('',#13148,10.);
#1544=VECTOR('',#13149,10.);
#1545=VECTOR('',#13154,10.);
#1546=VECTOR('',#13157,10.);
#1547=VECTOR('',#13158,10.);
#1548=VECTOR('',#13163,10.);
#1549=VECTOR('',#13166,10.);
#1550=VECTOR('',#13167,10.);
#1551=VECTOR('',#13172,10.);
#1552=VECTOR('',#13175,10.);
#1553=VECTOR('',#13176,10.);
#1554=VECTOR('',#13181,10.);
#1555=VECTOR('',#13184,10.);
#1556=VECTOR('',#13185,10.);
#1557=VECTOR('',#13190,10.);
#1558=VECTOR('',#13193,10.);
#1559=VECTOR('',#13194,10.);
#1560=VECTOR('',#13199,10.);
#1561=VECTOR('',#13202,10.);
#1562=VECTOR('',#13203,10.);
#1563=VECTOR('',#13208,10.);
#1564=VECTOR('',#13211,10.);
#1565=VECTOR('',#13212,10.);
#1566=VECTOR('',#13217,10.);
#1567=VECTOR('',#13220,10.);
#1568=VECTOR('',#13221,10.);
#1569=VECTOR('',#13226,10.);
#1570=VECTOR('',#13229,10.);
#1571=VECTOR('',#13230,10.);
#1572=VECTOR('',#13235,10.);
#1573=VECTOR('',#13238,10.);
#1574=VECTOR('',#13239,10.);
#1575=VECTOR('',#13250,10.);
#1576=VECTOR('',#13251,10.);
#1577=VECTOR('',#13252,10.);
#1578=VECTOR('',#13253,10.);
#1579=VECTOR('',#13258,10.);
#1580=VECTOR('',#13261,10.);
#1581=VECTOR('',#13264,10.);
#1582=VECTOR('',#13267,10.);
#1583=VECTOR('',#13270,10.);
#1584=VECTOR('',#13273,10.);
#1585=VECTOR('',#13276,10.);
#1586=VECTOR('',#13279,10.);
#1587=VECTOR('',#13282,10.);
#1588=VECTOR('',#13285,10.);
#1589=VECTOR('',#13288,10.);
#1590=VECTOR('',#13291,10.);
#1591=VECTOR('',#13304,2.15000000000001);
#1592=VECTOR('',#13309,2.15000000000001);
#1593=VECTOR('',#13314,2.15);
#1594=VECTOR('',#13319,2.15);
#1595=VECTOR('',#13326,10.);
#1596=VECTOR('',#13329,10.);
#1597=VECTOR('',#13330,10.);
#1598=VECTOR('',#13335,10.);
#1599=VECTOR('',#13338,10.);
#1600=VECTOR('',#13339,10.);
#1601=VECTOR('',#13344,10.);
#1602=VECTOR('',#13347,10.);
#1603=VECTOR('',#13348,10.);
#1604=VECTOR('',#13353,10.);
#1605=VECTOR('',#13356,10.);
#1606=VECTOR('',#13357,10.);
#1607=VECTOR('',#13362,10.);
#1608=VECTOR('',#13365,10.);
#1609=VECTOR('',#13366,10.);
#1610=VECTOR('',#13371,10.);
#1611=VECTOR('',#13374,10.);
#1612=VECTOR('',#13375,10.);
#1613=VECTOR('',#13380,10.);
#1614=VECTOR('',#13383,10.);
#1615=VECTOR('',#13384,10.);
#1616=VECTOR('',#13389,10.);
#1617=VECTOR('',#13392,10.);
#1618=VECTOR('',#13393,10.);
#1619=VECTOR('',#13398,10.);
#1620=VECTOR('',#13401,10.);
#1621=VECTOR('',#13402,10.);
#1622=VECTOR('',#13407,10.);
#1623=VECTOR('',#13410,10.);
#1624=VECTOR('',#13411,10.);
#1625=VECTOR('',#13416,10.);
#1626=VECTOR('',#13419,10.);
#1627=VECTOR('',#13420,10.);
#1628=VECTOR('',#13425,10.);
#1629=VECTOR('',#13428,10.);
#1630=VECTOR('',#13429,10.);
#1631=VECTOR('',#13444,1000.);
#1632=VECTOR('',#13447,1000.);
#1633=VECTOR('',#13452,1000.);
#1634=VECTOR('',#13455,1000.);
#1635=VECTOR('',#13460,0.5);
#1636=VECTOR('',#13475,1000.);
#1637=VECTOR('',#13484,1000.);
#1638=VECTOR('',#13487,1000.);
#1639=VECTOR('',#13488,1000.);
#1640=VECTOR('',#13489,1000.);
#1641=VECTOR('',#13490,1000.);
#1642=VECTOR('',#13495,1000.);
#1643=VECTOR('',#13500,1000.);
#1644=VECTOR('',#13501,1000.);
#1645=VECTOR('',#13502,1000.);
#1646=VECTOR('',#13503,1000.);
#1647=VECTOR('',#13510,1000.);
#1648=VECTOR('',#13515,1000.);
#1649=VECTOR('',#13516,1000.);
#1650=VECTOR('',#13521,1000.);
#1651=VECTOR('',#13522,1000.);
#1652=VECTOR('',#13525,1000.);
#1653=VECTOR('',#13526,1000.);
#1654=VECTOR('',#13527,1000.);
#1655=VECTOR('',#13528,1000.);
#1656=VECTOR('',#13531,1000.);
#1657=VECTOR('',#13532,1000.);
#1658=VECTOR('',#13533,1000.);
#1659=VECTOR('',#13534,1000.);
#1660=VECTOR('',#13537,1000.);
#1661=VECTOR('',#13538,1000.);
#1662=VECTOR('',#13539,1000.);
#1663=VECTOR('',#13540,1000.);
#1664=VECTOR('',#13541,1000.);
#1665=VECTOR('',#13542,1000.);
#1666=VECTOR('',#13543,1000.);
#1667=VECTOR('',#13544,1000.);
#1668=VECTOR('',#13545,1000.);
#1669=VECTOR('',#13546,1000.);
#1670=VECTOR('',#13547,1000.);
#1671=VECTOR('',#13548,1000.);
#1672=VECTOR('',#13549,1000.);
#1673=VECTOR('',#13552,1000.);
#1674=VECTOR('',#13553,1000.);
#1675=VECTOR('',#13554,1000.);
#1676=VECTOR('',#13555,1000.);
#1677=VECTOR('',#13556,1000.);
#1678=VECTOR('',#13557,1000.);
#1679=VECTOR('',#13558,1000.);
#1680=VECTOR('',#13559,1000.);
#1681=VECTOR('',#13560,1000.);
#1682=VECTOR('',#13561,1000.);
#1683=VECTOR('',#13562,1000.);
#1684=VECTOR('',#13565,1000.);
#1685=VECTOR('',#13566,1000.);
#1686=VECTOR('',#13567,1000.);
#1687=VECTOR('',#13568,1000.);
#1688=VECTOR('',#13571,1000.);
#1689=VECTOR('',#13572,1000.);
#1690=VECTOR('',#13573,1000.);
#1691=VECTOR('',#13574,1000.);
#1692=VECTOR('',#13575,1000.);
#1693=VECTOR('',#13578,1000.);
#1694=VECTOR('',#13581,1000.);
#1695=VECTOR('',#13584,1000.);
#1696=VECTOR('',#13593,1000.);
#1697=VECTOR('',#13594,1000.);
#1698=VECTOR('',#13595,1000.);
#1699=VECTOR('',#13598,1000.);
#1700=VECTOR('',#13599,1000.);
#1701=VECTOR('',#13600,1000.);
#1702=VECTOR('',#13601,1000.);
#1703=VECTOR('',#13602,1000.);
#1704=VECTOR('',#13605,1000.);
#1705=VECTOR('',#13606,1000.);
#1706=VECTOR('',#13613,1000.);
#1707=VECTOR('',#13614,1000.);
#1708=VECTOR('',#13615,1000.);
#1709=VECTOR('',#13618,1000.);
#1710=VECTOR('',#13619,1000.);
#1711=VECTOR('',#13620,1000.);
#1712=VECTOR('',#13621,1000.);
#1713=VECTOR('',#13622,1000.);
#1714=VECTOR('',#13625,1000.);
#1715=VECTOR('',#13630,1000.);
#1716=VECTOR('',#13641,1000.);
#1717=VECTOR('',#13644,1000.);
#1718=VECTOR('',#13647,1000.);
#1719=VECTOR('',#13648,1000.);
#1720=VECTOR('',#13649,1000.);
#1721=VECTOR('',#13650,1000.);
#1722=VECTOR('',#13651,1000.);
#1723=VECTOR('',#13654,1000.);
#1724=VECTOR('',#13659,1000.);
#1725=VECTOR('',#13660,1000.);
#1726=VECTOR('',#13661,1000.);
#1727=VECTOR('',#13664,1000.);
#1728=VECTOR('',#13665,1000.);
#1729=VECTOR('',#13666,1000.);
#1730=VECTOR('',#13669,1000.);
#1731=VECTOR('',#13670,1000.);
#1732=VECTOR('',#13671,1000.);
#1733=VECTOR('',#13674,1000.);
#1734=VECTOR('',#13675,1000.);
#1735=VECTOR('',#13676,1000.);
#1736=VECTOR('',#13677,1000.);
#1737=VECTOR('',#13678,1000.);
#1738=VECTOR('',#13679,1000.);
#1739=VECTOR('',#13692,1000.);
#1740=VECTOR('',#13693,1000.);
#1741=VECTOR('',#13696,1000.);
#1742=VECTOR('',#13697,1000.);
#1743=VECTOR('',#13700,1000.);
#1744=VECTOR('',#13713,1000.);
#1745=VECTOR('',#13716,1000.);
#1746=VECTOR('',#13853,1.);
#1747=VECTOR('',#13860,2.075);
#1748=VECTOR('',#13947,2.5);
#1749=VECTOR('',#13954,1000.);
#1750=VECTOR('',#13957,1000.);
#1751=VECTOR('',#13960,1000.);
#1752=VECTOR('',#13961,1000.);
#1753=VECTOR('',#13966,1000.);
#1754=VECTOR('',#13969,1000.);
#1755=VECTOR('',#13972,1000.);
#1756=VECTOR('',#13973,1000.);
#1757=VECTOR('',#13978,1000.);
#1758=VECTOR('',#13981,1000.);
#1759=VECTOR('',#13984,1000.);
#1760=VECTOR('',#13985,1000.);
#1761=VECTOR('',#13990,1000.);
#1762=VECTOR('',#13993,1000.);
#1763=VECTOR('',#13996,1000.);
#1764=VECTOR('',#13997,1000.);
#1765=VECTOR('',#14002,1000.);
#1766=VECTOR('',#14005,1000.);
#1767=VECTOR('',#14008,1000.);
#1768=VECTOR('',#14009,1000.);
#1769=VECTOR('',#14014,1000.);
#1770=VECTOR('',#14017,1000.);
#1771=VECTOR('',#14020,1000.);
#1772=VECTOR('',#14021,1000.);
#1773=VECTOR('',#14026,1000.);
#1774=VECTOR('',#14029,1000.);
#1775=VECTOR('',#14032,1000.);
#1776=VECTOR('',#14033,1000.);
#1777=VECTOR('',#14038,1000.);
#1778=VECTOR('',#14041,1000.);
#1779=VECTOR('',#14044,1000.);
#1780=VECTOR('',#14045,1000.);
#1781=VECTOR('',#14050,1000.);
#1782=VECTOR('',#14053,1000.);
#1783=VECTOR('',#14056,1000.);
#1784=VECTOR('',#14057,1000.);
#1785=VECTOR('',#14062,1000.);
#1786=VECTOR('',#14065,1000.);
#1787=VECTOR('',#14068,1000.);
#1788=VECTOR('',#14069,1000.);
#1789=VECTOR('',#14074,1000.);
#1790=VECTOR('',#14077,1000.);
#1791=VECTOR('',#14080,1000.);
#1792=VECTOR('',#14081,1000.);
#1793=VECTOR('',#14086,1000.);
#1794=VECTOR('',#14089,1000.);
#1795=VECTOR('',#14092,1000.);
#1796=VECTOR('',#14093,1000.);
#1797=VECTOR('',#14098,1000.);
#1798=VECTOR('',#14101,1000.);
#1799=VECTOR('',#14104,1000.);
#1800=VECTOR('',#14105,1000.);
#1801=VECTOR('',#14110,1000.);
#1802=VECTOR('',#14113,1000.);
#1803=VECTOR('',#14116,1000.);
#1804=VECTOR('',#14117,1000.);
#1805=VECTOR('',#14122,1000.);
#1806=VECTOR('',#14125,1000.);
#1807=VECTOR('',#14128,1000.);
#1808=VECTOR('',#14129,1000.);
#1809=VECTOR('',#14134,1000.);
#1810=VECTOR('',#14137,1000.);
#1811=VECTOR('',#14140,1000.);
#1812=VECTOR('',#14141,1000.);
#1813=VECTOR('',#14146,1000.);
#1814=VECTOR('',#14149,1000.);
#1815=VECTOR('',#14152,1000.);
#1816=VECTOR('',#14153,1000.);
#1817=VECTOR('',#14158,1000.);
#1818=VECTOR('',#14161,1000.);
#1819=VECTOR('',#14164,1000.);
#1820=VECTOR('',#14165,1000.);
#1821=VECTOR('',#14170,1000.);
#1822=VECTOR('',#14173,1000.);
#1823=VECTOR('',#14176,1000.);
#1824=VECTOR('',#14177,1000.);
#1825=VECTOR('',#14186,1000.);
#1826=VECTOR('',#14189,1000.);
#1827=VECTOR('',#14192,1000.);
#1828=VECTOR('',#14193,1000.);
#1829=VECTOR('',#14194,1000.);
#1830=VECTOR('',#14195,1000.);
#1831=VECTOR('',#14196,1000.);
#1832=VECTOR('',#14197,1000.);
#1833=VECTOR('',#14198,1000.);
#1834=VECTOR('',#14199,1000.);
#1835=VECTOR('',#14200,1000.);
#1836=VECTOR('',#14201,1000.);
#1837=VECTOR('',#14202,1000.);
#1838=VECTOR('',#14203,1000.);
#1839=VECTOR('',#14204,1000.);
#1840=VECTOR('',#14205,1000.);
#1841=VECTOR('',#14206,1000.);
#1842=VECTOR('',#14207,1000.);
#1843=VECTOR('',#14208,1000.);
#1844=VECTOR('',#14209,1000.);
#1845=VECTOR('',#14210,1000.);
#1846=VECTOR('',#14211,1000.);
#1847=VECTOR('',#14212,1000.);
#1848=VECTOR('',#14213,1000.);
#1849=VECTOR('',#14214,1000.);
#1850=VECTOR('',#14215,1000.);
#1851=VECTOR('',#14216,1000.);
#1852=VECTOR('',#14217,1000.);
#1853=VECTOR('',#14218,1000.);
#1854=VECTOR('',#14219,1000.);
#1855=VECTOR('',#14220,1000.);
#1856=VECTOR('',#14221,1000.);
#1857=VECTOR('',#14222,1000.);
#1858=VECTOR('',#14223,1000.);
#1859=VECTOR('',#14224,1000.);
#1860=VECTOR('',#14225,1000.);
#1861=VECTOR('',#14226,1000.);
#1862=VECTOR('',#14227,1000.);
#1863=VECTOR('',#14228,1000.);
#1864=VECTOR('',#14229,1000.);
#1865=VECTOR('',#14230,1000.);
#1866=VECTOR('',#14231,1000.);
#1867=VECTOR('',#14234,1000.);
#1868=VECTOR('',#14235,1000.);
#1869=VECTOR('',#14240,1000.);
#1870=VECTOR('',#14241,1000.);
#1871=VECTOR('',#14244,1000.);
#1872=VECTOR('',#14249,1000.);
#1873=VECTOR('',#14250,1000.);
#1874=VECTOR('',#14253,1000.);
#1875=VECTOR('',#14258,1000.);
#1876=VECTOR('',#14259,1000.);
#1877=VECTOR('',#14262,1000.);
#1878=VECTOR('',#14267,1000.);
#1879=VECTOR('',#14268,1000.);
#1880=VECTOR('',#14271,1000.);
#1881=VECTOR('',#14276,1000.);
#1882=VECTOR('',#14277,1000.);
#1883=VECTOR('',#14280,1000.);
#1884=VECTOR('',#14285,1000.);
#1885=VECTOR('',#14286,1000.);
#1886=VECTOR('',#14289,1000.);
#1887=VECTOR('',#14294,1000.);
#1888=VECTOR('',#14295,1000.);
#1889=VECTOR('',#14298,1000.);
#1890=VECTOR('',#14303,1000.);
#1891=VECTOR('',#14304,1000.);
#1892=VECTOR('',#14307,1000.);
#1893=VECTOR('',#14312,1000.);
#1894=VECTOR('',#14313,1000.);
#1895=VECTOR('',#14316,1000.);
#1896=VECTOR('',#14321,1000.);
#1897=VECTOR('',#14322,1000.);
#1898=VECTOR('',#14325,1000.);
#1899=VECTOR('',#14330,1000.);
#1900=VECTOR('',#14331,1000.);
#1901=VECTOR('',#14334,1000.);
#1902=VECTOR('',#14339,1000.);
#1903=VECTOR('',#14340,1000.);
#1904=VECTOR('',#14343,1000.);
#1905=VECTOR('',#14348,1000.);
#1906=VECTOR('',#14349,1000.);
#1907=VECTOR('',#14352,1000.);
#1908=VECTOR('',#14357,1000.);
#1909=VECTOR('',#14358,1000.);
#1910=VECTOR('',#14361,1000.);
#1911=VECTOR('',#14366,1000.);
#1912=VECTOR('',#14367,1000.);
#1913=VECTOR('',#14370,1000.);
#1914=VECTOR('',#14375,1000.);
#1915=VECTOR('',#14376,1000.);
#1916=VECTOR('',#14379,1000.);
#1917=VECTOR('',#14384,1000.);
#1918=VECTOR('',#14385,1000.);
#1919=VECTOR('',#14388,1000.);
#1920=VECTOR('',#14393,1000.);
#1921=VECTOR('',#14394,1000.);
#1922=VECTOR('',#14397,1000.);
#1923=VECTOR('',#14402,1000.);
#1924=VECTOR('',#14403,1000.);
#1925=VECTOR('',#14406,1000.);
#1926=VECTOR('',#14411,1000.);
#1927=VECTOR('',#14412,1000.);
#1928=VECTOR('',#14415,1000.);
#1929=CYLINDRICAL_SURFACE('',#10239,0.75);
#1930=CYLINDRICAL_SURFACE('',#10243,0.75);
#1931=CYLINDRICAL_SURFACE('',#10280,2.);
#1932=CYLINDRICAL_SURFACE('',#10282,5.831);
#1933=CYLINDRICAL_SURFACE('',#10284,2.);
#1934=CYLINDRICAL_SURFACE('',#10286,2.);
#1935=CYLINDRICAL_SURFACE('',#10288,5.8309518948453);
#1936=CYLINDRICAL_SURFACE('',#10290,2.);
#1937=CYLINDRICAL_SURFACE('',#10292,2.);
#1938=CYLINDRICAL_SURFACE('',#10294,3.5);
#1939=CYLINDRICAL_SURFACE('',#10297,3.5);
#1940=CYLINDRICAL_SURFACE('',#10300,3.5);
#1941=CYLINDRICAL_SURFACE('',#10303,5.8309518948453);
#1942=CYLINDRICAL_SURFACE('',#10305,2.);
#1943=CYLINDRICAL_SURFACE('',#10308,2.);
#1944=CYLINDRICAL_SURFACE('',#10310,5.831);
#1945=CYLINDRICAL_SURFACE('',#10312,2.);
#1946=CYLINDRICAL_SURFACE('',#10315,3.5);
#1947=CYLINDRICAL_SURFACE('',#10317,1.6);
#1948=CYLINDRICAL_SURFACE('',#10319,1.6);
#1949=CYLINDRICAL_SURFACE('',#10321,2.15);
#1950=CYLINDRICAL_SURFACE('',#10323,2.15);
#1951=CYLINDRICAL_SURFACE('',#10325,1.6);
#1952=CYLINDRICAL_SURFACE('',#10327,2.15);
#1953=CYLINDRICAL_SURFACE('',#10329,2.15);
#1954=CYLINDRICAL_SURFACE('',#10331,1.6);
#1955=CYLINDRICAL_SURFACE('',#10349,5.);
#1956=CYLINDRICAL_SURFACE('',#10350,7.);
#1957=CYLINDRICAL_SURFACE('',#10353,11.);
#1958=CYLINDRICAL_SURFACE('',#10356,7.);
#1959=CYLINDRICAL_SURFACE('',#10359,5.50000000000009);
#1960=CYLINDRICAL_SURFACE('',#10362,5.49999999999999);
#1961=CYLINDRICAL_SURFACE('',#10365,2.);
#1962=CYLINDRICAL_SURFACE('',#10368,7.);
#1963=CYLINDRICAL_SURFACE('',#10371,7.);
#1964=CYLINDRICAL_SURFACE('',#10374,2.);
#1965=CYLINDRICAL_SURFACE('',#10377,5.50000000000006);
#1966=CYLINDRICAL_SURFACE('',#10380,5.5000000000001);
#1967=CYLINDRICAL_SURFACE('',#10383,2.6);
#1968=CYLINDRICAL_SURFACE('',#10386,2.);
#1969=CYLINDRICAL_SURFACE('',#10391,2.);
#1970=CYLINDRICAL_SURFACE('',#10392,0.799999999999996);
#1971=CYLINDRICAL_SURFACE('',#10393,3.025);
#1972=CYLINDRICAL_SURFACE('',#10394,0.799999999999996);
#1973=CYLINDRICAL_SURFACE('',#10395,6.44999999999999);
#1974=CYLINDRICAL_SURFACE('',#10419,2.25);
#1975=CYLINDRICAL_SURFACE('',#10421,1.2);
#1976=CYLINDRICAL_SURFACE('',#10423,2.44999999999999);
#1977=CYLINDRICAL_SURFACE('',#10433,1.);
#1978=CYLINDRICAL_SURFACE('',#10436,6.);
#1979=CYLINDRICAL_SURFACE('',#10439,3.);
#1980=CYLINDRICAL_SURFACE('',#10443,2.);
#1981=CYLINDRICAL_SURFACE('',#10446,1.99999999999998);
#1982=CYLINDRICAL_SURFACE('',#10450,2.99999999999999);
#1983=CYLINDRICAL_SURFACE('',#10454,3.00000000000001);
#1984=CYLINDRICAL_SURFACE('',#10458,2.);
#1985=CYLINDRICAL_SURFACE('',#10461,2.);
#1986=CYLINDRICAL_SURFACE('',#10465,3.00000000000001);
#1987=CYLINDRICAL_SURFACE('',#10516,2.);
#1988=CYLINDRICAL_SURFACE('',#10518,2.);
#1989=CYLINDRICAL_SURFACE('',#10521,11.2);
#1990=CYLINDRICAL_SURFACE('',#10523,7.2);
#1991=CYLINDRICAL_SURFACE('',#10525,5.69999999999974);
#1992=CYLINDRICAL_SURFACE('',#10527,5.3);
#1993=CYLINDRICAL_SURFACE('',#10529,1.79999999999999);
#1994=CYLINDRICAL_SURFACE('',#10531,7.19999999999999);
#1995=CYLINDRICAL_SURFACE('',#10533,7.20000000000001);
#1996=CYLINDRICAL_SURFACE('',#10535,1.8);
#1997=CYLINDRICAL_SURFACE('',#10537,5.30000000000007);
#1998=CYLINDRICAL_SURFACE('',#10539,5.70000000000013);
#1999=CYLINDRICAL_SURFACE('',#10541,7.20000000000001);
#2000=CYLINDRICAL_SURFACE('',#10542,1.6);
#2001=CYLINDRICAL_SURFACE('',#10543,1.6);
#2002=CYLINDRICAL_SURFACE('',#10544,1.6);
#2003=CYLINDRICAL_SURFACE('',#10545,1.6);
#2004=CYLINDRICAL_SURFACE('',#10546,3.5);
#2005=CYLINDRICAL_SURFACE('',#10548,3.5);
#2006=CYLINDRICAL_SURFACE('',#10551,3.50000000000005);
#2007=CYLINDRICAL_SURFACE('',#10553,5.);
#2008=CYLINDRICAL_SURFACE('',#10555,3.5);
#2009=CYLINDRICAL_SURFACE('',#10557,2.15);
#2010=CYLINDRICAL_SURFACE('',#10561,2.15);
#2011=CYLINDRICAL_SURFACE('',#10565,2.15);
#2012=CYLINDRICAL_SURFACE('',#10569,2.15);
#2013=CYLINDRICAL_SURFACE('',#10573,2.15);
#2014=CYLINDRICAL_SURFACE('',#10577,2.15);
#2015=CYLINDRICAL_SURFACE('',#10658,0.5);
#2016=CYLINDRICAL_SURFACE('',#10662,0.499999999999998);
#2017=CYLINDRICAL_SURFACE('',#10666,0.499999999999998);
#2018=CYLINDRICAL_SURFACE('',#10670,0.499999999999998);
#2019=CYLINDRICAL_SURFACE('',#10675,0.5);
#2020=CYLINDRICAL_SURFACE('',#10678,0.500000000000007);
#2021=CYLINDRICAL_SURFACE('',#10680,0.500000000000003);
#2022=CYLINDRICAL_SURFACE('',#10683,0.499999999999998);
#2023=CYLINDRICAL_SURFACE('',#10695,0.5);
#2024=CYLINDRICAL_SURFACE('',#10699,0.499999999999989);
#2025=CYLINDRICAL_SURFACE('',#10703,0.499999999999998);
#2026=CYLINDRICAL_SURFACE('',#10707,0.499999999999998);
#2027=CYLINDRICAL_SURFACE('',#10712,2.);
#2028=CYLINDRICAL_SURFACE('',#10713,2.);
#2029=CYLINDRICAL_SURFACE('',#10714,2.);
#2030=CYLINDRICAL_SURFACE('',#10716,2.);
#2031=CYLINDRICAL_SURFACE('',#10717,2.);
#2032=CYLINDRICAL_SURFACE('',#10718,2.);
#2033=CYLINDRICAL_SURFACE('',#10720,2.);
#2034=CYLINDRICAL_SURFACE('',#10721,2.);
#2035=CYLINDRICAL_SURFACE('',#10723,2.);
#2036=CYLINDRICAL_SURFACE('',#10725,2.);
#2037=CYLINDRICAL_SURFACE('',#10727,2.);
#2038=CYLINDRICAL_SURFACE('',#10729,2.);
#2039=CYLINDRICAL_SURFACE('',#10731,3.);
#2040=CYLINDRICAL_SURFACE('',#10733,2.99999999999999);
#2041=CYLINDRICAL_SURFACE('',#10734,3.00000000000001);
#2042=CYLINDRICAL_SURFACE('',#10735,3.);
#2043=CYLINDRICAL_SURFACE('',#10737,1.);
#2044=CYLINDRICAL_SURFACE('',#10738,1.);
#2045=CYLINDRICAL_SURFACE('',#10739,6.20000000000002);
#2046=CYLINDRICAL_SURFACE('',#10740,1.00000000000001);
#2047=CYLINDRICAL_SURFACE('',#10743,1.6);
#2048=CYLINDRICAL_SURFACE('',#10744,1.6);
#2049=CYLINDRICAL_SURFACE('',#10745,1.6);
#2050=CYLINDRICAL_SURFACE('',#10746,5.30000000000002);
#2051=CYLINDRICAL_SURFACE('',#10748,1.8);
#2052=CYLINDRICAL_SURFACE('',#10750,2.);
#2053=CYLINDRICAL_SURFACE('',#10752,7.20000000000003);
#2054=CYLINDRICAL_SURFACE('',#10753,7.2);
#2055=CYLINDRICAL_SURFACE('',#10755,2.);
#2056=CYLINDRICAL_SURFACE('',#10757,1.79999999999999);
#2057=CYLINDRICAL_SURFACE('',#10759,5.30000000000008);
#2058=CYLINDRICAL_SURFACE('',#10760,1.6);
#2059=CYLINDRICAL_SURFACE('',#10762,3.50000000000001);
#2060=CYLINDRICAL_SURFACE('',#10764,3.5);
#2061=CYLINDRICAL_SURFACE('',#10767,3.50000000000006);
#2062=CYLINDRICAL_SURFACE('',#10769,5.00000000000001);
#2063=CYLINDRICAL_SURFACE('',#10771,3.5);
#2064=CYLINDRICAL_SURFACE('',#10813,1.99999999999994);
#2065=CYLINDRICAL_SURFACE('',#10816,1.79999999999998);
#2066=CYLINDRICAL_SURFACE('',#10819,5.30000000000008);
#2067=CYLINDRICAL_SURFACE('',#10821,2.00000000000001);
#2068=CYLINDRICAL_SURFACE('',#10823,2.);
#2069=CYLINDRICAL_SURFACE('',#10826,2.);
#2070=CYLINDRICAL_SURFACE('',#10829,2.00000000000001);
#2071=CYLINDRICAL_SURFACE('',#10832,1.00000000000001);
#2072=CYLINDRICAL_SURFACE('',#10835,0.999999999999978);
#2073=CYLINDRICAL_SURFACE('',#10837,6.20000000000002);
#2074=CYLINDRICAL_SURFACE('',#10839,0.999999999999997);
#2075=CYLINDRICAL_SURFACE('',#10842,2.);
#2076=CYLINDRICAL_SURFACE('',#10845,2.);
#2077=CYLINDRICAL_SURFACE('',#10848,2.00000000000004);
#2078=CYLINDRICAL_SURFACE('',#10850,2.00000000000008);
#2079=CYLINDRICAL_SURFACE('',#10852,5.30000000000002);
#2080=CYLINDRICAL_SURFACE('',#10855,1.8);
#2081=CYLINDRICAL_SURFACE('',#10858,1.99999999999999);
#2082=CYLINDRICAL_SURFACE('',#10861,7.20000000000009);
#2083=CYLINDRICAL_SURFACE('',#10864,7.20000000000001);
#2084=CYLINDRICAL_SURFACE('',#10866,1.6);
#2085=CYLINDRICAL_SURFACE('',#10868,1.6);
#2086=CYLINDRICAL_SURFACE('',#10870,1.60000000000001);
#2087=CYLINDRICAL_SURFACE('',#10872,1.60000000000001);
#2088=CYLINDRICAL_SURFACE('',#10874,3.00000000000001);
#2089=CYLINDRICAL_SURFACE('',#10877,2.00000000000002);
#2090=CYLINDRICAL_SURFACE('',#10880,3.50000000000002);
#2091=CYLINDRICAL_SURFACE('',#10883,3.50000000000001);
#2092=CYLINDRICAL_SURFACE('',#10886,2.00000000000004);
#2093=CYLINDRICAL_SURFACE('',#10889,3.00000000000002);
#2094=CYLINDRICAL_SURFACE('',#10892,2.99999999999999);
#2095=CYLINDRICAL_SURFACE('',#10895,2.);
#2096=CYLINDRICAL_SURFACE('',#10898,3.50000000000007);
#2097=CYLINDRICAL_SURFACE('',#10901,5.00000000000003);
#2098=CYLINDRICAL_SURFACE('',#10904,3.49999999999999);
#2099=CYLINDRICAL_SURFACE('',#10907,2.00000000000001);
#2100=CYLINDRICAL_SURFACE('',#10910,3.00000000000001);
#2101=CYLINDRICAL_SURFACE('',#10933,1.60000000000001);
#2102=CYLINDRICAL_SURFACE('',#10935,1.60000000000001);
#2103=CYLINDRICAL_SURFACE('',#10937,1.6);
#2104=CYLINDRICAL_SURFACE('',#10939,1.6);
#2105=CYLINDRICAL_SURFACE('',#10941,3.00000000000002);
#2106=CYLINDRICAL_SURFACE('',#10944,2.00000000000002);
#2107=CYLINDRICAL_SURFACE('',#10947,3.50000000000003);
#2108=CYLINDRICAL_SURFACE('',#10950,3.50000000000003);
#2109=CYLINDRICAL_SURFACE('',#10953,2.00000000000004);
#2110=CYLINDRICAL_SURFACE('',#10956,3.00000000000003);
#2111=CYLINDRICAL_SURFACE('',#10959,3.00000000000001);
#2112=CYLINDRICAL_SURFACE('',#10962,2.);
#2113=CYLINDRICAL_SURFACE('',#10965,3.50000000000007);
#2114=CYLINDRICAL_SURFACE('',#10968,5.00000000000003);
#2115=CYLINDRICAL_SURFACE('',#10971,3.49999999999999);
#2116=CYLINDRICAL_SURFACE('',#10974,2.00000000000001);
#2117=CYLINDRICAL_SURFACE('',#10977,3.);
#2118=CYLINDRICAL_SURFACE('',#10982,1.);
#2119=CYLINDRICAL_SURFACE('',#10985,1.);
#2120=CYLINDRICAL_SURFACE('',#10988,0.5);
#2121=CYLINDRICAL_SURFACE('',#10996,6.25);
#2122=CYLINDRICAL_SURFACE('',#11002,0.3);
#2123=CYLINDRICAL_SURFACE('',#11006,0.300000000000002);
#2124=CYLINDRICAL_SURFACE('',#11061,2.825);
#2125=CYLINDRICAL_SURFACE('',#11063,0.3);
#2126=CYLINDRICAL_SURFACE('',#11064,0.3);
#2127=CYLINDRICAL_SURFACE('',#11065,0.3);
#2128=CYLINDRICAL_SURFACE('',#11066,0.3);
#2129=CYLINDRICAL_SURFACE('',#11067,0.3);
#2130=CYLINDRICAL_SURFACE('',#11070,0.3);
#2131=CYLINDRICAL_SURFACE('',#11073,0.3);
#2132=CYLINDRICAL_SURFACE('',#11074,0.3);
#2133=CYLINDRICAL_SURFACE('',#11076,0.300000000000002);
#2134=CYLINDRICAL_SURFACE('',#11078,0.3);
#2135=CYLINDRICAL_SURFACE('',#11081,0.3);
#2136=CYLINDRICAL_SURFACE('',#11083,0.3);
#2137=CYLINDRICAL_SURFACE('',#11085,0.3);
#2138=CYLINDRICAL_SURFACE('',#11088,0.3);
#2139=CYLINDRICAL_SURFACE('',#11089,0.3);
#2140=CYLINDRICAL_SURFACE('',#11090,0.3);
#2141=CYLINDRICAL_SURFACE('',#11091,0.3);
#2142=CYLINDRICAL_SURFACE('',#11092,0.3);
#2143=CYLINDRICAL_SURFACE('',#11093,1.);
#2144=CYLINDRICAL_SURFACE('',#11095,1.);
#2145=CYLINDRICAL_SURFACE('',#11103,0.200000000000001);
#2146=CYLINDRICAL_SURFACE('',#11107,0.2);
#2147=CYLINDRICAL_SURFACE('',#11109,0.2);
#2148=CYLINDRICAL_SURFACE('',#11112,0.199999999999999);
#2149=CYLINDRICAL_SURFACE('',#11115,0.200000000000001);
#2150=CYLINDRICAL_SURFACE('',#11118,0.2);
#2151=CYLINDRICAL_SURFACE('',#11122,0.199999999999999);
#2152=CYLINDRICAL_SURFACE('',#11129,1.);
#2153=CYLINDRICAL_SURFACE('',#11132,2.075);
#2154=CYLINDRICAL_SURFACE('',#11175,2.5);
#2155=CYLINDRICAL_SURFACE('',#11178,2.375);
#2156=CYLINDRICAL_SURFACE('',#11182,2.375);
#2157=CYLINDRICAL_SURFACE('',#11186,2.375);
#2158=CYLINDRICAL_SURFACE('',#11190,2.375);
#2159=CYLINDRICAL_SURFACE('',#11194,2.375);
#2160=CYLINDRICAL_SURFACE('',#11198,2.375);
#2161=CYLINDRICAL_SURFACE('',#11202,2.375);
#2162=CYLINDRICAL_SURFACE('',#11206,2.375);
#2163=CYLINDRICAL_SURFACE('',#11210,2.375);
#2164=CYLINDRICAL_SURFACE('',#11214,2.375);
#2165=CYLINDRICAL_SURFACE('',#11218,2.375);
#2166=CYLINDRICAL_SURFACE('',#11222,2.375);
#2167=CYLINDRICAL_SURFACE('',#11226,2.375);
#2168=CYLINDRICAL_SURFACE('',#11230,2.375);
#2169=CYLINDRICAL_SURFACE('',#11234,2.375);
#2170=CYLINDRICAL_SURFACE('',#11238,2.375);
#2171=CYLINDRICAL_SURFACE('',#11242,2.375);
#2172=CYLINDRICAL_SURFACE('',#11246,2.375);
#2173=CYLINDRICAL_SURFACE('',#11250,2.375);
#2174=CYLINDRICAL_SURFACE('',#11256,2.375);
#2175=FACE_BOUND('',#2796,.T.);
#2176=FACE_BOUND('',#2802,.T.);
#2177=FACE_BOUND('',#2803,.T.);
#2178=FACE_BOUND('',#2804,.T.);
#2179=FACE_BOUND('',#2805,.T.);
#2180=FACE_BOUND('',#2806,.T.);
#2181=FACE_BOUND('',#2807,.T.);
#2182=FACE_BOUND('',#2808,.T.);
#2183=FACE_BOUND('',#2809,.T.);
#2184=FACE_BOUND('',#2810,.T.);
#2185=FACE_BOUND('',#2811,.T.);
#2186=FACE_BOUND('',#2812,.T.);
#2187=FACE_BOUND('',#2846,.T.);
#2188=FACE_BOUND('',#2847,.T.);
#2189=FACE_BOUND('',#2848,.T.);
#2190=FACE_BOUND('',#2849,.T.);
#2191=FACE_BOUND('',#2850,.T.);
#2192=FACE_BOUND('',#2851,.T.);
#2193=FACE_BOUND('',#2852,.T.);
#2194=FACE_BOUND('',#2853,.T.);
#2195=FACE_BOUND('',#2854,.T.);
#2196=FACE_BOUND('',#2883,.T.);
#2197=FACE_BOUND('',#2906,.T.);
#2198=FACE_BOUND('',#2908,.T.);
#2199=FACE_BOUND('',#2910,.T.);
#2200=FACE_BOUND('',#2930,.T.);
#2201=FACE_BOUND('',#2931,.T.);
#2202=FACE_BOUND('',#2932,.T.);
#2203=FACE_BOUND('',#2933,.T.);
#2204=FACE_BOUND('',#2934,.T.);
#2205=FACE_BOUND('',#2937,.T.);
#2206=FACE_BOUND('',#2938,.T.);
#2207=FACE_BOUND('',#2939,.T.);
#2208=FACE_BOUND('',#2940,.T.);
#2209=FACE_BOUND('',#2941,.T.);
#2210=FACE_BOUND('',#2996,.T.);
#2211=FACE_BOUND('',#2997,.T.);
#2212=FACE_BOUND('',#2998,.T.);
#2213=FACE_BOUND('',#2999,.T.);
#2214=FACE_BOUND('',#3000,.T.);
#2215=FACE_BOUND('',#3002,.T.);
#2216=FACE_BOUND('',#3003,.T.);
#2217=FACE_BOUND('',#3004,.T.);
#2218=FACE_BOUND('',#3005,.T.);
#2219=FACE_BOUND('',#3006,.T.);
#2220=FACE_BOUND('',#3090,.T.);
#2221=FACE_BOUND('',#3091,.T.);
#2222=FACE_BOUND('',#3092,.T.);
#2223=FACE_BOUND('',#3098,.T.);
#2224=FACE_BOUND('',#3099,.T.);
#2225=FACE_BOUND('',#3100,.T.);
#2226=FACE_BOUND('',#3103,.T.);
#2227=FACE_BOUND('',#3104,.T.);
#2228=FACE_BOUND('',#3105,.T.);
#2229=FACE_BOUND('',#3109,.T.);
#2230=FACE_BOUND('',#3110,.T.);
#2231=FACE_BOUND('',#3111,.T.);
#2232=FACE_BOUND('',#3112,.T.);
#2233=FACE_BOUND('',#3113,.T.);
#2234=FACE_BOUND('',#3178,.T.);
#2235=FACE_BOUND('',#3179,.T.);
#2236=FACE_BOUND('',#3180,.T.);
#2237=FACE_BOUND('',#3181,.T.);
#2238=FACE_BOUND('',#3182,.T.);
#2239=FACE_BOUND('',#3185,.T.);
#2240=FACE_BOUND('',#3186,.T.);
#2241=FACE_BOUND('',#3187,.T.);
#2242=FACE_BOUND('',#3188,.T.);
#2243=FACE_BOUND('',#3219,.T.);
#2244=FACE_BOUND('',#3220,.T.);
#2245=FACE_BOUND('',#3221,.T.);
#2246=FACE_BOUND('',#3222,.T.);
#2247=FACE_BOUND('',#3248,.T.);
#2248=FACE_BOUND('',#3259,.T.);
#2249=FACE_BOUND('',#3348,.T.);
#2250=FACE_BOUND('',#3352,.T.);
#2251=FACE_OUTER_BOUND('',#2795,.T.);
#2252=FACE_OUTER_BOUND('',#2797,.T.);
#2253=FACE_OUTER_BOUND('',#2798,.T.);
#2254=FACE_OUTER_BOUND('',#2799,.T.);
#2255=FACE_OUTER_BOUND('',#2800,.T.);
#2256=FACE_OUTER_BOUND('',#2801,.T.);
#2257=FACE_OUTER_BOUND('',#2813,.T.);
#2258=FACE_OUTER_BOUND('',#2814,.T.);
#2259=FACE_OUTER_BOUND('',#2815,.T.);
#2260=FACE_OUTER_BOUND('',#2816,.T.);
#2261=FACE_OUTER_BOUND('',#2817,.T.);
#2262=FACE_OUTER_BOUND('',#2818,.T.);
#2263=FACE_OUTER_BOUND('',#2819,.T.);
#2264=FACE_OUTER_BOUND('',#2820,.T.);
#2265=FACE_OUTER_BOUND('',#2821,.T.);
#2266=FACE_OUTER_BOUND('',#2822,.T.);
#2267=FACE_OUTER_BOUND('',#2823,.T.);
#2268=FACE_OUTER_BOUND('',#2824,.T.);
#2269=FACE_OUTER_BOUND('',#2825,.T.);
#2270=FACE_OUTER_BOUND('',#2826,.T.);
#2271=FACE_OUTER_BOUND('',#2827,.T.);
#2272=FACE_OUTER_BOUND('',#2828,.T.);
#2273=FACE_OUTER_BOUND('',#2829,.T.);
#2274=FACE_OUTER_BOUND('',#2830,.T.);
#2275=FACE_OUTER_BOUND('',#2831,.T.);
#2276=FACE_OUTER_BOUND('',#2832,.T.);
#2277=FACE_OUTER_BOUND('',#2833,.T.);
#2278=FACE_OUTER_BOUND('',#2834,.T.);
#2279=FACE_OUTER_BOUND('',#2835,.T.);
#2280=FACE_OUTER_BOUND('',#2836,.T.);
#2281=FACE_OUTER_BOUND('',#2837,.T.);
#2282=FACE_OUTER_BOUND('',#2838,.T.);
#2283=FACE_OUTER_BOUND('',#2839,.T.);
#2284=FACE_OUTER_BOUND('',#2840,.T.);
#2285=FACE_OUTER_BOUND('',#2841,.T.);
#2286=FACE_OUTER_BOUND('',#2842,.T.);
#2287=FACE_OUTER_BOUND('',#2843,.T.);
#2288=FACE_OUTER_BOUND('',#2844,.T.);
#2289=FACE_OUTER_BOUND('',#2845,.T.);
#2290=FACE_OUTER_BOUND('',#2855,.T.);
#2291=FACE_OUTER_BOUND('',#2856,.T.);
#2292=FACE_OUTER_BOUND('',#2857,.T.);
#2293=FACE_OUTER_BOUND('',#2858,.T.);
#2294=FACE_OUTER_BOUND('',#2859,.T.);
#2295=FACE_OUTER_BOUND('',#2860,.T.);
#2296=FACE_OUTER_BOUND('',#2861,.T.);
#2297=FACE_OUTER_BOUND('',#2862,.T.);
#2298=FACE_OUTER_BOUND('',#2863,.T.);
#2299=FACE_OUTER_BOUND('',#2864,.T.);
#2300=FACE_OUTER_BOUND('',#2865,.T.);
#2301=FACE_OUTER_BOUND('',#2866,.T.);
#2302=FACE_OUTER_BOUND('',#2867,.T.);
#2303=FACE_OUTER_BOUND('',#2868,.T.);
#2304=FACE_OUTER_BOUND('',#2869,.T.);
#2305=FACE_OUTER_BOUND('',#2870,.T.);
#2306=FACE_OUTER_BOUND('',#2871,.T.);
#2307=FACE_OUTER_BOUND('',#2872,.T.);
#2308=FACE_OUTER_BOUND('',#2873,.T.);
#2309=FACE_OUTER_BOUND('',#2874,.T.);
#2310=FACE_OUTER_BOUND('',#2875,.T.);
#2311=FACE_OUTER_BOUND('',#2876,.T.);
#2312=FACE_OUTER_BOUND('',#2877,.T.);
#2313=FACE_OUTER_BOUND('',#2878,.T.);
#2314=FACE_OUTER_BOUND('',#2879,.T.);
#2315=FACE_OUTER_BOUND('',#2880,.T.);
#2316=FACE_OUTER_BOUND('',#2881,.T.);
#2317=FACE_OUTER_BOUND('',#2882,.T.);
#2318=FACE_OUTER_BOUND('',#2884,.T.);
#2319=FACE_OUTER_BOUND('',#2885,.T.);
#2320=FACE_OUTER_BOUND('',#2886,.T.);
#2321=FACE_OUTER_BOUND('',#2887,.T.);
#2322=FACE_OUTER_BOUND('',#2888,.T.);
#2323=FACE_OUTER_BOUND('',#2889,.T.);
#2324=FACE_OUTER_BOUND('',#2890,.T.);
#2325=FACE_OUTER_BOUND('',#2891,.T.);
#2326=FACE_OUTER_BOUND('',#2892,.T.);
#2327=FACE_OUTER_BOUND('',#2893,.T.);
#2328=FACE_OUTER_BOUND('',#2894,.T.);
#2329=FACE_OUTER_BOUND('',#2895,.T.);
#2330=FACE_OUTER_BOUND('',#2896,.T.);
#2331=FACE_OUTER_BOUND('',#2897,.T.);
#2332=FACE_OUTER_BOUND('',#2898,.T.);
#2333=FACE_OUTER_BOUND('',#2899,.T.);
#2334=FACE_OUTER_BOUND('',#2900,.T.);
#2335=FACE_OUTER_BOUND('',#2901,.T.);
#2336=FACE_OUTER_BOUND('',#2902,.T.);
#2337=FACE_OUTER_BOUND('',#2903,.T.);
#2338=FACE_OUTER_BOUND('',#2904,.T.);
#2339=FACE_OUTER_BOUND('',#2905,.T.);
#2340=FACE_OUTER_BOUND('',#2907,.T.);
#2341=FACE_OUTER_BOUND('',#2909,.T.);
#2342=FACE_OUTER_BOUND('',#2911,.T.);
#2343=FACE_OUTER_BOUND('',#2912,.T.);
#2344=FACE_OUTER_BOUND('',#2913,.T.);
#2345=FACE_OUTER_BOUND('',#2914,.T.);
#2346=FACE_OUTER_BOUND('',#2915,.T.);
#2347=FACE_OUTER_BOUND('',#2916,.T.);
#2348=FACE_OUTER_BOUND('',#2917,.T.);
#2349=FACE_OUTER_BOUND('',#2918,.T.);
#2350=FACE_OUTER_BOUND('',#2919,.T.);
#2351=FACE_OUTER_BOUND('',#2920,.T.);
#2352=FACE_OUTER_BOUND('',#2921,.T.);
#2353=FACE_OUTER_BOUND('',#2922,.T.);
#2354=FACE_OUTER_BOUND('',#2923,.T.);
#2355=FACE_OUTER_BOUND('',#2924,.T.);
#2356=FACE_OUTER_BOUND('',#2925,.T.);
#2357=FACE_OUTER_BOUND('',#2926,.T.);
#2358=FACE_OUTER_BOUND('',#2927,.T.);
#2359=FACE_OUTER_BOUND('',#2928,.T.);
#2360=FACE_OUTER_BOUND('',#2929,.T.);
#2361=FACE_OUTER_BOUND('',#2935,.T.);
#2362=FACE_OUTER_BOUND('',#2936,.T.);
#2363=FACE_OUTER_BOUND('',#2942,.T.);
#2364=FACE_OUTER_BOUND('',#2943,.T.);
#2365=FACE_OUTER_BOUND('',#2944,.T.);
#2366=FACE_OUTER_BOUND('',#2945,.T.);
#2367=FACE_OUTER_BOUND('',#2946,.T.);
#2368=FACE_OUTER_BOUND('',#2947,.T.);
#2369=FACE_OUTER_BOUND('',#2948,.T.);
#2370=FACE_OUTER_BOUND('',#2949,.T.);
#2371=FACE_OUTER_BOUND('',#2950,.T.);
#2372=FACE_OUTER_BOUND('',#2951,.T.);
#2373=FACE_OUTER_BOUND('',#2952,.T.);
#2374=FACE_OUTER_BOUND('',#2953,.T.);
#2375=FACE_OUTER_BOUND('',#2954,.T.);
#2376=FACE_OUTER_BOUND('',#2955,.T.);
#2377=FACE_OUTER_BOUND('',#2956,.T.);
#2378=FACE_OUTER_BOUND('',#2957,.T.);
#2379=FACE_OUTER_BOUND('',#2958,.T.);
#2380=FACE_OUTER_BOUND('',#2959,.T.);
#2381=FACE_OUTER_BOUND('',#2960,.T.);
#2382=FACE_OUTER_BOUND('',#2961,.T.);
#2383=FACE_OUTER_BOUND('',#2962,.T.);
#2384=FACE_OUTER_BOUND('',#2963,.T.);
#2385=FACE_OUTER_BOUND('',#2964,.T.);
#2386=FACE_OUTER_BOUND('',#2965,.T.);
#2387=FACE_OUTER_BOUND('',#2966,.T.);
#2388=FACE_OUTER_BOUND('',#2967,.T.);
#2389=FACE_OUTER_BOUND('',#2968,.T.);
#2390=FACE_OUTER_BOUND('',#2969,.T.);
#2391=FACE_OUTER_BOUND('',#2970,.T.);
#2392=FACE_OUTER_BOUND('',#2971,.T.);
#2393=FACE_OUTER_BOUND('',#2972,.T.);
#2394=FACE_OUTER_BOUND('',#2973,.T.);
#2395=FACE_OUTER_BOUND('',#2974,.T.);
#2396=FACE_OUTER_BOUND('',#2975,.T.);
#2397=FACE_OUTER_BOUND('',#2976,.T.);
#2398=FACE_OUTER_BOUND('',#2977,.T.);
#2399=FACE_OUTER_BOUND('',#2978,.T.);
#2400=FACE_OUTER_BOUND('',#2979,.T.);
#2401=FACE_OUTER_BOUND('',#2980,.T.);
#2402=FACE_OUTER_BOUND('',#2981,.T.);
#2403=FACE_OUTER_BOUND('',#2982,.T.);
#2404=FACE_OUTER_BOUND('',#2983,.T.);
#2405=FACE_OUTER_BOUND('',#2984,.T.);
#2406=FACE_OUTER_BOUND('',#2985,.T.);
#2407=FACE_OUTER_BOUND('',#2986,.T.);
#2408=FACE_OUTER_BOUND('',#2987,.T.);
#2409=FACE_OUTER_BOUND('',#2988,.T.);
#2410=FACE_OUTER_BOUND('',#2989,.T.);
#2411=FACE_OUTER_BOUND('',#2990,.T.);
#2412=FACE_OUTER_BOUND('',#2991,.T.);
#2413=FACE_OUTER_BOUND('',#2992,.T.);
#2414=FACE_OUTER_BOUND('',#2993,.T.);
#2415=FACE_OUTER_BOUND('',#2994,.T.);
#2416=FACE_OUTER_BOUND('',#2995,.T.);
#2417=FACE_OUTER_BOUND('',#3001,.T.);
#2418=FACE_OUTER_BOUND('',#3007,.T.);
#2419=FACE_OUTER_BOUND('',#3008,.T.);
#2420=FACE_OUTER_BOUND('',#3009,.T.);
#2421=FACE_OUTER_BOUND('',#3010,.T.);
#2422=FACE_OUTER_BOUND('',#3011,.T.);
#2423=FACE_OUTER_BOUND('',#3012,.T.);
#2424=FACE_OUTER_BOUND('',#3013,.T.);
#2425=FACE_OUTER_BOUND('',#3014,.T.);
#2426=FACE_OUTER_BOUND('',#3015,.T.);
#2427=FACE_OUTER_BOUND('',#3016,.T.);
#2428=FACE_OUTER_BOUND('',#3017,.T.);
#2429=FACE_OUTER_BOUND('',#3018,.T.);
#2430=FACE_OUTER_BOUND('',#3019,.T.);
#2431=FACE_OUTER_BOUND('',#3020,.T.);
#2432=FACE_OUTER_BOUND('',#3021,.T.);
#2433=FACE_OUTER_BOUND('',#3022,.T.);
#2434=FACE_OUTER_BOUND('',#3023,.T.);
#2435=FACE_OUTER_BOUND('',#3024,.T.);
#2436=FACE_OUTER_BOUND('',#3025,.T.);
#2437=FACE_OUTER_BOUND('',#3026,.T.);
#2438=FACE_OUTER_BOUND('',#3027,.T.);
#2439=FACE_OUTER_BOUND('',#3028,.T.);
#2440=FACE_OUTER_BOUND('',#3029,.T.);
#2441=FACE_OUTER_BOUND('',#3030,.T.);
#2442=FACE_OUTER_BOUND('',#3031,.T.);
#2443=FACE_OUTER_BOUND('',#3032,.T.);
#2444=FACE_OUTER_BOUND('',#3033,.T.);
#2445=FACE_OUTER_BOUND('',#3034,.T.);
#2446=FACE_OUTER_BOUND('',#3035,.T.);
#2447=FACE_OUTER_BOUND('',#3036,.T.);
#2448=FACE_OUTER_BOUND('',#3037,.T.);
#2449=FACE_OUTER_BOUND('',#3038,.T.);
#2450=FACE_OUTER_BOUND('',#3039,.T.);
#2451=FACE_OUTER_BOUND('',#3040,.T.);
#2452=FACE_OUTER_BOUND('',#3041,.T.);
#2453=FACE_OUTER_BOUND('',#3042,.T.);
#2454=FACE_OUTER_BOUND('',#3043,.T.);
#2455=FACE_OUTER_BOUND('',#3044,.T.);
#2456=FACE_OUTER_BOUND('',#3045,.T.);
#2457=FACE_OUTER_BOUND('',#3046,.T.);
#2458=FACE_OUTER_BOUND('',#3047,.T.);
#2459=FACE_OUTER_BOUND('',#3048,.T.);
#2460=FACE_OUTER_BOUND('',#3049,.T.);
#2461=FACE_OUTER_BOUND('',#3050,.T.);
#2462=FACE_OUTER_BOUND('',#3051,.T.);
#2463=FACE_OUTER_BOUND('',#3052,.T.);
#2464=FACE_OUTER_BOUND('',#3053,.T.);
#2465=FACE_OUTER_BOUND('',#3054,.T.);
#2466=FACE_OUTER_BOUND('',#3055,.T.);
#2467=FACE_OUTER_BOUND('',#3056,.T.);
#2468=FACE_OUTER_BOUND('',#3057,.T.);
#2469=FACE_OUTER_BOUND('',#3058,.T.);
#2470=FACE_OUTER_BOUND('',#3059,.T.);
#2471=FACE_OUTER_BOUND('',#3060,.T.);
#2472=FACE_OUTER_BOUND('',#3061,.T.);
#2473=FACE_OUTER_BOUND('',#3062,.T.);
#2474=FACE_OUTER_BOUND('',#3063,.T.);
#2475=FACE_OUTER_BOUND('',#3064,.T.);
#2476=FACE_OUTER_BOUND('',#3065,.T.);
#2477=FACE_OUTER_BOUND('',#3066,.T.);
#2478=FACE_OUTER_BOUND('',#3067,.T.);
#2479=FACE_OUTER_BOUND('',#3068,.T.);
#2480=FACE_OUTER_BOUND('',#3069,.T.);
#2481=FACE_OUTER_BOUND('',#3070,.T.);
#2482=FACE_OUTER_BOUND('',#3071,.T.);
#2483=FACE_OUTER_BOUND('',#3072,.T.);
#2484=FACE_OUTER_BOUND('',#3073,.T.);
#2485=FACE_OUTER_BOUND('',#3074,.T.);
#2486=FACE_OUTER_BOUND('',#3075,.T.);
#2487=FACE_OUTER_BOUND('',#3076,.T.);
#2488=FACE_OUTER_BOUND('',#3077,.T.);
#2489=FACE_OUTER_BOUND('',#3078,.T.);
#2490=FACE_OUTER_BOUND('',#3079,.T.);
#2491=FACE_OUTER_BOUND('',#3080,.T.);
#2492=FACE_OUTER_BOUND('',#3081,.T.);
#2493=FACE_OUTER_BOUND('',#3082,.T.);
#2494=FACE_OUTER_BOUND('',#3083,.T.);
#2495=FACE_OUTER_BOUND('',#3084,.T.);
#2496=FACE_OUTER_BOUND('',#3085,.T.);
#2497=FACE_OUTER_BOUND('',#3086,.T.);
#2498=FACE_OUTER_BOUND('',#3087,.T.);
#2499=FACE_OUTER_BOUND('',#3088,.T.);
#2500=FACE_OUTER_BOUND('',#3089,.T.);
#2501=FACE_OUTER_BOUND('',#3093,.T.);
#2502=FACE_OUTER_BOUND('',#3094,.T.);
#2503=FACE_OUTER_BOUND('',#3095,.T.);
#2504=FACE_OUTER_BOUND('',#3096,.T.);
#2505=FACE_OUTER_BOUND('',#3097,.T.);
#2506=FACE_OUTER_BOUND('',#3101,.T.);
#2507=FACE_OUTER_BOUND('',#3102,.T.);
#2508=FACE_OUTER_BOUND('',#3106,.T.);
#2509=FACE_OUTER_BOUND('',#3107,.T.);
#2510=FACE_OUTER_BOUND('',#3108,.T.);
#2511=FACE_OUTER_BOUND('',#3114,.T.);
#2512=FACE_OUTER_BOUND('',#3115,.T.);
#2513=FACE_OUTER_BOUND('',#3116,.T.);
#2514=FACE_OUTER_BOUND('',#3117,.T.);
#2515=FACE_OUTER_BOUND('',#3118,.T.);
#2516=FACE_OUTER_BOUND('',#3119,.T.);
#2517=FACE_OUTER_BOUND('',#3120,.T.);
#2518=FACE_OUTER_BOUND('',#3121,.T.);
#2519=FACE_OUTER_BOUND('',#3122,.T.);
#2520=FACE_OUTER_BOUND('',#3123,.T.);
#2521=FACE_OUTER_BOUND('',#3124,.T.);
#2522=FACE_OUTER_BOUND('',#3125,.T.);
#2523=FACE_OUTER_BOUND('',#3126,.T.);
#2524=FACE_OUTER_BOUND('',#3127,.T.);
#2525=FACE_OUTER_BOUND('',#3128,.T.);
#2526=FACE_OUTER_BOUND('',#3129,.T.);
#2527=FACE_OUTER_BOUND('',#3130,.T.);
#2528=FACE_OUTER_BOUND('',#3131,.T.);
#2529=FACE_OUTER_BOUND('',#3132,.T.);
#2530=FACE_OUTER_BOUND('',#3133,.T.);
#2531=FACE_OUTER_BOUND('',#3134,.T.);
#2532=FACE_OUTER_BOUND('',#3135,.T.);
#2533=FACE_OUTER_BOUND('',#3136,.T.);
#2534=FACE_OUTER_BOUND('',#3137,.T.);
#2535=FACE_OUTER_BOUND('',#3138,.T.);
#2536=FACE_OUTER_BOUND('',#3139,.T.);
#2537=FACE_OUTER_BOUND('',#3140,.T.);
#2538=FACE_OUTER_BOUND('',#3141,.T.);
#2539=FACE_OUTER_BOUND('',#3142,.T.);
#2540=FACE_OUTER_BOUND('',#3143,.T.);
#2541=FACE_OUTER_BOUND('',#3144,.T.);
#2542=FACE_OUTER_BOUND('',#3145,.T.);
#2543=FACE_OUTER_BOUND('',#3146,.T.);
#2544=FACE_OUTER_BOUND('',#3147,.T.);
#2545=FACE_OUTER_BOUND('',#3148,.T.);
#2546=FACE_OUTER_BOUND('',#3149,.T.);
#2547=FACE_OUTER_BOUND('',#3150,.T.);
#2548=FACE_OUTER_BOUND('',#3151,.T.);
#2549=FACE_OUTER_BOUND('',#3152,.T.);
#2550=FACE_OUTER_BOUND('',#3153,.T.);
#2551=FACE_OUTER_BOUND('',#3154,.T.);
#2552=FACE_OUTER_BOUND('',#3155,.T.);
#2553=FACE_OUTER_BOUND('',#3156,.T.);
#2554=FACE_OUTER_BOUND('',#3157,.T.);
#2555=FACE_OUTER_BOUND('',#3158,.T.);
#2556=FACE_OUTER_BOUND('',#3159,.T.);
#2557=FACE_OUTER_BOUND('',#3160,.T.);
#2558=FACE_OUTER_BOUND('',#3161,.T.);
#2559=FACE_OUTER_BOUND('',#3162,.T.);
#2560=FACE_OUTER_BOUND('',#3163,.T.);
#2561=FACE_OUTER_BOUND('',#3164,.T.);
#2562=FACE_OUTER_BOUND('',#3165,.T.);
#2563=FACE_OUTER_BOUND('',#3166,.T.);
#2564=FACE_OUTER_BOUND('',#3167,.T.);
#2565=FACE_OUTER_BOUND('',#3168,.T.);
#2566=FACE_OUTER_BOUND('',#3169,.T.);
#2567=FACE_OUTER_BOUND('',#3170,.T.);
#2568=FACE_OUTER_BOUND('',#3171,.T.);
#2569=FACE_OUTER_BOUND('',#3172,.T.);
#2570=FACE_OUTER_BOUND('',#3173,.T.);
#2571=FACE_OUTER_BOUND('',#3174,.T.);
#2572=FACE_OUTER_BOUND('',#3175,.T.);
#2573=FACE_OUTER_BOUND('',#3176,.T.);
#2574=FACE_OUTER_BOUND('',#3177,.T.);
#2575=FACE_OUTER_BOUND('',#3183,.T.);
#2576=FACE_OUTER_BOUND('',#3184,.T.);
#2577=FACE_OUTER_BOUND('',#3189,.T.);
#2578=FACE_OUTER_BOUND('',#3190,.T.);
#2579=FACE_OUTER_BOUND('',#3191,.T.);
#2580=FACE_OUTER_BOUND('',#3192,.T.);
#2581=FACE_OUTER_BOUND('',#3193,.T.);
#2582=FACE_OUTER_BOUND('',#3194,.T.);
#2583=FACE_OUTER_BOUND('',#3195,.T.);
#2584=FACE_OUTER_BOUND('',#3196,.T.);
#2585=FACE_OUTER_BOUND('',#3197,.T.);
#2586=FACE_OUTER_BOUND('',#3198,.T.);
#2587=FACE_OUTER_BOUND('',#3199,.T.);
#2588=FACE_OUTER_BOUND('',#3200,.T.);
#2589=FACE_OUTER_BOUND('',#3201,.T.);
#2590=FACE_OUTER_BOUND('',#3202,.T.);
#2591=FACE_OUTER_BOUND('',#3203,.T.);
#2592=FACE_OUTER_BOUND('',#3204,.T.);
#2593=FACE_OUTER_BOUND('',#3205,.T.);
#2594=FACE_OUTER_BOUND('',#3206,.T.);
#2595=FACE_OUTER_BOUND('',#3207,.T.);
#2596=FACE_OUTER_BOUND('',#3208,.T.);
#2597=FACE_OUTER_BOUND('',#3209,.T.);
#2598=FACE_OUTER_BOUND('',#3210,.T.);
#2599=FACE_OUTER_BOUND('',#3211,.T.);
#2600=FACE_OUTER_BOUND('',#3212,.T.);
#2601=FACE_OUTER_BOUND('',#3213,.T.);
#2602=FACE_OUTER_BOUND('',#3214,.T.);
#2603=FACE_OUTER_BOUND('',#3215,.T.);
#2604=FACE_OUTER_BOUND('',#3216,.T.);
#2605=FACE_OUTER_BOUND('',#3217,.T.);
#2606=FACE_OUTER_BOUND('',#3218,.T.);
#2607=FACE_OUTER_BOUND('',#3223,.T.);
#2608=FACE_OUTER_BOUND('',#3224,.T.);
#2609=FACE_OUTER_BOUND('',#3225,.T.);
#2610=FACE_OUTER_BOUND('',#3226,.T.);
#2611=FACE_OUTER_BOUND('',#3227,.T.);
#2612=FACE_OUTER_BOUND('',#3228,.T.);
#2613=FACE_OUTER_BOUND('',#3229,.T.);
#2614=FACE_OUTER_BOUND('',#3230,.T.);
#2615=FACE_OUTER_BOUND('',#3231,.T.);
#2616=FACE_OUTER_BOUND('',#3232,.T.);
#2617=FACE_OUTER_BOUND('',#3233,.T.);
#2618=FACE_OUTER_BOUND('',#3234,.T.);
#2619=FACE_OUTER_BOUND('',#3235,.T.);
#2620=FACE_OUTER_BOUND('',#3236,.T.);
#2621=FACE_OUTER_BOUND('',#3237,.T.);
#2622=FACE_OUTER_BOUND('',#3238,.T.);
#2623=FACE_OUTER_BOUND('',#3239,.T.);
#2624=FACE_OUTER_BOUND('',#3240,.T.);
#2625=FACE_OUTER_BOUND('',#3241,.T.);
#2626=FACE_OUTER_BOUND('',#3242,.T.);
#2627=FACE_OUTER_BOUND('',#3243,.T.);
#2628=FACE_OUTER_BOUND('',#3244,.T.);
#2629=FACE_OUTER_BOUND('',#3245,.T.);
#2630=FACE_OUTER_BOUND('',#3246,.T.);
#2631=FACE_OUTER_BOUND('',#3247,.T.);
#2632=FACE_OUTER_BOUND('',#3249,.T.);
#2633=FACE_OUTER_BOUND('',#3250,.T.);
#2634=FACE_OUTER_BOUND('',#3251,.T.);
#2635=FACE_OUTER_BOUND('',#3252,.T.);
#2636=FACE_OUTER_BOUND('',#3253,.T.);
#2637=FACE_OUTER_BOUND('',#3254,.T.);
#2638=FACE_OUTER_BOUND('',#3255,.T.);
#2639=FACE_OUTER_BOUND('',#3256,.T.);
#2640=FACE_OUTER_BOUND('',#3257,.T.);
#2641=FACE_OUTER_BOUND('',#3258,.T.);
#2642=FACE_OUTER_BOUND('',#3260,.T.);
#2643=FACE_OUTER_BOUND('',#3261,.T.);
#2644=FACE_OUTER_BOUND('',#3262,.T.);
#2645=FACE_OUTER_BOUND('',#3263,.T.);
#2646=FACE_OUTER_BOUND('',#3264,.T.);
#2647=FACE_OUTER_BOUND('',#3265,.T.);
#2648=FACE_OUTER_BOUND('',#3266,.T.);
#2649=FACE_OUTER_BOUND('',#3267,.T.);
#2650=FACE_OUTER_BOUND('',#3268,.T.);
#2651=FACE_OUTER_BOUND('',#3269,.T.);
#2652=FACE_OUTER_BOUND('',#3270,.T.);
#2653=FACE_OUTER_BOUND('',#3271,.T.);
#2654=FACE_OUTER_BOUND('',#3272,.T.);
#2655=FACE_OUTER_BOUND('',#3273,.T.);
#2656=FACE_OUTER_BOUND('',#3274,.T.);
#2657=FACE_OUTER_BOUND('',#3275,.T.);
#2658=FACE_OUTER_BOUND('',#3276,.T.);
#2659=FACE_OUTER_BOUND('',#3277,.T.);
#2660=FACE_OUTER_BOUND('',#3278,.T.);
#2661=FACE_OUTER_BOUND('',#3279,.T.);
#2662=FACE_OUTER_BOUND('',#3280,.T.);
#2663=FACE_OUTER_BOUND('',#3281,.T.);
#2664=FACE_OUTER_BOUND('',#3282,.T.);
#2665=FACE_OUTER_BOUND('',#3283,.T.);
#2666=FACE_OUTER_BOUND('',#3284,.T.);
#2667=FACE_OUTER_BOUND('',#3285,.T.);
#2668=FACE_OUTER_BOUND('',#3286,.T.);
#2669=FACE_OUTER_BOUND('',#3287,.T.);
#2670=FACE_OUTER_BOUND('',#3288,.T.);
#2671=FACE_OUTER_BOUND('',#3289,.T.);
#2672=FACE_OUTER_BOUND('',#3290,.T.);
#2673=FACE_OUTER_BOUND('',#3291,.T.);
#2674=FACE_OUTER_BOUND('',#3292,.T.);
#2675=FACE_OUTER_BOUND('',#3293,.T.);
#2676=FACE_OUTER_BOUND('',#3294,.T.);
#2677=FACE_OUTER_BOUND('',#3295,.T.);
#2678=FACE_OUTER_BOUND('',#3296,.T.);
#2679=FACE_OUTER_BOUND('',#3297,.T.);
#2680=FACE_OUTER_BOUND('',#3298,.T.);
#2681=FACE_OUTER_BOUND('',#3299,.T.);
#2682=FACE_OUTER_BOUND('',#3300,.T.);
#2683=FACE_OUTER_BOUND('',#3301,.T.);
#2684=FACE_OUTER_BOUND('',#3302,.T.);
#2685=FACE_OUTER_BOUND('',#3303,.T.);
#2686=FACE_OUTER_BOUND('',#3304,.T.);
#2687=FACE_OUTER_BOUND('',#3305,.T.);
#2688=FACE_OUTER_BOUND('',#3306,.T.);
#2689=FACE_OUTER_BOUND('',#3307,.T.);
#2690=FACE_OUTER_BOUND('',#3308,.T.);
#2691=FACE_OUTER_BOUND('',#3309,.T.);
#2692=FACE_OUTER_BOUND('',#3310,.T.);
#2693=FACE_OUTER_BOUND('',#3311,.T.);
#2694=FACE_OUTER_BOUND('',#3312,.T.);
#2695=FACE_OUTER_BOUND('',#3313,.T.);
#2696=FACE_OUTER_BOUND('',#3314,.T.);
#2697=FACE_OUTER_BOUND('',#3315,.T.);
#2698=FACE_OUTER_BOUND('',#3316,.T.);
#2699=FACE_OUTER_BOUND('',#3317,.T.);
#2700=FACE_OUTER_BOUND('',#3318,.T.);
#2701=FACE_OUTER_BOUND('',#3319,.T.);
#2702=FACE_OUTER_BOUND('',#3320,.T.);
#2703=FACE_OUTER_BOUND('',#3321,.T.);
#2704=FACE_OUTER_BOUND('',#3322,.T.);
#2705=FACE_OUTER_BOUND('',#3323,.T.);
#2706=FACE_OUTER_BOUND('',#3324,.T.);
#2707=FACE_OUTER_BOUND('',#3325,.T.);
#2708=FACE_OUTER_BOUND('',#3326,.T.);
#2709=FACE_OUTER_BOUND('',#3327,.T.);
#2710=FACE_OUTER_BOUND('',#3328,.T.);
#2711=FACE_OUTER_BOUND('',#3329,.T.);
#2712=FACE_OUTER_BOUND('',#3330,.T.);
#2713=FACE_OUTER_BOUND('',#3331,.T.);
#2714=FACE_OUTER_BOUND('',#3332,.T.);
#2715=FACE_OUTER_BOUND('',#3333,.T.);
#2716=FACE_OUTER_BOUND('',#3334,.T.);
#2717=FACE_OUTER_BOUND('',#3335,.T.);
#2718=FACE_OUTER_BOUND('',#3336,.T.);
#2719=FACE_OUTER_BOUND('',#3337,.T.);
#2720=FACE_OUTER_BOUND('',#3338,.T.);
#2721=FACE_OUTER_BOUND('',#3339,.T.);
#2722=FACE_OUTER_BOUND('',#3340,.T.);
#2723=FACE_OUTER_BOUND('',#3341,.T.);
#2724=FACE_OUTER_BOUND('',#3342,.T.);
#2725=FACE_OUTER_BOUND('',#3343,.T.);
#2726=FACE_OUTER_BOUND('',#3344,.T.);
#2727=FACE_OUTER_BOUND('',#3345,.T.);
#2728=FACE_OUTER_BOUND('',#3346,.T.);
#2729=FACE_OUTER_BOUND('',#3347,.T.);
#2730=FACE_OUTER_BOUND('',#3349,.T.);
#2731=FACE_OUTER_BOUND('',#3350,.T.);
#2732=FACE_OUTER_BOUND('',#3351,.T.);
#2733=FACE_OUTER_BOUND('',#3353,.T.);
#2734=FACE_OUTER_BOUND('',#3354,.T.);
#2735=FACE_OUTER_BOUND('',#3355,.T.);
#2736=FACE_OUTER_BOUND('',#3356,.T.);
#2737=FACE_OUTER_BOUND('',#3357,.T.);
#2738=FACE_OUTER_BOUND('',#3358,.T.);
#2739=FACE_OUTER_BOUND('',#3359,.T.);
#2740=FACE_OUTER_BOUND('',#3360,.T.);
#2741=FACE_OUTER_BOUND('',#3361,.T.);
#2742=FACE_OUTER_BOUND('',#3362,.T.);
#2743=FACE_OUTER_BOUND('',#3363,.T.);
#2744=FACE_OUTER_BOUND('',#3364,.T.);
#2745=FACE_OUTER_BOUND('',#3365,.T.);
#2746=FACE_OUTER_BOUND('',#3366,.T.);
#2747=FACE_OUTER_BOUND('',#3367,.T.);
#2748=FACE_OUTER_BOUND('',#3368,.T.);
#2749=FACE_OUTER_BOUND('',#3369,.T.);
#2750=FACE_OUTER_BOUND('',#3370,.T.);
#2751=FACE_OUTER_BOUND('',#3371,.T.);
#2752=FACE_OUTER_BOUND('',#3372,.T.);
#2753=FACE_OUTER_BOUND('',#3373,.T.);
#2754=FACE_OUTER_BOUND('',#3374,.T.);
#2755=FACE_OUTER_BOUND('',#3375,.T.);
#2756=FACE_OUTER_BOUND('',#3376,.T.);
#2757=FACE_OUTER_BOUND('',#3377,.T.);
#2758=FACE_OUTER_BOUND('',#3378,.T.);
#2759=FACE_OUTER_BOUND('',#3379,.T.);
#2760=FACE_OUTER_BOUND('',#3380,.T.);
#2761=FACE_OUTER_BOUND('',#3381,.T.);
#2762=FACE_OUTER_BOUND('',#3382,.T.);
#2763=FACE_OUTER_BOUND('',#3383,.T.);
#2764=FACE_OUTER_BOUND('',#3384,.T.);
#2765=FACE_OUTER_BOUND('',#3385,.T.);
#2766=FACE_OUTER_BOUND('',#3386,.T.);
#2767=FACE_OUTER_BOUND('',#3387,.T.);
#2768=FACE_OUTER_BOUND('',#3388,.T.);
#2769=FACE_OUTER_BOUND('',#3389,.T.);
#2770=FACE_OUTER_BOUND('',#3390,.T.);
#2771=FACE_OUTER_BOUND('',#3391,.T.);
#2772=FACE_OUTER_BOUND('',#3392,.T.);
#2773=FACE_OUTER_BOUND('',#3393,.T.);
#2774=FACE_OUTER_BOUND('',#3394,.T.);
#2775=FACE_OUTER_BOUND('',#3395,.T.);
#2776=FACE_OUTER_BOUND('',#3396,.T.);
#2777=FACE_OUTER_BOUND('',#3397,.T.);
#2778=FACE_OUTER_BOUND('',#3398,.T.);
#2779=FACE_OUTER_BOUND('',#3399,.T.);
#2780=FACE_OUTER_BOUND('',#3400,.T.);
#2781=FACE_OUTER_BOUND('',#3401,.T.);
#2782=FACE_OUTER_BOUND('',#3402,.T.);
#2783=FACE_OUTER_BOUND('',#3403,.T.);
#2784=FACE_OUTER_BOUND('',#3404,.T.);
#2785=FACE_OUTER_BOUND('',#3405,.T.);
#2786=FACE_OUTER_BOUND('',#3406,.T.);
#2787=FACE_OUTER_BOUND('',#3407,.T.);
#2788=FACE_OUTER_BOUND('',#3408,.T.);
#2789=FACE_OUTER_BOUND('',#3409,.T.);
#2790=FACE_OUTER_BOUND('',#3410,.T.);
#2791=FACE_OUTER_BOUND('',#3411,.T.);
#2792=FACE_OUTER_BOUND('',#3412,.T.);
#2793=FACE_OUTER_BOUND('',#3413,.T.);
#2794=FACE_OUTER_BOUND('',#3414,.T.);
#2795=EDGE_LOOP('',(#6372,#6373,#6374,#6375));
#2796=EDGE_LOOP('',(#6376));
#2797=EDGE_LOOP('',(#6377,#6378,#6379,#6380));
#2798=EDGE_LOOP('',(#6381));
#2799=EDGE_LOOP('',(#6382,#6383,#6384,#6385));
#2800=EDGE_LOOP('',(#6386));
#2801=EDGE_LOOP('',(#6387,#6388,#6389,#6390,#6391,#6392,#6393,#6394,#6395,
#6396,#6397,#6398,#6399,#6400,#6401,#6402,#6403,#6404,#6405,#6406,#6407,
#6408,#6409,#6410,#6411,#6412));
#2802=EDGE_LOOP('',(#6413,#6414,#6415,#6416));
#2803=EDGE_LOOP('',(#6417));
#2804=EDGE_LOOP('',(#6418));
#2805=EDGE_LOOP('',(#6419));
#2806=EDGE_LOOP('',(#6420));
#2807=EDGE_LOOP('',(#6421));
#2808=EDGE_LOOP('',(#6422));
#2809=EDGE_LOOP('',(#6423));
#2810=EDGE_LOOP('',(#6424));
#2811=EDGE_LOOP('',(#6425));
#2812=EDGE_LOOP('',(#6426));
#2813=EDGE_LOOP('',(#6427,#6428,#6429,#6430));
#2814=EDGE_LOOP('',(#6431,#6432,#6433,#6434));
#2815=EDGE_LOOP('',(#6435,#6436,#6437,#6438));
#2816=EDGE_LOOP('',(#6439,#6440,#6441,#6442));
#2817=EDGE_LOOP('',(#6443,#6444,#6445,#6446));
#2818=EDGE_LOOP('',(#6447,#6448,#6449,#6450));
#2819=EDGE_LOOP('',(#6451,#6452,#6453,#6454));
#2820=EDGE_LOOP('',(#6455,#6456,#6457,#6458));
#2821=EDGE_LOOP('',(#6459,#6460,#6461,#6462));
#2822=EDGE_LOOP('',(#6463,#6464,#6465,#6466));
#2823=EDGE_LOOP('',(#6467,#6468,#6469,#6470));
#2824=EDGE_LOOP('',(#6471,#6472,#6473,#6474));
#2825=EDGE_LOOP('',(#6475,#6476,#6477,#6478));
#2826=EDGE_LOOP('',(#6479,#6480,#6481,#6482));
#2827=EDGE_LOOP('',(#6483,#6484,#6485,#6486));
#2828=EDGE_LOOP('',(#6487,#6488,#6489,#6490));
#2829=EDGE_LOOP('',(#6491,#6492,#6493,#6494));
#2830=EDGE_LOOP('',(#6495,#6496,#6497,#6498));
#2831=EDGE_LOOP('',(#6499,#6500,#6501,#6502));
#2832=EDGE_LOOP('',(#6503,#6504,#6505,#6506));
#2833=EDGE_LOOP('',(#6507,#6508,#6509,#6510));
#2834=EDGE_LOOP('',(#6511,#6512,#6513,#6514));
#2835=EDGE_LOOP('',(#6515,#6516,#6517,#6518));
#2836=EDGE_LOOP('',(#6519,#6520,#6521,#6522));
#2837=EDGE_LOOP('',(#6523,#6524,#6525,#6526));
#2838=EDGE_LOOP('',(#6527,#6528,#6529,#6530));
#2839=EDGE_LOOP('',(#6531,#6532,#6533,#6534));
#2840=EDGE_LOOP('',(#6535,#6536,#6537,#6538));
#2841=EDGE_LOOP('',(#6539,#6540,#6541,#6542));
#2842=EDGE_LOOP('',(#6543,#6544,#6545,#6546));
#2843=EDGE_LOOP('',(#6547,#6548,#6549,#6550));
#2844=EDGE_LOOP('',(#6551,#6552,#6553,#6554));
#2845=EDGE_LOOP('',(#6555,#6556,#6557,#6558,#6559,#6560,#6561,#6562,#6563,
#6564,#6565,#6566,#6567,#6568,#6569,#6570,#6571,#6572,#6573,#6574,#6575,
#6576,#6577,#6578,#6579,#6580));
#2846=EDGE_LOOP('',(#6581));
#2847=EDGE_LOOP('',(#6582));
#2848=EDGE_LOOP('',(#6583));
#2849=EDGE_LOOP('',(#6584));
#2850=EDGE_LOOP('',(#6585));
#2851=EDGE_LOOP('',(#6586));
#2852=EDGE_LOOP('',(#6587));
#2853=EDGE_LOOP('',(#6588));
#2854=EDGE_LOOP('',(#6589,#6590,#6591,#6592,#6593,#6594,#6595,#6596,#6597,
#6598,#6599,#6600,#6601,#6602,#6603,#6604,#6605,#6606,#6607,#6608,#6609,
#6610,#6611,#6612,#6613,#6614));
#2855=EDGE_LOOP('',(#6615,#6616,#6617,#6618));
#2856=EDGE_LOOP('',(#6619,#6620,#6621,#6622));
#2857=EDGE_LOOP('',(#6623,#6624,#6625,#6626));
#2858=EDGE_LOOP('',(#6627,#6628,#6629,#6630));
#2859=EDGE_LOOP('',(#6631,#6632,#6633,#6634));
#2860=EDGE_LOOP('',(#6635,#6636,#6637,#6638));
#2861=EDGE_LOOP('',(#6639,#6640,#6641,#6642));
#2862=EDGE_LOOP('',(#6643,#6644,#6645,#6646));
#2863=EDGE_LOOP('',(#6647,#6648,#6649,#6650));
#2864=EDGE_LOOP('',(#6651,#6652,#6653,#6654));
#2865=EDGE_LOOP('',(#6655,#6656,#6657,#6658));
#2866=EDGE_LOOP('',(#6659,#6660,#6661,#6662));
#2867=EDGE_LOOP('',(#6663,#6664,#6665,#6666));
#2868=EDGE_LOOP('',(#6667,#6668,#6669,#6670));
#2869=EDGE_LOOP('',(#6671,#6672,#6673,#6674));
#2870=EDGE_LOOP('',(#6675,#6676,#6677,#6678));
#2871=EDGE_LOOP('',(#6679,#6680,#6681,#6682));
#2872=EDGE_LOOP('',(#6683,#6684,#6685,#6686));
#2873=EDGE_LOOP('',(#6687,#6688,#6689,#6690));
#2874=EDGE_LOOP('',(#6691,#6692,#6693,#6694));
#2875=EDGE_LOOP('',(#6695,#6696,#6697,#6698));
#2876=EDGE_LOOP('',(#6699,#6700,#6701,#6702));
#2877=EDGE_LOOP('',(#6703,#6704,#6705,#6706));
#2878=EDGE_LOOP('',(#6707,#6708,#6709,#6710));
#2879=EDGE_LOOP('',(#6711,#6712,#6713,#6714));
#2880=EDGE_LOOP('',(#6715,#6716,#6717,#6718));
#2881=EDGE_LOOP('',(#6719,#6720,#6721,#6722));
#2882=EDGE_LOOP('',(#6723,#6724,#6725,#6726,#6727,#6728,#6729,#6730,#6731,
#6732,#6733,#6734,#6735,#6736,#6737,#6738,#6739,#6740,#6741,#6742,#6743,
#6744,#6745,#6746,#6747,#6748));
#2883=EDGE_LOOP('',(#6749));
#2884=EDGE_LOOP('',(#6750,#6751,#6752,#6753));
#2885=EDGE_LOOP('',(#6754,#6755,#6756,#6757));
#2886=EDGE_LOOP('',(#6758,#6759,#6760,#6761));
#2887=EDGE_LOOP('',(#6762,#6763,#6764,#6765));
#2888=EDGE_LOOP('',(#6766,#6767,#6768,#6769));
#2889=EDGE_LOOP('',(#6770,#6771,#6772,#6773));
#2890=EDGE_LOOP('',(#6774,#6775,#6776,#6777,#6778));
#2891=EDGE_LOOP('',(#6779,#6780,#6781,#6782));
#2892=EDGE_LOOP('',(#6783,#6784,#6785));
#2893=EDGE_LOOP('',(#6786,#6787,#6788,#6789,#6790));
#2894=EDGE_LOOP('',(#6791,#6792,#6793));
#2895=EDGE_LOOP('',(#6794,#6795,#6796));
#2896=EDGE_LOOP('',(#6797,#6798));
#2897=EDGE_LOOP('',(#6799,#6800,#6801,#6802));
#2898=EDGE_LOOP('',(#6803,#6804,#6805,#6806,#6807,#6808,#6809,#6810,#6811));
#2899=EDGE_LOOP('',(#6812,#6813,#6814,#6815,#6816,#6817,#6818,#6819,#6820));
#2900=EDGE_LOOP('',(#6821,#6822,#6823,#6824));
#2901=EDGE_LOOP('',(#6825,#6826,#6827));
#2902=EDGE_LOOP('',(#6828,#6829,#6830,#6831,#6832,#6833,#6834,#6835,#6836,
#6837,#6838,#6839));
#2903=EDGE_LOOP('',(#6840,#6841,#6842,#6843,#6844,#6845,#6846,#6847));
#2904=EDGE_LOOP('',(#6848,#6849,#6850,#6851));
#2905=EDGE_LOOP('',(#6852));
#2906=EDGE_LOOP('',(#6853));
#2907=EDGE_LOOP('',(#6854,#6855,#6856,#6857));
#2908=EDGE_LOOP('',(#6858));
#2909=EDGE_LOOP('',(#6859,#6860,#6861,#6862));
#2910=EDGE_LOOP('',(#6863));
#2911=EDGE_LOOP('',(#6864,#6865,#6866,#6867));
#2912=EDGE_LOOP('',(#6868,#6869,#6870,#6871));
#2913=EDGE_LOOP('',(#6872,#6873,#6874,#6875));
#2914=EDGE_LOOP('',(#6876,#6877,#6878,#6879));
#2915=EDGE_LOOP('',(#6880,#6881,#6882,#6883));
#2916=EDGE_LOOP('',(#6884,#6885,#6886,#6887));
#2917=EDGE_LOOP('',(#6888,#6889,#6890,#6891));
#2918=EDGE_LOOP('',(#6892,#6893,#6894,#6895));
#2919=EDGE_LOOP('',(#6896,#6897,#6898,#6899));
#2920=EDGE_LOOP('',(#6900,#6901,#6902,#6903));
#2921=EDGE_LOOP('',(#6904,#6905,#6906,#6907));
#2922=EDGE_LOOP('',(#6908,#6909,#6910,#6911));
#2923=EDGE_LOOP('',(#6912,#6913,#6914,#6915));
#2924=EDGE_LOOP('',(#6916,#6917,#6918,#6919));
#2925=EDGE_LOOP('',(#6920,#6921,#6922,#6923));
#2926=EDGE_LOOP('',(#6924,#6925,#6926,#6927));
#2927=EDGE_LOOP('',(#6928,#6929,#6930,#6931));
#2928=EDGE_LOOP('',(#6932,#6933,#6934,#6935));
#2929=EDGE_LOOP('',(#6936,#6937,#6938,#6939,#6940,#6941,#6942,#6943,#6944,
#6945,#6946,#6947,#6948,#6949,#6950,#6951,#6952,#6953,#6954,#6955,#6956,
#6957,#6958,#6959,#6960,#6961));
#2930=EDGE_LOOP('',(#6962,#6963,#6964,#6965,#6966,#6967,#6968,#6969,#6970,
#6971,#6972,#6973,#6974,#6975,#6976,#6977,#6978,#6979,#6980,#6981,#6982,
#6983,#6984,#6985,#6986,#6987));
#2931=EDGE_LOOP('',(#6988));
#2932=EDGE_LOOP('',(#6989));
#2933=EDGE_LOOP('',(#6990));
#2934=EDGE_LOOP('',(#6991));
#2935=EDGE_LOOP('',(#6992,#6993,#6994,#6995));
#2936=EDGE_LOOP('',(#6996,#6997,#6998,#6999,#7000,#7001,#7002,#7003,#7004,
#7005,#7006,#7007,#7008,#7009,#7010,#7011,#7012,#7013,#7014,#7015,#7016,
#7017,#7018,#7019,#7020,#7021));
#2937=EDGE_LOOP('',(#7022,#7023,#7024,#7025,#7026,#7027,#7028,#7029,#7030,
#7031,#7032,#7033,#7034,#7035,#7036,#7037,#7038,#7039,#7040,#7041,#7042,
#7043,#7044,#7045,#7046,#7047));
#2938=EDGE_LOOP('',(#7048));
#2939=EDGE_LOOP('',(#7049));
#2940=EDGE_LOOP('',(#7050));
#2941=EDGE_LOOP('',(#7051));
#2942=EDGE_LOOP('',(#7052,#7053,#7054,#7055));
#2943=EDGE_LOOP('',(#7056,#7057,#7058,#7059));
#2944=EDGE_LOOP('',(#7060,#7061,#7062,#7063));
#2945=EDGE_LOOP('',(#7064,#7065,#7066,#7067));
#2946=EDGE_LOOP('',(#7068,#7069,#7070,#7071));
#2947=EDGE_LOOP('',(#7072,#7073,#7074,#7075));
#2948=EDGE_LOOP('',(#7076,#7077,#7078,#7079));
#2949=EDGE_LOOP('',(#7080,#7081,#7082,#7083));
#2950=EDGE_LOOP('',(#7084,#7085,#7086,#7087));
#2951=EDGE_LOOP('',(#7088,#7089,#7090,#7091));
#2952=EDGE_LOOP('',(#7092,#7093,#7094,#7095));
#2953=EDGE_LOOP('',(#7096,#7097,#7098,#7099));
#2954=EDGE_LOOP('',(#7100,#7101,#7102,#7103));
#2955=EDGE_LOOP('',(#7104,#7105,#7106,#7107));
#2956=EDGE_LOOP('',(#7108,#7109,#7110,#7111));
#2957=EDGE_LOOP('',(#7112,#7113,#7114,#7115));
#2958=EDGE_LOOP('',(#7116,#7117,#7118,#7119));
#2959=EDGE_LOOP('',(#7120,#7121,#7122,#7123));
#2960=EDGE_LOOP('',(#7124,#7125,#7126,#7127));
#2961=EDGE_LOOP('',(#7128,#7129,#7130,#7131));
#2962=EDGE_LOOP('',(#7132,#7133,#7134,#7135));
#2963=EDGE_LOOP('',(#7136,#7137,#7138,#7139));
#2964=EDGE_LOOP('',(#7140,#7141,#7142,#7143));
#2965=EDGE_LOOP('',(#7144,#7145,#7146,#7147));
#2966=EDGE_LOOP('',(#7148,#7149,#7150,#7151));
#2967=EDGE_LOOP('',(#7152,#7153,#7154,#7155));
#2968=EDGE_LOOP('',(#7156,#7157,#7158,#7159));
#2969=EDGE_LOOP('',(#7160,#7161,#7162,#7163));
#2970=EDGE_LOOP('',(#7164,#7165,#7166,#7167));
#2971=EDGE_LOOP('',(#7168,#7169,#7170,#7171));
#2972=EDGE_LOOP('',(#7172,#7173,#7174,#7175));
#2973=EDGE_LOOP('',(#7176,#7177,#7178,#7179));
#2974=EDGE_LOOP('',(#7180,#7181,#7182,#7183));
#2975=EDGE_LOOP('',(#7184,#7185,#7186,#7187));
#2976=EDGE_LOOP('',(#7188,#7189,#7190,#7191));
#2977=EDGE_LOOP('',(#7192,#7193,#7194,#7195));
#2978=EDGE_LOOP('',(#7196,#7197,#7198,#7199));
#2979=EDGE_LOOP('',(#7200,#7201,#7202,#7203));
#2980=EDGE_LOOP('',(#7204,#7205,#7206,#7207));
#2981=EDGE_LOOP('',(#7208,#7209,#7210,#7211));
#2982=EDGE_LOOP('',(#7212,#7213,#7214,#7215));
#2983=EDGE_LOOP('',(#7216,#7217,#7218,#7219));
#2984=EDGE_LOOP('',(#7220));
#2985=EDGE_LOOP('',(#7221,#7222,#7223,#7224));
#2986=EDGE_LOOP('',(#7225));
#2987=EDGE_LOOP('',(#7226,#7227,#7228,#7229));
#2988=EDGE_LOOP('',(#7230));
#2989=EDGE_LOOP('',(#7231,#7232,#7233,#7234));
#2990=EDGE_LOOP('',(#7235));
#2991=EDGE_LOOP('',(#7236,#7237,#7238,#7239));
#2992=EDGE_LOOP('',(#7240));
#2993=EDGE_LOOP('',(#7241,#7242,#7243,#7244));
#2994=EDGE_LOOP('',(#7245));
#2995=EDGE_LOOP('',(#7246,#7247,#7248,#7249,#7250,#7251,#7252,#7253,#7254,
#7255,#7256,#7257,#7258,#7259,#7260,#7261,#7262,#7263,#7264,#7265,#7266,
#7267,#7268,#7269,#7270,#7271));
#2996=EDGE_LOOP('',(#7272,#7273,#7274,#7275,#7276,#7277,#7278,#7279,#7280,
#7281,#7282,#7283,#7284,#7285,#7286,#7287,#7288,#7289,#7290,#7291,#7292,
#7293,#7294,#7295,#7296,#7297,#7298,#7299,#7300,#7301,#7302,#7303,#7304,
#7305));
#2997=EDGE_LOOP('',(#7306));
#2998=EDGE_LOOP('',(#7307));
#2999=EDGE_LOOP('',(#7308));
#3000=EDGE_LOOP('',(#7309));
#3001=EDGE_LOOP('',(#7310,#7311,#7312,#7313,#7314,#7315,#7316,#7317,#7318,
#7319,#7320,#7321,#7322,#7323,#7324,#7325,#7326,#7327,#7328,#7329,#7330,
#7331,#7332,#7333,#7334,#7335));
#3002=EDGE_LOOP('',(#7336));
#3003=EDGE_LOOP('',(#7337));
#3004=EDGE_LOOP('',(#7338));
#3005=EDGE_LOOP('',(#7339));
#3006=EDGE_LOOP('',(#7340,#7341,#7342,#7343,#7344,#7345,#7346,#7347,#7348,
#7349,#7350,#7351,#7352,#7353,#7354,#7355,#7356,#7357,#7358,#7359,#7360,
#7361,#7362,#7363,#7364,#7365,#7366,#7367,#7368,#7369,#7370,#7371,#7372,
#7373));
#3007=EDGE_LOOP('',(#7374,#7375,#7376,#7377));
#3008=EDGE_LOOP('',(#7378,#7379,#7380,#7381));
#3009=EDGE_LOOP('',(#7382,#7383,#7384,#7385));
#3010=EDGE_LOOP('',(#7386,#7387,#7388,#7389));
#3011=EDGE_LOOP('',(#7390,#7391,#7392,#7393));
#3012=EDGE_LOOP('',(#7394,#7395,#7396,#7397));
#3013=EDGE_LOOP('',(#7398,#7399,#7400,#7401));
#3014=EDGE_LOOP('',(#7402,#7403,#7404,#7405));
#3015=EDGE_LOOP('',(#7406,#7407,#7408,#7409,#7410,#7411));
#3016=EDGE_LOOP('',(#7412,#7413,#7414,#7415,#7416,#7417));
#3017=EDGE_LOOP('',(#7418,#7419,#7420,#7421));
#3018=EDGE_LOOP('',(#7422,#7423,#7424,#7425));
#3019=EDGE_LOOP('',(#7426,#7427,#7428,#7429));
#3020=EDGE_LOOP('',(#7430,#7431,#7432,#7433));
#3021=EDGE_LOOP('',(#7434,#7435,#7436,#7437));
#3022=EDGE_LOOP('',(#7438,#7439,#7440,#7441));
#3023=EDGE_LOOP('',(#7442,#7443,#7444,#7445,#7446,#7447));
#3024=EDGE_LOOP('',(#7448,#7449,#7450,#7451,#7452,#7453));
#3025=EDGE_LOOP('',(#7454,#7455,#7456,#7457));
#3026=EDGE_LOOP('',(#7458,#7459,#7460,#7461));
#3027=EDGE_LOOP('',(#7462,#7463,#7464,#7465));
#3028=EDGE_LOOP('',(#7466,#7467,#7468,#7469));
#3029=EDGE_LOOP('',(#7470,#7471,#7472,#7473));
#3030=EDGE_LOOP('',(#7474,#7475,#7476,#7477));
#3031=EDGE_LOOP('',(#7478,#7479,#7480,#7481));
#3032=EDGE_LOOP('',(#7482,#7483,#7484,#7485));
#3033=EDGE_LOOP('',(#7486,#7487,#7488,#7489));
#3034=EDGE_LOOP('',(#7490,#7491,#7492,#7493));
#3035=EDGE_LOOP('',(#7494,#7495,#7496,#7497));
#3036=EDGE_LOOP('',(#7498,#7499,#7500,#7501,#7502,#7503));
#3037=EDGE_LOOP('',(#7504,#7505,#7506,#7507,#7508,#7509));
#3038=EDGE_LOOP('',(#7510,#7511,#7512,#7513));
#3039=EDGE_LOOP('',(#7514,#7515,#7516,#7517));
#3040=EDGE_LOOP('',(#7518,#7519,#7520,#7521));
#3041=EDGE_LOOP('',(#7522,#7523,#7524,#7525));
#3042=EDGE_LOOP('',(#7526,#7527,#7528,#7529));
#3043=EDGE_LOOP('',(#7530,#7531,#7532,#7533,#7534,#7535));
#3044=EDGE_LOOP('',(#7536,#7537,#7538,#7539,#7540,#7541));
#3045=EDGE_LOOP('',(#7542,#7543,#7544,#7545));
#3046=EDGE_LOOP('',(#7546,#7547,#7548,#7549,#7550,#7551));
#3047=EDGE_LOOP('',(#7552,#7553,#7554,#7555,#7556,#7557));
#3048=EDGE_LOOP('',(#7558,#7559,#7560,#7561));
#3049=EDGE_LOOP('',(#7562,#7563,#7564,#7565));
#3050=EDGE_LOOP('',(#7566,#7567,#7568,#7569));
#3051=EDGE_LOOP('',(#7570,#7571,#7572,#7573));
#3052=EDGE_LOOP('',(#7574,#7575,#7576,#7577));
#3053=EDGE_LOOP('',(#7578,#7579,#7580,#7581));
#3054=EDGE_LOOP('',(#7582,#7583,#7584,#7585));
#3055=EDGE_LOOP('',(#7586,#7587,#7588,#7589));
#3056=EDGE_LOOP('',(#7590,#7591,#7592,#7593));
#3057=EDGE_LOOP('',(#7594,#7595,#7596,#7597));
#3058=EDGE_LOOP('',(#7598,#7599,#7600,#7601));
#3059=EDGE_LOOP('',(#7602,#7603,#7604,#7605));
#3060=EDGE_LOOP('',(#7606,#7607,#7608,#7609));
#3061=EDGE_LOOP('',(#7610,#7611,#7612,#7613));
#3062=EDGE_LOOP('',(#7614,#7615,#7616,#7617));
#3063=EDGE_LOOP('',(#7618,#7619,#7620,#7621));
#3064=EDGE_LOOP('',(#7622,#7623,#7624,#7625));
#3065=EDGE_LOOP('',(#7626,#7627,#7628,#7629));
#3066=EDGE_LOOP('',(#7630,#7631,#7632,#7633));
#3067=EDGE_LOOP('',(#7634,#7635,#7636,#7637));
#3068=EDGE_LOOP('',(#7638,#7639,#7640,#7641));
#3069=EDGE_LOOP('',(#7642,#7643,#7644,#7645));
#3070=EDGE_LOOP('',(#7646,#7647,#7648,#7649));
#3071=EDGE_LOOP('',(#7650,#7651,#7652,#7653));
#3072=EDGE_LOOP('',(#7654,#7655,#7656,#7657));
#3073=EDGE_LOOP('',(#7658,#7659,#7660,#7661));
#3074=EDGE_LOOP('',(#7662,#7663,#7664,#7665));
#3075=EDGE_LOOP('',(#7666,#7667,#7668,#7669));
#3076=EDGE_LOOP('',(#7670,#7671,#7672,#7673));
#3077=EDGE_LOOP('',(#7674,#7675,#7676,#7677));
#3078=EDGE_LOOP('',(#7678,#7679,#7680,#7681,#7682,#7683,#7684,#7685,#7686,
#7687));
#3079=EDGE_LOOP('',(#7688,#7689,#7690,#7691,#7692,#7693,#7694,#7695,#7696,
#7697));
#3080=EDGE_LOOP('',(#7698,#7699,#7700,#7701));
#3081=EDGE_LOOP('',(#7702,#7703,#7704,#7705));
#3082=EDGE_LOOP('',(#7706,#7707,#7708,#7709));
#3083=EDGE_LOOP('',(#7710,#7711,#7712,#7713));
#3084=EDGE_LOOP('',(#7714,#7715,#7716,#7717));
#3085=EDGE_LOOP('',(#7718,#7719,#7720,#7721));
#3086=EDGE_LOOP('',(#7722,#7723,#7724,#7725));
#3087=EDGE_LOOP('',(#7726,#7727,#7728,#7729));
#3088=EDGE_LOOP('',(#7730,#7731,#7732,#7733));
#3089=EDGE_LOOP('',(#7734,#7735,#7736,#7737));
#3090=EDGE_LOOP('',(#7738));
#3091=EDGE_LOOP('',(#7739));
#3092=EDGE_LOOP('',(#7740,#7741,#7742,#7743,#7744,#7745,#7746,#7747));
#3093=EDGE_LOOP('',(#7748,#7749,#7750,#7751));
#3094=EDGE_LOOP('',(#7752,#7753,#7754,#7755));
#3095=EDGE_LOOP('',(#7756,#7757,#7758,#7759));
#3096=EDGE_LOOP('',(#7760,#7761,#7762,#7763));
#3097=EDGE_LOOP('',(#7764,#7765,#7766,#7767));
#3098=EDGE_LOOP('',(#7768));
#3099=EDGE_LOOP('',(#7769));
#3100=EDGE_LOOP('',(#7770,#7771,#7772,#7773,#7774,#7775,#7776,#7777));
#3101=EDGE_LOOP('',(#7778,#7779,#7780,#7781));
#3102=EDGE_LOOP('',(#7782,#7783,#7784,#7785));
#3103=EDGE_LOOP('',(#7786));
#3104=EDGE_LOOP('',(#7787));
#3105=EDGE_LOOP('',(#7788,#7789,#7790,#7791,#7792,#7793,#7794,#7795));
#3106=EDGE_LOOP('',(#7796,#7797,#7798,#7799));
#3107=EDGE_LOOP('',(#7800,#7801,#7802,#7803));
#3108=EDGE_LOOP('',(#7804,#7805,#7806,#7807,#7808,#7809,#7810,#7811,#7812,
#7813,#7814,#7815,#7816,#7817,#7818,#7819,#7820,#7821,#7822,#7823,#7824,
#7825,#7826,#7827,#7828,#7829));
#3109=EDGE_LOOP('',(#7830,#7831,#7832,#7833,#7834,#7835,#7836,#7837,#7838,
#7839,#7840,#7841,#7842,#7843,#7844,#7845,#7846,#7847,#7848,#7849,#7850,
#7851,#7852,#7853,#7854,#7855,#7856,#7857,#7858,#7859,#7860,#7861,#7862,
#7863));
#3110=EDGE_LOOP('',(#7864));
#3111=EDGE_LOOP('',(#7865));
#3112=EDGE_LOOP('',(#7866));
#3113=EDGE_LOOP('',(#7867));
#3114=EDGE_LOOP('',(#7868,#7869,#7870,#7871));
#3115=EDGE_LOOP('',(#7872,#7873,#7874,#7875));
#3116=EDGE_LOOP('',(#7876,#7877,#7878,#7879));
#3117=EDGE_LOOP('',(#7880,#7881,#7882,#7883));
#3118=EDGE_LOOP('',(#7884,#7885,#7886,#7887));
#3119=EDGE_LOOP('',(#7888,#7889,#7890,#7891));
#3120=EDGE_LOOP('',(#7892,#7893,#7894,#7895));
#3121=EDGE_LOOP('',(#7896,#7897,#7898,#7899));
#3122=EDGE_LOOP('',(#7900,#7901,#7902,#7903));
#3123=EDGE_LOOP('',(#7904,#7905,#7906,#7907));
#3124=EDGE_LOOP('',(#7908,#7909,#7910,#7911));
#3125=EDGE_LOOP('',(#7912,#7913,#7914,#7915));
#3126=EDGE_LOOP('',(#7916,#7917,#7918,#7919));
#3127=EDGE_LOOP('',(#7920,#7921,#7922,#7923));
#3128=EDGE_LOOP('',(#7924,#7925,#7926,#7927));
#3129=EDGE_LOOP('',(#7928,#7929,#7930,#7931));
#3130=EDGE_LOOP('',(#7932,#7933,#7934,#7935));
#3131=EDGE_LOOP('',(#7936,#7937,#7938,#7939));
#3132=EDGE_LOOP('',(#7940,#7941,#7942,#7943));
#3133=EDGE_LOOP('',(#7944,#7945,#7946,#7947));
#3134=EDGE_LOOP('',(#7948,#7949,#7950,#7951));
#3135=EDGE_LOOP('',(#7952,#7953,#7954,#7955));
#3136=EDGE_LOOP('',(#7956,#7957,#7958,#7959));
#3137=EDGE_LOOP('',(#7960,#7961,#7962,#7963));
#3138=EDGE_LOOP('',(#7964,#7965,#7966,#7967));
#3139=EDGE_LOOP('',(#7968,#7969,#7970,#7971));
#3140=EDGE_LOOP('',(#7972,#7973,#7974,#7975));
#3141=EDGE_LOOP('',(#7976,#7977,#7978,#7979));
#3142=EDGE_LOOP('',(#7980,#7981,#7982,#7983));
#3143=EDGE_LOOP('',(#7984,#7985,#7986,#7987));
#3144=EDGE_LOOP('',(#7988,#7989,#7990,#7991));
#3145=EDGE_LOOP('',(#7992,#7993,#7994,#7995));
#3146=EDGE_LOOP('',(#7996,#7997,#7998,#7999));
#3147=EDGE_LOOP('',(#8000,#8001,#8002,#8003));
#3148=EDGE_LOOP('',(#8004,#8005,#8006,#8007));
#3149=EDGE_LOOP('',(#8008,#8009,#8010,#8011));
#3150=EDGE_LOOP('',(#8012,#8013,#8014,#8015));
#3151=EDGE_LOOP('',(#8016,#8017,#8018,#8019));
#3152=EDGE_LOOP('',(#8020,#8021,#8022,#8023));
#3153=EDGE_LOOP('',(#8024,#8025,#8026,#8027));
#3154=EDGE_LOOP('',(#8028,#8029,#8030,#8031));
#3155=EDGE_LOOP('',(#8032,#8033,#8034,#8035));
#3156=EDGE_LOOP('',(#8036,#8037,#8038,#8039));
#3157=EDGE_LOOP('',(#8040,#8041,#8042,#8043));
#3158=EDGE_LOOP('',(#8044,#8045,#8046,#8047));
#3159=EDGE_LOOP('',(#8048,#8049,#8050,#8051));
#3160=EDGE_LOOP('',(#8052,#8053,#8054,#8055));
#3161=EDGE_LOOP('',(#8056,#8057,#8058,#8059));
#3162=EDGE_LOOP('',(#8060,#8061,#8062,#8063));
#3163=EDGE_LOOP('',(#8064,#8065,#8066,#8067));
#3164=EDGE_LOOP('',(#8068,#8069,#8070,#8071));
#3165=EDGE_LOOP('',(#8072,#8073,#8074,#8075));
#3166=EDGE_LOOP('',(#8076,#8077,#8078,#8079));
#3167=EDGE_LOOP('',(#8080,#8081,#8082,#8083));
#3168=EDGE_LOOP('',(#8084,#8085,#8086,#8087));
#3169=EDGE_LOOP('',(#8088,#8089,#8090,#8091));
#3170=EDGE_LOOP('',(#8092,#8093,#8094,#8095));
#3171=EDGE_LOOP('',(#8096,#8097,#8098,#8099));
#3172=EDGE_LOOP('',(#8100,#8101,#8102,#8103));
#3173=EDGE_LOOP('',(#8104,#8105,#8106,#8107));
#3174=EDGE_LOOP('',(#8108,#8109,#8110,#8111));
#3175=EDGE_LOOP('',(#8112,#8113,#8114,#8115));
#3176=EDGE_LOOP('',(#8116,#8117,#8118,#8119));
#3177=EDGE_LOOP('',(#8120,#8121,#8122,#8123,#8124,#8125,#8126,#8127,#8128,
#8129,#8130,#8131,#8132,#8133,#8134,#8135,#8136,#8137,#8138,#8139,#8140,
#8141,#8142,#8143,#8144,#8145));
#3178=EDGE_LOOP('',(#8146));
#3179=EDGE_LOOP('',(#8147));
#3180=EDGE_LOOP('',(#8148));
#3181=EDGE_LOOP('',(#8149));
#3182=EDGE_LOOP('',(#8150,#8151,#8152,#8153,#8154,#8155,#8156,#8157,#8158,
#8159,#8160,#8161,#8162,#8163,#8164,#8165,#8166,#8167,#8168,#8169,#8170,
#8171,#8172,#8173,#8174,#8175,#8176,#8177,#8178,#8179,#8180,#8181,#8182,
#8183));
#3183=EDGE_LOOP('',(#8184,#8185,#8186,#8187));
#3184=EDGE_LOOP('',(#8188,#8189,#8190,#8191,#8192,#8193,#8194,#8195,#8196,
#8197,#8198,#8199,#8200,#8201,#8202,#8203,#8204,#8205,#8206,#8207,#8208,
#8209,#8210,#8211,#8212,#8213));
#3185=EDGE_LOOP('',(#8214));
#3186=EDGE_LOOP('',(#8215));
#3187=EDGE_LOOP('',(#8216));
#3188=EDGE_LOOP('',(#8217));
#3189=EDGE_LOOP('',(#8218,#8219,#8220,#8221));
#3190=EDGE_LOOP('',(#8222,#8223,#8224,#8225));
#3191=EDGE_LOOP('',(#8226,#8227,#8228,#8229));
#3192=EDGE_LOOP('',(#8230,#8231,#8232,#8233));
#3193=EDGE_LOOP('',(#8234,#8235,#8236,#8237));
#3194=EDGE_LOOP('',(#8238,#8239,#8240,#8241));
#3195=EDGE_LOOP('',(#8242,#8243,#8244,#8245));
#3196=EDGE_LOOP('',(#8246,#8247,#8248,#8249));
#3197=EDGE_LOOP('',(#8250,#8251,#8252,#8253));
#3198=EDGE_LOOP('',(#8254,#8255,#8256,#8257));
#3199=EDGE_LOOP('',(#8258,#8259,#8260,#8261));
#3200=EDGE_LOOP('',(#8262,#8263,#8264,#8265));
#3201=EDGE_LOOP('',(#8266,#8267,#8268,#8269));
#3202=EDGE_LOOP('',(#8270,#8271,#8272,#8273));
#3203=EDGE_LOOP('',(#8274,#8275,#8276,#8277));
#3204=EDGE_LOOP('',(#8278,#8279,#8280,#8281));
#3205=EDGE_LOOP('',(#8282,#8283,#8284,#8285));
#3206=EDGE_LOOP('',(#8286,#8287,#8288,#8289));
#3207=EDGE_LOOP('',(#8290,#8291,#8292,#8293));
#3208=EDGE_LOOP('',(#8294,#8295,#8296,#8297));
#3209=EDGE_LOOP('',(#8298,#8299,#8300,#8301));
#3210=EDGE_LOOP('',(#8302,#8303,#8304,#8305));
#3211=EDGE_LOOP('',(#8306,#8307,#8308,#8309));
#3212=EDGE_LOOP('',(#8310,#8311,#8312,#8313));
#3213=EDGE_LOOP('',(#8314,#8315,#8316,#8317));
#3214=EDGE_LOOP('',(#8318,#8319,#8320,#8321));
#3215=EDGE_LOOP('',(#8322,#8323,#8324,#8325));
#3216=EDGE_LOOP('',(#8326,#8327,#8328,#8329));
#3217=EDGE_LOOP('',(#8330,#8331,#8332,#8333));
#3218=EDGE_LOOP('',(#8334,#8335,#8336,#8337,#8338,#8339,#8340,#8341,#8342,
#8343,#8344,#8345,#8346,#8347,#8348,#8349,#8350,#8351,#8352,#8353,#8354,
#8355,#8356,#8357,#8358,#8359));
#3219=EDGE_LOOP('',(#8360));
#3220=EDGE_LOOP('',(#8361));
#3221=EDGE_LOOP('',(#8362));
#3222=EDGE_LOOP('',(#8363));
#3223=EDGE_LOOP('',(#8364,#8365,#8366,#8367));
#3224=EDGE_LOOP('',(#8368,#8369,#8370,#8371));
#3225=EDGE_LOOP('',(#8372,#8373,#8374,#8375));
#3226=EDGE_LOOP('',(#8376,#8377,#8378,#8379));
#3227=EDGE_LOOP('',(#8380,#8381,#8382,#8383,#8384,#8385,#8386,#8387,#8388,
#8389,#8390,#8391,#8392));
#3228=EDGE_LOOP('',(#8393,#8394,#8395,#8396));
#3229=EDGE_LOOP('',(#8397,#8398,#8399,#8400));
#3230=EDGE_LOOP('',(#8401,#8402,#8403,#8404));
#3231=EDGE_LOOP('',(#8405,#8406,#8407,#8408));
#3232=EDGE_LOOP('',(#8409,#8410,#8411,#8412));
#3233=EDGE_LOOP('',(#8413,#8414,#8415,#8416));
#3234=EDGE_LOOP('',(#8417,#8418,#8419,#8420));
#3235=EDGE_LOOP('',(#8421,#8422,#8423,#8424));
#3236=EDGE_LOOP('',(#8425,#8426,#8427,#8428,#8429,#8430,#8431,#8432,#8433,
#8434,#8435,#8436,#8437,#8438,#8439));
#3237=EDGE_LOOP('',(#8440,#8441,#8442,#8443,#8444,#8445,#8446,#8447,#8448,
#8449,#8450,#8451,#8452,#8453,#8454));
#3238=EDGE_LOOP('',(#8455,#8456,#8457,#8458));
#3239=EDGE_LOOP('',(#8459,#8460,#8461,#8462,#8463,#8464,#8465));
#3240=EDGE_LOOP('',(#8466,#8467,#8468,#8469,#8470,#8471,#8472,#8473,#8474,
#8475));
#3241=EDGE_LOOP('',(#8476,#8477,#8478,#8479));
#3242=EDGE_LOOP('',(#8480,#8481,#8482,#8483,#8484,#8485,#8486,#8487));
#3243=EDGE_LOOP('',(#8488,#8489,#8490,#8491,#8492,#8493,#8494,#8495,#8496,
#8497));
#3244=EDGE_LOOP('',(#8498,#8499,#8500,#8501));
#3245=EDGE_LOOP('',(#8502,#8503,#8504,#8505,#8506,#8507,#8508,#8509));
#3246=EDGE_LOOP('',(#8510,#8511,#8512,#8513,#8514,#8515,#8516,#8517,#8518,
#8519));
#3247=EDGE_LOOP('',(#8520,#8521,#8522,#8523,#8524,#8525,#8526,#8527));
#3248=EDGE_LOOP('',(#8528,#8529,#8530,#8531,#8532,#8533,#8534,#8535,#8536,
#8537,#8538,#8539));
#3249=EDGE_LOOP('',(#8540,#8541,#8542,#8543));
#3250=EDGE_LOOP('',(#8544,#8545,#8546,#8547));
#3251=EDGE_LOOP('',(#8548,#8549,#8550,#8551));
#3252=EDGE_LOOP('',(#8552,#8553,#8554,#8555,#8556,#8557,#8558,#8559));
#3253=EDGE_LOOP('',(#8560,#8561,#8562,#8563,#8564,#8565,#8566,#8567));
#3254=EDGE_LOOP('',(#8568,#8569,#8570,#8571));
#3255=EDGE_LOOP('',(#8572,#8573,#8574,#8575));
#3256=EDGE_LOOP('',(#8576,#8577,#8578,#8579));
#3257=EDGE_LOOP('',(#8580,#8581,#8582,#8583));
#3258=EDGE_LOOP('',(#8584,#8585,#8586,#8587));
#3259=EDGE_LOOP('',(#8588));
#3260=EDGE_LOOP('',(#8589,#8590,#8591,#8592));
#3261=EDGE_LOOP('',(#8593,#8594,#8595,#8596));
#3262=EDGE_LOOP('',(#8597,#8598,#8599,#8600));
#3263=EDGE_LOOP('',(#8601,#8602,#8603,#8604));
#3264=EDGE_LOOP('',(#8605,#8606,#8607,#8608));
#3265=EDGE_LOOP('',(#8609,#8610,#8611,#8612));
#3266=EDGE_LOOP('',(#8613,#8614,#8615,#8616));
#3267=EDGE_LOOP('',(#8617,#8618,#8619,#8620));
#3268=EDGE_LOOP('',(#8621,#8622,#8623,#8624));
#3269=EDGE_LOOP('',(#8625,#8626,#8627,#8628));
#3270=EDGE_LOOP('',(#8629,#8630,#8631,#8632));
#3271=EDGE_LOOP('',(#8633,#8634,#8635,#8636));
#3272=EDGE_LOOP('',(#8637,#8638,#8639,#8640));
#3273=EDGE_LOOP('',(#8641,#8642,#8643,#8644));
#3274=EDGE_LOOP('',(#8645,#8646,#8647,#8648));
#3275=EDGE_LOOP('',(#8649,#8650,#8651,#8652));
#3276=EDGE_LOOP('',(#8653,#8654,#8655,#8656));
#3277=EDGE_LOOP('',(#8657,#8658,#8659,#8660));
#3278=EDGE_LOOP('',(#8661,#8662,#8663,#8664));
#3279=EDGE_LOOP('',(#8665,#8666,#8667,#8668));
#3280=EDGE_LOOP('',(#8669,#8670,#8671,#8672));
#3281=EDGE_LOOP('',(#8673,#8674,#8675,#8676));
#3282=EDGE_LOOP('',(#8677,#8678,#8679,#8680));
#3283=EDGE_LOOP('',(#8681,#8682,#8683,#8684));
#3284=EDGE_LOOP('',(#8685,#8686,#8687));
#3285=EDGE_LOOP('',(#8688,#8689,#8690,#8691));
#3286=EDGE_LOOP('',(#8692,#8693,#8694,#8695));
#3287=EDGE_LOOP('',(#8696,#8697,#8698));
#3288=EDGE_LOOP('',(#8699,#8700,#8701,#8702));
#3289=EDGE_LOOP('',(#8703,#8704,#8705,#8706));
#3290=EDGE_LOOP('',(#8707,#8708,#8709,#8710));
#3291=EDGE_LOOP('',(#8711,#8712,#8713));
#3292=EDGE_LOOP('',(#8714,#8715,#8716,#8717));
#3293=EDGE_LOOP('',(#8718,#8719,#8720,#8721));
#3294=EDGE_LOOP('',(#8722,#8723,#8724,#8725));
#3295=EDGE_LOOP('',(#8726,#8727,#8728));
#3296=EDGE_LOOP('',(#8729,#8730,#8731));
#3297=EDGE_LOOP('',(#8732,#8733,#8734,#8735));
#3298=EDGE_LOOP('',(#8736,#8737,#8738,#8739));
#3299=EDGE_LOOP('',(#8740,#8741,#8742));
#3300=EDGE_LOOP('',(#8743,#8744,#8745,#8746));
#3301=EDGE_LOOP('',(#8747));
#3302=EDGE_LOOP('',(#8748,#8749,#8750,#8751,#8752));
#3303=EDGE_LOOP('',(#8753,#8754,#8755,#8756,#8757));
#3304=EDGE_LOOP('',(#8758,#8759,#8760,#8761,#8762));
#3305=EDGE_LOOP('',(#8763,#8764,#8765,#8766,#8767));
#3306=EDGE_LOOP('',(#8768,#8769,#8770,#8771));
#3307=EDGE_LOOP('',(#8772,#8773,#8774,#8775,#8776,#8777,#8778,#8779,#8780,
#8781,#8782,#8783,#8784,#8785,#8786,#8787,#8788,#8789,#8790,#8791,#8792,
#8793,#8794,#8795,#8796,#8797,#8798,#8799,#8800,#8801,#8802,#8803,#8804,
#8805,#8806,#8807,#8808,#8809,#8810,#8811,#8812,#8813,#8814,#8815));
#3308=EDGE_LOOP('',(#8816,#8817,#8818,#8819));
#3309=EDGE_LOOP('',(#8820,#8821,#8822,#8823));
#3310=EDGE_LOOP('',(#8824,#8825,#8826,#8827));
#3311=EDGE_LOOP('',(#8828,#8829,#8830,#8831));
#3312=EDGE_LOOP('',(#8832,#8833,#8834,#8835));
#3313=EDGE_LOOP('',(#8836,#8837,#8838,#8839));
#3314=EDGE_LOOP('',(#8840,#8841,#8842,#8843));
#3315=EDGE_LOOP('',(#8844,#8845,#8846,#8847));
#3316=EDGE_LOOP('',(#8848,#8849,#8850,#8851));
#3317=EDGE_LOOP('',(#8852,#8853,#8854,#8855));
#3318=EDGE_LOOP('',(#8856,#8857,#8858,#8859));
#3319=EDGE_LOOP('',(#8860,#8861,#8862,#8863));
#3320=EDGE_LOOP('',(#8864,#8865,#8866,#8867));
#3321=EDGE_LOOP('',(#8868,#8869,#8870,#8871));
#3322=EDGE_LOOP('',(#8872,#8873,#8874,#8875));
#3323=EDGE_LOOP('',(#8876,#8877,#8878,#8879));
#3324=EDGE_LOOP('',(#8880,#8881,#8882,#8883));
#3325=EDGE_LOOP('',(#8884,#8885,#8886,#8887));
#3326=EDGE_LOOP('',(#8888,#8889,#8890,#8891));
#3327=EDGE_LOOP('',(#8892,#8893,#8894,#8895));
#3328=EDGE_LOOP('',(#8896,#8897,#8898,#8899));
#3329=EDGE_LOOP('',(#8900,#8901,#8902,#8903));
#3330=EDGE_LOOP('',(#8904,#8905,#8906,#8907));
#3331=EDGE_LOOP('',(#8908,#8909,#8910,#8911));
#3332=EDGE_LOOP('',(#8912,#8913,#8914,#8915));
#3333=EDGE_LOOP('',(#8916,#8917,#8918,#8919));
#3334=EDGE_LOOP('',(#8920,#8921,#8922,#8923));
#3335=EDGE_LOOP('',(#8924,#8925,#8926,#8927));
#3336=EDGE_LOOP('',(#8928,#8929,#8930,#8931));
#3337=EDGE_LOOP('',(#8932,#8933,#8934,#8935));
#3338=EDGE_LOOP('',(#8936,#8937,#8938,#8939));
#3339=EDGE_LOOP('',(#8940,#8941,#8942,#8943));
#3340=EDGE_LOOP('',(#8944,#8945,#8946,#8947));
#3341=EDGE_LOOP('',(#8948,#8949,#8950,#8951));
#3342=EDGE_LOOP('',(#8952,#8953,#8954,#8955));
#3343=EDGE_LOOP('',(#8956,#8957,#8958,#8959));
#3344=EDGE_LOOP('',(#8960,#8961,#8962,#8963));
#3345=EDGE_LOOP('',(#8964,#8965,#8966,#8967));
#3346=EDGE_LOOP('',(#8968,#8969,#8970,#8971));
#3347=EDGE_LOOP('',(#8972));
#3348=EDGE_LOOP('',(#8973));
#3349=EDGE_LOOP('',(#8974));
#3350=EDGE_LOOP('',(#8975,#8976,#8977,#8978));
#3351=EDGE_LOOP('',(#8979,#8980,#8981,#8982,#8983,#8984,#8985,#8986,#8987,
#8988,#8989,#8990,#8991,#8992,#8993,#8994,#8995,#8996,#8997,#8998,#8999,
#9000,#9001,#9002,#9003,#9004,#9005,#9006,#9007,#9008,#9009,#9010,#9011,
#9012,#9013,#9014,#9015,#9016,#9017,#9018,#9019,#9020,#9021,#9022,#9023,
#9024,#9025,#9026,#9027,#9028,#9029,#9030,#9031,#9032,#9033,#9034,#9035,
#9036,#9037,#9038));
#3352=EDGE_LOOP('',(#9039));
#3353=EDGE_LOOP('',(#9040,#9041,#9042,#9043));
#3354=EDGE_LOOP('',(#9044));
#3355=EDGE_LOOP('',(#9045,#9046,#9047));
#3356=EDGE_LOOP('',(#9048,#9049,#9050,#9051,#9052));
#3357=EDGE_LOOP('',(#9053,#9054,#9055,#9056,#9057));
#3358=EDGE_LOOP('',(#9058,#9059,#9060));
#3359=EDGE_LOOP('',(#9061,#9062,#9063,#9064,#9065));
#3360=EDGE_LOOP('',(#9066,#9067,#9068,#9069,#9070));
#3361=EDGE_LOOP('',(#9071,#9072,#9073));
#3362=EDGE_LOOP('',(#9074,#9075,#9076,#9077,#9078));
#3363=EDGE_LOOP('',(#9079,#9080,#9081,#9082,#9083));
#3364=EDGE_LOOP('',(#9084,#9085,#9086));
#3365=EDGE_LOOP('',(#9087,#9088,#9089,#9090,#9091));
#3366=EDGE_LOOP('',(#9092,#9093,#9094,#9095,#9096));
#3367=EDGE_LOOP('',(#9097,#9098,#9099));
#3368=EDGE_LOOP('',(#9100,#9101,#9102,#9103,#9104));
#3369=EDGE_LOOP('',(#9105,#9106,#9107,#9108,#9109));
#3370=EDGE_LOOP('',(#9110,#9111,#9112));
#3371=EDGE_LOOP('',(#9113,#9114,#9115,#9116,#9117));
#3372=EDGE_LOOP('',(#9118,#9119,#9120,#9121,#9122));
#3373=EDGE_LOOP('',(#9123,#9124,#9125));
#3374=EDGE_LOOP('',(#9126,#9127,#9128,#9129,#9130));
#3375=EDGE_LOOP('',(#9131,#9132,#9133,#9134,#9135));
#3376=EDGE_LOOP('',(#9136,#9137,#9138));
#3377=EDGE_LOOP('',(#9139,#9140,#9141,#9142,#9143));
#3378=EDGE_LOOP('',(#9144,#9145,#9146,#9147,#9148));
#3379=EDGE_LOOP('',(#9149,#9150,#9151));
#3380=EDGE_LOOP('',(#9152,#9153,#9154,#9155,#9156));
#3381=EDGE_LOOP('',(#9157,#9158,#9159,#9160,#9161));
#3382=EDGE_LOOP('',(#9162,#9163,#9164));
#3383=EDGE_LOOP('',(#9165,#9166,#9167,#9168,#9169));
#3384=EDGE_LOOP('',(#9170,#9171,#9172,#9173,#9174));
#3385=EDGE_LOOP('',(#9175,#9176,#9177,#9178));
#3386=EDGE_LOOP('',(#9179,#9180,#9181,#9182,#9183));
#3387=EDGE_LOOP('',(#9184,#9185,#9186,#9187,#9188));
#3388=EDGE_LOOP('',(#9189,#9190,#9191));
#3389=EDGE_LOOP('',(#9192,#9193,#9194,#9195,#9196));
#3390=EDGE_LOOP('',(#9197,#9198,#9199,#9200,#9201));
#3391=EDGE_LOOP('',(#9202,#9203,#9204));
#3392=EDGE_LOOP('',(#9205,#9206,#9207,#9208,#9209));
#3393=EDGE_LOOP('',(#9210,#9211,#9212,#9213,#9214));
#3394=EDGE_LOOP('',(#9215,#9216,#9217));
#3395=EDGE_LOOP('',(#9218,#9219,#9220,#9221,#9222));
#3396=EDGE_LOOP('',(#9223,#9224,#9225,#9226,#9227));
#3397=EDGE_LOOP('',(#9228,#9229,#9230));
#3398=EDGE_LOOP('',(#9231,#9232,#9233,#9234,#9235));
#3399=EDGE_LOOP('',(#9236,#9237,#9238,#9239,#9240));
#3400=EDGE_LOOP('',(#9241,#9242,#9243));
#3401=EDGE_LOOP('',(#9244,#9245,#9246,#9247,#9248));
#3402=EDGE_LOOP('',(#9249,#9250,#9251,#9252,#9253));
#3403=EDGE_LOOP('',(#9254,#9255,#9256));
#3404=EDGE_LOOP('',(#9257,#9258,#9259,#9260,#9261));
#3405=EDGE_LOOP('',(#9262,#9263,#9264,#9265,#9266));
#3406=EDGE_LOOP('',(#9267,#9268,#9269));
#3407=EDGE_LOOP('',(#9270,#9271,#9272,#9273,#9274));
#3408=EDGE_LOOP('',(#9275,#9276,#9277,#9278,#9279));
#3409=EDGE_LOOP('',(#9280,#9281,#9282));
#3410=EDGE_LOOP('',(#9283,#9284,#9285,#9286,#9287));
#3411=EDGE_LOOP('',(#9288,#9289,#9290,#9291,#9292));
#3412=EDGE_LOOP('',(#9293,#9294,#9295));
#3413=EDGE_LOOP('',(#9296,#9297,#9298,#9299,#9300));
#3414=EDGE_LOOP('',(#9301,#9302,#9303,#9304,#9305));
#3415=CIRCLE('',#10234,0.799999999999996);
#3416=CIRCLE('',#10235,3.025);
#3417=CIRCLE('',#10236,0.799999999999996);
#3418=CIRCLE('',#10237,6.44999999999999);
#3419=CIRCLE('',#10238,2.6);
#3420=CIRCLE('',#10240,0.75);
#3421=CIRCLE('',#10241,0.75);
#3422=CIRCLE('',#10244,0.75);
#3423=CIRCLE('',#10245,0.75);
#3424=CIRCLE('',#10248,5.);
#3425=CIRCLE('',#10249,3.5);
#3426=CIRCLE('',#10250,2.);
#3427=CIRCLE('',#10251,5.831);
#3428=CIRCLE('',#10252,2.);
#3429=CIRCLE('',#10253,2.);
#3430=CIRCLE('',#10254,5.8309518948453);
#3431=CIRCLE('',#10255,2.);
#3432=CIRCLE('',#10256,3.5);
#3433=CIRCLE('',#10257,3.5);
#3434=CIRCLE('',#10258,2.);
#3435=CIRCLE('',#10259,5.8309518948453);
#3436=CIRCLE('',#10260,2.);
#3437=CIRCLE('',#10261,2.);
#3438=CIRCLE('',#10262,5.831);
#3439=CIRCLE('',#10263,2.);
#3440=CIRCLE('',#10264,3.5);
#3441=CIRCLE('',#10265,6.44999999999999);
#3442=CIRCLE('',#10266,0.799999999999996);
#3443=CIRCLE('',#10267,3.025);
#3444=CIRCLE('',#10268,0.799999999999996);
#3445=CIRCLE('',#10269,1.6);
#3446=CIRCLE('',#10270,1.6);
#3447=CIRCLE('',#10271,2.15);
#3448=CIRCLE('',#10272,2.15);
#3449=CIRCLE('',#10273,1.6);
#3450=CIRCLE('',#10274,2.15);
#3451=CIRCLE('',#10275,2.15);
#3452=CIRCLE('',#10276,1.6);
#3453=CIRCLE('',#10281,2.);
#3454=CIRCLE('',#10283,5.831);
#3455=CIRCLE('',#10285,2.);
#3456=CIRCLE('',#10287,2.);
#3457=CIRCLE('',#10289,5.8309518948453);
#3458=CIRCLE('',#10291,2.);
#3459=CIRCLE('',#10293,2.);
#3460=CIRCLE('',#10295,3.5);
#3461=CIRCLE('',#10298,3.5);
#3462=CIRCLE('',#10301,3.5);
#3463=CIRCLE('',#10304,5.8309518948453);
#3464=CIRCLE('',#10306,2.);
#3465=CIRCLE('',#10309,2.);
#3466=CIRCLE('',#10311,5.831);
#3467=CIRCLE('',#10313,2.);
#3468=CIRCLE('',#10316,3.5);
#3469=CIRCLE('',#10318,1.6);
#3470=CIRCLE('',#10320,1.6);
#3471=CIRCLE('',#10322,2.15);
#3472=CIRCLE('',#10324,2.15);
#3473=CIRCLE('',#10326,1.6);
#3474=CIRCLE('',#10328,2.15);
#3475=CIRCLE('',#10330,2.15);
#3476=CIRCLE('',#10332,1.6);
#3477=CIRCLE('',#10334,5.);
#3478=CIRCLE('',#10335,11.);
#3479=CIRCLE('',#10336,7.);
#3480=CIRCLE('',#10337,5.5000000000001);
#3481=CIRCLE('',#10338,5.50000000000006);
#3482=CIRCLE('',#10339,2.);
#3483=CIRCLE('',#10340,2.);
#3484=CIRCLE('',#10341,7.);
#3485=CIRCLE('',#10342,7.);
#3486=CIRCLE('',#10343,2.);
#3487=CIRCLE('',#10344,2.);
#3488=CIRCLE('',#10345,5.49999999999999);
#3489=CIRCLE('',#10346,5.50000000000009);
#3490=CIRCLE('',#10347,7.);
#3491=CIRCLE('',#10351,7.);
#3492=CIRCLE('',#10354,11.);
#3493=CIRCLE('',#10357,7.);
#3494=CIRCLE('',#10360,5.50000000000009);
#3495=CIRCLE('',#10363,5.49999999999999);
#3496=CIRCLE('',#10366,2.);
#3497=CIRCLE('',#10369,7.);
#3498=CIRCLE('',#10372,7.);
#3499=CIRCLE('',#10375,2.);
#3500=CIRCLE('',#10378,5.50000000000006);
#3501=CIRCLE('',#10381,5.5000000000001);
#3502=CIRCLE('',#10384,2.6);
#3503=CIRCLE('',#10387,2.);
#3504=CIRCLE('',#10389,2.);
#3505=CIRCLE('',#10399,1.2);
#3506=CIRCLE('',#10400,1.2);
#3507=CIRCLE('',#10402,1.2);
#3508=CIRCLE('',#10405,1.2);
#3509=CIRCLE('',#10407,1.2);
#3510=CIRCLE('',#10409,2.25);
#3511=CIRCLE('',#10411,2.25);
#3512=CIRCLE('',#10415,2.25);
#3513=CIRCLE('',#10417,2.25);
#3514=CIRCLE('',#10418,2.25);
#3515=CIRCLE('',#10420,2.25);
#3516=CIRCLE('',#10422,1.2);
#3517=CIRCLE('',#10424,2.44999999999999);
#3518=CIRCLE('',#10425,2.44999999999999);
#3519=CIRCLE('',#10428,6.);
#3520=CIRCLE('',#10429,1.);
#3521=CIRCLE('',#10431,6.);
#3522=CIRCLE('',#10432,1.);
#3523=CIRCLE('',#10440,3.);
#3524=CIRCLE('',#10441,3.);
#3525=CIRCLE('',#10444,2.);
#3526=CIRCLE('',#10445,2.);
#3527=CIRCLE('',#10447,1.99999999999998);
#3528=CIRCLE('',#10448,1.99999999999998);
#3529=CIRCLE('',#10451,2.99999999999999);
#3530=CIRCLE('',#10452,2.99999999999999);
#3531=CIRCLE('',#10455,3.00000000000001);
#3532=CIRCLE('',#10456,3.00000000000001);
#3533=CIRCLE('',#10459,2.);
#3534=CIRCLE('',#10460,2.);
#3535=CIRCLE('',#10462,2.);
#3536=CIRCLE('',#10463,2.);
#3537=CIRCLE('',#10466,3.00000000000001);
#3538=CIRCLE('',#10467,3.00000000000001);
#3539=CIRCLE('',#10469,3.50000000000005);
#3540=CIRCLE('',#10470,5.);
#3541=CIRCLE('',#10471,3.5);
#3542=CIRCLE('',#10472,3.5);
#3543=CIRCLE('',#10473,3.5);
#3544=CIRCLE('',#10474,7.20000000000001);
#3545=CIRCLE('',#10475,11.2);
#3546=CIRCLE('',#10476,7.2);
#3547=CIRCLE('',#10477,5.69999999999974);
#3548=CIRCLE('',#10478,5.3);
#3549=CIRCLE('',#10479,1.79999999999999);
#3550=CIRCLE('',#10480,2.);
#3551=CIRCLE('',#10481,7.19999999999999);
#3552=CIRCLE('',#10482,7.20000000000001);
#3553=CIRCLE('',#10483,2.);
#3554=CIRCLE('',#10484,1.8);
#3555=CIRCLE('',#10485,5.30000000000007);
#3556=CIRCLE('',#10486,5.70000000000013);
#3557=CIRCLE('',#10487,1.6);
#3558=CIRCLE('',#10488,1.6);
#3559=CIRCLE('',#10489,1.6);
#3560=CIRCLE('',#10490,1.6);
#3561=CIRCLE('',#10493,3.5);
#3562=CIRCLE('',#10494,3.5);
#3563=CIRCLE('',#10495,3.5);
#3564=CIRCLE('',#10496,5.);
#3565=CIRCLE('',#10497,3.50000000000005);
#3566=CIRCLE('',#10498,7.20000000000001);
#3567=CIRCLE('',#10499,5.70000000000013);
#3568=CIRCLE('',#10500,5.30000000000007);
#3569=CIRCLE('',#10501,1.8);
#3570=CIRCLE('',#10502,2.);
#3571=CIRCLE('',#10503,7.20000000000001);
#3572=CIRCLE('',#10504,7.19999999999999);
#3573=CIRCLE('',#10505,2.);
#3574=CIRCLE('',#10506,1.79999999999999);
#3575=CIRCLE('',#10507,5.3);
#3576=CIRCLE('',#10508,5.69999999999974);
#3577=CIRCLE('',#10509,7.2);
#3578=CIRCLE('',#10510,11.2);
#3579=CIRCLE('',#10511,1.6);
#3580=CIRCLE('',#10512,1.6);
#3581=CIRCLE('',#10513,1.6);
#3582=CIRCLE('',#10514,1.6);
#3583=CIRCLE('',#10558,2.15);
#3584=CIRCLE('',#10559,2.15);
#3585=CIRCLE('',#10562,2.15);
#3586=CIRCLE('',#10563,2.15);
#3587=CIRCLE('',#10566,2.15);
#3588=CIRCLE('',#10567,2.15);
#3589=CIRCLE('',#10570,2.15);
#3590=CIRCLE('',#10571,2.15);
#3591=CIRCLE('',#10574,2.15);
#3592=CIRCLE('',#10575,2.15);
#3593=CIRCLE('',#10578,2.15);
#3594=CIRCLE('',#10579,2.15);
#3595=CIRCLE('',#10582,3.);
#3596=CIRCLE('',#10583,2.);
#3597=CIRCLE('',#10584,3.50000000000001);
#3598=CIRCLE('',#10585,3.5);
#3599=CIRCLE('',#10586,2.);
#3600=CIRCLE('',#10587,3.);
#3601=CIRCLE('',#10588,2.99999999999999);
#3602=CIRCLE('',#10589,2.);
#3603=CIRCLE('',#10590,3.50000000000006);
#3604=CIRCLE('',#10591,5.00000000000001);
#3605=CIRCLE('',#10592,3.5);
#3606=CIRCLE('',#10593,2.);
#3607=CIRCLE('',#10594,3.00000000000001);
#3608=CIRCLE('',#10595,2.);
#3609=CIRCLE('',#10596,5.30000000000002);
#3610=CIRCLE('',#10597,1.8);
#3611=CIRCLE('',#10598,2.);
#3612=CIRCLE('',#10599,7.20000000000003);
#3613=CIRCLE('',#10600,7.2);
#3614=CIRCLE('',#10601,2.);
#3615=CIRCLE('',#10602,1.79999999999999);
#3616=CIRCLE('',#10603,5.30000000000008);
#3617=CIRCLE('',#10604,2.);
#3618=CIRCLE('',#10605,2.);
#3619=CIRCLE('',#10606,2.);
#3620=CIRCLE('',#10607,2.);
#3621=CIRCLE('',#10608,1.);
#3622=CIRCLE('',#10609,1.);
#3623=CIRCLE('',#10610,6.20000000000002);
#3624=CIRCLE('',#10611,1.00000000000001);
#3625=CIRCLE('',#10612,2.);
#3626=CIRCLE('',#10613,2.);
#3627=CIRCLE('',#10614,2.);
#3628=CIRCLE('',#10615,1.6);
#3629=CIRCLE('',#10616,1.6);
#3630=CIRCLE('',#10617,1.6);
#3631=CIRCLE('',#10618,1.6);
#3632=CIRCLE('',#10620,3.00000000000001);
#3633=CIRCLE('',#10621,2.);
#3634=CIRCLE('',#10622,3.5);
#3635=CIRCLE('',#10623,5.00000000000001);
#3636=CIRCLE('',#10624,3.50000000000006);
#3637=CIRCLE('',#10625,2.);
#3638=CIRCLE('',#10626,2.99999999999999);
#3639=CIRCLE('',#10627,3.);
#3640=CIRCLE('',#10628,2.);
#3641=CIRCLE('',#10629,3.5);
#3642=CIRCLE('',#10630,3.50000000000001);
#3643=CIRCLE('',#10631,2.);
#3644=CIRCLE('',#10632,3.);
#3645=CIRCLE('',#10633,1.6);
#3646=CIRCLE('',#10634,1.6);
#3647=CIRCLE('',#10635,1.6);
#3648=CIRCLE('',#10636,1.6);
#3649=CIRCLE('',#10637,2.);
#3650=CIRCLE('',#10638,2.);
#3651=CIRCLE('',#10639,2.);
#3652=CIRCLE('',#10640,2.);
#3653=CIRCLE('',#10641,1.00000000000001);
#3654=CIRCLE('',#10642,6.20000000000002);
#3655=CIRCLE('',#10643,1.);
#3656=CIRCLE('',#10644,1.);
#3657=CIRCLE('',#10645,2.);
#3658=CIRCLE('',#10646,2.);
#3659=CIRCLE('',#10647,2.);
#3660=CIRCLE('',#10648,2.);
#3661=CIRCLE('',#10649,5.30000000000008);
#3662=CIRCLE('',#10650,1.79999999999999);
#3663=CIRCLE('',#10651,2.);
#3664=CIRCLE('',#10652,7.2);
#3665=CIRCLE('',#10653,7.20000000000003);
#3666=CIRCLE('',#10654,2.);
#3667=CIRCLE('',#10655,1.8);
#3668=CIRCLE('',#10656,5.30000000000002);
#3669=CIRCLE('',#10659,0.5);
#3670=CIRCLE('',#10660,0.5);
#3671=CIRCLE('',#10663,0.499999999999998);
#3672=CIRCLE('',#10664,0.499999999999998);
#3673=CIRCLE('',#10667,0.499999999999998);
#3674=CIRCLE('',#10668,0.499999999999998);
#3675=CIRCLE('',#10671,0.499999999999998);
#3676=CIRCLE('',#10672,0.499999999999998);
#3677=CIRCLE('',#10676,0.5);
#3678=CIRCLE('',#10679,0.500000000000007);
#3679=CIRCLE('',#10681,0.500000000000003);
#3680=CIRCLE('',#10684,0.499999999999998);
#3681=CIRCLE('',#10686,7.2);
#3682=CIRCLE('',#10687,7.20000000000003);
#3683=CIRCLE('',#10689,7.2);
#3684=CIRCLE('',#10690,7.20000000000003);
#3685=CIRCLE('',#10696,0.5);
#3686=CIRCLE('',#10697,0.5);
#3687=CIRCLE('',#10700,0.499999999999989);
#3688=CIRCLE('',#10701,0.499999999999989);
#3689=CIRCLE('',#10704,0.499999999999998);
#3690=CIRCLE('',#10705,0.499999999999998);
#3691=CIRCLE('',#10708,0.499999999999998);
#3692=CIRCLE('',#10709,0.499999999999998);
#3693=CIRCLE('',#10775,3.00000000000001);
#3694=CIRCLE('',#10776,2.00000000000001);
#3695=CIRCLE('',#10777,3.49999999999999);
#3696=CIRCLE('',#10778,5.00000000000003);
#3697=CIRCLE('',#10779,3.50000000000007);
#3698=CIRCLE('',#10780,2.);
#3699=CIRCLE('',#10781,2.99999999999999);
#3700=CIRCLE('',#10782,3.00000000000002);
#3701=CIRCLE('',#10783,2.00000000000004);
#3702=CIRCLE('',#10784,3.50000000000001);
#3703=CIRCLE('',#10785,3.50000000000002);
#3704=CIRCLE('',#10786,2.00000000000002);
#3705=CIRCLE('',#10787,3.00000000000001);
#3706=CIRCLE('',#10788,7.20000000000001);
#3707=CIRCLE('',#10789,7.20000000000009);
#3708=CIRCLE('',#10790,1.99999999999999);
#3709=CIRCLE('',#10791,1.8);
#3710=CIRCLE('',#10792,5.30000000000002);
#3711=CIRCLE('',#10793,2.00000000000008);
#3712=CIRCLE('',#10794,2.00000000000004);
#3713=CIRCLE('',#10795,2.);
#3714=CIRCLE('',#10796,2.);
#3715=CIRCLE('',#10797,0.999999999999997);
#3716=CIRCLE('',#10798,6.20000000000002);
#3717=CIRCLE('',#10799,0.999999999999978);
#3718=CIRCLE('',#10800,1.00000000000001);
#3719=CIRCLE('',#10801,2.00000000000001);
#3720=CIRCLE('',#10802,2.);
#3721=CIRCLE('',#10803,2.);
#3722=CIRCLE('',#10804,2.00000000000001);
#3723=CIRCLE('',#10805,5.30000000000008);
#3724=CIRCLE('',#10806,1.79999999999998);
#3725=CIRCLE('',#10807,1.99999999999994);
#3726=CIRCLE('',#10808,1.6);
#3727=CIRCLE('',#10809,1.6);
#3728=CIRCLE('',#10810,1.60000000000001);
#3729=CIRCLE('',#10811,1.60000000000001);
#3730=CIRCLE('',#10814,1.99999999999994);
#3731=CIRCLE('',#10817,1.79999999999998);
#3732=CIRCLE('',#10820,5.30000000000008);
#3733=CIRCLE('',#10822,2.00000000000001);
#3734=CIRCLE('',#10824,2.);
#3735=CIRCLE('',#10827,2.);
#3736=CIRCLE('',#10830,2.00000000000001);
#3737=CIRCLE('',#10833,1.00000000000001);
#3738=CIRCLE('',#10836,0.999999999999978);
#3739=CIRCLE('',#10838,6.20000000000002);
#3740=CIRCLE('',#10840,0.999999999999997);
#3741=CIRCLE('',#10843,2.);
#3742=CIRCLE('',#10846,2.);
#3743=CIRCLE('',#10849,2.00000000000004);
#3744=CIRCLE('',#10851,2.00000000000008);
#3745=CIRCLE('',#10853,5.30000000000002);
#3746=CIRCLE('',#10856,1.8);
#3747=CIRCLE('',#10859,1.99999999999999);
#3748=CIRCLE('',#10862,7.20000000000009);
#3749=CIRCLE('',#10865,7.20000000000001);
#3750=CIRCLE('',#10867,1.6);
#3751=CIRCLE('',#10869,1.6);
#3752=CIRCLE('',#10871,1.60000000000001);
#3753=CIRCLE('',#10873,1.60000000000001);
#3754=CIRCLE('',#10875,3.00000000000001);
#3755=CIRCLE('',#10878,2.00000000000002);
#3756=CIRCLE('',#10881,3.50000000000002);
#3757=CIRCLE('',#10884,3.50000000000001);
#3758=CIRCLE('',#10887,2.00000000000004);
#3759=CIRCLE('',#10890,3.00000000000002);
#3760=CIRCLE('',#10893,2.99999999999999);
#3761=CIRCLE('',#10896,2.);
#3762=CIRCLE('',#10899,3.50000000000007);
#3763=CIRCLE('',#10902,5.00000000000003);
#3764=CIRCLE('',#10905,3.49999999999999);
#3765=CIRCLE('',#10908,2.00000000000001);
#3766=CIRCLE('',#10911,3.00000000000001);
#3767=CIRCLE('',#10916,3.);
#3768=CIRCLE('',#10917,2.00000000000001);
#3769=CIRCLE('',#10918,3.49999999999999);
#3770=CIRCLE('',#10919,5.00000000000003);
#3771=CIRCLE('',#10920,3.50000000000007);
#3772=CIRCLE('',#10921,2.);
#3773=CIRCLE('',#10922,3.00000000000001);
#3774=CIRCLE('',#10923,3.00000000000003);
#3775=CIRCLE('',#10924,2.00000000000004);
#3776=CIRCLE('',#10925,3.50000000000003);
#3777=CIRCLE('',#10926,3.50000000000003);
#3778=CIRCLE('',#10927,2.00000000000002);
#3779=CIRCLE('',#10928,3.00000000000002);
#3780=CIRCLE('',#10929,1.60000000000001);
#3781=CIRCLE('',#10930,1.60000000000001);
#3782=CIRCLE('',#10931,1.6);
#3783=CIRCLE('',#10932,1.6);
#3784=CIRCLE('',#10934,1.60000000000001);
#3785=CIRCLE('',#10936,1.60000000000001);
#3786=CIRCLE('',#10938,1.6);
#3787=CIRCLE('',#10940,1.6);
#3788=CIRCLE('',#10942,3.00000000000002);
#3789=CIRCLE('',#10945,2.00000000000002);
#3790=CIRCLE('',#10948,3.50000000000003);
#3791=CIRCLE('',#10951,3.50000000000003);
#3792=CIRCLE('',#10954,2.00000000000004);
#3793=CIRCLE('',#10957,3.00000000000003);
#3794=CIRCLE('',#10960,3.00000000000001);
#3795=CIRCLE('',#10963,2.);
#3796=CIRCLE('',#10966,3.50000000000007);
#3797=CIRCLE('',#10969,5.00000000000003);
#3798=CIRCLE('',#10972,3.49999999999999);
#3799=CIRCLE('',#10975,2.00000000000001);
#3800=CIRCLE('',#10978,3.);
#3801=CIRCLE('',#10983,1.);
#3802=CIRCLE('',#10984,1.);
#3803=CIRCLE('',#10986,1.);
#3804=CIRCLE('',#10987,1.);
#3805=CIRCLE('',#10989,0.5);
#3806=CIRCLE('',#10990,0.5);
#3807=CIRCLE('',#10992,6.25);
#3808=CIRCLE('',#10993,0.2);
#3809=CIRCLE('',#10994,6.05);
#3810=CIRCLE('',#10995,0.2);
#3811=CIRCLE('',#10997,6.25);
#3812=CIRCLE('',#10998,6.25);
#3813=CIRCLE('',#10999,6.25);
#3814=CIRCLE('',#11000,6.25);
#3815=CIRCLE('',#11003,0.3);
#3816=CIRCLE('',#11007,0.300000000000002);
#3817=CIRCLE('',#11010,0.1);
#3818=CIRCLE('',#11012,0.0999999999999994);
#3819=CIRCLE('',#11020,0.0999999999999994);
#3820=CIRCLE('',#11021,0.1);
#3821=CIRCLE('',#11022,1.);
#3822=CIRCLE('',#11023,2.825);
#3823=CIRCLE('',#11024,1.);
#3824=CIRCLE('',#11028,0.3);
#3825=CIRCLE('',#11029,0.3);
#3826=CIRCLE('',#11033,0.3);
#3827=CIRCLE('',#11034,0.3);
#3828=CIRCLE('',#11036,0.3);
#3829=CIRCLE('',#11037,0.3);
#3830=CIRCLE('',#11038,0.3);
#3831=CIRCLE('',#11039,0.3);
#3832=CIRCLE('',#11040,0.3);
#3833=CIRCLE('',#11041,0.3);
#3834=CIRCLE('',#11042,0.3);
#3835=CIRCLE('',#11043,0.3);
#3836=CIRCLE('',#11049,0.3);
#3837=CIRCLE('',#11050,0.3);
#3838=CIRCLE('',#11051,0.3);
#3839=CIRCLE('',#11052,0.3);
#3840=CIRCLE('',#11058,2.625);
#3841=CIRCLE('',#11059,1.2);
#3842=CIRCLE('',#11060,1.2);
#3843=CIRCLE('',#11062,2.825);
#3844=CIRCLE('',#11068,0.3);
#3845=CIRCLE('',#11071,0.3);
#3846=CIRCLE('',#11077,0.300000000000002);
#3847=CIRCLE('',#11079,0.3);
#3848=CIRCLE('',#11084,0.3);
#3849=CIRCLE('',#11086,0.3);
#3850=CIRCLE('',#11094,1.);
#3851=CIRCLE('',#11096,1.);
#3852=CIRCLE('',#11098,0.200000000000001);
#3853=CIRCLE('',#11100,0.2);
#3854=CIRCLE('',#11102,0.199999999999999);
#3855=CIRCLE('',#11104,0.200000000000001);
#3856=CIRCLE('',#11105,0.2);
#3857=CIRCLE('',#11106,0.199999999999999);
#3858=CIRCLE('',#11108,0.2);
#3859=CIRCLE('',#11110,0.2);
#3860=CIRCLE('',#11111,0.199999999999999);
#3861=CIRCLE('',#11113,0.199999999999999);
#3862=CIRCLE('',#11114,0.200000000000001);
#3863=CIRCLE('',#11116,0.200000000000001);
#3864=CIRCLE('',#11117,0.199999999999999);
#3865=CIRCLE('',#11119,0.2);
#3866=CIRCLE('',#11120,0.199999999999999);
#3867=CIRCLE('',#11121,0.199999999999999);
#3868=CIRCLE('',#11130,1.);
#3869=CIRCLE('',#11131,1.);
#3870=CIRCLE('',#11133,2.075);
#3871=CIRCLE('',#11134,2.075);
#3872=CIRCLE('',#11135,2.075);
#3873=CIRCLE('',#11136,2.075);
#3874=CIRCLE('',#11137,2.075);
#3875=CIRCLE('',#11138,2.075);
#3876=CIRCLE('',#11139,2.075);
#3877=CIRCLE('',#11140,2.075);
#3878=CIRCLE('',#11141,2.075);
#3879=CIRCLE('',#11142,2.075);
#3880=CIRCLE('',#11143,2.075);
#3881=CIRCLE('',#11144,2.075);
#3882=CIRCLE('',#11145,2.075);
#3883=CIRCLE('',#11146,2.075);
#3884=CIRCLE('',#11147,2.075);
#3885=CIRCLE('',#11148,2.075);
#3886=CIRCLE('',#11149,2.075);
#3887=CIRCLE('',#11150,2.075);
#3888=CIRCLE('',#11151,2.075);
#3889=CIRCLE('',#11152,2.075);
#3890=CIRCLE('',#11153,2.075);
#3891=CIRCLE('',#11154,2.075);
#3892=CIRCLE('',#11155,2.075);
#3893=CIRCLE('',#11156,2.075);
#3894=CIRCLE('',#11157,2.075);
#3895=CIRCLE('',#11158,2.075);
#3896=CIRCLE('',#11159,2.075);
#3897=CIRCLE('',#11160,2.075);
#3898=CIRCLE('',#11161,2.075);
#3899=CIRCLE('',#11162,2.075);
#3900=CIRCLE('',#11163,2.075);
#3901=CIRCLE('',#11164,2.075);
#3902=CIRCLE('',#11165,2.075);
#3903=CIRCLE('',#11166,2.075);
#3904=CIRCLE('',#11167,2.075);
#3905=CIRCLE('',#11168,2.075);
#3906=CIRCLE('',#11169,2.075);
#3907=CIRCLE('',#11170,2.075);
#3908=CIRCLE('',#11171,2.075);
#3909=CIRCLE('',#11172,2.075);
#3910=CIRCLE('',#11173,2.075);
#3911=CIRCLE('',#11174,2.075);
#3912=CIRCLE('',#11176,2.5);
#3913=CIRCLE('',#11177,2.5);
#3914=CIRCLE('',#11179,2.375);
#3915=CIRCLE('',#11180,2.375);
#3916=CIRCLE('',#11183,2.375);
#3917=CIRCLE('',#11184,2.375);
#3918=CIRCLE('',#11187,2.375);
#3919=CIRCLE('',#11188,2.375);
#3920=CIRCLE('',#11191,2.375);
#3921=CIRCLE('',#11192,2.375);
#3922=CIRCLE('',#11195,2.375);
#3923=CIRCLE('',#11196,2.375);
#3924=CIRCLE('',#11199,2.375);
#3925=CIRCLE('',#11200,2.375);
#3926=CIRCLE('',#11203,2.375);
#3927=CIRCLE('',#11204,2.375);
#3928=CIRCLE('',#11207,2.375);
#3929=CIRCLE('',#11208,2.375);
#3930=CIRCLE('',#11211,2.375);
#3931=CIRCLE('',#11212,2.375);
#3932=CIRCLE('',#11215,2.375);
#3933=CIRCLE('',#11216,2.375);
#3934=CIRCLE('',#11219,2.375);
#3935=CIRCLE('',#11220,2.375);
#3936=CIRCLE('',#11223,2.375);
#3937=CIRCLE('',#11224,2.375);
#3938=CIRCLE('',#11227,2.375);
#3939=CIRCLE('',#11228,2.375);
#3940=CIRCLE('',#11231,2.375);
#3941=CIRCLE('',#11232,2.375);
#3942=CIRCLE('',#11235,2.375);
#3943=CIRCLE('',#11236,2.375);
#3944=CIRCLE('',#11239,2.375);
#3945=CIRCLE('',#11240,2.375);
#3946=CIRCLE('',#11243,2.375);
#3947=CIRCLE('',#11244,2.375);
#3948=CIRCLE('',#11247,2.375);
#3949=CIRCLE('',#11248,2.375);
#3950=CIRCLE('',#11251,2.375);
#3951=CIRCLE('',#11252,2.375);
#3952=CIRCLE('',#11257,2.375);
#3953=CIRCLE('',#11258,2.375);
#3954=VERTEX_POINT('',#14441);
#3955=VERTEX_POINT('',#14442);
#3956=VERTEX_POINT('',#14444);
#3957=VERTEX_POINT('',#14446);
#3958=VERTEX_POINT('',#14449);
#3959=VERTEX_POINT('',#14452);
#3960=VERTEX_POINT('',#14454);
#3961=VERTEX_POINT('',#14459);
#3962=VERTEX_POINT('',#14461);
#3963=VERTEX_POINT('',#14466);
#3964=VERTEX_POINT('',#14467);
#3965=VERTEX_POINT('',#14469);
#3966=VERTEX_POINT('',#14471);
#3967=VERTEX_POINT('',#14473);
#3968=VERTEX_POINT('',#14475);
#3969=VERTEX_POINT('',#14477);
#3970=VERTEX_POINT('',#14479);
#3971=VERTEX_POINT('',#14481);
#3972=VERTEX_POINT('',#14483);
#3973=VERTEX_POINT('',#14485);
#3974=VERTEX_POINT('',#14487);
#3975=VERTEX_POINT('',#14489);
#3976=VERTEX_POINT('',#14491);
#3977=VERTEX_POINT('',#14493);
#3978=VERTEX_POINT('',#14495);
#3979=VERTEX_POINT('',#14497);
#3980=VERTEX_POINT('',#14499);
#3981=VERTEX_POINT('',#14501);
#3982=VERTEX_POINT('',#14503);
#3983=VERTEX_POINT('',#14505);
#3984=VERTEX_POINT('',#14507);
#3985=VERTEX_POINT('',#14509);
#3986=VERTEX_POINT('',#14511);
#3987=VERTEX_POINT('',#14513);
#3988=VERTEX_POINT('',#14515);
#3989=VERTEX_POINT('',#14518);
#3990=VERTEX_POINT('',#14519);
#3991=VERTEX_POINT('',#14521);
#3992=VERTEX_POINT('',#14523);
#3993=VERTEX_POINT('',#14526);
#3994=VERTEX_POINT('',#14528);
#3995=VERTEX_POINT('',#14530);
#3996=VERTEX_POINT('',#14532);
#3997=VERTEX_POINT('',#14534);
#3998=VERTEX_POINT('',#14536);
#3999=VERTEX_POINT('',#14538);
#4000=VERTEX_POINT('',#14540);
#4001=VERTEX_POINT('',#14543);
#4002=VERTEX_POINT('',#14545);
#4003=VERTEX_POINT('',#14549);
#4004=VERTEX_POINT('',#14551);
#4005=VERTEX_POINT('',#14555);
#4006=VERTEX_POINT('',#14557);
#4007=VERTEX_POINT('',#14561);
#4008=VERTEX_POINT('',#14565);
#4009=VERTEX_POINT('',#14571);
#4010=VERTEX_POINT('',#14573);
#4011=VERTEX_POINT('',#14577);
#4012=VERTEX_POINT('',#14583);
#4013=VERTEX_POINT('',#14585);
#4014=VERTEX_POINT('',#14589);
#4015=VERTEX_POINT('',#14593);
#4016=VERTEX_POINT('',#14599);
#4017=VERTEX_POINT('',#14605);
#4018=VERTEX_POINT('',#14609);
#4019=VERTEX_POINT('',#14613);
#4020=VERTEX_POINT('',#14617);
#4021=VERTEX_POINT('',#14621);
#4022=VERTEX_POINT('',#14625);
#4023=VERTEX_POINT('',#14629);
#4024=VERTEX_POINT('',#14633);
#4025=VERTEX_POINT('',#14637);
#4026=VERTEX_POINT('',#14641);
#4027=VERTEX_POINT('',#14645);
#4028=VERTEX_POINT('',#14649);
#4029=VERTEX_POINT('',#14653);
#4030=VERTEX_POINT('',#14657);
#4031=VERTEX_POINT('',#14661);
#4032=VERTEX_POINT('',#14665);
#4033=VERTEX_POINT('',#14669);
#4034=VERTEX_POINT('',#14673);
#4035=VERTEX_POINT('',#14676);
#4036=VERTEX_POINT('',#14677);
#4037=VERTEX_POINT('',#14679);
#4038=VERTEX_POINT('',#14681);
#4039=VERTEX_POINT('',#14683);
#4040=VERTEX_POINT('',#14685);
#4041=VERTEX_POINT('',#14687);
#4042=VERTEX_POINT('',#14689);
#4043=VERTEX_POINT('',#14691);
#4044=VERTEX_POINT('',#14693);
#4045=VERTEX_POINT('',#14695);
#4046=VERTEX_POINT('',#14697);
#4047=VERTEX_POINT('',#14699);
#4048=VERTEX_POINT('',#14701);
#4049=VERTEX_POINT('',#14703);
#4050=VERTEX_POINT('',#14705);
#4051=VERTEX_POINT('',#14707);
#4052=VERTEX_POINT('',#14709);
#4053=VERTEX_POINT('',#14711);
#4054=VERTEX_POINT('',#14713);
#4055=VERTEX_POINT('',#14715);
#4056=VERTEX_POINT('',#14717);
#4057=VERTEX_POINT('',#14719);
#4058=VERTEX_POINT('',#14721);
#4059=VERTEX_POINT('',#14723);
#4060=VERTEX_POINT('',#14725);
#4061=VERTEX_POINT('',#14732);
#4062=VERTEX_POINT('',#14734);
#4063=VERTEX_POINT('',#14738);
#4064=VERTEX_POINT('',#14742);
#4065=VERTEX_POINT('',#14746);
#4066=VERTEX_POINT('',#14750);
#4067=VERTEX_POINT('',#14754);
#4068=VERTEX_POINT('',#14758);
#4069=VERTEX_POINT('',#14762);
#4070=VERTEX_POINT('',#14766);
#4071=VERTEX_POINT('',#14770);
#4072=VERTEX_POINT('',#14774);
#4073=VERTEX_POINT('',#14778);
#4074=VERTEX_POINT('',#14782);
#4075=VERTEX_POINT('',#14784);
#4076=VERTEX_POINT('',#14788);
#4077=VERTEX_POINT('',#14792);
#4078=VERTEX_POINT('',#14796);
#4079=VERTEX_POINT('',#14798);
#4080=VERTEX_POINT('',#14802);
#4081=VERTEX_POINT('',#14806);
#4082=VERTEX_POINT('',#14810);
#4083=VERTEX_POINT('',#14814);
#4084=VERTEX_POINT('',#14818);
#4085=VERTEX_POINT('',#14824);
#4086=VERTEX_POINT('',#14828);
#4087=VERTEX_POINT('',#14834);
#4088=VERTEX_POINT('',#14850);
#4089=VERTEX_POINT('',#14851);
#4090=VERTEX_POINT('',#14853);
#4091=VERTEX_POINT('',#14855);
#4092=VERTEX_POINT('',#14857);
#4093=VERTEX_POINT('',#14861);
#4094=VERTEX_POINT('',#14863);
#4095=VERTEX_POINT('',#14867);
#4096=VERTEX_POINT('',#14868);
#4097=VERTEX_POINT('',#14873);
#4098=VERTEX_POINT('',#14874);
#4099=VERTEX_POINT('',#14876);
#4100=VERTEX_POINT('',#14881);
#4101=VERTEX_POINT('',#14888);
#4102=VERTEX_POINT('',#14889);
#4103=VERTEX_POINT('',#14893);
#4104=VERTEX_POINT('',#14894);
#4105=VERTEX_POINT('',#14899);
#4106=VERTEX_POINT('',#14900);
#4107=VERTEX_POINT('',#14903);
#4108=VERTEX_POINT('',#14907);
#4109=VERTEX_POINT('',#14914);
#4110=VERTEX_POINT('',#14918);
#4111=VERTEX_POINT('',#14922);
#4112=VERTEX_POINT('',#14926);
#4113=VERTEX_POINT('',#14928);
#4114=VERTEX_POINT('',#14933);
#4115=VERTEX_POINT('',#14934);
#4116=VERTEX_POINT('',#14936);
#4117=VERTEX_POINT('',#14938);
#4118=VERTEX_POINT('',#14942);
#4119=VERTEX_POINT('',#14943);
#4120=VERTEX_POINT('',#14945);
#4121=VERTEX_POINT('',#14947);
#4122=VERTEX_POINT('',#14960);
#4123=VERTEX_POINT('',#14961);
#4124=VERTEX_POINT('',#14963);
#4125=VERTEX_POINT('',#14965);
#4126=VERTEX_POINT('',#14969);
#4127=VERTEX_POINT('',#14971);
#4128=VERTEX_POINT('',#14975);
#4129=VERTEX_POINT('',#14977);
#4130=VERTEX_POINT('',#14981);
#4131=VERTEX_POINT('',#14983);
#4132=VERTEX_POINT('',#14987);
#4133=VERTEX_POINT('',#14988);
#4134=VERTEX_POINT('',#14990);
#4135=VERTEX_POINT('',#14992);
#4136=VERTEX_POINT('',#14996);
#4137=VERTEX_POINT('',#14998);
#4138=VERTEX_POINT('',#15005);
#4139=VERTEX_POINT('',#15006);
#4140=VERTEX_POINT('',#15008);
#4141=VERTEX_POINT('',#15010);
#4142=VERTEX_POINT('',#15014);
#4143=VERTEX_POINT('',#15016);
#4144=VERTEX_POINT('',#15020);
#4145=VERTEX_POINT('',#15022);
#4146=VERTEX_POINT('',#15026);
#4147=VERTEX_POINT('',#15028);
#4148=VERTEX_POINT('',#15032);
#4149=VERTEX_POINT('',#15033);
#4150=VERTEX_POINT('',#15035);
#4151=VERTEX_POINT('',#15037);
#4152=VERTEX_POINT('',#15041);
#4153=VERTEX_POINT('',#15043);
#4154=VERTEX_POINT('',#15050);
#4155=VERTEX_POINT('',#15052);
#4156=VERTEX_POINT('',#15054);
#4157=VERTEX_POINT('',#15056);
#4158=VERTEX_POINT('',#15058);
#4159=VERTEX_POINT('',#15060);
#4160=VERTEX_POINT('',#15063);
#4161=VERTEX_POINT('',#15065);
#4162=VERTEX_POINT('',#15067);
#4163=VERTEX_POINT('',#15069);
#4164=VERTEX_POINT('',#15072);
#4165=VERTEX_POINT('',#15073);
#4166=VERTEX_POINT('',#15075);
#4167=VERTEX_POINT('',#15077);
#4168=VERTEX_POINT('',#15079);
#4169=VERTEX_POINT('',#15081);
#4170=VERTEX_POINT('',#15083);
#4171=VERTEX_POINT('',#15085);
#4172=VERTEX_POINT('',#15087);
#4173=VERTEX_POINT('',#15089);
#4174=VERTEX_POINT('',#15091);
#4175=VERTEX_POINT('',#15093);
#4176=VERTEX_POINT('',#15095);
#4177=VERTEX_POINT('',#15097);
#4178=VERTEX_POINT('',#15099);
#4179=VERTEX_POINT('',#15101);
#4180=VERTEX_POINT('',#15103);
#4181=VERTEX_POINT('',#15105);
#4182=VERTEX_POINT('',#15107);
#4183=VERTEX_POINT('',#15109);
#4184=VERTEX_POINT('',#15111);
#4185=VERTEX_POINT('',#15113);
#4186=VERTEX_POINT('',#15115);
#4187=VERTEX_POINT('',#15117);
#4188=VERTEX_POINT('',#15119);
#4189=VERTEX_POINT('',#15121);
#4190=VERTEX_POINT('',#15124);
#4191=VERTEX_POINT('',#15126);
#4192=VERTEX_POINT('',#15128);
#4193=VERTEX_POINT('',#15130);
#4194=VERTEX_POINT('',#15133);
#4195=VERTEX_POINT('',#15137);
#4196=VERTEX_POINT('',#15139);
#4197=VERTEX_POINT('',#15141);
#4198=VERTEX_POINT('',#15144);
#4199=VERTEX_POINT('',#15146);
#4200=VERTEX_POINT('',#15148);
#4201=VERTEX_POINT('',#15150);
#4202=VERTEX_POINT('',#15152);
#4203=VERTEX_POINT('',#15154);
#4204=VERTEX_POINT('',#15157);
#4205=VERTEX_POINT('',#15158);
#4206=VERTEX_POINT('',#15160);
#4207=VERTEX_POINT('',#15162);
#4208=VERTEX_POINT('',#15164);
#4209=VERTEX_POINT('',#15166);
#4210=VERTEX_POINT('',#15168);
#4211=VERTEX_POINT('',#15170);
#4212=VERTEX_POINT('',#15172);
#4213=VERTEX_POINT('',#15174);
#4214=VERTEX_POINT('',#15176);
#4215=VERTEX_POINT('',#15178);
#4216=VERTEX_POINT('',#15180);
#4217=VERTEX_POINT('',#15182);
#4218=VERTEX_POINT('',#15184);
#4219=VERTEX_POINT('',#15186);
#4220=VERTEX_POINT('',#15188);
#4221=VERTEX_POINT('',#15190);
#4222=VERTEX_POINT('',#15192);
#4223=VERTEX_POINT('',#15194);
#4224=VERTEX_POINT('',#15196);
#4225=VERTEX_POINT('',#15198);
#4226=VERTEX_POINT('',#15200);
#4227=VERTEX_POINT('',#15202);
#4228=VERTEX_POINT('',#15204);
#4229=VERTEX_POINT('',#15206);
#4230=VERTEX_POINT('',#15209);
#4231=VERTEX_POINT('',#15211);
#4232=VERTEX_POINT('',#15213);
#4233=VERTEX_POINT('',#15215);
#4234=VERTEX_POINT('',#15299);
#4235=VERTEX_POINT('',#15301);
#4236=VERTEX_POINT('',#15306);
#4237=VERTEX_POINT('',#15308);
#4238=VERTEX_POINT('',#15313);
#4239=VERTEX_POINT('',#15315);
#4240=VERTEX_POINT('',#15320);
#4241=VERTEX_POINT('',#15322);
#4242=VERTEX_POINT('',#15327);
#4243=VERTEX_POINT('',#15329);
#4244=VERTEX_POINT('',#15334);
#4245=VERTEX_POINT('',#15336);
#4246=VERTEX_POINT('',#15341);
#4247=VERTEX_POINT('',#15342);
#4248=VERTEX_POINT('',#15344);
#4249=VERTEX_POINT('',#15346);
#4250=VERTEX_POINT('',#15348);
#4251=VERTEX_POINT('',#15350);
#4252=VERTEX_POINT('',#15352);
#4253=VERTEX_POINT('',#15354);
#4254=VERTEX_POINT('',#15356);
#4255=VERTEX_POINT('',#15358);
#4256=VERTEX_POINT('',#15360);
#4257=VERTEX_POINT('',#15362);
#4258=VERTEX_POINT('',#15364);
#4259=VERTEX_POINT('',#15366);
#4260=VERTEX_POINT('',#15368);
#4261=VERTEX_POINT('',#15370);
#4262=VERTEX_POINT('',#15372);
#4263=VERTEX_POINT('',#15374);
#4264=VERTEX_POINT('',#15376);
#4265=VERTEX_POINT('',#15378);
#4266=VERTEX_POINT('',#15380);
#4267=VERTEX_POINT('',#15382);
#4268=VERTEX_POINT('',#15384);
#4269=VERTEX_POINT('',#15386);
#4270=VERTEX_POINT('',#15388);
#4271=VERTEX_POINT('',#15390);
#4272=VERTEX_POINT('',#15393);
#4273=VERTEX_POINT('',#15394);
#4274=VERTEX_POINT('',#15396);
#4275=VERTEX_POINT('',#15398);
#4276=VERTEX_POINT('',#15400);
#4277=VERTEX_POINT('',#15402);
#4278=VERTEX_POINT('',#15404);
#4279=VERTEX_POINT('',#15406);
#4280=VERTEX_POINT('',#15408);
#4281=VERTEX_POINT('',#15410);
#4282=VERTEX_POINT('',#15412);
#4283=VERTEX_POINT('',#15414);
#4284=VERTEX_POINT('',#15416);
#4285=VERTEX_POINT('',#15418);
#4286=VERTEX_POINT('',#15420);
#4287=VERTEX_POINT('',#15422);
#4288=VERTEX_POINT('',#15424);
#4289=VERTEX_POINT('',#15426);
#4290=VERTEX_POINT('',#15428);
#4291=VERTEX_POINT('',#15430);
#4292=VERTEX_POINT('',#15432);
#4293=VERTEX_POINT('',#15434);
#4294=VERTEX_POINT('',#15436);
#4295=VERTEX_POINT('',#15438);
#4296=VERTEX_POINT('',#15440);
#4297=VERTEX_POINT('',#15442);
#4298=VERTEX_POINT('',#15444);
#4299=VERTEX_POINT('',#15446);
#4300=VERTEX_POINT('',#15448);
#4301=VERTEX_POINT('',#15450);
#4302=VERTEX_POINT('',#15452);
#4303=VERTEX_POINT('',#15454);
#4304=VERTEX_POINT('',#15456);
#4305=VERTEX_POINT('',#15458);
#4306=VERTEX_POINT('',#15461);
#4307=VERTEX_POINT('',#15463);
#4308=VERTEX_POINT('',#15465);
#4309=VERTEX_POINT('',#15467);
#4310=VERTEX_POINT('',#15470);
#4311=VERTEX_POINT('',#15471);
#4312=VERTEX_POINT('',#15473);
#4313=VERTEX_POINT('',#15475);
#4314=VERTEX_POINT('',#15477);
#4315=VERTEX_POINT('',#15479);
#4316=VERTEX_POINT('',#15481);
#4317=VERTEX_POINT('',#15483);
#4318=VERTEX_POINT('',#15485);
#4319=VERTEX_POINT('',#15487);
#4320=VERTEX_POINT('',#15489);
#4321=VERTEX_POINT('',#15491);
#4322=VERTEX_POINT('',#15493);
#4323=VERTEX_POINT('',#15495);
#4324=VERTEX_POINT('',#15497);
#4325=VERTEX_POINT('',#15499);
#4326=VERTEX_POINT('',#15501);
#4327=VERTEX_POINT('',#15503);
#4328=VERTEX_POINT('',#15505);
#4329=VERTEX_POINT('',#15507);
#4330=VERTEX_POINT('',#15509);
#4331=VERTEX_POINT('',#15511);
#4332=VERTEX_POINT('',#15513);
#4333=VERTEX_POINT('',#15515);
#4334=VERTEX_POINT('',#15517);
#4335=VERTEX_POINT('',#15519);
#4336=VERTEX_POINT('',#15522);
#4337=VERTEX_POINT('',#15524);
#4338=VERTEX_POINT('',#15526);
#4339=VERTEX_POINT('',#15528);
#4340=VERTEX_POINT('',#15530);
#4341=VERTEX_POINT('',#15531);
#4342=VERTEX_POINT('',#15533);
#4343=VERTEX_POINT('',#15535);
#4344=VERTEX_POINT('',#15537);
#4345=VERTEX_POINT('',#15539);
#4346=VERTEX_POINT('',#15541);
#4347=VERTEX_POINT('',#15543);
#4348=VERTEX_POINT('',#15545);
#4349=VERTEX_POINT('',#15547);
#4350=VERTEX_POINT('',#15549);
#4351=VERTEX_POINT('',#15551);
#4352=VERTEX_POINT('',#15553);
#4353=VERTEX_POINT('',#15555);
#4354=VERTEX_POINT('',#15557);
#4355=VERTEX_POINT('',#15559);
#4356=VERTEX_POINT('',#15561);
#4357=VERTEX_POINT('',#15563);
#4358=VERTEX_POINT('',#15565);
#4359=VERTEX_POINT('',#15567);
#4360=VERTEX_POINT('',#15569);
#4361=VERTEX_POINT('',#15571);
#4362=VERTEX_POINT('',#15573);
#4363=VERTEX_POINT('',#15575);
#4364=VERTEX_POINT('',#15577);
#4365=VERTEX_POINT('',#15579);
#4366=VERTEX_POINT('',#15581);
#4367=VERTEX_POINT('',#15583);
#4368=VERTEX_POINT('',#15585);
#4369=VERTEX_POINT('',#15587);
#4370=VERTEX_POINT('',#15589);
#4371=VERTEX_POINT('',#15591);
#4372=VERTEX_POINT('',#15593);
#4373=VERTEX_POINT('',#15595);
#4374=VERTEX_POINT('',#15599);
#4375=VERTEX_POINT('',#15600);
#4376=VERTEX_POINT('',#15602);
#4377=VERTEX_POINT('',#15604);
#4378=VERTEX_POINT('',#15608);
#4379=VERTEX_POINT('',#15610);
#4380=VERTEX_POINT('',#15614);
#4381=VERTEX_POINT('',#15616);
#4382=VERTEX_POINT('',#15620);
#4383=VERTEX_POINT('',#15622);
#4384=VERTEX_POINT('',#15626);
#4385=VERTEX_POINT('',#15628);
#4386=VERTEX_POINT('',#15632);
#4387=VERTEX_POINT('',#15634);
#4388=VERTEX_POINT('',#15638);
#4389=VERTEX_POINT('',#15640);
#4390=VERTEX_POINT('',#15653);
#4391=VERTEX_POINT('',#15654);
#4392=VERTEX_POINT('',#15665);
#4393=VERTEX_POINT('',#15667);
#4394=VERTEX_POINT('',#15671);
#4395=VERTEX_POINT('',#15673);
#4396=VERTEX_POINT('',#15677);
#4397=VERTEX_POINT('',#15688);
#4398=VERTEX_POINT('',#15692);
#4399=VERTEX_POINT('',#15693);
#4400=VERTEX_POINT('',#15704);
#4401=VERTEX_POINT('',#15706);
#4402=VERTEX_POINT('',#15710);
#4403=VERTEX_POINT('',#15712);
#4404=VERTEX_POINT('',#15716);
#4405=VERTEX_POINT('',#15727);
#4406=VERTEX_POINT('',#15731);
#4407=VERTEX_POINT('',#15734);
#4408=VERTEX_POINT('',#15738);
#4409=VERTEX_POINT('',#15740);
#4410=VERTEX_POINT('',#15754);
#4411=VERTEX_POINT('',#15755);
#4412=VERTEX_POINT('',#15757);
#4413=VERTEX_POINT('',#15759);
#4414=VERTEX_POINT('',#15763);
#4415=VERTEX_POINT('',#15765);
#4416=VERTEX_POINT('',#15769);
#4417=VERTEX_POINT('',#15771);
#4418=VERTEX_POINT('',#15775);
#4419=VERTEX_POINT('',#15777);
#4420=VERTEX_POINT('',#15781);
#4421=VERTEX_POINT('',#15783);
#4422=VERTEX_POINT('',#15787);
#4423=VERTEX_POINT('',#15789);
#4424=VERTEX_POINT('',#15793);
#4425=VERTEX_POINT('',#15795);
#4426=VERTEX_POINT('',#15925);
#4427=VERTEX_POINT('',#15926);
#4428=VERTEX_POINT('',#15928);
#4429=VERTEX_POINT('',#15930);
#4430=VERTEX_POINT('',#15934);
#4431=VERTEX_POINT('',#15936);
#4432=VERTEX_POINT('',#15938);
#4433=VERTEX_POINT('',#15940);
#4434=VERTEX_POINT('',#15942);
#4435=VERTEX_POINT('',#15944);
#4436=VERTEX_POINT('',#15946);
#4437=VERTEX_POINT('',#15948);
#4438=VERTEX_POINT('',#15950);
#4439=VERTEX_POINT('',#15952);
#4440=VERTEX_POINT('',#15954);
#4441=VERTEX_POINT('',#15956);
#4442=VERTEX_POINT('',#15958);
#4443=VERTEX_POINT('',#15960);
#4444=VERTEX_POINT('',#15962);
#4445=VERTEX_POINT('',#15964);
#4446=VERTEX_POINT('',#15966);
#4447=VERTEX_POINT('',#15968);
#4448=VERTEX_POINT('',#15970);
#4449=VERTEX_POINT('',#15972);
#4450=VERTEX_POINT('',#15974);
#4451=VERTEX_POINT('',#15976);
#4452=VERTEX_POINT('',#15978);
#4453=VERTEX_POINT('',#15980);
#4454=VERTEX_POINT('',#15983);
#4455=VERTEX_POINT('',#15984);
#4456=VERTEX_POINT('',#15986);
#4457=VERTEX_POINT('',#15988);
#4458=VERTEX_POINT('',#15990);
#4459=VERTEX_POINT('',#15992);
#4460=VERTEX_POINT('',#15994);
#4461=VERTEX_POINT('',#15996);
#4462=VERTEX_POINT('',#15998);
#4463=VERTEX_POINT('',#16000);
#4464=VERTEX_POINT('',#16002);
#4465=VERTEX_POINT('',#16004);
#4466=VERTEX_POINT('',#16006);
#4467=VERTEX_POINT('',#16008);
#4468=VERTEX_POINT('',#16010);
#4469=VERTEX_POINT('',#16012);
#4470=VERTEX_POINT('',#16014);
#4471=VERTEX_POINT('',#16016);
#4472=VERTEX_POINT('',#16018);
#4473=VERTEX_POINT('',#16020);
#4474=VERTEX_POINT('',#16022);
#4475=VERTEX_POINT('',#16024);
#4476=VERTEX_POINT('',#16026);
#4477=VERTEX_POINT('',#16028);
#4478=VERTEX_POINT('',#16030);
#4479=VERTEX_POINT('',#16032);
#4480=VERTEX_POINT('',#16034);
#4481=VERTEX_POINT('',#16036);
#4482=VERTEX_POINT('',#16038);
#4483=VERTEX_POINT('',#16040);
#4484=VERTEX_POINT('',#16042);
#4485=VERTEX_POINT('',#16044);
#4486=VERTEX_POINT('',#16046);
#4487=VERTEX_POINT('',#16048);
#4488=VERTEX_POINT('',#16051);
#4489=VERTEX_POINT('',#16053);
#4490=VERTEX_POINT('',#16055);
#4491=VERTEX_POINT('',#16057);
#4492=VERTEX_POINT('',#16060);
#4493=VERTEX_POINT('',#16061);
#4494=VERTEX_POINT('',#16066);
#4495=VERTEX_POINT('',#16070);
#4496=VERTEX_POINT('',#16074);
#4497=VERTEX_POINT('',#16078);
#4498=VERTEX_POINT('',#16082);
#4499=VERTEX_POINT('',#16086);
#4500=VERTEX_POINT('',#16090);
#4501=VERTEX_POINT('',#16094);
#4502=VERTEX_POINT('',#16098);
#4503=VERTEX_POINT('',#16102);
#4504=VERTEX_POINT('',#16106);
#4505=VERTEX_POINT('',#16110);
#4506=VERTEX_POINT('',#16114);
#4507=VERTEX_POINT('',#16118);
#4508=VERTEX_POINT('',#16122);
#4509=VERTEX_POINT('',#16126);
#4510=VERTEX_POINT('',#16130);
#4511=VERTEX_POINT('',#16134);
#4512=VERTEX_POINT('',#16138);
#4513=VERTEX_POINT('',#16142);
#4514=VERTEX_POINT('',#16146);
#4515=VERTEX_POINT('',#16150);
#4516=VERTEX_POINT('',#16154);
#4517=VERTEX_POINT('',#16158);
#4518=VERTEX_POINT('',#16162);
#4519=VERTEX_POINT('',#16166);
#4520=VERTEX_POINT('',#16170);
#4521=VERTEX_POINT('',#16174);
#4522=VERTEX_POINT('',#16178);
#4523=VERTEX_POINT('',#16182);
#4524=VERTEX_POINT('',#16186);
#4525=VERTEX_POINT('',#16190);
#4526=VERTEX_POINT('',#16196);
#4527=VERTEX_POINT('',#16200);
#4528=VERTEX_POINT('',#16204);
#4529=VERTEX_POINT('',#16208);
#4530=VERTEX_POINT('',#16212);
#4531=VERTEX_POINT('',#16216);
#4532=VERTEX_POINT('',#16220);
#4533=VERTEX_POINT('',#16224);
#4534=VERTEX_POINT('',#16228);
#4535=VERTEX_POINT('',#16232);
#4536=VERTEX_POINT('',#16236);
#4537=VERTEX_POINT('',#16240);
#4538=VERTEX_POINT('',#16244);
#4539=VERTEX_POINT('',#16248);
#4540=VERTEX_POINT('',#16252);
#4541=VERTEX_POINT('',#16256);
#4542=VERTEX_POINT('',#16260);
#4543=VERTEX_POINT('',#16264);
#4544=VERTEX_POINT('',#16268);
#4545=VERTEX_POINT('',#16272);
#4546=VERTEX_POINT('',#16276);
#4547=VERTEX_POINT('',#16280);
#4548=VERTEX_POINT('',#16284);
#4549=VERTEX_POINT('',#16288);
#4550=VERTEX_POINT('',#16292);
#4551=VERTEX_POINT('',#16296);
#4552=VERTEX_POINT('',#16300);
#4553=VERTEX_POINT('',#16304);
#4554=VERTEX_POINT('',#16312);
#4555=VERTEX_POINT('',#16313);
#4556=VERTEX_POINT('',#16315);
#4557=VERTEX_POINT('',#16317);
#4558=VERTEX_POINT('',#16321);
#4559=VERTEX_POINT('',#16323);
#4560=VERTEX_POINT('',#16325);
#4561=VERTEX_POINT('',#16327);
#4562=VERTEX_POINT('',#16329);
#4563=VERTEX_POINT('',#16331);
#4564=VERTEX_POINT('',#16333);
#4565=VERTEX_POINT('',#16335);
#4566=VERTEX_POINT('',#16337);
#4567=VERTEX_POINT('',#16339);
#4568=VERTEX_POINT('',#16341);
#4569=VERTEX_POINT('',#16343);
#4570=VERTEX_POINT('',#16345);
#4571=VERTEX_POINT('',#16347);
#4572=VERTEX_POINT('',#16349);
#4573=VERTEX_POINT('',#16351);
#4574=VERTEX_POINT('',#16353);
#4575=VERTEX_POINT('',#16355);
#4576=VERTEX_POINT('',#16357);
#4577=VERTEX_POINT('',#16359);
#4578=VERTEX_POINT('',#16361);
#4579=VERTEX_POINT('',#16363);
#4580=VERTEX_POINT('',#16365);
#4581=VERTEX_POINT('',#16367);
#4582=VERTEX_POINT('',#16370);
#4583=VERTEX_POINT('',#16372);
#4584=VERTEX_POINT('',#16374);
#4585=VERTEX_POINT('',#16376);
#4586=VERTEX_POINT('',#16379);
#4587=VERTEX_POINT('',#16383);
#4588=VERTEX_POINT('',#16387);
#4589=VERTEX_POINT('',#16391);
#4590=VERTEX_POINT('',#16395);
#4591=VERTEX_POINT('',#16399);
#4592=VERTEX_POINT('',#16403);
#4593=VERTEX_POINT('',#16407);
#4594=VERTEX_POINT('',#16411);
#4595=VERTEX_POINT('',#16415);
#4596=VERTEX_POINT('',#16419);
#4597=VERTEX_POINT('',#16423);
#4598=VERTEX_POINT('',#16427);
#4599=VERTEX_POINT('',#16431);
#4600=VERTEX_POINT('',#16435);
#4601=VERTEX_POINT('',#16439);
#4602=VERTEX_POINT('',#16443);
#4603=VERTEX_POINT('',#16447);
#4604=VERTEX_POINT('',#16451);
#4605=VERTEX_POINT('',#16455);
#4606=VERTEX_POINT('',#16459);
#4607=VERTEX_POINT('',#16463);
#4608=VERTEX_POINT('',#16467);
#4609=VERTEX_POINT('',#16471);
#4610=VERTEX_POINT('',#16475);
#4611=VERTEX_POINT('',#16479);
#4612=VERTEX_POINT('',#16483);
#4613=VERTEX_POINT('',#16487);
#4614=VERTEX_POINT('',#16496);
#4615=VERTEX_POINT('',#16497);
#4616=VERTEX_POINT('',#16499);
#4617=VERTEX_POINT('',#16501);
#4618=VERTEX_POINT('',#16505);
#4619=VERTEX_POINT('',#16506);
#4620=VERTEX_POINT('',#16508);
#4621=VERTEX_POINT('',#16510);
#4622=VERTEX_POINT('',#16514);
#4623=VERTEX_POINT('',#16516);
#4624=VERTEX_POINT('',#16520);
#4625=VERTEX_POINT('',#16521);
#4626=VERTEX_POINT('',#16523);
#4627=VERTEX_POINT('',#16525);
#4628=VERTEX_POINT('',#16529);
#4629=VERTEX_POINT('',#16531);
#4630=VERTEX_POINT('',#16533);
#4631=VERTEX_POINT('',#16544);
#4632=VERTEX_POINT('',#16555);
#4633=VERTEX_POINT('',#16557);
#4634=VERTEX_POINT('',#16568);
#4635=VERTEX_POINT('',#16579);
#4636=VERTEX_POINT('',#16581);
#4637=VERTEX_POINT('',#16592);
#4638=VERTEX_POINT('',#16603);
#4639=VERTEX_POINT('',#16607);
#4640=VERTEX_POINT('',#16608);
#4641=VERTEX_POINT('',#16610);
#4642=VERTEX_POINT('',#16612);
#4643=VERTEX_POINT('',#16616);
#4644=VERTEX_POINT('',#16618);
#4645=VERTEX_POINT('',#16622);
#4646=VERTEX_POINT('',#16623);
#4647=VERTEX_POINT('',#16625);
#4648=VERTEX_POINT('',#16627);
#4649=VERTEX_POINT('',#16631);
#4650=VERTEX_POINT('',#16633);
#4651=VERTEX_POINT('',#16637);
#4652=VERTEX_POINT('',#16638);
#4653=VERTEX_POINT('',#16643);
#4654=VERTEX_POINT('',#16644);
#4655=VERTEX_POINT('',#16649);
#4656=VERTEX_POINT('',#16650);
#4657=VERTEX_POINT('',#16652);
#4658=VERTEX_POINT('',#16654);
#4659=VERTEX_POINT('',#16658);
#4660=VERTEX_POINT('',#16659);
#4661=VERTEX_POINT('',#16661);
#4662=VERTEX_POINT('',#16663);
#4663=VERTEX_POINT('',#16667);
#4664=VERTEX_POINT('',#16668);
#4665=VERTEX_POINT('',#16670);
#4666=VERTEX_POINT('',#16688);
#4667=VERTEX_POINT('',#16705);
#4668=VERTEX_POINT('',#16707);
#4669=VERTEX_POINT('',#16709);
#4670=VERTEX_POINT('',#16711);
#4671=VERTEX_POINT('',#16713);
#4672=VERTEX_POINT('',#16715);
#4673=VERTEX_POINT('',#16717);
#4674=VERTEX_POINT('',#16719);
#4675=VERTEX_POINT('',#16721);
#4676=VERTEX_POINT('',#16723);
#4677=VERTEX_POINT('',#16727);
#4678=VERTEX_POINT('',#16728);
#4679=VERTEX_POINT('',#16730);
#4680=VERTEX_POINT('',#16748);
#4681=VERTEX_POINT('',#16765);
#4682=VERTEX_POINT('',#16767);
#4683=VERTEX_POINT('',#16770);
#4684=VERTEX_POINT('',#16772);
#4685=VERTEX_POINT('',#16774);
#4686=VERTEX_POINT('',#16776);
#4687=VERTEX_POINT('',#16781);
#4688=VERTEX_POINT('',#16782);
#4689=VERTEX_POINT('',#16784);
#4690=VERTEX_POINT('',#16786);
#4691=VERTEX_POINT('',#16790);
#4692=VERTEX_POINT('',#16791);
#4693=VERTEX_POINT('',#16793);
#4694=VERTEX_POINT('',#16811);
#4695=VERTEX_POINT('',#16828);
#4696=VERTEX_POINT('',#16830);
#4697=VERTEX_POINT('',#16834);
#4698=VERTEX_POINT('',#16836);
#4699=VERTEX_POINT('',#16838);
#4700=VERTEX_POINT('',#16840);
#4701=VERTEX_POINT('',#16843);
#4702=VERTEX_POINT('',#16845);
#4703=VERTEX_POINT('',#16849);
#4704=VERTEX_POINT('',#16850);
#4705=VERTEX_POINT('',#16857);
#4706=VERTEX_POINT('',#16859);
#4707=VERTEX_POINT('',#16868);
#4708=VERTEX_POINT('',#16869);
#4709=VERTEX_POINT('',#16875);
#4710=VERTEX_POINT('',#16877);
#4711=VERTEX_POINT('',#16891);
#4712=VERTEX_POINT('',#16892);
#4713=VERTEX_POINT('',#16894);
#4714=VERTEX_POINT('',#16896);
#4715=VERTEX_POINT('',#16898);
#4716=VERTEX_POINT('',#16900);
#4717=VERTEX_POINT('',#16902);
#4718=VERTEX_POINT('',#16904);
#4719=VERTEX_POINT('',#16906);
#4720=VERTEX_POINT('',#16908);
#4721=VERTEX_POINT('',#16910);
#4722=VERTEX_POINT('',#16912);
#4723=VERTEX_POINT('',#16916);
#4724=VERTEX_POINT('',#16917);
#4725=VERTEX_POINT('',#16922);
#4726=VERTEX_POINT('',#16923);
#4727=VERTEX_POINT('',#16928);
#4728=VERTEX_POINT('',#16929);
#4729=VERTEX_POINT('',#16934);
#4730=VERTEX_POINT('',#16936);
#4731=VERTEX_POINT('',#16939);
#4732=VERTEX_POINT('',#16941);
#4733=VERTEX_POINT('',#16950);
#4734=VERTEX_POINT('',#16954);
#4735=VERTEX_POINT('',#16961);
#4736=VERTEX_POINT('',#16962);
#4737=VERTEX_POINT('',#16967);
#4738=VERTEX_POINT('',#16969);
#4739=VERTEX_POINT('',#17219);
#4740=VERTEX_POINT('',#17221);
#4741=VERTEX_POINT('',#17225);
#4742=VERTEX_POINT('',#17227);
#4743=VERTEX_POINT('',#17229);
#4744=VERTEX_POINT('',#17231);
#4745=VERTEX_POINT('',#17233);
#4746=VERTEX_POINT('',#17235);
#4747=VERTEX_POINT('',#17237);
#4748=VERTEX_POINT('',#17239);
#4749=VERTEX_POINT('',#17241);
#4750=VERTEX_POINT('',#17243);
#4751=VERTEX_POINT('',#17245);
#4752=VERTEX_POINT('',#17247);
#4753=VERTEX_POINT('',#17249);
#4754=VERTEX_POINT('',#17251);
#4755=VERTEX_POINT('',#17253);
#4756=VERTEX_POINT('',#17255);
#4757=VERTEX_POINT('',#17257);
#4758=VERTEX_POINT('',#17259);
#4759=VERTEX_POINT('',#17261);
#4760=VERTEX_POINT('',#17263);
#4761=VERTEX_POINT('',#17265);
#4762=VERTEX_POINT('',#17267);
#4763=VERTEX_POINT('',#17269);
#4764=VERTEX_POINT('',#17271);
#4765=VERTEX_POINT('',#17273);
#4766=VERTEX_POINT('',#17275);
#4767=VERTEX_POINT('',#17277);
#4768=VERTEX_POINT('',#17279);
#4769=VERTEX_POINT('',#17281);
#4770=VERTEX_POINT('',#17283);
#4771=VERTEX_POINT('',#17285);
#4772=VERTEX_POINT('',#17287);
#4773=VERTEX_POINT('',#17289);
#4774=VERTEX_POINT('',#17291);
#4775=VERTEX_POINT('',#17293);
#4776=VERTEX_POINT('',#17295);
#4777=VERTEX_POINT('',#17297);
#4778=VERTEX_POINT('',#17299);
#4779=VERTEX_POINT('',#17301);
#4780=VERTEX_POINT('',#17303);
#4781=VERTEX_POINT('',#17305);
#4782=VERTEX_POINT('',#17307);
#4783=VERTEX_POINT('',#17311);
#4784=VERTEX_POINT('',#17313);
#4785=VERTEX_POINT('',#17317);
#4786=VERTEX_POINT('',#17318);
#4787=VERTEX_POINT('',#17320);
#4788=VERTEX_POINT('',#17322);
#4789=VERTEX_POINT('',#17329);
#4790=VERTEX_POINT('',#17330);
#4791=VERTEX_POINT('',#17332);
#4792=VERTEX_POINT('',#17334);
#4793=VERTEX_POINT('',#17341);
#4794=VERTEX_POINT('',#17342);
#4795=VERTEX_POINT('',#17344);
#4796=VERTEX_POINT('',#17346);
#4797=VERTEX_POINT('',#17353);
#4798=VERTEX_POINT('',#17354);
#4799=VERTEX_POINT('',#17356);
#4800=VERTEX_POINT('',#17358);
#4801=VERTEX_POINT('',#17365);
#4802=VERTEX_POINT('',#17366);
#4803=VERTEX_POINT('',#17368);
#4804=VERTEX_POINT('',#17370);
#4805=VERTEX_POINT('',#17377);
#4806=VERTEX_POINT('',#17378);
#4807=VERTEX_POINT('',#17380);
#4808=VERTEX_POINT('',#17382);
#4809=VERTEX_POINT('',#17389);
#4810=VERTEX_POINT('',#17390);
#4811=VERTEX_POINT('',#17392);
#4812=VERTEX_POINT('',#17394);
#4813=VERTEX_POINT('',#17401);
#4814=VERTEX_POINT('',#17402);
#4815=VERTEX_POINT('',#17404);
#4816=VERTEX_POINT('',#17406);
#4817=VERTEX_POINT('',#17413);
#4818=VERTEX_POINT('',#17414);
#4819=VERTEX_POINT('',#17416);
#4820=VERTEX_POINT('',#17418);
#4821=VERTEX_POINT('',#17425);
#4822=VERTEX_POINT('',#17426);
#4823=VERTEX_POINT('',#17428);
#4824=VERTEX_POINT('',#17430);
#4825=VERTEX_POINT('',#17437);
#4826=VERTEX_POINT('',#17438);
#4827=VERTEX_POINT('',#17440);
#4828=VERTEX_POINT('',#17442);
#4829=VERTEX_POINT('',#17449);
#4830=VERTEX_POINT('',#17450);
#4831=VERTEX_POINT('',#17452);
#4832=VERTEX_POINT('',#17454);
#4833=VERTEX_POINT('',#17461);
#4834=VERTEX_POINT('',#17462);
#4835=VERTEX_POINT('',#17464);
#4836=VERTEX_POINT('',#17466);
#4837=VERTEX_POINT('',#17473);
#4838=VERTEX_POINT('',#17474);
#4839=VERTEX_POINT('',#17476);
#4840=VERTEX_POINT('',#17478);
#4841=VERTEX_POINT('',#17485);
#4842=VERTEX_POINT('',#17486);
#4843=VERTEX_POINT('',#17488);
#4844=VERTEX_POINT('',#17490);
#4845=VERTEX_POINT('',#17497);
#4846=VERTEX_POINT('',#17498);
#4847=VERTEX_POINT('',#17500);
#4848=VERTEX_POINT('',#17502);
#4849=VERTEX_POINT('',#17509);
#4850=VERTEX_POINT('',#17510);
#4851=VERTEX_POINT('',#17512);
#4852=VERTEX_POINT('',#17514);
#4853=VERTEX_POINT('',#17521);
#4854=VERTEX_POINT('',#17522);
#4855=VERTEX_POINT('',#17524);
#4856=VERTEX_POINT('',#17526);
#4857=VERTEX_POINT('',#17533);
#4858=VERTEX_POINT('',#17534);
#4859=VERTEX_POINT('',#17536);
#4860=VERTEX_POINT('',#17538);
#4861=VERTEX_POINT('',#17547);
#4862=VERTEX_POINT('',#17548);
#4863=VERTEX_POINT('',#17550);
#4864=VERTEX_POINT('',#17552);
#4865=VERTEX_POINT('',#17556);
#4866=VERTEX_POINT('',#17559);
#4867=VERTEX_POINT('',#17562);
#4868=VERTEX_POINT('',#17565);
#4869=VERTEX_POINT('',#17568);
#4870=VERTEX_POINT('',#17571);
#4871=VERTEX_POINT('',#17574);
#4872=VERTEX_POINT('',#17577);
#4873=VERTEX_POINT('',#17580);
#4874=VERTEX_POINT('',#17583);
#4875=VERTEX_POINT('',#17586);
#4876=VERTEX_POINT('',#17589);
#4877=VERTEX_POINT('',#17592);
#4878=VERTEX_POINT('',#17595);
#4879=VERTEX_POINT('',#17598);
#4880=VERTEX_POINT('',#17601);
#4881=VERTEX_POINT('',#17604);
#4882=VERTEX_POINT('',#17607);
#4883=VERTEX_POINT('',#17610);
#4884=VERTEX_POINT('',#17613);
#4885=VERTEX_POINT('',#17621);
#4886=VERTEX_POINT('',#17628);
#4887=VERTEX_POINT('',#17635);
#4888=VERTEX_POINT('',#17642);
#4889=VERTEX_POINT('',#17649);
#4890=VERTEX_POINT('',#17656);
#4891=VERTEX_POINT('',#17663);
#4892=VERTEX_POINT('',#17670);
#4893=VERTEX_POINT('',#17677);
#4894=VERTEX_POINT('',#17684);
#4895=VERTEX_POINT('',#17691);
#4896=VERTEX_POINT('',#17698);
#4897=VERTEX_POINT('',#17705);
#4898=VERTEX_POINT('',#17712);
#4899=VERTEX_POINT('',#17719);
#4900=VERTEX_POINT('',#17726);
#4901=VERTEX_POINT('',#17733);
#4902=VERTEX_POINT('',#17740);
#4903=VERTEX_POINT('',#17747);
#4904=VERTEX_POINT('',#17754);
#4905=EDGE_CURVE('',#3954,#3955,#3415,.T.);
#4906=EDGE_CURVE('',#3956,#3954,#3416,.T.);
#4907=EDGE_CURVE('',#3957,#3956,#3417,.T.);
#4908=EDGE_CURVE('',#3955,#3957,#3418,.T.);
#4909=EDGE_CURVE('',#3958,#3958,#3419,.T.);
#4910=EDGE_CURVE('',#3959,#3959,#3420,.T.);
#4911=EDGE_CURVE('',#3959,#3960,#121,.T.);
#4912=EDGE_CURVE('',#3960,#3960,#3421,.T.);
#4913=EDGE_CURVE('',#3961,#3961,#3422,.T.);
#4914=EDGE_CURVE('',#3961,#3962,#122,.T.);
#4915=EDGE_CURVE('',#3962,#3962,#3423,.T.);
#4916=EDGE_CURVE('',#3963,#3964,#3424,.T.);
#4917=EDGE_CURVE('',#3964,#3965,#123,.T.);
#4918=EDGE_CURVE('',#3965,#3966,#3425,.T.);
#4919=EDGE_CURVE('',#3966,#3967,#124,.T.);
#4920=EDGE_CURVE('',#3967,#3968,#3426,.T.);
#4921=EDGE_CURVE('',#3968,#3969,#3427,.T.);
#4922=EDGE_CURVE('',#3969,#3970,#3428,.T.);
#4923=EDGE_CURVE('',#3970,#3971,#125,.T.);
#4924=EDGE_CURVE('',#3971,#3972,#3429,.T.);
#4925=EDGE_CURVE('',#3972,#3973,#3430,.T.);
#4926=EDGE_CURVE('',#3973,#3974,#3431,.T.);
#4927=EDGE_CURVE('',#3974,#3975,#126,.T.);
#4928=EDGE_CURVE('',#3975,#3976,#3432,.T.);
#4929=EDGE_CURVE('',#3976,#3977,#127,.T.);
#4930=EDGE_CURVE('',#3977,#3978,#3433,.T.);
#4931=EDGE_CURVE('',#3978,#3979,#128,.T.);
#4932=EDGE_CURVE('',#3979,#3980,#3434,.T.);
#4933=EDGE_CURVE('',#3980,#3981,#3435,.T.);
#4934=EDGE_CURVE('',#3981,#3982,#3436,.T.);
#4935=EDGE_CURVE('',#3982,#3983,#129,.T.);
#4936=EDGE_CURVE('',#3983,#3984,#3437,.T.);
#4937=EDGE_CURVE('',#3984,#3985,#3438,.T.);
#4938=EDGE_CURVE('',#3985,#3986,#3439,.T.);
#4939=EDGE_CURVE('',#3986,#3987,#130,.T.);
#4940=EDGE_CURVE('',#3987,#3988,#3440,.T.);
#4941=EDGE_CURVE('',#3988,#3963,#131,.T.);
#4942=EDGE_CURVE('',#3989,#3990,#3441,.T.);
#4943=EDGE_CURVE('',#3990,#3991,#3442,.T.);
#4944=EDGE_CURVE('',#3991,#3992,#3443,.T.);
#4945=EDGE_CURVE('',#3992,#3989,#3444,.T.);
#4946=EDGE_CURVE('',#3993,#3993,#3445,.T.);
#4947=EDGE_CURVE('',#3994,#3994,#3446,.T.);
#4948=EDGE_CURVE('',#3995,#3995,#3447,.T.);
#4949=EDGE_CURVE('',#3996,#3996,#3448,.T.);
#4950=EDGE_CURVE('',#3997,#3997,#3449,.T.);
#4951=EDGE_CURVE('',#3998,#3998,#3450,.T.);
#4952=EDGE_CURVE('',#3999,#3999,#3451,.T.);
#4953=EDGE_CURVE('',#4000,#4000,#3452,.T.);
#4954=EDGE_CURVE('',#4001,#3976,#132,.T.);
#4955=EDGE_CURVE('',#4002,#4001,#133,.T.);
#4956=EDGE_CURVE('',#4002,#3977,#134,.T.);
#4957=EDGE_CURVE('',#4003,#3966,#135,.T.);
#4958=EDGE_CURVE('',#4004,#4003,#136,.T.);
#4959=EDGE_CURVE('',#4004,#3967,#137,.T.);
#4960=EDGE_CURVE('',#4005,#3970,#138,.T.);
#4961=EDGE_CURVE('',#4006,#4005,#139,.T.);
#4962=EDGE_CURVE('',#4006,#3971,#140,.T.);
#4963=EDGE_CURVE('',#4007,#4004,#3453,.T.);
#4964=EDGE_CURVE('',#4007,#3968,#141,.T.);
#4965=EDGE_CURVE('',#4008,#4007,#3454,.T.);
#4966=EDGE_CURVE('',#4008,#3969,#142,.T.);
#4967=EDGE_CURVE('',#4005,#4008,#3455,.T.);
#4968=EDGE_CURVE('',#4009,#3973,#143,.T.);
#4969=EDGE_CURVE('',#4010,#4009,#3456,.T.);
#4970=EDGE_CURVE('',#4010,#3974,#144,.T.);
#4971=EDGE_CURVE('',#4011,#3972,#145,.T.);
#4972=EDGE_CURVE('',#4009,#4011,#3457,.T.);
#4973=EDGE_CURVE('',#4011,#4006,#3458,.T.);
#4974=EDGE_CURVE('',#4012,#3979,#146,.T.);
#4975=EDGE_CURVE('',#4013,#4012,#3459,.T.);
#4976=EDGE_CURVE('',#4013,#3980,#147,.T.);
#4977=EDGE_CURVE('',#4014,#3965,#148,.T.);
#4978=EDGE_CURVE('',#4003,#4014,#3460,.T.);
#4979=EDGE_CURVE('',#4015,#3978,#149,.T.);
#4980=EDGE_CURVE('',#4012,#4015,#150,.T.);
#4981=EDGE_CURVE('',#4015,#4002,#3461,.T.);
#4982=EDGE_CURVE('',#4016,#4010,#151,.T.);
#4983=EDGE_CURVE('',#4016,#3975,#152,.T.);
#4984=EDGE_CURVE('',#4001,#4016,#3462,.T.);
#4985=EDGE_CURVE('',#4017,#3964,#153,.T.);
#4986=EDGE_CURVE('',#4014,#4017,#154,.T.);
#4987=EDGE_CURVE('',#4018,#4013,#3463,.T.);
#4988=EDGE_CURVE('',#4018,#3981,#155,.T.);
#4989=EDGE_CURVE('',#4019,#4018,#3464,.T.);
#4990=EDGE_CURVE('',#4019,#3982,#156,.T.);
#4991=EDGE_CURVE('',#4020,#4019,#157,.T.);
#4992=EDGE_CURVE('',#4020,#3983,#158,.T.);
#4993=EDGE_CURVE('',#4021,#4020,#3465,.T.);
#4994=EDGE_CURVE('',#4021,#3984,#159,.T.);
#4995=EDGE_CURVE('',#4022,#4021,#3466,.T.);
#4996=EDGE_CURVE('',#4022,#3985,#160,.T.);
#4997=EDGE_CURVE('',#4023,#4022,#3467,.T.);
#4998=EDGE_CURVE('',#4023,#3986,#161,.T.);
#4999=EDGE_CURVE('',#4024,#4023,#162,.T.);
#5000=EDGE_CURVE('',#4024,#3987,#163,.T.);
#5001=EDGE_CURVE('',#4025,#4024,#3468,.T.);
#5002=EDGE_CURVE('',#4025,#3988,#164,.T.);
#5003=EDGE_CURVE('',#3993,#4026,#165,.T.);
#5004=EDGE_CURVE('',#4026,#4026,#3469,.T.);
#5005=EDGE_CURVE('',#3994,#4027,#166,.T.);
#5006=EDGE_CURVE('',#4027,#4027,#3470,.T.);
#5007=EDGE_CURVE('',#3995,#4028,#167,.T.);
#5008=EDGE_CURVE('',#4028,#4028,#3471,.T.);
#5009=EDGE_CURVE('',#3996,#4029,#168,.T.);
#5010=EDGE_CURVE('',#4029,#4029,#3472,.T.);
#5011=EDGE_CURVE('',#3997,#4030,#169,.T.);
#5012=EDGE_CURVE('',#4030,#4030,#3473,.T.);
#5013=EDGE_CURVE('',#3998,#4031,#170,.T.);
#5014=EDGE_CURVE('',#4031,#4031,#3474,.T.);
#5015=EDGE_CURVE('',#3999,#4032,#171,.T.);
#5016=EDGE_CURVE('',#4032,#4032,#3475,.T.);
#5017=EDGE_CURVE('',#4000,#4033,#172,.T.);
#5018=EDGE_CURVE('',#4033,#4033,#3476,.T.);
#5019=EDGE_CURVE('',#4034,#4017,#3477,.T.);
#5020=EDGE_CURVE('',#4034,#4025,#173,.T.);
#5021=EDGE_CURVE('',#4035,#4036,#174,.T.);
#5022=EDGE_CURVE('',#4036,#4037,#3478,.T.);
#5023=EDGE_CURVE('',#4037,#4038,#175,.T.);
#5024=EDGE_CURVE('',#4038,#4039,#3479,.T.);
#5025=EDGE_CURVE('',#4039,#4040,#176,.T.);
#5026=EDGE_CURVE('',#4040,#4041,#3480,.T.);
#5027=EDGE_CURVE('',#4041,#4042,#177,.T.);
#5028=EDGE_CURVE('',#4042,#4043,#3481,.T.);
#5029=EDGE_CURVE('',#4043,#4044,#178,.T.);
#5030=EDGE_CURVE('',#4044,#4045,#3482,.T.);
#5031=EDGE_CURVE('',#4045,#4046,#179,.T.);
#5032=EDGE_CURVE('',#4047,#4046,#3483,.F.);
#5033=EDGE_CURVE('',#4047,#4048,#180,.T.);
#5034=EDGE_CURVE('',#4048,#4049,#3484,.T.);
#5035=EDGE_CURVE('',#4049,#4050,#181,.T.);
#5036=EDGE_CURVE('',#4050,#4051,#3485,.T.);
#5037=EDGE_CURVE('',#4051,#4052,#182,.T.);
#5038=EDGE_CURVE('',#4053,#4052,#3486,.F.);
#5039=EDGE_CURVE('',#4053,#4054,#183,.T.);
#5040=EDGE_CURVE('',#4054,#4055,#3487,.T.);
#5041=EDGE_CURVE('',#4055,#4056,#184,.T.);
#5042=EDGE_CURVE('',#4056,#4057,#3488,.T.);
#5043=EDGE_CURVE('',#4057,#4058,#185,.T.);
#5044=EDGE_CURVE('',#4058,#4059,#3489,.T.);
#5045=EDGE_CURVE('',#4059,#4060,#186,.T.);
#5046=EDGE_CURVE('',#4060,#4035,#3490,.T.);
#5047=EDGE_CURVE('',#3963,#4034,#187,.T.);
#5048=EDGE_CURVE('',#4038,#4061,#188,.T.);
#5049=EDGE_CURVE('',#4062,#4061,#3491,.T.);
#5050=EDGE_CURVE('',#4039,#4062,#189,.T.);
#5051=EDGE_CURVE('',#4037,#4063,#190,.T.);
#5052=EDGE_CURVE('',#4061,#4063,#191,.T.);
#5053=EDGE_CURVE('',#4036,#4064,#192,.T.);
#5054=EDGE_CURVE('',#4063,#4064,#3492,.T.);
#5055=EDGE_CURVE('',#4035,#4065,#193,.T.);
#5056=EDGE_CURVE('',#4064,#4065,#194,.T.);
#5057=EDGE_CURVE('',#4060,#4066,#195,.T.);
#5058=EDGE_CURVE('',#4065,#4066,#3493,.T.);
#5059=EDGE_CURVE('',#4059,#4067,#196,.T.);
#5060=EDGE_CURVE('',#4066,#4067,#197,.T.);
#5061=EDGE_CURVE('',#4058,#4068,#198,.T.);
#5062=EDGE_CURVE('',#4067,#4068,#3494,.T.);
#5063=EDGE_CURVE('',#4057,#4069,#199,.T.);
#5064=EDGE_CURVE('',#4068,#4069,#200,.T.);
#5065=EDGE_CURVE('',#4056,#4070,#201,.T.);
#5066=EDGE_CURVE('',#4069,#4070,#3495,.T.);
#5067=EDGE_CURVE('',#4055,#4071,#202,.T.);
#5068=EDGE_CURVE('',#4070,#4071,#203,.T.);
#5069=EDGE_CURVE('',#4054,#4072,#204,.T.);
#5070=EDGE_CURVE('',#4071,#4072,#3496,.T.);
#5071=EDGE_CURVE('',#4073,#4053,#205,.T.);
#5072=EDGE_CURVE('',#4072,#4073,#206,.T.);
#5073=EDGE_CURVE('',#4050,#4074,#207,.T.);
#5074=EDGE_CURVE('',#4075,#4074,#3497,.T.);
#5075=EDGE_CURVE('',#4051,#4075,#208,.T.);
#5076=EDGE_CURVE('',#4049,#4076,#209,.T.);
#5077=EDGE_CURVE('',#4074,#4076,#210,.T.);
#5078=EDGE_CURVE('',#4048,#4077,#211,.T.);
#5079=EDGE_CURVE('',#4076,#4077,#3498,.T.);
#5080=EDGE_CURVE('',#4046,#4078,#212,.T.);
#5081=EDGE_CURVE('',#4045,#4079,#213,.T.);
#5082=EDGE_CURVE('',#4078,#4079,#214,.T.);
#5083=EDGE_CURVE('',#4044,#4080,#215,.T.);
#5084=EDGE_CURVE('',#4079,#4080,#3499,.T.);
#5085=EDGE_CURVE('',#4043,#4081,#216,.T.);
#5086=EDGE_CURVE('',#4080,#4081,#217,.T.);
#5087=EDGE_CURVE('',#4042,#4082,#218,.T.);
#5088=EDGE_CURVE('',#4081,#4082,#3500,.T.);
#5089=EDGE_CURVE('',#4041,#4083,#219,.T.);
#5090=EDGE_CURVE('',#4082,#4083,#220,.T.);
#5091=EDGE_CURVE('',#4040,#4084,#221,.T.);
#5092=EDGE_CURVE('',#4083,#4084,#3501,.T.);
#5093=EDGE_CURVE('',#4084,#4062,#222,.T.);
#5094=EDGE_CURVE('',#4085,#4085,#3502,.T.);
#5095=EDGE_CURVE('',#4085,#3958,#223,.T.);
#5096=EDGE_CURVE('',#4052,#4086,#224,.T.);
#5097=EDGE_CURVE('',#4086,#4075,#225,.T.);
#5098=EDGE_CURVE('',#4086,#4073,#3503,.T.);
#5099=EDGE_CURVE('',#4078,#4087,#3504,.T.);
#5100=EDGE_CURVE('',#4077,#4087,#226,.T.);
#5101=EDGE_CURVE('',#4087,#4047,#227,.T.);
#5102=EDGE_CURVE('',#3990,#3957,#228,.T.);
#5103=EDGE_CURVE('',#3991,#3956,#229,.T.);
#5104=EDGE_CURVE('',#3992,#3954,#230,.T.);
#5105=EDGE_CURVE('',#3955,#3989,#231,.T.);
#5106=EDGE_CURVE('',#4088,#4089,#232,.T.);
#5107=EDGE_CURVE('',#4089,#4090,#233,.T.);
#5108=EDGE_CURVE('',#4090,#4091,#234,.T.);
#5109=EDGE_CURVE('',#4091,#4092,#235,.T.);
#5110=EDGE_CURVE('',#4088,#4092,#236,.T.);
#5111=EDGE_CURVE('',#4093,#4090,#237,.T.);
#5112=EDGE_CURVE('',#4094,#4093,#3505,.T.);
#5113=EDGE_CURVE('',#4091,#4094,#3506,.T.);
#5114=EDGE_CURVE('',#4095,#4096,#238,.T.);
#5115=EDGE_CURVE('',#4093,#4095,#3507,.T.);
#5116=EDGE_CURVE('',#4096,#4093,#239,.T.);
#5117=EDGE_CURVE('',#4097,#4098,#240,.T.);
#5118=EDGE_CURVE('',#4098,#4099,#241,.T.);
#5119=EDGE_CURVE('',#4099,#4095,#242,.T.);
#5120=EDGE_CURVE('',#4097,#4096,#243,.T.);
#5121=EDGE_CURVE('',#4100,#4099,#244,.T.);
#5122=EDGE_CURVE('',#4095,#4100,#3508,.T.);
#5123=EDGE_CURVE('',#4100,#4091,#3509,.T.);
#5124=EDGE_CURVE('',#4092,#4100,#245,.T.);
#5125=EDGE_CURVE('',#4101,#4102,#246,.T.);
#5126=EDGE_CURVE('',#4101,#4102,#3510,.T.);
#5127=EDGE_CURVE('',#4103,#4104,#3511,.T.);
#5128=EDGE_CURVE('',#4089,#4103,#247,.T.);
#5129=EDGE_CURVE('',#4104,#4088,#248,.T.);
#5130=EDGE_CURVE('',#4105,#4106,#249,.T.);
#5131=EDGE_CURVE('',#4105,#4104,#250,.T.);
#5132=EDGE_CURVE('',#4098,#4107,#251,.T.);
#5133=EDGE_CURVE('',#4106,#4107,#252,.T.);
#5134=EDGE_CURVE('',#4101,#4108,#253,.T.);
#5135=EDGE_CURVE('',#4108,#4097,#254,.T.);
#5136=EDGE_CURVE('',#4102,#4103,#255,.T.);
#5137=EDGE_CURVE('',#4107,#4108,#3512,.T.);
#5138=EDGE_CURVE('',#4109,#4106,#3513,.T.);
#5139=EDGE_CURVE('',#4105,#4109,#3514,.T.);
#5140=EDGE_CURVE('',#4110,#4110,#3515,.T.);
#5141=EDGE_CURVE('',#4110,#4109,#256,.T.);
#5142=EDGE_CURVE('',#4111,#4111,#3516,.T.);
#5143=EDGE_CURVE('',#4111,#4094,#257,.T.);
#5144=EDGE_CURVE('',#4112,#4112,#3517,.F.);
#5145=EDGE_CURVE('',#4112,#4113,#258,.T.);
#5146=EDGE_CURVE('',#4113,#4113,#3518,.T.);
#5147=EDGE_CURVE('',#4114,#4115,#259,.T.);
#5148=EDGE_CURVE('',#4115,#4116,#3519,.T.);
#5149=EDGE_CURVE('',#4116,#4117,#260,.T.);
#5150=EDGE_CURVE('',#4117,#4114,#3520,.T.);
#5151=EDGE_CURVE('',#4118,#4119,#261,.F.);
#5152=EDGE_CURVE('',#4120,#4118,#3521,.F.);
#5153=EDGE_CURVE('',#4121,#4120,#262,.F.);
#5154=EDGE_CURVE('',#4119,#4121,#3522,.F.);
#5155=EDGE_CURVE('',#4117,#4119,#263,.T.);
#5156=EDGE_CURVE('',#4121,#4114,#264,.T.);
#5157=EDGE_CURVE('',#4116,#4118,#265,.T.);
#5158=EDGE_CURVE('',#4115,#4120,#266,.T.);
#5159=EDGE_CURVE('',#4122,#4123,#267,.T.);
#5160=EDGE_CURVE('',#4122,#4124,#268,.T.);
#5161=EDGE_CURVE('',#4125,#4124,#269,.T.);
#5162=EDGE_CURVE('',#4123,#4125,#270,.T.);
#5163=EDGE_CURVE('',#4126,#4122,#3523,.T.);
#5164=EDGE_CURVE('',#4126,#4127,#271,.T.);
#5165=EDGE_CURVE('',#4124,#4127,#3524,.T.);
#5166=EDGE_CURVE('',#4128,#4126,#272,.T.);
#5167=EDGE_CURVE('',#4128,#4129,#273,.T.);
#5168=EDGE_CURVE('',#4127,#4129,#274,.T.);
#5169=EDGE_CURVE('',#4130,#4128,#3525,.T.);
#5170=EDGE_CURVE('',#4131,#4130,#275,.T.);
#5171=EDGE_CURVE('',#4129,#4131,#3526,.T.);
#5172=EDGE_CURVE('',#4132,#4133,#3527,.T.);
#5173=EDGE_CURVE('',#4132,#4134,#276,.T.);
#5174=EDGE_CURVE('',#4135,#4134,#3528,.T.);
#5175=EDGE_CURVE('',#4135,#4133,#277,.T.);
#5176=EDGE_CURVE('',#4136,#4132,#278,.T.);
#5177=EDGE_CURVE('',#4136,#4137,#279,.T.);
#5178=EDGE_CURVE('',#4134,#4137,#280,.T.);
#5179=EDGE_CURVE('',#4123,#4136,#3529,.T.);
#5180=EDGE_CURVE('',#4137,#4125,#3530,.T.);
#5181=EDGE_CURVE('',#4138,#4139,#281,.T.);
#5182=EDGE_CURVE('',#4138,#4140,#282,.T.);
#5183=EDGE_CURVE('',#4141,#4140,#283,.T.);
#5184=EDGE_CURVE('',#4139,#4141,#284,.T.);
#5185=EDGE_CURVE('',#4142,#4138,#3531,.T.);
#5186=EDGE_CURVE('',#4142,#4143,#285,.T.);
#5187=EDGE_CURVE('',#4140,#4143,#3532,.T.);
#5188=EDGE_CURVE('',#4144,#4142,#286,.T.);
#5189=EDGE_CURVE('',#4144,#4145,#287,.T.);
#5190=EDGE_CURVE('',#4143,#4145,#288,.T.);
#5191=EDGE_CURVE('',#4146,#4144,#3533,.T.);
#5192=EDGE_CURVE('',#4147,#4146,#289,.T.);
#5193=EDGE_CURVE('',#4145,#4147,#3534,.T.);
#5194=EDGE_CURVE('',#4148,#4149,#3535,.T.);
#5195=EDGE_CURVE('',#4148,#4150,#290,.T.);
#5196=EDGE_CURVE('',#4151,#4150,#3536,.T.);
#5197=EDGE_CURVE('',#4151,#4149,#291,.T.);
#5198=EDGE_CURVE('',#4152,#4148,#292,.T.);
#5199=EDGE_CURVE('',#4152,#4153,#293,.T.);
#5200=EDGE_CURVE('',#4150,#4153,#294,.T.);
#5201=EDGE_CURVE('',#4139,#4152,#3537,.T.);
#5202=EDGE_CURVE('',#4153,#4141,#3538,.T.);
#5203=EDGE_CURVE('',#4154,#4131,#295,.T.);
#5204=EDGE_CURVE('',#4155,#4154,#3539,.T.);
#5205=EDGE_CURVE('',#4156,#4155,#296,.T.);
#5206=EDGE_CURVE('',#4157,#4156,#3540,.T.);
#5207=EDGE_CURVE('',#4158,#4157,#297,.T.);
#5208=EDGE_CURVE('',#4159,#4158,#3541,.T.);
#5209=EDGE_CURVE('',#4151,#4159,#298,.T.);
#5210=EDGE_CURVE('',#4160,#4147,#299,.T.);
#5211=EDGE_CURVE('',#4161,#4160,#3542,.T.);
#5212=EDGE_CURVE('',#4162,#4161,#300,.T.);
#5213=EDGE_CURVE('',#4163,#4162,#3543,.T.);
#5214=EDGE_CURVE('',#4135,#4163,#301,.T.);
#5215=EDGE_CURVE('',#4164,#4165,#3544,.T.);
#5216=EDGE_CURVE('',#4166,#4164,#302,.T.);
#5217=EDGE_CURVE('',#4167,#4166,#3545,.T.);
#5218=EDGE_CURVE('',#4168,#4167,#303,.T.);
#5219=EDGE_CURVE('',#4169,#4168,#3546,.T.);
#5220=EDGE_CURVE('',#4170,#4169,#304,.T.);
#5221=EDGE_CURVE('',#4171,#4170,#3547,.T.);
#5222=EDGE_CURVE('',#4172,#4171,#305,.T.);
#5223=EDGE_CURVE('',#4173,#4172,#3548,.T.);
#5224=EDGE_CURVE('',#4174,#4173,#306,.T.);
#5225=EDGE_CURVE('',#4175,#4174,#3549,.T.);
#5226=EDGE_CURVE('',#4176,#4175,#307,.T.);
#5227=EDGE_CURVE('',#4177,#4176,#3550,.T.);
#5228=EDGE_CURVE('',#4178,#4177,#308,.T.);
#5229=EDGE_CURVE('',#4179,#4178,#3551,.T.);
#5230=EDGE_CURVE('',#4180,#4179,#309,.T.);
#5231=EDGE_CURVE('',#4181,#4180,#3552,.T.);
#5232=EDGE_CURVE('',#4182,#4181,#310,.T.);
#5233=EDGE_CURVE('',#4183,#4182,#3553,.T.);
#5234=EDGE_CURVE('',#4184,#4183,#311,.T.);
#5235=EDGE_CURVE('',#4185,#4184,#3554,.T.);
#5236=EDGE_CURVE('',#4186,#4185,#312,.T.);
#5237=EDGE_CURVE('',#4187,#4186,#3555,.T.);
#5238=EDGE_CURVE('',#4188,#4187,#313,.T.);
#5239=EDGE_CURVE('',#4189,#4188,#3556,.T.);
#5240=EDGE_CURVE('',#4165,#4189,#314,.T.);
#5241=EDGE_CURVE('',#4190,#4190,#3557,.F.);
#5242=EDGE_CURVE('',#4191,#4191,#3558,.F.);
#5243=EDGE_CURVE('',#4192,#4192,#3559,.F.);
#5244=EDGE_CURVE('',#4193,#4193,#3560,.F.);
#5245=EDGE_CURVE('',#4194,#4146,#315,.T.);
#5246=EDGE_CURVE('',#4160,#4194,#316,.T.);
#5247=EDGE_CURVE('',#4133,#4195,#317,.T.);
#5248=EDGE_CURVE('',#4195,#4196,#3561,.T.);
#5249=EDGE_CURVE('',#4196,#4197,#318,.T.);
#5250=EDGE_CURVE('',#4197,#4194,#3562,.T.);
#5251=EDGE_CURVE('',#4149,#4198,#319,.T.);
#5252=EDGE_CURVE('',#4198,#4199,#3563,.T.);
#5253=EDGE_CURVE('',#4199,#4200,#320,.T.);
#5254=EDGE_CURVE('',#4200,#4201,#3564,.T.);
#5255=EDGE_CURVE('',#4201,#4202,#321,.T.);
#5256=EDGE_CURVE('',#4202,#4203,#3565,.T.);
#5257=EDGE_CURVE('',#4203,#4130,#322,.T.);
#5258=EDGE_CURVE('',#4204,#4205,#3566,.T.);
#5259=EDGE_CURVE('',#4205,#4206,#323,.T.);
#5260=EDGE_CURVE('',#4206,#4207,#3567,.T.);
#5261=EDGE_CURVE('',#4207,#4208,#324,.T.);
#5262=EDGE_CURVE('',#4208,#4209,#3568,.T.);
#5263=EDGE_CURVE('',#4209,#4210,#325,.T.);
#5264=EDGE_CURVE('',#4210,#4211,#3569,.T.);
#5265=EDGE_CURVE('',#4211,#4212,#326,.T.);
#5266=EDGE_CURVE('',#4213,#4212,#3570,.T.);
#5267=EDGE_CURVE('',#4213,#4214,#327,.T.);
#5268=EDGE_CURVE('',#4214,#4215,#3571,.T.);
#5269=EDGE_CURVE('',#4215,#4216,#328,.T.);
#5270=EDGE_CURVE('',#4216,#4217,#3572,.T.);
#5271=EDGE_CURVE('',#4217,#4218,#329,.T.);
#5272=EDGE_CURVE('',#4219,#4218,#3573,.T.);
#5273=EDGE_CURVE('',#4219,#4220,#330,.T.);
#5274=EDGE_CURVE('',#4220,#4221,#3574,.T.);
#5275=EDGE_CURVE('',#4221,#4222,#331,.T.);
#5276=EDGE_CURVE('',#4222,#4223,#3575,.T.);
#5277=EDGE_CURVE('',#4223,#4224,#332,.T.);
#5278=EDGE_CURVE('',#4224,#4225,#3576,.T.);
#5279=EDGE_CURVE('',#4225,#4226,#333,.T.);
#5280=EDGE_CURVE('',#4226,#4227,#3577,.T.);
#5281=EDGE_CURVE('',#4227,#4228,#334,.T.);
#5282=EDGE_CURVE('',#4228,#4229,#3578,.T.);
#5283=EDGE_CURVE('',#4229,#4204,#335,.T.);
#5284=EDGE_CURVE('',#4230,#4230,#3579,.F.);
#5285=EDGE_CURVE('',#4231,#4231,#3580,.F.);
#5286=EDGE_CURVE('',#4232,#4232,#3581,.F.);
#5287=EDGE_CURVE('',#4233,#4233,#3582,.F.);
#5288=EDGE_CURVE('',#4159,#4198,#336,.T.);
#5289=EDGE_CURVE('',#4182,#4213,#337,.T.);
#5290=EDGE_CURVE('',#4212,#4183,#338,.T.);
#5291=EDGE_CURVE('',#4181,#4214,#339,.T.);
#5292=EDGE_CURVE('',#4176,#4219,#340,.T.);
#5293=EDGE_CURVE('',#4218,#4177,#341,.T.);
#5294=EDGE_CURVE('',#4175,#4220,#342,.T.);
#5295=EDGE_CURVE('',#4164,#4204,#343,.T.);
#5296=EDGE_CURVE('',#4166,#4229,#344,.T.);
#5297=EDGE_CURVE('',#4167,#4228,#345,.T.);
#5298=EDGE_CURVE('',#4168,#4227,#346,.T.);
#5299=EDGE_CURVE('',#4169,#4226,#347,.T.);
#5300=EDGE_CURVE('',#4170,#4225,#348,.T.);
#5301=EDGE_CURVE('',#4171,#4224,#349,.T.);
#5302=EDGE_CURVE('',#4172,#4223,#350,.T.);
#5303=EDGE_CURVE('',#4173,#4222,#351,.T.);
#5304=EDGE_CURVE('',#4174,#4221,#352,.T.);
#5305=EDGE_CURVE('',#4178,#4217,#353,.T.);
#5306=EDGE_CURVE('',#4179,#4216,#354,.T.);
#5307=EDGE_CURVE('',#4180,#4215,#355,.T.);
#5308=EDGE_CURVE('',#4184,#4211,#356,.T.);
#5309=EDGE_CURVE('',#4185,#4210,#357,.T.);
#5310=EDGE_CURVE('',#4186,#4209,#358,.T.);
#5311=EDGE_CURVE('',#4187,#4208,#359,.T.);
#5312=EDGE_CURVE('',#4188,#4207,#360,.T.);
#5313=EDGE_CURVE('',#4189,#4206,#361,.T.);
#5314=EDGE_CURVE('',#4165,#4205,#362,.T.);
#5315=EDGE_CURVE('',#4230,#4190,#363,.T.);
#5316=EDGE_CURVE('',#4231,#4191,#364,.T.);
#5317=EDGE_CURVE('',#4232,#4192,#365,.T.);
#5318=EDGE_CURVE('',#4233,#4193,#366,.T.);
#5319=EDGE_CURVE('',#4161,#4197,#367,.T.);
#5320=EDGE_CURVE('',#4162,#4196,#368,.T.);
#5321=EDGE_CURVE('',#4163,#4195,#369,.T.);
#5322=EDGE_CURVE('',#4154,#4203,#370,.T.);
#5323=EDGE_CURVE('',#4155,#4202,#371,.T.);
#5324=EDGE_CURVE('',#4156,#4201,#372,.T.);
#5325=EDGE_CURVE('',#4157,#4200,#373,.T.);
#5326=EDGE_CURVE('',#4158,#4199,#374,.T.);
#5327=EDGE_CURVE('',#4234,#4234,#3583,.T.);
#5328=EDGE_CURVE('',#4234,#4235,#375,.T.);
#5329=EDGE_CURVE('',#4235,#4235,#3584,.T.);
#5330=EDGE_CURVE('',#4236,#4236,#3585,.T.);
#5331=EDGE_CURVE('',#4236,#4237,#376,.T.);
#5332=EDGE_CURVE('',#4237,#4237,#3586,.T.);
#5333=EDGE_CURVE('',#4238,#4238,#3587,.T.);
#5334=EDGE_CURVE('',#4238,#4239,#377,.T.);
#5335=EDGE_CURVE('',#4239,#4239,#3588,.T.);
#5336=EDGE_CURVE('',#4240,#4240,#3589,.T.);
#5337=EDGE_CURVE('',#4240,#4241,#378,.T.);
#5338=EDGE_CURVE('',#4241,#4241,#3590,.T.);
#5339=EDGE_CURVE('',#4242,#4242,#3591,.T.);
#5340=EDGE_CURVE('',#4242,#4243,#379,.T.);
#5341=EDGE_CURVE('',#4243,#4243,#3592,.T.);
#5342=EDGE_CURVE('',#4244,#4244,#3593,.T.);
#5343=EDGE_CURVE('',#4244,#4245,#380,.T.);
#5344=EDGE_CURVE('',#4245,#4245,#3594,.T.);
#5345=EDGE_CURVE('',#4246,#4247,#381,.T.);
#5346=EDGE_CURVE('',#4247,#4248,#3595,.T.);
#5347=EDGE_CURVE('',#4248,#4249,#382,.T.);
#5348=EDGE_CURVE('',#4250,#4249,#3596,.T.);
#5349=EDGE_CURVE('',#4251,#4250,#383,.T.);
#5350=EDGE_CURVE('',#4252,#4251,#3597,.T.);
#5351=EDGE_CURVE('',#4253,#4252,#384,.T.);
#5352=EDGE_CURVE('',#4254,#4253,#3598,.T.);
#5353=EDGE_CURVE('',#4255,#4254,#385,.T.);
#5354=EDGE_CURVE('',#4256,#4255,#3599,.T.);
#5355=EDGE_CURVE('',#4256,#4257,#386,.T.);
#5356=EDGE_CURVE('',#4257,#4258,#3600,.T.);
#5357=EDGE_CURVE('',#4258,#4259,#387,.T.);
#5358=EDGE_CURVE('',#4259,#4260,#3601,.T.);
#5359=EDGE_CURVE('',#4260,#4261,#388,.T.);
#5360=EDGE_CURVE('',#4262,#4261,#3602,.T.);
#5361=EDGE_CURVE('',#4263,#4262,#389,.T.);
#5362=EDGE_CURVE('',#4264,#4263,#3603,.T.);
#5363=EDGE_CURVE('',#4265,#4264,#390,.T.);
#5364=EDGE_CURVE('',#4266,#4265,#3604,.T.);
#5365=EDGE_CURVE('',#4267,#4266,#391,.T.);
#5366=EDGE_CURVE('',#4268,#4267,#3605,.T.);
#5367=EDGE_CURVE('',#4269,#4268,#392,.T.);
#5368=EDGE_CURVE('',#4270,#4269,#3606,.T.);
#5369=EDGE_CURVE('',#4270,#4271,#393,.T.);
#5370=EDGE_CURVE('',#4271,#4246,#3607,.T.);
#5371=EDGE_CURVE('',#4272,#4273,#3608,.T.);
#5372=EDGE_CURVE('',#4274,#4272,#3609,.T.);
#5373=EDGE_CURVE('',#4275,#4274,#394,.T.);
#5374=EDGE_CURVE('',#4276,#4275,#3610,.T.);
#5375=EDGE_CURVE('',#4277,#4276,#395,.T.);
#5376=EDGE_CURVE('',#4278,#4277,#3611,.T.);
#5377=EDGE_CURVE('',#4279,#4278,#396,.T.);
#5378=EDGE_CURVE('',#4280,#4279,#3612,.T.);
#5379=EDGE_CURVE('',#4281,#4280,#397,.T.);
#5380=EDGE_CURVE('',#4282,#4281,#3613,.T.);
#5381=EDGE_CURVE('',#4283,#4282,#398,.T.);
#5382=EDGE_CURVE('',#4284,#4283,#3614,.T.);
#5383=EDGE_CURVE('',#4285,#4284,#399,.T.);
#5384=EDGE_CURVE('',#4286,#4285,#3615,.T.);
#5385=EDGE_CURVE('',#4287,#4286,#400,.T.);
#5386=EDGE_CURVE('',#4288,#4287,#3616,.T.);
#5387=EDGE_CURVE('',#4289,#4288,#3617,.T.);
#5388=EDGE_CURVE('',#4290,#4289,#3618,.T.);
#5389=EDGE_CURVE('',#4290,#4291,#401,.T.);
#5390=EDGE_CURVE('',#4292,#4291,#3619,.T.);
#5391=EDGE_CURVE('',#4292,#4293,#402,.T.);
#5392=EDGE_CURVE('',#4294,#4293,#3620,.T.);
#5393=EDGE_CURVE('',#4295,#4294,#403,.T.);
#5394=EDGE_CURVE('',#4296,#4295,#3621,.T.);
#5395=EDGE_CURVE('',#4296,#4297,#404,.T.);
#5396=EDGE_CURVE('',#4298,#4297,#3622,.T.);
#5397=EDGE_CURVE('',#4299,#4298,#3623,.F.);
#5398=EDGE_CURVE('',#4300,#4299,#3624,.T.);
#5399=EDGE_CURVE('',#4300,#4301,#405,.T.);
#5400=EDGE_CURVE('',#4302,#4301,#3625,.T.);
#5401=EDGE_CURVE('',#4302,#4303,#406,.T.);
#5402=EDGE_CURVE('',#4304,#4303,#3626,.T.);
#5403=EDGE_CURVE('',#4304,#4305,#407,.T.);
#5404=EDGE_CURVE('',#4273,#4305,#3627,.T.);
#5405=EDGE_CURVE('',#4306,#4306,#3628,.F.);
#5406=EDGE_CURVE('',#4307,#4307,#3629,.F.);
#5407=EDGE_CURVE('',#4308,#4308,#3630,.F.);
#5408=EDGE_CURVE('',#4309,#4309,#3631,.F.);
#5409=EDGE_CURVE('',#4310,#4311,#408,.T.);
#5410=EDGE_CURVE('',#4311,#4312,#3632,.T.);
#5411=EDGE_CURVE('',#4312,#4313,#409,.T.);
#5412=EDGE_CURVE('',#4314,#4313,#3633,.T.);
#5413=EDGE_CURVE('',#4314,#4315,#410,.T.);
#5414=EDGE_CURVE('',#4315,#4316,#3634,.T.);
#5415=EDGE_CURVE('',#4316,#4317,#411,.T.);
#5416=EDGE_CURVE('',#4317,#4318,#3635,.T.);
#5417=EDGE_CURVE('',#4318,#4319,#412,.T.);
#5418=EDGE_CURVE('',#4319,#4320,#3636,.T.);
#5419=EDGE_CURVE('',#4320,#4321,#413,.T.);
#5420=EDGE_CURVE('',#4322,#4321,#3637,.T.);
#5421=EDGE_CURVE('',#4322,#4323,#414,.T.);
#5422=EDGE_CURVE('',#4323,#4324,#3638,.T.);
#5423=EDGE_CURVE('',#4324,#4325,#415,.T.);
#5424=EDGE_CURVE('',#4325,#4326,#3639,.T.);
#5425=EDGE_CURVE('',#4326,#4327,#416,.T.);
#5426=EDGE_CURVE('',#4328,#4327,#3640,.T.);
#5427=EDGE_CURVE('',#4328,#4329,#417,.T.);
#5428=EDGE_CURVE('',#4329,#4330,#3641,.T.);
#5429=EDGE_CURVE('',#4330,#4331,#418,.T.);
#5430=EDGE_CURVE('',#4331,#4332,#3642,.T.);
#5431=EDGE_CURVE('',#4332,#4333,#419,.T.);
#5432=EDGE_CURVE('',#4334,#4333,#3643,.T.);
#5433=EDGE_CURVE('',#4334,#4335,#420,.T.);
#5434=EDGE_CURVE('',#4335,#4310,#3644,.T.);
#5435=EDGE_CURVE('',#4336,#4336,#3645,.F.);
#5436=EDGE_CURVE('',#4337,#4337,#3646,.F.);
#5437=EDGE_CURVE('',#4338,#4338,#3647,.F.);
#5438=EDGE_CURVE('',#4339,#4339,#3648,.F.);
#5439=EDGE_CURVE('',#4340,#4341,#3649,.T.);
#5440=EDGE_CURVE('',#4340,#4342,#3650,.F.);
#5441=EDGE_CURVE('',#4342,#4343,#421,.T.);
#5442=EDGE_CURVE('',#4344,#4343,#3651,.T.);
#5443=EDGE_CURVE('',#4344,#4345,#422,.T.);
#5444=EDGE_CURVE('',#4346,#4345,#3652,.T.);
#5445=EDGE_CURVE('',#4346,#4347,#423,.T.);
#5446=EDGE_CURVE('',#4348,#4347,#3653,.T.);
#5447=EDGE_CURVE('',#4348,#4349,#3654,.F.);
#5448=EDGE_CURVE('',#4350,#4349,#3655,.T.);
#5449=EDGE_CURVE('',#4350,#4351,#424,.T.);
#5450=EDGE_CURVE('',#4352,#4351,#3656,.T.);
#5451=EDGE_CURVE('',#4352,#4353,#425,.T.);
#5452=EDGE_CURVE('',#4354,#4353,#3657,.T.);
#5453=EDGE_CURVE('',#4354,#4355,#426,.T.);
#5454=EDGE_CURVE('',#4356,#4355,#3658,.T.);
#5455=EDGE_CURVE('',#4356,#4357,#427,.T.);
#5456=EDGE_CURVE('',#4358,#4357,#3659,.T.);
#5457=EDGE_CURVE('',#4359,#4358,#3660,.T.);
#5458=EDGE_CURVE('',#4359,#4360,#3661,.T.);
#5459=EDGE_CURVE('',#4360,#4361,#428,.T.);
#5460=EDGE_CURVE('',#4361,#4362,#3662,.T.);
#5461=EDGE_CURVE('',#4362,#4363,#429,.T.);
#5462=EDGE_CURVE('',#4363,#4364,#3663,.T.);
#5463=EDGE_CURVE('',#4364,#4365,#430,.T.);
#5464=EDGE_CURVE('',#4365,#4366,#3664,.T.);
#5465=EDGE_CURVE('',#4366,#4367,#431,.T.);
#5466=EDGE_CURVE('',#4367,#4368,#3665,.T.);
#5467=EDGE_CURVE('',#4368,#4369,#432,.T.);
#5468=EDGE_CURVE('',#4369,#4370,#3666,.T.);
#5469=EDGE_CURVE('',#4370,#4371,#433,.T.);
#5470=EDGE_CURVE('',#4371,#4372,#3667,.T.);
#5471=EDGE_CURVE('',#4372,#4373,#434,.T.);
#5472=EDGE_CURVE('',#4373,#4341,#3668,.T.);
#5473=EDGE_CURVE('',#4374,#4375,#435,.T.);
#5474=EDGE_CURVE('',#4376,#4374,#436,.T.);
#5475=EDGE_CURVE('',#4377,#4376,#437,.T.);
#5476=EDGE_CURVE('',#4377,#4375,#438,.T.);
#5477=EDGE_CURVE('',#4375,#4378,#3669,.T.);
#5478=EDGE_CURVE('',#4379,#4377,#3670,.T.);
#5479=EDGE_CURVE('',#4379,#4378,#439,.T.);
#5480=EDGE_CURVE('',#4378,#4380,#440,.T.);
#5481=EDGE_CURVE('',#4381,#4379,#441,.T.);
#5482=EDGE_CURVE('',#4381,#4380,#442,.T.);
#5483=EDGE_CURVE('',#4380,#4382,#3671,.T.);
#5484=EDGE_CURVE('',#4383,#4381,#3672,.T.);
#5485=EDGE_CURVE('',#4383,#4382,#443,.T.);
#5486=EDGE_CURVE('',#4382,#4384,#444,.T.);
#5487=EDGE_CURVE('',#4385,#4383,#445,.T.);
#5488=EDGE_CURVE('',#4385,#4384,#446,.T.);
#5489=EDGE_CURVE('',#4384,#4386,#3673,.T.);
#5490=EDGE_CURVE('',#4387,#4385,#3674,.T.);
#5491=EDGE_CURVE('',#4387,#4386,#447,.T.);
#5492=EDGE_CURVE('',#4386,#4388,#448,.T.);
#5493=EDGE_CURVE('',#4389,#4387,#449,.T.);
#5494=EDGE_CURVE('',#4389,#4388,#450,.T.);
#5495=EDGE_CURVE('',#4388,#4374,#3675,.T.);
#5496=EDGE_CURVE('',#4376,#4389,#3676,.T.);
#5497=EDGE_CURVE('',#4355,#4389,#451,.T.);
#5498=EDGE_CURVE('',#4379,#4354,#452,.T.);
#5499=EDGE_CURVE('',#4293,#4381,#453,.T.);
#5500=EDGE_CURVE('',#4387,#4292,#454,.T.);
#5501=EDGE_CURVE('',#4390,#4391,#72,.T.);
#5502=EDGE_CURVE('',#4390,#4392,#455,.T.);
#5503=EDGE_CURVE('',#4393,#4392,#3677,.T.);
#5504=EDGE_CURVE('',#4391,#4393,#456,.T.);
#5505=EDGE_CURVE('',#4394,#4390,#457,.T.);
#5506=EDGE_CURVE('',#4394,#4395,#458,.T.);
#5507=EDGE_CURVE('',#4392,#4395,#459,.T.);
#5508=EDGE_CURVE('',#4396,#4394,#73,.T.);
#5509=EDGE_CURVE('',#4396,#4397,#460,.T.);
#5510=EDGE_CURVE('',#4395,#4397,#3678,.T.);
#5511=EDGE_CURVE('',#4398,#4399,#74,.T.);
#5512=EDGE_CURVE('',#4398,#4400,#461,.T.);
#5513=EDGE_CURVE('',#4401,#4400,#3679,.T.);
#5514=EDGE_CURVE('',#4399,#4401,#462,.T.);
#5515=EDGE_CURVE('',#4402,#4398,#463,.T.);
#5516=EDGE_CURVE('',#4402,#4403,#464,.T.);
#5517=EDGE_CURVE('',#4400,#4403,#465,.T.);
#5518=EDGE_CURVE('',#4404,#4402,#75,.T.);
#5519=EDGE_CURVE('',#4404,#4405,#466,.T.);
#5520=EDGE_CURVE('',#4403,#4405,#3680,.T.);
#5521=EDGE_CURVE('',#4406,#4391,#3681,.T.);
#5522=EDGE_CURVE('',#4405,#4393,#467,.T.);
#5523=EDGE_CURVE('',#4407,#4404,#3682,.T.);
#5524=EDGE_CURVE('',#4406,#4407,#468,.T.);
#5525=EDGE_CURVE('',#4396,#4408,#3683,.T.);
#5526=EDGE_CURVE('',#4409,#4408,#469,.T.);
#5527=EDGE_CURVE('',#4399,#4409,#3684,.T.);
#5528=EDGE_CURVE('',#4397,#4401,#470,.T.);
#5529=EDGE_CURVE('',#4281,#4408,#471,.T.);
#5530=EDGE_CURVE('',#4280,#4409,#472,.T.);
#5531=EDGE_CURVE('',#4407,#4367,#473,.T.);
#5532=EDGE_CURVE('',#4406,#4366,#474,.T.);
#5533=EDGE_CURVE('',#4311,#4246,#475,.T.);
#5534=EDGE_CURVE('',#4310,#4247,#476,.T.);
#5535=EDGE_CURVE('',#4410,#4411,#477,.T.);
#5536=EDGE_CURVE('',#4410,#4412,#478,.T.);
#5537=EDGE_CURVE('',#4413,#4412,#479,.T.);
#5538=EDGE_CURVE('',#4411,#4413,#480,.T.);
#5539=EDGE_CURVE('',#4414,#4410,#3685,.T.);
#5540=EDGE_CURVE('',#4414,#4415,#481,.T.);
#5541=EDGE_CURVE('',#4412,#4415,#3686,.T.);
#5542=EDGE_CURVE('',#4416,#4414,#482,.T.);
#5543=EDGE_CURVE('',#4416,#4417,#483,.T.);
#5544=EDGE_CURVE('',#4415,#4417,#484,.T.);
#5545=EDGE_CURVE('',#4418,#4416,#3687,.T.);
#5546=EDGE_CURVE('',#4418,#4419,#485,.T.);
#5547=EDGE_CURVE('',#4417,#4419,#3688,.T.);
#5548=EDGE_CURVE('',#4420,#4418,#486,.T.);
#5549=EDGE_CURVE('',#4420,#4421,#487,.T.);
#5550=EDGE_CURVE('',#4419,#4421,#488,.T.);
#5551=EDGE_CURVE('',#4422,#4420,#3689,.T.);
#5552=EDGE_CURVE('',#4422,#4423,#489,.T.);
#5553=EDGE_CURVE('',#4421,#4423,#3690,.T.);
#5554=EDGE_CURVE('',#4424,#4422,#490,.T.);
#5555=EDGE_CURVE('',#4424,#4425,#491,.T.);
#5556=EDGE_CURVE('',#4423,#4425,#492,.T.);
#5557=EDGE_CURVE('',#4411,#4424,#3691,.T.);
#5558=EDGE_CURVE('',#4425,#4413,#3692,.T.);
#5559=EDGE_CURVE('',#4345,#4424,#493,.T.);
#5560=EDGE_CURVE('',#4414,#4344,#494,.T.);
#5561=EDGE_CURVE('',#4303,#4416,#495,.T.);
#5562=EDGE_CURVE('',#4422,#4302,#496,.T.);
#5563=EDGE_CURVE('',#4341,#4272,#497,.T.);
#5564=EDGE_CURVE('',#4273,#4340,#498,.T.);
#5565=EDGE_CURVE('',#4305,#4342,#499,.T.);
#5566=EDGE_CURVE('',#4357,#4290,#500,.T.);
#5567=EDGE_CURVE('',#4289,#4358,#501,.T.);
#5568=EDGE_CURVE('',#4291,#4356,#502,.T.);
#5569=EDGE_CURVE('',#4288,#4359,#503,.T.);
#5570=EDGE_CURVE('',#4353,#4294,#504,.T.);
#5571=EDGE_CURVE('',#4295,#4352,#505,.T.);
#5572=EDGE_CURVE('',#4301,#4346,#506,.T.);
#5573=EDGE_CURVE('',#4343,#4304,#507,.T.);
#5574=EDGE_CURVE('',#4249,#4334,#508,.T.);
#5575=EDGE_CURVE('',#4333,#4250,#509,.T.);
#5576=EDGE_CURVE('',#4251,#4332,#510,.T.);
#5577=EDGE_CURVE('',#4269,#4314,#511,.T.);
#5578=EDGE_CURVE('',#4313,#4270,#512,.T.);
#5579=EDGE_CURVE('',#4312,#4271,#513,.T.);
#5580=EDGE_CURVE('',#4255,#4328,#514,.T.);
#5581=EDGE_CURVE('',#4327,#4256,#515,.T.);
#5582=EDGE_CURVE('',#4326,#4257,#516,.T.);
#5583=EDGE_CURVE('',#4261,#4322,#517,.T.);
#5584=EDGE_CURVE('',#4321,#4262,#518,.T.);
#5585=EDGE_CURVE('',#4323,#4260,#519,.T.);
#5586=EDGE_CURVE('',#4325,#4258,#520,.T.);
#5587=EDGE_CURVE('',#4324,#4259,#521,.T.);
#5588=EDGE_CURVE('',#4335,#4248,#522,.T.);
#5589=EDGE_CURVE('',#4351,#4296,#523,.T.);
#5590=EDGE_CURVE('',#4349,#4298,#524,.T.);
#5591=EDGE_CURVE('',#4297,#4350,#525,.T.);
#5592=EDGE_CURVE('',#4299,#4348,#526,.T.);
#5593=EDGE_CURVE('',#4347,#4300,#527,.T.);
#5594=EDGE_CURVE('',#4339,#4309,#528,.T.);
#5595=EDGE_CURVE('',#4338,#4308,#529,.T.);
#5596=EDGE_CURVE('',#4337,#4307,#530,.T.);
#5597=EDGE_CURVE('',#4274,#4373,#531,.T.);
#5598=EDGE_CURVE('',#4275,#4372,#532,.T.);
#5599=EDGE_CURVE('',#4276,#4371,#533,.T.);
#5600=EDGE_CURVE('',#4277,#4370,#534,.T.);
#5601=EDGE_CURVE('',#4278,#4369,#535,.T.);
#5602=EDGE_CURVE('',#4279,#4368,#536,.T.);
#5603=EDGE_CURVE('',#4282,#4365,#537,.T.);
#5604=EDGE_CURVE('',#4283,#4364,#538,.T.);
#5605=EDGE_CURVE('',#4284,#4363,#539,.T.);
#5606=EDGE_CURVE('',#4285,#4362,#540,.T.);
#5607=EDGE_CURVE('',#4286,#4361,#541,.T.);
#5608=EDGE_CURVE('',#4287,#4360,#542,.T.);
#5609=EDGE_CURVE('',#4336,#4306,#543,.T.);
#5610=EDGE_CURVE('',#4268,#4315,#544,.T.);
#5611=EDGE_CURVE('',#4252,#4331,#545,.T.);
#5612=EDGE_CURVE('',#4253,#4330,#546,.T.);
#5613=EDGE_CURVE('',#4254,#4329,#547,.T.);
#5614=EDGE_CURVE('',#4263,#4320,#548,.T.);
#5615=EDGE_CURVE('',#4264,#4319,#549,.T.);
#5616=EDGE_CURVE('',#4265,#4318,#550,.T.);
#5617=EDGE_CURVE('',#4266,#4317,#551,.T.);
#5618=EDGE_CURVE('',#4267,#4316,#552,.T.);
#5619=EDGE_CURVE('',#4426,#4427,#553,.T.);
#5620=EDGE_CURVE('',#4427,#4428,#554,.T.);
#5621=EDGE_CURVE('',#4429,#4428,#555,.T.);
#5622=EDGE_CURVE('',#4426,#4429,#556,.T.);
#5623=EDGE_CURVE('',#4428,#4430,#3693,.T.);
#5624=EDGE_CURVE('',#4430,#4431,#557,.T.);
#5625=EDGE_CURVE('',#4431,#4432,#3694,.T.);
#5626=EDGE_CURVE('',#4432,#4433,#558,.T.);
#5627=EDGE_CURVE('',#4433,#4434,#3695,.T.);
#5628=EDGE_CURVE('',#4434,#4435,#559,.T.);
#5629=EDGE_CURVE('',#4435,#4436,#3696,.T.);
#5630=EDGE_CURVE('',#4436,#4437,#560,.T.);
#5631=EDGE_CURVE('',#4437,#4438,#3697,.T.);
#5632=EDGE_CURVE('',#4438,#4439,#561,.T.);
#5633=EDGE_CURVE('',#4439,#4440,#3698,.T.);
#5634=EDGE_CURVE('',#4440,#4441,#562,.T.);
#5635=EDGE_CURVE('',#4441,#4442,#3699,.T.);
#5636=EDGE_CURVE('',#4442,#4443,#563,.T.);
#5637=EDGE_CURVE('',#4443,#4444,#3700,.T.);
#5638=EDGE_CURVE('',#4444,#4445,#564,.T.);
#5639=EDGE_CURVE('',#4445,#4446,#3701,.T.);
#5640=EDGE_CURVE('',#4446,#4447,#565,.T.);
#5641=EDGE_CURVE('',#4447,#4448,#3702,.T.);
#5642=EDGE_CURVE('',#4448,#4449,#566,.T.);
#5643=EDGE_CURVE('',#4449,#4450,#3703,.T.);
#5644=EDGE_CURVE('',#4450,#4451,#567,.T.);
#5645=EDGE_CURVE('',#4451,#4452,#3704,.T.);
#5646=EDGE_CURVE('',#4452,#4453,#568,.T.);
#5647=EDGE_CURVE('',#4453,#4429,#3705,.T.);
#5648=EDGE_CURVE('',#4454,#4455,#3706,.T.);
#5649=EDGE_CURVE('',#4455,#4456,#569,.T.);
#5650=EDGE_CURVE('',#4456,#4457,#3707,.T.);
#5651=EDGE_CURVE('',#4457,#4458,#570,.T.);
#5652=EDGE_CURVE('',#4458,#4459,#3708,.T.);
#5653=EDGE_CURVE('',#4459,#4460,#571,.T.);
#5654=EDGE_CURVE('',#4460,#4461,#3709,.T.);
#5655=EDGE_CURVE('',#4461,#4462,#572,.T.);
#5656=EDGE_CURVE('',#4462,#4463,#3710,.T.);
#5657=EDGE_CURVE('',#4463,#4464,#3711,.T.);
#5658=EDGE_CURVE('',#4464,#4465,#3712,.T.);
#5659=EDGE_CURVE('',#4465,#4466,#573,.T.);
#5660=EDGE_CURVE('',#4466,#4467,#3713,.T.);
#5661=EDGE_CURVE('',#4467,#4468,#574,.T.);
#5662=EDGE_CURVE('',#4468,#4469,#3714,.T.);
#5663=EDGE_CURVE('',#4469,#4470,#575,.T.);
#5664=EDGE_CURVE('',#4470,#4471,#3715,.T.);
#5665=EDGE_CURVE('',#4471,#4472,#3716,.T.);
#5666=EDGE_CURVE('',#4472,#4473,#3717,.T.);
#5667=EDGE_CURVE('',#4473,#4474,#576,.T.);
#5668=EDGE_CURVE('',#4474,#4475,#3718,.T.);
#5669=EDGE_CURVE('',#4475,#4476,#577,.T.);
#5670=EDGE_CURVE('',#4476,#4477,#3719,.T.);
#5671=EDGE_CURVE('',#4477,#4478,#578,.T.);
#5672=EDGE_CURVE('',#4478,#4479,#3720,.T.);
#5673=EDGE_CURVE('',#4479,#4480,#579,.T.);
#5674=EDGE_CURVE('',#4480,#4481,#3721,.T.);
#5675=EDGE_CURVE('',#4481,#4482,#3722,.T.);
#5676=EDGE_CURVE('',#4482,#4483,#3723,.T.);
#5677=EDGE_CURVE('',#4483,#4484,#580,.T.);
#5678=EDGE_CURVE('',#4484,#4485,#3724,.T.);
#5679=EDGE_CURVE('',#4485,#4486,#581,.T.);
#5680=EDGE_CURVE('',#4486,#4487,#3725,.T.);
#5681=EDGE_CURVE('',#4487,#4454,#582,.T.);
#5682=EDGE_CURVE('',#4488,#4488,#3726,.F.);
#5683=EDGE_CURVE('',#4489,#4489,#3727,.F.);
#5684=EDGE_CURVE('',#4490,#4490,#3728,.F.);
#5685=EDGE_CURVE('',#4491,#4491,#3729,.F.);
#5686=EDGE_CURVE('',#4492,#4493,#583,.T.);
#5687=EDGE_CURVE('',#4493,#4454,#584,.T.);
#5688=EDGE_CURVE('',#4492,#4487,#585,.T.);
#5689=EDGE_CURVE('',#4494,#4492,#3730,.T.);
#5690=EDGE_CURVE('',#4494,#4486,#586,.T.);
#5691=EDGE_CURVE('',#4495,#4494,#587,.T.);
#5692=EDGE_CURVE('',#4495,#4485,#588,.T.);
#5693=EDGE_CURVE('',#4496,#4495,#3731,.T.);
#5694=EDGE_CURVE('',#4496,#4484,#589,.T.);
#5695=EDGE_CURVE('',#4497,#4496,#590,.T.);
#5696=EDGE_CURVE('',#4497,#4483,#591,.T.);
#5697=EDGE_CURVE('',#4498,#4497,#3732,.T.);
#5698=EDGE_CURVE('',#4498,#4482,#592,.T.);
#5699=EDGE_CURVE('',#4499,#4498,#3733,.T.);
#5700=EDGE_CURVE('',#4499,#4481,#593,.T.);
#5701=EDGE_CURVE('',#4500,#4499,#3734,.T.);
#5702=EDGE_CURVE('',#4500,#4480,#594,.T.);
#5703=EDGE_CURVE('',#4501,#4500,#595,.T.);
#5704=EDGE_CURVE('',#4501,#4479,#596,.T.);
#5705=EDGE_CURVE('',#4502,#4501,#3735,.T.);
#5706=EDGE_CURVE('',#4502,#4478,#597,.T.);
#5707=EDGE_CURVE('',#4503,#4502,#598,.T.);
#5708=EDGE_CURVE('',#4503,#4477,#599,.T.);
#5709=EDGE_CURVE('',#4504,#4503,#3736,.T.);
#5710=EDGE_CURVE('',#4504,#4476,#600,.T.);
#5711=EDGE_CURVE('',#4505,#4504,#601,.T.);
#5712=EDGE_CURVE('',#4505,#4475,#602,.T.);
#5713=EDGE_CURVE('',#4506,#4505,#3737,.T.);
#5714=EDGE_CURVE('',#4506,#4474,#603,.T.);
#5715=EDGE_CURVE('',#4507,#4506,#604,.T.);
#5716=EDGE_CURVE('',#4507,#4473,#605,.T.);
#5717=EDGE_CURVE('',#4508,#4507,#3738,.T.);
#5718=EDGE_CURVE('',#4508,#4472,#606,.T.);
#5719=EDGE_CURVE('',#4509,#4508,#3739,.T.);
#5720=EDGE_CURVE('',#4509,#4471,#607,.T.);
#5721=EDGE_CURVE('',#4510,#4509,#3740,.T.);
#5722=EDGE_CURVE('',#4510,#4470,#608,.T.);
#5723=EDGE_CURVE('',#4511,#4510,#609,.T.);
#5724=EDGE_CURVE('',#4511,#4469,#610,.T.);
#5725=EDGE_CURVE('',#4512,#4511,#3741,.T.);
#5726=EDGE_CURVE('',#4512,#4468,#611,.T.);
#5727=EDGE_CURVE('',#4513,#4512,#612,.T.);
#5728=EDGE_CURVE('',#4513,#4467,#613,.T.);
#5729=EDGE_CURVE('',#4514,#4513,#3742,.T.);
#5730=EDGE_CURVE('',#4514,#4466,#614,.T.);
#5731=EDGE_CURVE('',#4515,#4514,#615,.T.);
#5732=EDGE_CURVE('',#4515,#4465,#616,.T.);
#5733=EDGE_CURVE('',#4516,#4515,#3743,.T.);
#5734=EDGE_CURVE('',#4516,#4464,#617,.T.);
#5735=EDGE_CURVE('',#4517,#4516,#3744,.T.);
#5736=EDGE_CURVE('',#4517,#4463,#618,.T.);
#5737=EDGE_CURVE('',#4518,#4517,#3745,.T.);
#5738=EDGE_CURVE('',#4518,#4462,#619,.T.);
#5739=EDGE_CURVE('',#4519,#4518,#620,.T.);
#5740=EDGE_CURVE('',#4519,#4461,#621,.T.);
#5741=EDGE_CURVE('',#4520,#4519,#3746,.T.);
#5742=EDGE_CURVE('',#4520,#4460,#622,.T.);
#5743=EDGE_CURVE('',#4521,#4520,#623,.T.);
#5744=EDGE_CURVE('',#4521,#4459,#624,.T.);
#5745=EDGE_CURVE('',#4522,#4521,#3747,.T.);
#5746=EDGE_CURVE('',#4522,#4458,#625,.T.);
#5747=EDGE_CURVE('',#4523,#4522,#626,.T.);
#5748=EDGE_CURVE('',#4523,#4457,#627,.T.);
#5749=EDGE_CURVE('',#4524,#4523,#3748,.T.);
#5750=EDGE_CURVE('',#4524,#4456,#628,.T.);
#5751=EDGE_CURVE('',#4525,#4524,#629,.T.);
#5752=EDGE_CURVE('',#4525,#4455,#630,.T.);
#5753=EDGE_CURVE('',#4493,#4525,#3749,.T.);
#5754=EDGE_CURVE('',#4488,#4526,#631,.T.);
#5755=EDGE_CURVE('',#4526,#4526,#3750,.F.);
#5756=EDGE_CURVE('',#4489,#4527,#632,.T.);
#5757=EDGE_CURVE('',#4527,#4527,#3751,.F.);
#5758=EDGE_CURVE('',#4490,#4528,#633,.T.);
#5759=EDGE_CURVE('',#4528,#4528,#3752,.F.);
#5760=EDGE_CURVE('',#4491,#4529,#634,.T.);
#5761=EDGE_CURVE('',#4529,#4529,#3753,.F.);
#5762=EDGE_CURVE('',#4426,#4530,#3754,.T.);
#5763=EDGE_CURVE('',#4530,#4453,#635,.T.);
#5764=EDGE_CURVE('',#4531,#4530,#636,.T.);
#5765=EDGE_CURVE('',#4531,#4452,#637,.T.);
#5766=EDGE_CURVE('',#4532,#4531,#3755,.T.);
#5767=EDGE_CURVE('',#4532,#4451,#638,.T.);
#5768=EDGE_CURVE('',#4533,#4532,#639,.T.);
#5769=EDGE_CURVE('',#4533,#4450,#640,.T.);
#5770=EDGE_CURVE('',#4534,#4533,#3756,.T.);
#5771=EDGE_CURVE('',#4534,#4449,#641,.T.);
#5772=EDGE_CURVE('',#4535,#4534,#642,.T.);
#5773=EDGE_CURVE('',#4535,#4448,#643,.T.);
#5774=EDGE_CURVE('',#4536,#4535,#3757,.T.);
#5775=EDGE_CURVE('',#4536,#4447,#644,.T.);
#5776=EDGE_CURVE('',#4537,#4536,#645,.T.);
#5777=EDGE_CURVE('',#4537,#4446,#646,.T.);
#5778=EDGE_CURVE('',#4538,#4537,#3758,.T.);
#5779=EDGE_CURVE('',#4538,#4445,#647,.T.);
#5780=EDGE_CURVE('',#4539,#4538,#648,.T.);
#5781=EDGE_CURVE('',#4539,#4444,#649,.T.);
#5782=EDGE_CURVE('',#4539,#4540,#3759,.T.);
#5783=EDGE_CURVE('',#4540,#4443,#650,.T.);
#5784=EDGE_CURVE('',#4541,#4540,#651,.T.);
#5785=EDGE_CURVE('',#4541,#4442,#652,.T.);
#5786=EDGE_CURVE('',#4541,#4542,#3760,.T.);
#5787=EDGE_CURVE('',#4542,#4441,#653,.T.);
#5788=EDGE_CURVE('',#4543,#4542,#654,.T.);
#5789=EDGE_CURVE('',#4543,#4440,#655,.T.);
#5790=EDGE_CURVE('',#4544,#4543,#3761,.T.);
#5791=EDGE_CURVE('',#4544,#4439,#656,.T.);
#5792=EDGE_CURVE('',#4545,#4544,#657,.T.);
#5793=EDGE_CURVE('',#4545,#4438,#658,.T.);
#5794=EDGE_CURVE('',#4546,#4545,#3762,.T.);
#5795=EDGE_CURVE('',#4546,#4437,#659,.T.);
#5796=EDGE_CURVE('',#4547,#4546,#660,.T.);
#5797=EDGE_CURVE('',#4547,#4436,#661,.T.);
#5798=EDGE_CURVE('',#4548,#4547,#3763,.T.);
#5799=EDGE_CURVE('',#4548,#4435,#662,.T.);
#5800=EDGE_CURVE('',#4549,#4548,#663,.T.);
#5801=EDGE_CURVE('',#4549,#4434,#664,.T.);
#5802=EDGE_CURVE('',#4550,#4549,#3764,.T.);
#5803=EDGE_CURVE('',#4550,#4433,#665,.T.);
#5804=EDGE_CURVE('',#4551,#4550,#666,.T.);
#5805=EDGE_CURVE('',#4551,#4432,#667,.T.);
#5806=EDGE_CURVE('',#4552,#4551,#3765,.T.);
#5807=EDGE_CURVE('',#4552,#4431,#668,.T.);
#5808=EDGE_CURVE('',#4553,#4552,#669,.T.);
#5809=EDGE_CURVE('',#4553,#4430,#670,.T.);
#5810=EDGE_CURVE('',#4553,#4427,#3766,.T.);
#5811=EDGE_CURVE('',#4554,#4555,#671,.T.);
#5812=EDGE_CURVE('',#4555,#4556,#672,.T.);
#5813=EDGE_CURVE('',#4557,#4556,#673,.T.);
#5814=EDGE_CURVE('',#4554,#4557,#674,.T.);
#5815=EDGE_CURVE('',#4556,#4558,#3767,.T.);
#5816=EDGE_CURVE('',#4558,#4559,#675,.T.);
#5817=EDGE_CURVE('',#4559,#4560,#3768,.T.);
#5818=EDGE_CURVE('',#4560,#4561,#676,.T.);
#5819=EDGE_CURVE('',#4561,#4562,#3769,.T.);
#5820=EDGE_CURVE('',#4562,#4563,#677,.T.);
#5821=EDGE_CURVE('',#4563,#4564,#3770,.T.);
#5822=EDGE_CURVE('',#4564,#4565,#678,.T.);
#5823=EDGE_CURVE('',#4565,#4566,#3771,.T.);
#5824=EDGE_CURVE('',#4566,#4567,#679,.T.);
#5825=EDGE_CURVE('',#4567,#4568,#3772,.T.);
#5826=EDGE_CURVE('',#4568,#4569,#680,.T.);
#5827=EDGE_CURVE('',#4569,#4570,#3773,.T.);
#5828=EDGE_CURVE('',#4570,#4571,#681,.T.);
#5829=EDGE_CURVE('',#4571,#4572,#3774,.T.);
#5830=EDGE_CURVE('',#4572,#4573,#682,.T.);
#5831=EDGE_CURVE('',#4573,#4574,#3775,.T.);
#5832=EDGE_CURVE('',#4574,#4575,#683,.T.);
#5833=EDGE_CURVE('',#4575,#4576,#3776,.T.);
#5834=EDGE_CURVE('',#4576,#4577,#684,.T.);
#5835=EDGE_CURVE('',#4577,#4578,#3777,.T.);
#5836=EDGE_CURVE('',#4578,#4579,#685,.T.);
#5837=EDGE_CURVE('',#4579,#4580,#3778,.T.);
#5838=EDGE_CURVE('',#4580,#4581,#686,.T.);
#5839=EDGE_CURVE('',#4581,#4557,#3779,.T.);
#5840=EDGE_CURVE('',#4582,#4582,#3780,.F.);
#5841=EDGE_CURVE('',#4583,#4583,#3781,.F.);
#5842=EDGE_CURVE('',#4584,#4584,#3782,.F.);
#5843=EDGE_CURVE('',#4585,#4585,#3783,.F.);
#5844=EDGE_CURVE('',#4582,#4586,#687,.T.);
#5845=EDGE_CURVE('',#4586,#4586,#3784,.F.);
#5846=EDGE_CURVE('',#4583,#4587,#688,.T.);
#5847=EDGE_CURVE('',#4587,#4587,#3785,.F.);
#5848=EDGE_CURVE('',#4584,#4588,#689,.T.);
#5849=EDGE_CURVE('',#4588,#4588,#3786,.F.);
#5850=EDGE_CURVE('',#4585,#4589,#690,.T.);
#5851=EDGE_CURVE('',#4589,#4589,#3787,.F.);
#5852=EDGE_CURVE('',#4554,#4590,#3788,.T.);
#5853=EDGE_CURVE('',#4590,#4581,#691,.T.);
#5854=EDGE_CURVE('',#4591,#4590,#692,.T.);
#5855=EDGE_CURVE('',#4591,#4580,#693,.T.);
#5856=EDGE_CURVE('',#4592,#4591,#3789,.T.);
#5857=EDGE_CURVE('',#4592,#4579,#694,.T.);
#5858=EDGE_CURVE('',#4593,#4592,#695,.T.);
#5859=EDGE_CURVE('',#4593,#4578,#696,.T.);
#5860=EDGE_CURVE('',#4594,#4593,#3790,.T.);
#5861=EDGE_CURVE('',#4594,#4577,#697,.T.);
#5862=EDGE_CURVE('',#4595,#4594,#698,.T.);
#5863=EDGE_CURVE('',#4595,#4576,#699,.T.);
#5864=EDGE_CURVE('',#4596,#4595,#3791,.T.);
#5865=EDGE_CURVE('',#4596,#4575,#700,.T.);
#5866=EDGE_CURVE('',#4597,#4596,#701,.T.);
#5867=EDGE_CURVE('',#4597,#4574,#702,.T.);
#5868=EDGE_CURVE('',#4598,#4597,#3792,.T.);
#5869=EDGE_CURVE('',#4598,#4573,#703,.T.);
#5870=EDGE_CURVE('',#4599,#4598,#704,.T.);
#5871=EDGE_CURVE('',#4599,#4572,#705,.T.);
#5872=EDGE_CURVE('',#4599,#4600,#3793,.T.);
#5873=EDGE_CURVE('',#4600,#4571,#706,.T.);
#5874=EDGE_CURVE('',#4601,#4600,#707,.T.);
#5875=EDGE_CURVE('',#4601,#4570,#708,.T.);
#5876=EDGE_CURVE('',#4601,#4602,#3794,.T.);
#5877=EDGE_CURVE('',#4602,#4569,#709,.T.);
#5878=EDGE_CURVE('',#4603,#4602,#710,.T.);
#5879=EDGE_CURVE('',#4603,#4568,#711,.T.);
#5880=EDGE_CURVE('',#4604,#4603,#3795,.T.);
#5881=EDGE_CURVE('',#4604,#4567,#712,.T.);
#5882=EDGE_CURVE('',#4605,#4604,#713,.T.);
#5883=EDGE_CURVE('',#4605,#4566,#714,.T.);
#5884=EDGE_CURVE('',#4606,#4605,#3796,.T.);
#5885=EDGE_CURVE('',#4606,#4565,#715,.T.);
#5886=EDGE_CURVE('',#4607,#4606,#716,.T.);
#5887=EDGE_CURVE('',#4607,#4564,#717,.T.);
#5888=EDGE_CURVE('',#4608,#4607,#3797,.T.);
#5889=EDGE_CURVE('',#4608,#4563,#718,.T.);
#5890=EDGE_CURVE('',#4609,#4608,#719,.T.);
#5891=EDGE_CURVE('',#4609,#4562,#720,.T.);
#5892=EDGE_CURVE('',#4610,#4609,#3798,.T.);
#5893=EDGE_CURVE('',#4610,#4561,#721,.T.);
#5894=EDGE_CURVE('',#4611,#4610,#722,.T.);
#5895=EDGE_CURVE('',#4611,#4560,#723,.T.);
#5896=EDGE_CURVE('',#4612,#4611,#3799,.T.);
#5897=EDGE_CURVE('',#4612,#4559,#724,.T.);
#5898=EDGE_CURVE('',#4613,#4612,#725,.T.);
#5899=EDGE_CURVE('',#4613,#4558,#726,.T.);
#5900=EDGE_CURVE('',#4613,#4555,#3800,.T.);
#5901=EDGE_CURVE('',#4614,#4615,#3801,.T.);
#5902=EDGE_CURVE('',#4614,#4616,#727,.T.);
#5903=EDGE_CURVE('',#4616,#4617,#3802,.T.);
#5904=EDGE_CURVE('',#4617,#4615,#728,.T.);
#5905=EDGE_CURVE('',#4618,#4619,#3803,.T.);
#5906=EDGE_CURVE('',#4618,#4620,#729,.T.);
#5907=EDGE_CURVE('',#4620,#4621,#3804,.T.);
#5908=EDGE_CURVE('',#4621,#4619,#730,.T.);
#5909=EDGE_CURVE('',#4622,#4622,#3805,.T.);
#5910=EDGE_CURVE('',#4622,#4623,#731,.T.);
#5911=EDGE_CURVE('',#4623,#4623,#3806,.T.);
#5912=EDGE_CURVE('',#4624,#4625,#3807,.T.);
#5913=EDGE_CURVE('',#4624,#4626,#3808,.T.);
#5914=EDGE_CURVE('',#4627,#4626,#3809,.T.);
#5915=EDGE_CURVE('',#4625,#4627,#3810,.T.);
#5916=EDGE_CURVE('',#4625,#4628,#732,.T.);
#5917=EDGE_CURVE('',#4628,#4629,#3811,.T.);
#5918=EDGE_CURVE('',#4629,#4630,#76,.T.);
#5919=EDGE_CURVE('',#4630,#4631,#77,.T.);
#5920=EDGE_CURVE('',#4631,#4632,#3812,.T.);
#5921=EDGE_CURVE('',#4632,#4633,#78,.T.);
#5922=EDGE_CURVE('',#4633,#4634,#79,.T.);
#5923=EDGE_CURVE('',#4634,#4635,#3813,.T.);
#5924=EDGE_CURVE('',#4635,#4636,#80,.T.);
#5925=EDGE_CURVE('',#4636,#4637,#81,.T.);
#5926=EDGE_CURVE('',#4637,#4638,#3814,.T.);
#5927=EDGE_CURVE('',#4638,#4624,#733,.T.);
#5928=EDGE_CURVE('',#4639,#4640,#734,.T.);
#5929=EDGE_CURVE('',#4640,#4641,#735,.T.);
#5930=EDGE_CURVE('',#4641,#4642,#736,.T.);
#5931=EDGE_CURVE('',#4639,#4642,#737,.T.);
#5932=EDGE_CURVE('',#4643,#4640,#3815,.T.);
#5933=EDGE_CURVE('',#4644,#4643,#738,.T.);
#5934=EDGE_CURVE('',#4641,#4644,#60,.T.);
#5935=EDGE_CURVE('',#4645,#4646,#739,.T.);
#5936=EDGE_CURVE('',#4647,#4645,#740,.T.);
#5937=EDGE_CURVE('',#4648,#4647,#741,.T.);
#5938=EDGE_CURVE('',#4648,#4646,#742,.T.);
#5939=EDGE_CURVE('',#4646,#4649,#3816,.T.);
#5940=EDGE_CURVE('',#4648,#4650,#61,.T.);
#5941=EDGE_CURVE('',#4649,#4650,#743,.T.);
#5942=EDGE_CURVE('',#4651,#4652,#3817,.T.);
#5943=EDGE_CURVE('',#4652,#4632,#744,.T.);
#5944=EDGE_CURVE('',#4631,#4651,#745,.T.);
#5945=EDGE_CURVE('',#4653,#4654,#3818,.T.);
#5946=EDGE_CURVE('',#4654,#4635,#746,.T.);
#5947=EDGE_CURVE('',#4634,#4653,#747,.T.);
#5948=EDGE_CURVE('',#4655,#4656,#748,.T.);
#5949=EDGE_CURVE('',#4655,#4657,#749,.T.);
#5950=EDGE_CURVE('',#4657,#4658,#750,.T.);
#5951=EDGE_CURVE('',#4658,#4656,#751,.T.);
#5952=EDGE_CURVE('',#4659,#4660,#752,.T.);
#5953=EDGE_CURVE('',#4659,#4661,#753,.T.);
#5954=EDGE_CURVE('',#4662,#4661,#754,.T.);
#5955=EDGE_CURVE('',#4662,#4660,#755,.T.);
#5956=EDGE_CURVE('',#4663,#4664,#756,.T.);
#5957=EDGE_CURVE('',#4664,#4665,#757,.T.);
#5958=EDGE_CURVE('',#4665,#4630,#82,.T.);
#5959=EDGE_CURVE('',#4630,#4666,#83,.T.);
#5960=EDGE_CURVE('',#4666,#4667,#758,.T.);
#5961=EDGE_CURVE('',#4667,#4668,#759,.T.);
#5962=EDGE_CURVE('',#4668,#4669,#760,.T.);
#5963=EDGE_CURVE('',#4669,#4670,#761,.T.);
#5964=EDGE_CURVE('',#4671,#4670,#762,.T.);
#5965=EDGE_CURVE('',#4671,#4672,#763,.T.);
#5966=EDGE_CURVE('',#4673,#4672,#764,.T.);
#5967=EDGE_CURVE('',#4673,#4674,#765,.T.);
#5968=EDGE_CURVE('',#4675,#4674,#766,.T.);
#5969=EDGE_CURVE('',#4676,#4675,#767,.T.);
#5970=EDGE_CURVE('',#4676,#4663,#768,.T.);
#5971=EDGE_CURVE('',#4677,#4678,#769,.T.);
#5972=EDGE_CURVE('',#4678,#4679,#770,.T.);
#5973=EDGE_CURVE('',#4679,#4636,#84,.T.);
#5974=EDGE_CURVE('',#4636,#4680,#85,.T.);
#5975=EDGE_CURVE('',#4680,#4681,#771,.T.);
#5976=EDGE_CURVE('',#4681,#4682,#772,.T.);
#5977=EDGE_CURVE('',#4682,#4648,#773,.T.);
#5978=EDGE_CURVE('',#4683,#4647,#774,.T.);
#5979=EDGE_CURVE('',#4683,#4684,#775,.T.);
#5980=EDGE_CURVE('',#4685,#4684,#776,.T.);
#5981=EDGE_CURVE('',#4685,#4686,#777,.T.);
#5982=EDGE_CURVE('',#4642,#4686,#778,.T.);
#5983=EDGE_CURVE('',#4641,#4677,#779,.T.);
#5984=EDGE_CURVE('',#4687,#4688,#780,.T.);
#5985=EDGE_CURVE('',#4688,#4689,#781,.T.);
#5986=EDGE_CURVE('',#4689,#4690,#782,.T.);
#5987=EDGE_CURVE('',#4687,#4690,#783,.T.);
#5988=EDGE_CURVE('',#4691,#4692,#784,.T.);
#5989=EDGE_CURVE('',#4692,#4693,#785,.T.);
#5990=EDGE_CURVE('',#4693,#4633,#86,.T.);
#5991=EDGE_CURVE('',#4633,#4694,#87,.T.);
#5992=EDGE_CURVE('',#4694,#4695,#786,.T.);
#5993=EDGE_CURVE('',#4695,#4696,#787,.T.);
#5994=EDGE_CURVE('',#4696,#4691,#788,.T.);
#5995=EDGE_CURVE('',#4637,#4697,#789,.T.);
#5996=EDGE_CURVE('',#4697,#4698,#3819,.T.);
#5997=EDGE_CURVE('',#4698,#4699,#790,.T.);
#5998=EDGE_CURVE('',#4699,#4700,#3820,.T.);
#5999=EDGE_CURVE('',#4700,#4629,#791,.T.);
#6000=EDGE_CURVE('',#4628,#4701,#3821,.T.);
#6001=EDGE_CURVE('',#4702,#4701,#3822,.T.);
#6002=EDGE_CURVE('',#4702,#4638,#3823,.T.);
#6003=EDGE_CURVE('',#4703,#4704,#792,.T.);
#6004=EDGE_CURVE('',#4704,#4676,#793,.T.);
#6005=EDGE_CURVE('',#4703,#4675,#794,.T.);
#6006=EDGE_CURVE('',#4649,#4620,#795,.T.);
#6007=EDGE_CURVE('',#4650,#4691,#796,.T.);
#6008=EDGE_CURVE('',#4696,#4705,#797,.T.);
#6009=EDGE_CURVE('',#4705,#4706,#798,.T.);
#6010=EDGE_CURVE('',#4621,#4706,#799,.T.);
#6011=EDGE_CURVE('',#4645,#4618,#800,.T.);
#6012=EDGE_CURVE('',#4619,#4703,#801,.T.);
#6013=EDGE_CURVE('',#4674,#4659,#3824,.T.);
#6014=EDGE_CURVE('',#4660,#4683,#3825,.T.);
#6015=EDGE_CURVE('',#4707,#4708,#802,.T.);
#6016=EDGE_CURVE('',#4670,#4707,#803,.T.);
#6017=EDGE_CURVE('',#4669,#4708,#804,.T.);
#6018=EDGE_CURVE('',#4617,#4643,#805,.T.);
#6019=EDGE_CURVE('',#4709,#4616,#806,.T.);
#6020=EDGE_CURVE('',#4709,#4710,#807,.T.);
#6021=EDGE_CURVE('',#4710,#4687,#808,.T.);
#6022=EDGE_CURVE('',#4690,#4644,#809,.T.);
#6023=EDGE_CURVE('',#4615,#4639,#810,.T.);
#6024=EDGE_CURVE('',#4686,#4658,#3826,.T.);
#6025=EDGE_CURVE('',#4657,#4671,#3827,.T.);
#6026=EDGE_CURVE('',#4707,#4614,#811,.T.);
#6027=EDGE_CURVE('',#4672,#4655,#3828,.T.);
#6028=EDGE_CURVE('',#4656,#4685,#3829,.T.);
#6029=EDGE_CURVE('',#4684,#4662,#3830,.T.);
#6030=EDGE_CURVE('',#4661,#4673,#3831,.T.);
#6031=EDGE_CURVE('',#4711,#4712,#812,.T.);
#6032=EDGE_CURVE('',#4711,#4713,#3832,.T.);
#6033=EDGE_CURVE('',#4714,#4713,#813,.T.);
#6034=EDGE_CURVE('',#4714,#4715,#3833,.T.);
#6035=EDGE_CURVE('',#4716,#4715,#814,.T.);
#6036=EDGE_CURVE('',#4717,#4716,#815,.T.);
#6037=EDGE_CURVE('',#4718,#4717,#816,.T.);
#6038=EDGE_CURVE('',#4718,#4719,#817,.T.);
#6039=EDGE_CURVE('',#4720,#4719,#818,.T.);
#6040=EDGE_CURVE('',#4720,#4721,#3834,.T.);
#6041=EDGE_CURVE('',#4722,#4721,#819,.T.);
#6042=EDGE_CURVE('',#4722,#4712,#3835,.T.);
#6043=EDGE_CURVE('',#4723,#4724,#820,.T.);
#6044=EDGE_CURVE('',#4723,#4722,#821,.T.);
#6045=EDGE_CURVE('',#4721,#4724,#822,.T.);
#6046=EDGE_CURVE('',#4725,#4726,#823,.T.);
#6047=EDGE_CURVE('',#4725,#4711,#824,.T.);
#6048=EDGE_CURVE('',#4712,#4726,#825,.T.);
#6049=EDGE_CURVE('',#4727,#4728,#826,.T.);
#6050=EDGE_CURVE('',#4727,#4714,#827,.T.);
#6051=EDGE_CURVE('',#4713,#4728,#828,.T.);
#6052=EDGE_CURVE('',#4715,#4729,#829,.T.);
#6053=EDGE_CURVE('',#4730,#4729,#830,.T.);
#6054=EDGE_CURVE('',#4730,#4720,#831,.T.);
#6055=EDGE_CURVE('',#4731,#4719,#832,.T.);
#6056=EDGE_CURVE('',#4732,#4731,#833,.T.);
#6057=EDGE_CURVE('',#4716,#4732,#834,.T.);
#6058=EDGE_CURVE('',#4729,#4727,#3836,.T.);
#6059=EDGE_CURVE('',#4728,#4725,#3837,.T.);
#6060=EDGE_CURVE('',#4726,#4723,#3838,.T.);
#6061=EDGE_CURVE('',#4724,#4730,#3839,.T.);
#6062=EDGE_CURVE('',#4733,#4732,#835,.T.);
#6063=EDGE_CURVE('',#4717,#4733,#836,.T.);
#6064=EDGE_CURVE('',#4734,#4718,#837,.T.);
#6065=EDGE_CURVE('',#4734,#4731,#838,.T.);
#6066=EDGE_CURVE('',#4733,#4734,#839,.T.);
#6067=EDGE_CURVE('',#4735,#4736,#3840,.T.);
#6068=EDGE_CURVE('',#4736,#4627,#3841,.T.);
#6069=EDGE_CURVE('',#4626,#4735,#3842,.T.);
#6070=EDGE_CURVE('',#4701,#4737,#840,.T.);
#6071=EDGE_CURVE('',#4737,#4738,#3843,.T.);
#6072=EDGE_CURVE('',#4738,#4702,#841,.T.);
#6073=EDGE_CURVE('',#4681,#4692,#3844,.T.);
#6074=EDGE_CURVE('',#4682,#4691,#62,.T.);
#6075=EDGE_CURVE('',#4695,#4664,#3845,.T.);
#6076=EDGE_CURVE('',#4696,#4663,#63,.T.);
#6077=EDGE_CURVE('',#4705,#4676,#64,.T.);
#6078=EDGE_CURVE('',#4706,#4704,#3846,.T.);
#6079=EDGE_CURVE('',#4667,#4688,#3847,.T.);
#6080=EDGE_CURVE('',#4668,#4687,#65,.T.);
#6081=EDGE_CURVE('',#4669,#4710,#66,.T.);
#6082=EDGE_CURVE('',#4708,#4709,#3848,.T.);
#6083=EDGE_CURVE('',#4689,#4678,#3849,.T.);
#6084=EDGE_CURVE('',#4690,#4677,#67,.T.);
#6085=EDGE_CURVE('',#4738,#4624,#3850,.T.);
#6086=EDGE_CURVE('',#4625,#4737,#3851,.T.);
#6087=EDGE_CURVE('',#4735,#4738,#3852,.T.);
#6088=EDGE_CURVE('',#4736,#4737,#3853,.T.);
#6089=EDGE_CURVE('',#4637,#4679,#3854,.T.);
#6090=EDGE_CURVE('',#4697,#4678,#3855,.T.);
#6091=EDGE_CURVE('',#4698,#4689,#3856,.T.);
#6092=EDGE_CURVE('',#4666,#4629,#3857,.T.);
#6093=EDGE_CURVE('',#4699,#4688,#3858,.T.);
#6094=EDGE_CURVE('',#4667,#4700,#3859,.T.);
#6095=EDGE_CURVE('',#4634,#4693,#3860,.T.);
#6096=EDGE_CURVE('',#4653,#4692,#3861,.T.);
#6097=EDGE_CURVE('',#4654,#4681,#3862,.T.);
#6098=EDGE_CURVE('',#4635,#4680,#3863,.T.);
#6099=EDGE_CURVE('',#4631,#4665,#3864,.T.);
#6100=EDGE_CURVE('',#4651,#4664,#3865,.T.);
#6101=EDGE_CURVE('',#4652,#4695,#3866,.T.);
#6102=EDGE_CURVE('',#4694,#4632,#3867,.T.);
#6103=EDGE_CURVE('',#4739,#4739,#3868,.T.);
#6104=EDGE_CURVE('',#4739,#4740,#842,.T.);
#6105=EDGE_CURVE('',#4740,#4740,#3869,.T.);
#6106=EDGE_CURVE('',#4741,#4741,#3870,.T.);
#6107=EDGE_CURVE('',#4741,#4742,#843,.T.);
#6108=EDGE_CURVE('',#4743,#4742,#3871,.T.);
#6109=EDGE_CURVE('',#4744,#4743,#3872,.T.);
#6110=EDGE_CURVE('',#4745,#4744,#3873,.T.);
#6111=EDGE_CURVE('',#4746,#4745,#3874,.T.);
#6112=EDGE_CURVE('',#4747,#4746,#3875,.T.);
#6113=EDGE_CURVE('',#4748,#4747,#3876,.T.);
#6114=EDGE_CURVE('',#4749,#4748,#3877,.T.);
#6115=EDGE_CURVE('',#4750,#4749,#3878,.T.);
#6116=EDGE_CURVE('',#4751,#4750,#3879,.T.);
#6117=EDGE_CURVE('',#4752,#4751,#3880,.T.);
#6118=EDGE_CURVE('',#4753,#4752,#3881,.T.);
#6119=EDGE_CURVE('',#4754,#4753,#3882,.T.);
#6120=EDGE_CURVE('',#4755,#4754,#3883,.T.);
#6121=EDGE_CURVE('',#4756,#4755,#3884,.T.);
#6122=EDGE_CURVE('',#4757,#4756,#3885,.T.);
#6123=EDGE_CURVE('',#4758,#4757,#3886,.T.);
#6124=EDGE_CURVE('',#4759,#4758,#3887,.T.);
#6125=EDGE_CURVE('',#4760,#4759,#3888,.T.);
#6126=EDGE_CURVE('',#4761,#4760,#3889,.T.);
#6127=EDGE_CURVE('',#4762,#4761,#3890,.T.);
#6128=EDGE_CURVE('',#4763,#4762,#3891,.T.);
#6129=EDGE_CURVE('',#4764,#4763,#3892,.T.);
#6130=EDGE_CURVE('',#4765,#4764,#3893,.T.);
#6131=EDGE_CURVE('',#4766,#4765,#3894,.T.);
#6132=EDGE_CURVE('',#4767,#4766,#3895,.T.);
#6133=EDGE_CURVE('',#4768,#4767,#3896,.T.);
#6134=EDGE_CURVE('',#4769,#4768,#3897,.T.);
#6135=EDGE_CURVE('',#4770,#4769,#3898,.T.);
#6136=EDGE_CURVE('',#4771,#4770,#3899,.T.);
#6137=EDGE_CURVE('',#4772,#4771,#3900,.T.);
#6138=EDGE_CURVE('',#4773,#4772,#3901,.T.);
#6139=EDGE_CURVE('',#4774,#4773,#3902,.T.);
#6140=EDGE_CURVE('',#4775,#4774,#3903,.T.);
#6141=EDGE_CURVE('',#4776,#4775,#3904,.T.);
#6142=EDGE_CURVE('',#4777,#4776,#3905,.T.);
#6143=EDGE_CURVE('',#4778,#4777,#3906,.T.);
#6144=EDGE_CURVE('',#4779,#4778,#3907,.T.);
#6145=EDGE_CURVE('',#4780,#4779,#3908,.T.);
#6146=EDGE_CURVE('',#4781,#4780,#3909,.T.);
#6147=EDGE_CURVE('',#4782,#4781,#3910,.T.);
#6148=EDGE_CURVE('',#4742,#4782,#3911,.T.);
#6149=EDGE_CURVE('',#4783,#4783,#3912,.T.);
#6150=EDGE_CURVE('',#4783,#4784,#844,.T.);
#6151=EDGE_CURVE('',#4784,#4784,#3913,.T.);
#6152=EDGE_CURVE('',#4785,#4786,#3914,.T.);
#6153=EDGE_CURVE('',#4786,#4787,#845,.T.);
#6154=EDGE_CURVE('',#4788,#4787,#3915,.T.);
#6155=EDGE_CURVE('',#4785,#4788,#846,.T.);
#6156=EDGE_CURVE('',#4765,#4786,#847,.T.);
#6157=EDGE_CURVE('',#4785,#4766,#848,.T.);
#6158=EDGE_CURVE('',#4789,#4790,#3916,.T.);
#6159=EDGE_CURVE('',#4790,#4791,#849,.T.);
#6160=EDGE_CURVE('',#4792,#4791,#3917,.T.);
#6161=EDGE_CURVE('',#4789,#4792,#850,.T.);
#6162=EDGE_CURVE('',#4767,#4790,#851,.T.);
#6163=EDGE_CURVE('',#4789,#4768,#852,.T.);
#6164=EDGE_CURVE('',#4793,#4794,#3918,.T.);
#6165=EDGE_CURVE('',#4794,#4795,#853,.T.);
#6166=EDGE_CURVE('',#4796,#4795,#3919,.T.);
#6167=EDGE_CURVE('',#4793,#4796,#854,.T.);
#6168=EDGE_CURVE('',#4769,#4794,#855,.T.);
#6169=EDGE_CURVE('',#4793,#4770,#856,.T.);
#6170=EDGE_CURVE('',#4797,#4798,#3920,.T.);
#6171=EDGE_CURVE('',#4798,#4799,#857,.T.);
#6172=EDGE_CURVE('',#4800,#4799,#3921,.T.);
#6173=EDGE_CURVE('',#4797,#4800,#858,.T.);
#6174=EDGE_CURVE('',#4771,#4798,#859,.T.);
#6175=EDGE_CURVE('',#4797,#4772,#860,.T.);
#6176=EDGE_CURVE('',#4801,#4802,#3922,.T.);
#6177=EDGE_CURVE('',#4802,#4803,#861,.T.);
#6178=EDGE_CURVE('',#4804,#4803,#3923,.T.);
#6179=EDGE_CURVE('',#4801,#4804,#862,.T.);
#6180=EDGE_CURVE('',#4773,#4802,#863,.T.);
#6181=EDGE_CURVE('',#4801,#4774,#864,.T.);
#6182=EDGE_CURVE('',#4805,#4806,#3924,.T.);
#6183=EDGE_CURVE('',#4806,#4807,#865,.T.);
#6184=EDGE_CURVE('',#4808,#4807,#3925,.T.);
#6185=EDGE_CURVE('',#4805,#4808,#866,.T.);
#6186=EDGE_CURVE('',#4775,#4806,#867,.T.);
#6187=EDGE_CURVE('',#4805,#4776,#868,.T.);
#6188=EDGE_CURVE('',#4809,#4810,#3926,.T.);
#6189=EDGE_CURVE('',#4810,#4811,#869,.T.);
#6190=EDGE_CURVE('',#4812,#4811,#3927,.T.);
#6191=EDGE_CURVE('',#4809,#4812,#870,.T.);
#6192=EDGE_CURVE('',#4777,#4810,#871,.T.);
#6193=EDGE_CURVE('',#4809,#4778,#872,.T.);
#6194=EDGE_CURVE('',#4813,#4814,#3928,.T.);
#6195=EDGE_CURVE('',#4814,#4815,#873,.T.);
#6196=EDGE_CURVE('',#4816,#4815,#3929,.T.);
#6197=EDGE_CURVE('',#4813,#4816,#874,.T.);
#6198=EDGE_CURVE('',#4779,#4814,#875,.T.);
#6199=EDGE_CURVE('',#4813,#4780,#876,.T.);
#6200=EDGE_CURVE('',#4817,#4818,#3930,.T.);
#6201=EDGE_CURVE('',#4818,#4819,#877,.T.);
#6202=EDGE_CURVE('',#4820,#4819,#3931,.T.);
#6203=EDGE_CURVE('',#4817,#4820,#878,.T.);
#6204=EDGE_CURVE('',#4781,#4818,#879,.T.);
#6205=EDGE_CURVE('',#4817,#4782,#880,.T.);
#6206=EDGE_CURVE('',#4821,#4822,#3932,.T.);
#6207=EDGE_CURVE('',#4822,#4823,#881,.T.);
#6208=EDGE_CURVE('',#4824,#4823,#3933,.T.);
#6209=EDGE_CURVE('',#4821,#4824,#882,.T.);
#6210=EDGE_CURVE('',#4743,#4822,#883,.T.);
#6211=EDGE_CURVE('',#4821,#4744,#884,.T.);
#6212=EDGE_CURVE('',#4825,#4826,#3934,.T.);
#6213=EDGE_CURVE('',#4826,#4827,#885,.T.);
#6214=EDGE_CURVE('',#4828,#4827,#3935,.T.);
#6215=EDGE_CURVE('',#4825,#4828,#886,.T.);
#6216=EDGE_CURVE('',#4745,#4826,#887,.T.);
#6217=EDGE_CURVE('',#4825,#4746,#888,.T.);
#6218=EDGE_CURVE('',#4829,#4830,#3936,.T.);
#6219=EDGE_CURVE('',#4830,#4831,#889,.T.);
#6220=EDGE_CURVE('',#4832,#4831,#3937,.T.);
#6221=EDGE_CURVE('',#4829,#4832,#890,.T.);
#6222=EDGE_CURVE('',#4747,#4830,#891,.T.);
#6223=EDGE_CURVE('',#4829,#4748,#892,.T.);
#6224=EDGE_CURVE('',#4833,#4834,#3938,.T.);
#6225=EDGE_CURVE('',#4834,#4835,#893,.T.);
#6226=EDGE_CURVE('',#4836,#4835,#3939,.T.);
#6227=EDGE_CURVE('',#4833,#4836,#894,.T.);
#6228=EDGE_CURVE('',#4749,#4834,#895,.T.);
#6229=EDGE_CURVE('',#4833,#4750,#896,.T.);
#6230=EDGE_CURVE('',#4837,#4838,#3940,.T.);
#6231=EDGE_CURVE('',#4838,#4839,#897,.T.);
#6232=EDGE_CURVE('',#4840,#4839,#3941,.T.);
#6233=EDGE_CURVE('',#4837,#4840,#898,.T.);
#6234=EDGE_CURVE('',#4751,#4838,#899,.T.);
#6235=EDGE_CURVE('',#4837,#4752,#900,.T.);
#6236=EDGE_CURVE('',#4841,#4842,#3942,.T.);
#6237=EDGE_CURVE('',#4842,#4843,#901,.T.);
#6238=EDGE_CURVE('',#4844,#4843,#3943,.T.);
#6239=EDGE_CURVE('',#4841,#4844,#902,.T.);
#6240=EDGE_CURVE('',#4753,#4842,#903,.T.);
#6241=EDGE_CURVE('',#4841,#4754,#904,.T.);
#6242=EDGE_CURVE('',#4845,#4846,#3944,.T.);
#6243=EDGE_CURVE('',#4846,#4847,#905,.T.);
#6244=EDGE_CURVE('',#4848,#4847,#3945,.T.);
#6245=EDGE_CURVE('',#4845,#4848,#906,.T.);
#6246=EDGE_CURVE('',#4755,#4846,#907,.T.);
#6247=EDGE_CURVE('',#4845,#4756,#908,.T.);
#6248=EDGE_CURVE('',#4849,#4850,#3946,.T.);
#6249=EDGE_CURVE('',#4850,#4851,#909,.T.);
#6250=EDGE_CURVE('',#4852,#4851,#3947,.T.);
#6251=EDGE_CURVE('',#4849,#4852,#910,.T.);
#6252=EDGE_CURVE('',#4757,#4850,#911,.T.);
#6253=EDGE_CURVE('',#4849,#4758,#912,.T.);
#6254=EDGE_CURVE('',#4853,#4854,#3948,.T.);
#6255=EDGE_CURVE('',#4854,#4855,#913,.T.);
#6256=EDGE_CURVE('',#4856,#4855,#3949,.T.);
#6257=EDGE_CURVE('',#4853,#4856,#914,.T.);
#6258=EDGE_CURVE('',#4759,#4854,#915,.T.);
#6259=EDGE_CURVE('',#4853,#4760,#916,.T.);
#6260=EDGE_CURVE('',#4857,#4858,#3950,.T.);
#6261=EDGE_CURVE('',#4858,#4859,#917,.T.);
#6262=EDGE_CURVE('',#4860,#4859,#3951,.T.);
#6263=EDGE_CURVE('',#4857,#4860,#918,.T.);
#6264=EDGE_CURVE('',#4761,#4858,#919,.T.);
#6265=EDGE_CURVE('',#4857,#4762,#920,.T.);
#6266=EDGE_CURVE('',#4861,#4862,#3952,.T.);
#6267=EDGE_CURVE('',#4863,#4861,#921,.T.);
#6268=EDGE_CURVE('',#4863,#4864,#3953,.T.);
#6269=EDGE_CURVE('',#4864,#4862,#922,.T.);
#6270=EDGE_CURVE('',#4865,#4787,#923,.T.);
#6271=EDGE_CURVE('',#4861,#4865,#924,.T.);
#6272=EDGE_CURVE('',#4866,#4862,#925,.T.);
#6273=EDGE_CURVE('',#4860,#4866,#926,.T.);
#6274=EDGE_CURVE('',#4867,#4859,#927,.T.);
#6275=EDGE_CURVE('',#4856,#4867,#928,.T.);
#6276=EDGE_CURVE('',#4868,#4855,#929,.T.);
#6277=EDGE_CURVE('',#4852,#4868,#930,.T.);
#6278=EDGE_CURVE('',#4869,#4851,#931,.T.);
#6279=EDGE_CURVE('',#4848,#4869,#932,.T.);
#6280=EDGE_CURVE('',#4870,#4847,#933,.T.);
#6281=EDGE_CURVE('',#4844,#4870,#934,.T.);
#6282=EDGE_CURVE('',#4871,#4843,#935,.T.);
#6283=EDGE_CURVE('',#4840,#4871,#936,.T.);
#6284=EDGE_CURVE('',#4872,#4839,#937,.T.);
#6285=EDGE_CURVE('',#4836,#4872,#938,.T.);
#6286=EDGE_CURVE('',#4873,#4835,#939,.T.);
#6287=EDGE_CURVE('',#4832,#4873,#940,.T.);
#6288=EDGE_CURVE('',#4874,#4831,#941,.T.);
#6289=EDGE_CURVE('',#4828,#4874,#942,.T.);
#6290=EDGE_CURVE('',#4875,#4827,#943,.T.);
#6291=EDGE_CURVE('',#4824,#4875,#944,.T.);
#6292=EDGE_CURVE('',#4876,#4823,#945,.T.);
#6293=EDGE_CURVE('',#4820,#4876,#946,.T.);
#6294=EDGE_CURVE('',#4877,#4819,#947,.T.);
#6295=EDGE_CURVE('',#4816,#4877,#948,.T.);
#6296=EDGE_CURVE('',#4878,#4815,#949,.T.);
#6297=EDGE_CURVE('',#4812,#4878,#950,.T.);
#6298=EDGE_CURVE('',#4879,#4811,#951,.T.);
#6299=EDGE_CURVE('',#4808,#4879,#952,.T.);
#6300=EDGE_CURVE('',#4880,#4807,#953,.T.);
#6301=EDGE_CURVE('',#4804,#4880,#954,.T.);
#6302=EDGE_CURVE('',#4881,#4803,#955,.T.);
#6303=EDGE_CURVE('',#4800,#4881,#956,.T.);
#6304=EDGE_CURVE('',#4882,#4799,#957,.T.);
#6305=EDGE_CURVE('',#4796,#4882,#958,.T.);
#6306=EDGE_CURVE('',#4883,#4795,#959,.T.);
#6307=EDGE_CURVE('',#4792,#4883,#960,.T.);
#6308=EDGE_CURVE('',#4884,#4791,#961,.T.);
#6309=EDGE_CURVE('',#4788,#4884,#962,.T.);
#6310=EDGE_CURVE('',#4863,#4764,#963,.T.);
#6311=EDGE_CURVE('',#4763,#4864,#964,.T.);
#6312=EDGE_CURVE('',#4762,#4885,#965,.T.);
#6313=EDGE_CURVE('',#4885,#4763,#966,.T.);
#6314=EDGE_CURVE('',#4885,#4866,#967,.T.);
#6315=EDGE_CURVE('',#4760,#4886,#968,.T.);
#6316=EDGE_CURVE('',#4886,#4761,#969,.T.);
#6317=EDGE_CURVE('',#4886,#4867,#970,.T.);
#6318=EDGE_CURVE('',#4758,#4887,#971,.T.);
#6319=EDGE_CURVE('',#4887,#4759,#972,.T.);
#6320=EDGE_CURVE('',#4887,#4868,#973,.T.);
#6321=EDGE_CURVE('',#4756,#4888,#974,.T.);
#6322=EDGE_CURVE('',#4888,#4757,#975,.T.);
#6323=EDGE_CURVE('',#4888,#4869,#976,.T.);
#6324=EDGE_CURVE('',#4754,#4889,#977,.T.);
#6325=EDGE_CURVE('',#4889,#4755,#978,.T.);
#6326=EDGE_CURVE('',#4889,#4870,#979,.T.);
#6327=EDGE_CURVE('',#4752,#4890,#980,.T.);
#6328=EDGE_CURVE('',#4890,#4753,#981,.T.);
#6329=EDGE_CURVE('',#4890,#4871,#982,.T.);
#6330=EDGE_CURVE('',#4750,#4891,#983,.T.);
#6331=EDGE_CURVE('',#4891,#4751,#984,.T.);
#6332=EDGE_CURVE('',#4891,#4872,#985,.T.);
#6333=EDGE_CURVE('',#4748,#4892,#986,.T.);
#6334=EDGE_CURVE('',#4892,#4749,#987,.T.);
#6335=EDGE_CURVE('',#4892,#4873,#988,.T.);
#6336=EDGE_CURVE('',#4746,#4893,#989,.T.);
#6337=EDGE_CURVE('',#4893,#4747,#990,.T.);
#6338=EDGE_CURVE('',#4893,#4874,#991,.T.);
#6339=EDGE_CURVE('',#4744,#4894,#992,.T.);
#6340=EDGE_CURVE('',#4894,#4745,#993,.T.);
#6341=EDGE_CURVE('',#4894,#4875,#994,.T.);
#6342=EDGE_CURVE('',#4782,#4895,#995,.T.);
#6343=EDGE_CURVE('',#4895,#4743,#996,.T.);
#6344=EDGE_CURVE('',#4895,#4876,#997,.T.);
#6345=EDGE_CURVE('',#4780,#4896,#998,.T.);
#6346=EDGE_CURVE('',#4896,#4781,#999,.T.);
#6347=EDGE_CURVE('',#4896,#4877,#1000,.T.);
#6348=EDGE_CURVE('',#4778,#4897,#1001,.T.);
#6349=EDGE_CURVE('',#4897,#4779,#1002,.T.);
#6350=EDGE_CURVE('',#4897,#4878,#1003,.T.);
#6351=EDGE_CURVE('',#4776,#4898,#1004,.T.);
#6352=EDGE_CURVE('',#4898,#4777,#1005,.T.);
#6353=EDGE_CURVE('',#4898,#4879,#1006,.T.);
#6354=EDGE_CURVE('',#4774,#4899,#1007,.T.);
#6355=EDGE_CURVE('',#4899,#4775,#1008,.T.);
#6356=EDGE_CURVE('',#4899,#4880,#1009,.T.);
#6357=EDGE_CURVE('',#4772,#4900,#1010,.T.);
#6358=EDGE_CURVE('',#4900,#4773,#1011,.T.);
#6359=EDGE_CURVE('',#4900,#4881,#1012,.T.);
#6360=EDGE_CURVE('',#4770,#4901,#1013,.T.);
#6361=EDGE_CURVE('',#4901,#4771,#1014,.T.);
#6362=EDGE_CURVE('',#4901,#4882,#1015,.T.);
#6363=EDGE_CURVE('',#4768,#4902,#1016,.T.);
#6364=EDGE_CURVE('',#4902,#4769,#1017,.T.);
#6365=EDGE_CURVE('',#4902,#4883,#1018,.T.);
#6366=EDGE_CURVE('',#4766,#4903,#1019,.T.);
#6367=EDGE_CURVE('',#4903,#4767,#1020,.T.);
#6368=EDGE_CURVE('',#4903,#4884,#1021,.T.);
#6369=EDGE_CURVE('',#4764,#4904,#1022,.T.);
#6370=EDGE_CURVE('',#4904,#4765,#1023,.T.);
#6371=EDGE_CURVE('',#4904,#4865,#1024,.T.);
#6372=ORIENTED_EDGE('',*,*,#4905,.F.);
#6373=ORIENTED_EDGE('',*,*,#4906,.F.);
#6374=ORIENTED_EDGE('',*,*,#4907,.F.);
#6375=ORIENTED_EDGE('',*,*,#4908,.F.);
#6376=ORIENTED_EDGE('',*,*,#4909,.F.);
#6377=ORIENTED_EDGE('',*,*,#4910,.F.);
#6378=ORIENTED_EDGE('',*,*,#4911,.T.);
#6379=ORIENTED_EDGE('',*,*,#4912,.T.);
#6380=ORIENTED_EDGE('',*,*,#4911,.F.);
#6381=ORIENTED_EDGE('',*,*,#4912,.F.);
#6382=ORIENTED_EDGE('',*,*,#4913,.F.);
#6383=ORIENTED_EDGE('',*,*,#4914,.T.);
#6384=ORIENTED_EDGE('',*,*,#4915,.T.);
#6385=ORIENTED_EDGE('',*,*,#4914,.F.);
#6386=ORIENTED_EDGE('',*,*,#4915,.F.);
#6387=ORIENTED_EDGE('',*,*,#4916,.T.);
#6388=ORIENTED_EDGE('',*,*,#4917,.T.);
#6389=ORIENTED_EDGE('',*,*,#4918,.T.);
#6390=ORIENTED_EDGE('',*,*,#4919,.T.);
#6391=ORIENTED_EDGE('',*,*,#4920,.T.);
#6392=ORIENTED_EDGE('',*,*,#4921,.T.);
#6393=ORIENTED_EDGE('',*,*,#4922,.T.);
#6394=ORIENTED_EDGE('',*,*,#4923,.T.);
#6395=ORIENTED_EDGE('',*,*,#4924,.T.);
#6396=ORIENTED_EDGE('',*,*,#4925,.T.);
#6397=ORIENTED_EDGE('',*,*,#4926,.T.);
#6398=ORIENTED_EDGE('',*,*,#4927,.T.);
#6399=ORIENTED_EDGE('',*,*,#4928,.T.);
#6400=ORIENTED_EDGE('',*,*,#4929,.T.);
#6401=ORIENTED_EDGE('',*,*,#4930,.T.);
#6402=ORIENTED_EDGE('',*,*,#4931,.T.);
#6403=ORIENTED_EDGE('',*,*,#4932,.T.);
#6404=ORIENTED_EDGE('',*,*,#4933,.T.);
#6405=ORIENTED_EDGE('',*,*,#4934,.T.);
#6406=ORIENTED_EDGE('',*,*,#4935,.T.);
#6407=ORIENTED_EDGE('',*,*,#4936,.T.);
#6408=ORIENTED_EDGE('',*,*,#4937,.T.);
#6409=ORIENTED_EDGE('',*,*,#4938,.T.);
#6410=ORIENTED_EDGE('',*,*,#4939,.T.);
#6411=ORIENTED_EDGE('',*,*,#4940,.T.);
#6412=ORIENTED_EDGE('',*,*,#4941,.T.);
#6413=ORIENTED_EDGE('',*,*,#4942,.T.);
#6414=ORIENTED_EDGE('',*,*,#4943,.T.);
#6415=ORIENTED_EDGE('',*,*,#4944,.T.);
#6416=ORIENTED_EDGE('',*,*,#4945,.T.);
#6417=ORIENTED_EDGE('',*,*,#4946,.T.);
#6418=ORIENTED_EDGE('',*,*,#4947,.T.);
#6419=ORIENTED_EDGE('',*,*,#4948,.T.);
#6420=ORIENTED_EDGE('',*,*,#4949,.T.);
#6421=ORIENTED_EDGE('',*,*,#4950,.T.);
#6422=ORIENTED_EDGE('',*,*,#4951,.T.);
#6423=ORIENTED_EDGE('',*,*,#4952,.T.);
#6424=ORIENTED_EDGE('',*,*,#4953,.T.);
#6425=ORIENTED_EDGE('',*,*,#4913,.T.);
#6426=ORIENTED_EDGE('',*,*,#4910,.T.);
#6427=ORIENTED_EDGE('',*,*,#4954,.F.);
#6428=ORIENTED_EDGE('',*,*,#4955,.F.);
#6429=ORIENTED_EDGE('',*,*,#4956,.T.);
#6430=ORIENTED_EDGE('',*,*,#4929,.F.);
#6431=ORIENTED_EDGE('',*,*,#4957,.F.);
#6432=ORIENTED_EDGE('',*,*,#4958,.F.);
#6433=ORIENTED_EDGE('',*,*,#4959,.T.);
#6434=ORIENTED_EDGE('',*,*,#4919,.F.);
#6435=ORIENTED_EDGE('',*,*,#4960,.F.);
#6436=ORIENTED_EDGE('',*,*,#4961,.F.);
#6437=ORIENTED_EDGE('',*,*,#4962,.T.);
#6438=ORIENTED_EDGE('',*,*,#4923,.F.);
#6439=ORIENTED_EDGE('',*,*,#4959,.F.);
#6440=ORIENTED_EDGE('',*,*,#4963,.F.);
#6441=ORIENTED_EDGE('',*,*,#4964,.T.);
#6442=ORIENTED_EDGE('',*,*,#4920,.F.);
#6443=ORIENTED_EDGE('',*,*,#4964,.F.);
#6444=ORIENTED_EDGE('',*,*,#4965,.F.);
#6445=ORIENTED_EDGE('',*,*,#4966,.T.);
#6446=ORIENTED_EDGE('',*,*,#4921,.F.);
#6447=ORIENTED_EDGE('',*,*,#4966,.F.);
#6448=ORIENTED_EDGE('',*,*,#4967,.F.);
#6449=ORIENTED_EDGE('',*,*,#4960,.T.);
#6450=ORIENTED_EDGE('',*,*,#4922,.F.);
#6451=ORIENTED_EDGE('',*,*,#4968,.F.);
#6452=ORIENTED_EDGE('',*,*,#4969,.F.);
#6453=ORIENTED_EDGE('',*,*,#4970,.T.);
#6454=ORIENTED_EDGE('',*,*,#4926,.F.);
#6455=ORIENTED_EDGE('',*,*,#4971,.F.);
#6456=ORIENTED_EDGE('',*,*,#4972,.F.);
#6457=ORIENTED_EDGE('',*,*,#4968,.T.);
#6458=ORIENTED_EDGE('',*,*,#4925,.F.);
#6459=ORIENTED_EDGE('',*,*,#4962,.F.);
#6460=ORIENTED_EDGE('',*,*,#4973,.F.);
#6461=ORIENTED_EDGE('',*,*,#4971,.T.);
#6462=ORIENTED_EDGE('',*,*,#4924,.F.);
#6463=ORIENTED_EDGE('',*,*,#4974,.F.);
#6464=ORIENTED_EDGE('',*,*,#4975,.F.);
#6465=ORIENTED_EDGE('',*,*,#4976,.T.);
#6466=ORIENTED_EDGE('',*,*,#4932,.F.);
#6467=ORIENTED_EDGE('',*,*,#4977,.F.);
#6468=ORIENTED_EDGE('',*,*,#4978,.F.);
#6469=ORIENTED_EDGE('',*,*,#4957,.T.);
#6470=ORIENTED_EDGE('',*,*,#4918,.F.);
#6471=ORIENTED_EDGE('',*,*,#4979,.F.);
#6472=ORIENTED_EDGE('',*,*,#4980,.F.);
#6473=ORIENTED_EDGE('',*,*,#4974,.T.);
#6474=ORIENTED_EDGE('',*,*,#4931,.F.);
#6475=ORIENTED_EDGE('',*,*,#4956,.F.);
#6476=ORIENTED_EDGE('',*,*,#4981,.F.);
#6477=ORIENTED_EDGE('',*,*,#4979,.T.);
#6478=ORIENTED_EDGE('',*,*,#4930,.F.);
#6479=ORIENTED_EDGE('',*,*,#4970,.F.);
#6480=ORIENTED_EDGE('',*,*,#4982,.F.);
#6481=ORIENTED_EDGE('',*,*,#4983,.T.);
#6482=ORIENTED_EDGE('',*,*,#4927,.F.);
#6483=ORIENTED_EDGE('',*,*,#4983,.F.);
#6484=ORIENTED_EDGE('',*,*,#4984,.F.);
#6485=ORIENTED_EDGE('',*,*,#4954,.T.);
#6486=ORIENTED_EDGE('',*,*,#4928,.F.);
#6487=ORIENTED_EDGE('',*,*,#4985,.F.);
#6488=ORIENTED_EDGE('',*,*,#4986,.F.);
#6489=ORIENTED_EDGE('',*,*,#4977,.T.);
#6490=ORIENTED_EDGE('',*,*,#4917,.F.);
#6491=ORIENTED_EDGE('',*,*,#4976,.F.);
#6492=ORIENTED_EDGE('',*,*,#4987,.F.);
#6493=ORIENTED_EDGE('',*,*,#4988,.T.);
#6494=ORIENTED_EDGE('',*,*,#4933,.F.);
#6495=ORIENTED_EDGE('',*,*,#4988,.F.);
#6496=ORIENTED_EDGE('',*,*,#4989,.F.);
#6497=ORIENTED_EDGE('',*,*,#4990,.T.);
#6498=ORIENTED_EDGE('',*,*,#4934,.F.);
#6499=ORIENTED_EDGE('',*,*,#4990,.F.);
#6500=ORIENTED_EDGE('',*,*,#4991,.F.);
#6501=ORIENTED_EDGE('',*,*,#4992,.T.);
#6502=ORIENTED_EDGE('',*,*,#4935,.F.);
#6503=ORIENTED_EDGE('',*,*,#4992,.F.);
#6504=ORIENTED_EDGE('',*,*,#4993,.F.);
#6505=ORIENTED_EDGE('',*,*,#4994,.T.);
#6506=ORIENTED_EDGE('',*,*,#4936,.F.);
#6507=ORIENTED_EDGE('',*,*,#4994,.F.);
#6508=ORIENTED_EDGE('',*,*,#4995,.F.);
#6509=ORIENTED_EDGE('',*,*,#4996,.T.);
#6510=ORIENTED_EDGE('',*,*,#4937,.F.);
#6511=ORIENTED_EDGE('',*,*,#4996,.F.);
#6512=ORIENTED_EDGE('',*,*,#4997,.F.);
#6513=ORIENTED_EDGE('',*,*,#4998,.T.);
#6514=ORIENTED_EDGE('',*,*,#4938,.F.);
#6515=ORIENTED_EDGE('',*,*,#4998,.F.);
#6516=ORIENTED_EDGE('',*,*,#4999,.F.);
#6517=ORIENTED_EDGE('',*,*,#5000,.T.);
#6518=ORIENTED_EDGE('',*,*,#4939,.F.);
#6519=ORIENTED_EDGE('',*,*,#5000,.F.);
#6520=ORIENTED_EDGE('',*,*,#5001,.F.);
#6521=ORIENTED_EDGE('',*,*,#5002,.T.);
#6522=ORIENTED_EDGE('',*,*,#4940,.F.);
#6523=ORIENTED_EDGE('',*,*,#4946,.F.);
#6524=ORIENTED_EDGE('',*,*,#5003,.T.);
#6525=ORIENTED_EDGE('',*,*,#5004,.F.);
#6526=ORIENTED_EDGE('',*,*,#5003,.F.);
#6527=ORIENTED_EDGE('',*,*,#4947,.F.);
#6528=ORIENTED_EDGE('',*,*,#5005,.T.);
#6529=ORIENTED_EDGE('',*,*,#5006,.F.);
#6530=ORIENTED_EDGE('',*,*,#5005,.F.);
#6531=ORIENTED_EDGE('',*,*,#4948,.F.);
#6532=ORIENTED_EDGE('',*,*,#5007,.T.);
#6533=ORIENTED_EDGE('',*,*,#5008,.F.);
#6534=ORIENTED_EDGE('',*,*,#5007,.F.);
#6535=ORIENTED_EDGE('',*,*,#4949,.F.);
#6536=ORIENTED_EDGE('',*,*,#5009,.T.);
#6537=ORIENTED_EDGE('',*,*,#5010,.F.);
#6538=ORIENTED_EDGE('',*,*,#5009,.F.);
#6539=ORIENTED_EDGE('',*,*,#4950,.F.);
#6540=ORIENTED_EDGE('',*,*,#5011,.T.);
#6541=ORIENTED_EDGE('',*,*,#5012,.F.);
#6542=ORIENTED_EDGE('',*,*,#5011,.F.);
#6543=ORIENTED_EDGE('',*,*,#4951,.F.);
#6544=ORIENTED_EDGE('',*,*,#5013,.T.);
#6545=ORIENTED_EDGE('',*,*,#5014,.F.);
#6546=ORIENTED_EDGE('',*,*,#5013,.F.);
#6547=ORIENTED_EDGE('',*,*,#4952,.F.);
#6548=ORIENTED_EDGE('',*,*,#5015,.T.);
#6549=ORIENTED_EDGE('',*,*,#5016,.F.);
#6550=ORIENTED_EDGE('',*,*,#5015,.F.);
#6551=ORIENTED_EDGE('',*,*,#4953,.F.);
#6552=ORIENTED_EDGE('',*,*,#5017,.T.);
#6553=ORIENTED_EDGE('',*,*,#5018,.F.);
#6554=ORIENTED_EDGE('',*,*,#5017,.F.);
#6555=ORIENTED_EDGE('',*,*,#5019,.F.);
#6556=ORIENTED_EDGE('',*,*,#5020,.T.);
#6557=ORIENTED_EDGE('',*,*,#5001,.T.);
#6558=ORIENTED_EDGE('',*,*,#4999,.T.);
#6559=ORIENTED_EDGE('',*,*,#4997,.T.);
#6560=ORIENTED_EDGE('',*,*,#4995,.T.);
#6561=ORIENTED_EDGE('',*,*,#4993,.T.);
#6562=ORIENTED_EDGE('',*,*,#4991,.T.);
#6563=ORIENTED_EDGE('',*,*,#4989,.T.);
#6564=ORIENTED_EDGE('',*,*,#4987,.T.);
#6565=ORIENTED_EDGE('',*,*,#4975,.T.);
#6566=ORIENTED_EDGE('',*,*,#4980,.T.);
#6567=ORIENTED_EDGE('',*,*,#4981,.T.);
#6568=ORIENTED_EDGE('',*,*,#4955,.T.);
#6569=ORIENTED_EDGE('',*,*,#4984,.T.);
#6570=ORIENTED_EDGE('',*,*,#4982,.T.);
#6571=ORIENTED_EDGE('',*,*,#4969,.T.);
#6572=ORIENTED_EDGE('',*,*,#4972,.T.);
#6573=ORIENTED_EDGE('',*,*,#4973,.T.);
#6574=ORIENTED_EDGE('',*,*,#4961,.T.);
#6575=ORIENTED_EDGE('',*,*,#4967,.T.);
#6576=ORIENTED_EDGE('',*,*,#4965,.T.);
#6577=ORIENTED_EDGE('',*,*,#4963,.T.);
#6578=ORIENTED_EDGE('',*,*,#4958,.T.);
#6579=ORIENTED_EDGE('',*,*,#4978,.T.);
#6580=ORIENTED_EDGE('',*,*,#4986,.T.);
#6581=ORIENTED_EDGE('',*,*,#5004,.T.);
#6582=ORIENTED_EDGE('',*,*,#5006,.T.);
#6583=ORIENTED_EDGE('',*,*,#5008,.T.);
#6584=ORIENTED_EDGE('',*,*,#5010,.T.);
#6585=ORIENTED_EDGE('',*,*,#5012,.T.);
#6586=ORIENTED_EDGE('',*,*,#5014,.T.);
#6587=ORIENTED_EDGE('',*,*,#5016,.T.);
#6588=ORIENTED_EDGE('',*,*,#5018,.T.);
#6589=ORIENTED_EDGE('',*,*,#5021,.T.);
#6590=ORIENTED_EDGE('',*,*,#5022,.T.);
#6591=ORIENTED_EDGE('',*,*,#5023,.T.);
#6592=ORIENTED_EDGE('',*,*,#5024,.T.);
#6593=ORIENTED_EDGE('',*,*,#5025,.T.);
#6594=ORIENTED_EDGE('',*,*,#5026,.T.);
#6595=ORIENTED_EDGE('',*,*,#5027,.T.);
#6596=ORIENTED_EDGE('',*,*,#5028,.T.);
#6597=ORIENTED_EDGE('',*,*,#5029,.T.);
#6598=ORIENTED_EDGE('',*,*,#5030,.T.);
#6599=ORIENTED_EDGE('',*,*,#5031,.T.);
#6600=ORIENTED_EDGE('',*,*,#5032,.F.);
#6601=ORIENTED_EDGE('',*,*,#5033,.T.);
#6602=ORIENTED_EDGE('',*,*,#5034,.T.);
#6603=ORIENTED_EDGE('',*,*,#5035,.T.);
#6604=ORIENTED_EDGE('',*,*,#5036,.T.);
#6605=ORIENTED_EDGE('',*,*,#5037,.T.);
#6606=ORIENTED_EDGE('',*,*,#5038,.F.);
#6607=ORIENTED_EDGE('',*,*,#5039,.T.);
#6608=ORIENTED_EDGE('',*,*,#5040,.T.);
#6609=ORIENTED_EDGE('',*,*,#5041,.T.);
#6610=ORIENTED_EDGE('',*,*,#5042,.T.);
#6611=ORIENTED_EDGE('',*,*,#5043,.T.);
#6612=ORIENTED_EDGE('',*,*,#5044,.T.);
#6613=ORIENTED_EDGE('',*,*,#5045,.T.);
#6614=ORIENTED_EDGE('',*,*,#5046,.T.);
#6615=ORIENTED_EDGE('',*,*,#5047,.F.);
#6616=ORIENTED_EDGE('',*,*,#4941,.F.);
#6617=ORIENTED_EDGE('',*,*,#5002,.F.);
#6618=ORIENTED_EDGE('',*,*,#5020,.F.);
#6619=ORIENTED_EDGE('',*,*,#5047,.T.);
#6620=ORIENTED_EDGE('',*,*,#5019,.T.);
#6621=ORIENTED_EDGE('',*,*,#4985,.T.);
#6622=ORIENTED_EDGE('',*,*,#4916,.F.);
#6623=ORIENTED_EDGE('',*,*,#5024,.F.);
#6624=ORIENTED_EDGE('',*,*,#5048,.T.);
#6625=ORIENTED_EDGE('',*,*,#5049,.F.);
#6626=ORIENTED_EDGE('',*,*,#5050,.F.);
#6627=ORIENTED_EDGE('',*,*,#5023,.F.);
#6628=ORIENTED_EDGE('',*,*,#5051,.T.);
#6629=ORIENTED_EDGE('',*,*,#5052,.F.);
#6630=ORIENTED_EDGE('',*,*,#5048,.F.);
#6631=ORIENTED_EDGE('',*,*,#5022,.F.);
#6632=ORIENTED_EDGE('',*,*,#5053,.T.);
#6633=ORIENTED_EDGE('',*,*,#5054,.F.);
#6634=ORIENTED_EDGE('',*,*,#5051,.F.);
#6635=ORIENTED_EDGE('',*,*,#5021,.F.);
#6636=ORIENTED_EDGE('',*,*,#5055,.T.);
#6637=ORIENTED_EDGE('',*,*,#5056,.F.);
#6638=ORIENTED_EDGE('',*,*,#5053,.F.);
#6639=ORIENTED_EDGE('',*,*,#5046,.F.);
#6640=ORIENTED_EDGE('',*,*,#5057,.T.);
#6641=ORIENTED_EDGE('',*,*,#5058,.F.);
#6642=ORIENTED_EDGE('',*,*,#5055,.F.);
#6643=ORIENTED_EDGE('',*,*,#5045,.F.);
#6644=ORIENTED_EDGE('',*,*,#5059,.T.);
#6645=ORIENTED_EDGE('',*,*,#5060,.F.);
#6646=ORIENTED_EDGE('',*,*,#5057,.F.);
#6647=ORIENTED_EDGE('',*,*,#5044,.F.);
#6648=ORIENTED_EDGE('',*,*,#5061,.T.);
#6649=ORIENTED_EDGE('',*,*,#5062,.F.);
#6650=ORIENTED_EDGE('',*,*,#5059,.F.);
#6651=ORIENTED_EDGE('',*,*,#5043,.F.);
#6652=ORIENTED_EDGE('',*,*,#5063,.T.);
#6653=ORIENTED_EDGE('',*,*,#5064,.F.);
#6654=ORIENTED_EDGE('',*,*,#5061,.F.);
#6655=ORIENTED_EDGE('',*,*,#5042,.F.);
#6656=ORIENTED_EDGE('',*,*,#5065,.T.);
#6657=ORIENTED_EDGE('',*,*,#5066,.F.);
#6658=ORIENTED_EDGE('',*,*,#5063,.F.);
#6659=ORIENTED_EDGE('',*,*,#5041,.F.);
#6660=ORIENTED_EDGE('',*,*,#5067,.T.);
#6661=ORIENTED_EDGE('',*,*,#5068,.F.);
#6662=ORIENTED_EDGE('',*,*,#5065,.F.);
#6663=ORIENTED_EDGE('',*,*,#5040,.F.);
#6664=ORIENTED_EDGE('',*,*,#5069,.T.);
#6665=ORIENTED_EDGE('',*,*,#5070,.F.);
#6666=ORIENTED_EDGE('',*,*,#5067,.F.);
#6667=ORIENTED_EDGE('',*,*,#5071,.F.);
#6668=ORIENTED_EDGE('',*,*,#5072,.F.);
#6669=ORIENTED_EDGE('',*,*,#5069,.F.);
#6670=ORIENTED_EDGE('',*,*,#5039,.F.);
#6671=ORIENTED_EDGE('',*,*,#5036,.F.);
#6672=ORIENTED_EDGE('',*,*,#5073,.T.);
#6673=ORIENTED_EDGE('',*,*,#5074,.F.);
#6674=ORIENTED_EDGE('',*,*,#5075,.F.);
#6675=ORIENTED_EDGE('',*,*,#5035,.F.);
#6676=ORIENTED_EDGE('',*,*,#5076,.T.);
#6677=ORIENTED_EDGE('',*,*,#5077,.F.);
#6678=ORIENTED_EDGE('',*,*,#5073,.F.);
#6679=ORIENTED_EDGE('',*,*,#5034,.F.);
#6680=ORIENTED_EDGE('',*,*,#5078,.T.);
#6681=ORIENTED_EDGE('',*,*,#5079,.F.);
#6682=ORIENTED_EDGE('',*,*,#5076,.F.);
#6683=ORIENTED_EDGE('',*,*,#5080,.F.);
#6684=ORIENTED_EDGE('',*,*,#5031,.F.);
#6685=ORIENTED_EDGE('',*,*,#5081,.T.);
#6686=ORIENTED_EDGE('',*,*,#5082,.F.);
#6687=ORIENTED_EDGE('',*,*,#5030,.F.);
#6688=ORIENTED_EDGE('',*,*,#5083,.T.);
#6689=ORIENTED_EDGE('',*,*,#5084,.F.);
#6690=ORIENTED_EDGE('',*,*,#5081,.F.);
#6691=ORIENTED_EDGE('',*,*,#5029,.F.);
#6692=ORIENTED_EDGE('',*,*,#5085,.T.);
#6693=ORIENTED_EDGE('',*,*,#5086,.F.);
#6694=ORIENTED_EDGE('',*,*,#5083,.F.);
#6695=ORIENTED_EDGE('',*,*,#5028,.F.);
#6696=ORIENTED_EDGE('',*,*,#5087,.T.);
#6697=ORIENTED_EDGE('',*,*,#5088,.F.);
#6698=ORIENTED_EDGE('',*,*,#5085,.F.);
#6699=ORIENTED_EDGE('',*,*,#5027,.F.);
#6700=ORIENTED_EDGE('',*,*,#5089,.T.);
#6701=ORIENTED_EDGE('',*,*,#5090,.F.);
#6702=ORIENTED_EDGE('',*,*,#5087,.F.);
#6703=ORIENTED_EDGE('',*,*,#5026,.F.);
#6704=ORIENTED_EDGE('',*,*,#5091,.T.);
#6705=ORIENTED_EDGE('',*,*,#5092,.F.);
#6706=ORIENTED_EDGE('',*,*,#5089,.F.);
#6707=ORIENTED_EDGE('',*,*,#5025,.F.);
#6708=ORIENTED_EDGE('',*,*,#5050,.T.);
#6709=ORIENTED_EDGE('',*,*,#5093,.F.);
#6710=ORIENTED_EDGE('',*,*,#5091,.F.);
#6711=ORIENTED_EDGE('',*,*,#5094,.F.);
#6712=ORIENTED_EDGE('',*,*,#5095,.T.);
#6713=ORIENTED_EDGE('',*,*,#4909,.T.);
#6714=ORIENTED_EDGE('',*,*,#5095,.F.);
#6715=ORIENTED_EDGE('',*,*,#5096,.F.);
#6716=ORIENTED_EDGE('',*,*,#5037,.F.);
#6717=ORIENTED_EDGE('',*,*,#5075,.T.);
#6718=ORIENTED_EDGE('',*,*,#5097,.F.);
#6719=ORIENTED_EDGE('',*,*,#5098,.T.);
#6720=ORIENTED_EDGE('',*,*,#5071,.T.);
#6721=ORIENTED_EDGE('',*,*,#5038,.T.);
#6722=ORIENTED_EDGE('',*,*,#5096,.T.);
#6723=ORIENTED_EDGE('',*,*,#5099,.F.);
#6724=ORIENTED_EDGE('',*,*,#5082,.T.);
#6725=ORIENTED_EDGE('',*,*,#5084,.T.);
#6726=ORIENTED_EDGE('',*,*,#5086,.T.);
#6727=ORIENTED_EDGE('',*,*,#5088,.T.);
#6728=ORIENTED_EDGE('',*,*,#5090,.T.);
#6729=ORIENTED_EDGE('',*,*,#5092,.T.);
#6730=ORIENTED_EDGE('',*,*,#5093,.T.);
#6731=ORIENTED_EDGE('',*,*,#5049,.T.);
#6732=ORIENTED_EDGE('',*,*,#5052,.T.);
#6733=ORIENTED_EDGE('',*,*,#5054,.T.);
#6734=ORIENTED_EDGE('',*,*,#5056,.T.);
#6735=ORIENTED_EDGE('',*,*,#5058,.T.);
#6736=ORIENTED_EDGE('',*,*,#5060,.T.);
#6737=ORIENTED_EDGE('',*,*,#5062,.T.);
#6738=ORIENTED_EDGE('',*,*,#5064,.T.);
#6739=ORIENTED_EDGE('',*,*,#5066,.T.);
#6740=ORIENTED_EDGE('',*,*,#5068,.T.);
#6741=ORIENTED_EDGE('',*,*,#5070,.T.);
#6742=ORIENTED_EDGE('',*,*,#5072,.T.);
#6743=ORIENTED_EDGE('',*,*,#5098,.F.);
#6744=ORIENTED_EDGE('',*,*,#5097,.T.);
#6745=ORIENTED_EDGE('',*,*,#5074,.T.);
#6746=ORIENTED_EDGE('',*,*,#5077,.T.);
#6747=ORIENTED_EDGE('',*,*,#5079,.T.);
#6748=ORIENTED_EDGE('',*,*,#5100,.T.);
#6749=ORIENTED_EDGE('',*,*,#5094,.T.);
#6750=ORIENTED_EDGE('',*,*,#5101,.F.);
#6751=ORIENTED_EDGE('',*,*,#5100,.F.);
#6752=ORIENTED_EDGE('',*,*,#5078,.F.);
#6753=ORIENTED_EDGE('',*,*,#5033,.F.);
#6754=ORIENTED_EDGE('',*,*,#5099,.T.);
#6755=ORIENTED_EDGE('',*,*,#5101,.T.);
#6756=ORIENTED_EDGE('',*,*,#5032,.T.);
#6757=ORIENTED_EDGE('',*,*,#5080,.T.);
#6758=ORIENTED_EDGE('',*,*,#5102,.T.);
#6759=ORIENTED_EDGE('',*,*,#4907,.T.);
#6760=ORIENTED_EDGE('',*,*,#5103,.F.);
#6761=ORIENTED_EDGE('',*,*,#4943,.F.);
#6762=ORIENTED_EDGE('',*,*,#5103,.T.);
#6763=ORIENTED_EDGE('',*,*,#4906,.T.);
#6764=ORIENTED_EDGE('',*,*,#5104,.F.);
#6765=ORIENTED_EDGE('',*,*,#4944,.F.);
#6766=ORIENTED_EDGE('',*,*,#5104,.T.);
#6767=ORIENTED_EDGE('',*,*,#4905,.T.);
#6768=ORIENTED_EDGE('',*,*,#5105,.T.);
#6769=ORIENTED_EDGE('',*,*,#4945,.F.);
#6770=ORIENTED_EDGE('',*,*,#5105,.F.);
#6771=ORIENTED_EDGE('',*,*,#4908,.T.);
#6772=ORIENTED_EDGE('',*,*,#5102,.F.);
#6773=ORIENTED_EDGE('',*,*,#4942,.F.);
#6774=ORIENTED_EDGE('',*,*,#5106,.T.);
#6775=ORIENTED_EDGE('',*,*,#5107,.T.);
#6776=ORIENTED_EDGE('',*,*,#5108,.T.);
#6777=ORIENTED_EDGE('',*,*,#5109,.T.);
#6778=ORIENTED_EDGE('',*,*,#5110,.F.);
#6779=ORIENTED_EDGE('',*,*,#5111,.F.);
#6780=ORIENTED_EDGE('',*,*,#5112,.F.);
#6781=ORIENTED_EDGE('',*,*,#5113,.F.);
#6782=ORIENTED_EDGE('',*,*,#5108,.F.);
#6783=ORIENTED_EDGE('',*,*,#5114,.F.);
#6784=ORIENTED_EDGE('',*,*,#5115,.F.);
#6785=ORIENTED_EDGE('',*,*,#5116,.F.);
#6786=ORIENTED_EDGE('',*,*,#5117,.T.);
#6787=ORIENTED_EDGE('',*,*,#5118,.T.);
#6788=ORIENTED_EDGE('',*,*,#5119,.T.);
#6789=ORIENTED_EDGE('',*,*,#5114,.T.);
#6790=ORIENTED_EDGE('',*,*,#5120,.F.);
#6791=ORIENTED_EDGE('',*,*,#5119,.F.);
#6792=ORIENTED_EDGE('',*,*,#5121,.F.);
#6793=ORIENTED_EDGE('',*,*,#5122,.F.);
#6794=ORIENTED_EDGE('',*,*,#5109,.F.);
#6795=ORIENTED_EDGE('',*,*,#5123,.F.);
#6796=ORIENTED_EDGE('',*,*,#5124,.F.);
#6797=ORIENTED_EDGE('',*,*,#5125,.T.);
#6798=ORIENTED_EDGE('',*,*,#5126,.F.);
#6799=ORIENTED_EDGE('',*,*,#5127,.F.);
#6800=ORIENTED_EDGE('',*,*,#5128,.F.);
#6801=ORIENTED_EDGE('',*,*,#5106,.F.);
#6802=ORIENTED_EDGE('',*,*,#5129,.F.);
#6803=ORIENTED_EDGE('',*,*,#5130,.F.);
#6804=ORIENTED_EDGE('',*,*,#5131,.T.);
#6805=ORIENTED_EDGE('',*,*,#5129,.T.);
#6806=ORIENTED_EDGE('',*,*,#5110,.T.);
#6807=ORIENTED_EDGE('',*,*,#5124,.T.);
#6808=ORIENTED_EDGE('',*,*,#5121,.T.);
#6809=ORIENTED_EDGE('',*,*,#5118,.F.);
#6810=ORIENTED_EDGE('',*,*,#5132,.T.);
#6811=ORIENTED_EDGE('',*,*,#5133,.F.);
#6812=ORIENTED_EDGE('',*,*,#5125,.F.);
#6813=ORIENTED_EDGE('',*,*,#5134,.T.);
#6814=ORIENTED_EDGE('',*,*,#5135,.T.);
#6815=ORIENTED_EDGE('',*,*,#5120,.T.);
#6816=ORIENTED_EDGE('',*,*,#5116,.T.);
#6817=ORIENTED_EDGE('',*,*,#5111,.T.);
#6818=ORIENTED_EDGE('',*,*,#5107,.F.);
#6819=ORIENTED_EDGE('',*,*,#5128,.T.);
#6820=ORIENTED_EDGE('',*,*,#5136,.F.);
#6821=ORIENTED_EDGE('',*,*,#5137,.F.);
#6822=ORIENTED_EDGE('',*,*,#5132,.F.);
#6823=ORIENTED_EDGE('',*,*,#5117,.F.);
#6824=ORIENTED_EDGE('',*,*,#5135,.F.);
#6825=ORIENTED_EDGE('',*,*,#5130,.T.);
#6826=ORIENTED_EDGE('',*,*,#5138,.F.);
#6827=ORIENTED_EDGE('',*,*,#5139,.F.);
#6828=ORIENTED_EDGE('',*,*,#5140,.F.);
#6829=ORIENTED_EDGE('',*,*,#5141,.T.);
#6830=ORIENTED_EDGE('',*,*,#5138,.T.);
#6831=ORIENTED_EDGE('',*,*,#5133,.T.);
#6832=ORIENTED_EDGE('',*,*,#5137,.T.);
#6833=ORIENTED_EDGE('',*,*,#5134,.F.);
#6834=ORIENTED_EDGE('',*,*,#5126,.T.);
#6835=ORIENTED_EDGE('',*,*,#5136,.T.);
#6836=ORIENTED_EDGE('',*,*,#5127,.T.);
#6837=ORIENTED_EDGE('',*,*,#5131,.F.);
#6838=ORIENTED_EDGE('',*,*,#5139,.T.);
#6839=ORIENTED_EDGE('',*,*,#5141,.F.);
#6840=ORIENTED_EDGE('',*,*,#5142,.F.);
#6841=ORIENTED_EDGE('',*,*,#5143,.T.);
#6842=ORIENTED_EDGE('',*,*,#5112,.T.);
#6843=ORIENTED_EDGE('',*,*,#5115,.T.);
#6844=ORIENTED_EDGE('',*,*,#5122,.T.);
#6845=ORIENTED_EDGE('',*,*,#5123,.T.);
#6846=ORIENTED_EDGE('',*,*,#5113,.T.);
#6847=ORIENTED_EDGE('',*,*,#5143,.F.);
#6848=ORIENTED_EDGE('',*,*,#5144,.F.);
#6849=ORIENTED_EDGE('',*,*,#5145,.T.);
#6850=ORIENTED_EDGE('',*,*,#5146,.T.);
#6851=ORIENTED_EDGE('',*,*,#5145,.F.);
#6852=ORIENTED_EDGE('',*,*,#5146,.F.);
#6853=ORIENTED_EDGE('',*,*,#5142,.T.);
#6854=ORIENTED_EDGE('',*,*,#5147,.T.);
#6855=ORIENTED_EDGE('',*,*,#5148,.T.);
#6856=ORIENTED_EDGE('',*,*,#5149,.T.);
#6857=ORIENTED_EDGE('',*,*,#5150,.T.);
#6858=ORIENTED_EDGE('',*,*,#5144,.T.);
#6859=ORIENTED_EDGE('',*,*,#5151,.F.);
#6860=ORIENTED_EDGE('',*,*,#5152,.F.);
#6861=ORIENTED_EDGE('',*,*,#5153,.F.);
#6862=ORIENTED_EDGE('',*,*,#5154,.F.);
#6863=ORIENTED_EDGE('',*,*,#5140,.T.);
#6864=ORIENTED_EDGE('',*,*,#5155,.T.);
#6865=ORIENTED_EDGE('',*,*,#5154,.T.);
#6866=ORIENTED_EDGE('',*,*,#5156,.T.);
#6867=ORIENTED_EDGE('',*,*,#5150,.F.);
#6868=ORIENTED_EDGE('',*,*,#5155,.F.);
#6869=ORIENTED_EDGE('',*,*,#5149,.F.);
#6870=ORIENTED_EDGE('',*,*,#5157,.T.);
#6871=ORIENTED_EDGE('',*,*,#5151,.T.);
#6872=ORIENTED_EDGE('',*,*,#5156,.F.);
#6873=ORIENTED_EDGE('',*,*,#5153,.T.);
#6874=ORIENTED_EDGE('',*,*,#5158,.F.);
#6875=ORIENTED_EDGE('',*,*,#5147,.F.);
#6876=ORIENTED_EDGE('',*,*,#5158,.T.);
#6877=ORIENTED_EDGE('',*,*,#5152,.T.);
#6878=ORIENTED_EDGE('',*,*,#5157,.F.);
#6879=ORIENTED_EDGE('',*,*,#5148,.F.);
#6880=ORIENTED_EDGE('',*,*,#5159,.F.);
#6881=ORIENTED_EDGE('',*,*,#5160,.T.);
#6882=ORIENTED_EDGE('',*,*,#5161,.F.);
#6883=ORIENTED_EDGE('',*,*,#5162,.F.);
#6884=ORIENTED_EDGE('',*,*,#5163,.F.);
#6885=ORIENTED_EDGE('',*,*,#5164,.T.);
#6886=ORIENTED_EDGE('',*,*,#5165,.F.);
#6887=ORIENTED_EDGE('',*,*,#5160,.F.);
#6888=ORIENTED_EDGE('',*,*,#5166,.F.);
#6889=ORIENTED_EDGE('',*,*,#5167,.T.);
#6890=ORIENTED_EDGE('',*,*,#5168,.F.);
#6891=ORIENTED_EDGE('',*,*,#5164,.F.);
#6892=ORIENTED_EDGE('',*,*,#5169,.F.);
#6893=ORIENTED_EDGE('',*,*,#5170,.F.);
#6894=ORIENTED_EDGE('',*,*,#5171,.F.);
#6895=ORIENTED_EDGE('',*,*,#5167,.F.);
#6896=ORIENTED_EDGE('',*,*,#5172,.F.);
#6897=ORIENTED_EDGE('',*,*,#5173,.T.);
#6898=ORIENTED_EDGE('',*,*,#5174,.F.);
#6899=ORIENTED_EDGE('',*,*,#5175,.T.);
#6900=ORIENTED_EDGE('',*,*,#5176,.F.);
#6901=ORIENTED_EDGE('',*,*,#5177,.T.);
#6902=ORIENTED_EDGE('',*,*,#5178,.F.);
#6903=ORIENTED_EDGE('',*,*,#5173,.F.);
#6904=ORIENTED_EDGE('',*,*,#5179,.F.);
#6905=ORIENTED_EDGE('',*,*,#5162,.T.);
#6906=ORIENTED_EDGE('',*,*,#5180,.F.);
#6907=ORIENTED_EDGE('',*,*,#5177,.F.);
#6908=ORIENTED_EDGE('',*,*,#5181,.F.);
#6909=ORIENTED_EDGE('',*,*,#5182,.T.);
#6910=ORIENTED_EDGE('',*,*,#5183,.F.);
#6911=ORIENTED_EDGE('',*,*,#5184,.F.);
#6912=ORIENTED_EDGE('',*,*,#5185,.F.);
#6913=ORIENTED_EDGE('',*,*,#5186,.T.);
#6914=ORIENTED_EDGE('',*,*,#5187,.F.);
#6915=ORIENTED_EDGE('',*,*,#5182,.F.);
#6916=ORIENTED_EDGE('',*,*,#5188,.F.);
#6917=ORIENTED_EDGE('',*,*,#5189,.T.);
#6918=ORIENTED_EDGE('',*,*,#5190,.F.);
#6919=ORIENTED_EDGE('',*,*,#5186,.F.);
#6920=ORIENTED_EDGE('',*,*,#5191,.F.);
#6921=ORIENTED_EDGE('',*,*,#5192,.F.);
#6922=ORIENTED_EDGE('',*,*,#5193,.F.);
#6923=ORIENTED_EDGE('',*,*,#5189,.F.);
#6924=ORIENTED_EDGE('',*,*,#5194,.F.);
#6925=ORIENTED_EDGE('',*,*,#5195,.T.);
#6926=ORIENTED_EDGE('',*,*,#5196,.F.);
#6927=ORIENTED_EDGE('',*,*,#5197,.T.);
#6928=ORIENTED_EDGE('',*,*,#5198,.F.);
#6929=ORIENTED_EDGE('',*,*,#5199,.T.);
#6930=ORIENTED_EDGE('',*,*,#5200,.F.);
#6931=ORIENTED_EDGE('',*,*,#5195,.F.);
#6932=ORIENTED_EDGE('',*,*,#5201,.F.);
#6933=ORIENTED_EDGE('',*,*,#5184,.T.);
#6934=ORIENTED_EDGE('',*,*,#5202,.F.);
#6935=ORIENTED_EDGE('',*,*,#5199,.F.);
#6936=ORIENTED_EDGE('',*,*,#5171,.T.);
#6937=ORIENTED_EDGE('',*,*,#5203,.F.);
#6938=ORIENTED_EDGE('',*,*,#5204,.F.);
#6939=ORIENTED_EDGE('',*,*,#5205,.F.);
#6940=ORIENTED_EDGE('',*,*,#5206,.F.);
#6941=ORIENTED_EDGE('',*,*,#5207,.F.);
#6942=ORIENTED_EDGE('',*,*,#5208,.F.);
#6943=ORIENTED_EDGE('',*,*,#5209,.F.);
#6944=ORIENTED_EDGE('',*,*,#5196,.T.);
#6945=ORIENTED_EDGE('',*,*,#5200,.T.);
#6946=ORIENTED_EDGE('',*,*,#5202,.T.);
#6947=ORIENTED_EDGE('',*,*,#5183,.T.);
#6948=ORIENTED_EDGE('',*,*,#5187,.T.);
#6949=ORIENTED_EDGE('',*,*,#5190,.T.);
#6950=ORIENTED_EDGE('',*,*,#5193,.T.);
#6951=ORIENTED_EDGE('',*,*,#5210,.F.);
#6952=ORIENTED_EDGE('',*,*,#5211,.F.);
#6953=ORIENTED_EDGE('',*,*,#5212,.F.);
#6954=ORIENTED_EDGE('',*,*,#5213,.F.);
#6955=ORIENTED_EDGE('',*,*,#5214,.F.);
#6956=ORIENTED_EDGE('',*,*,#5174,.T.);
#6957=ORIENTED_EDGE('',*,*,#5178,.T.);
#6958=ORIENTED_EDGE('',*,*,#5180,.T.);
#6959=ORIENTED_EDGE('',*,*,#5161,.T.);
#6960=ORIENTED_EDGE('',*,*,#5165,.T.);
#6961=ORIENTED_EDGE('',*,*,#5168,.T.);
#6962=ORIENTED_EDGE('',*,*,#5215,.F.);
#6963=ORIENTED_EDGE('',*,*,#5216,.F.);
#6964=ORIENTED_EDGE('',*,*,#5217,.F.);
#6965=ORIENTED_EDGE('',*,*,#5218,.F.);
#6966=ORIENTED_EDGE('',*,*,#5219,.F.);
#6967=ORIENTED_EDGE('',*,*,#5220,.F.);
#6968=ORIENTED_EDGE('',*,*,#5221,.F.);
#6969=ORIENTED_EDGE('',*,*,#5222,.F.);
#6970=ORIENTED_EDGE('',*,*,#5223,.F.);
#6971=ORIENTED_EDGE('',*,*,#5224,.F.);
#6972=ORIENTED_EDGE('',*,*,#5225,.F.);
#6973=ORIENTED_EDGE('',*,*,#5226,.F.);
#6974=ORIENTED_EDGE('',*,*,#5227,.F.);
#6975=ORIENTED_EDGE('',*,*,#5228,.F.);
#6976=ORIENTED_EDGE('',*,*,#5229,.F.);
#6977=ORIENTED_EDGE('',*,*,#5230,.F.);
#6978=ORIENTED_EDGE('',*,*,#5231,.F.);
#6979=ORIENTED_EDGE('',*,*,#5232,.F.);
#6980=ORIENTED_EDGE('',*,*,#5233,.F.);
#6981=ORIENTED_EDGE('',*,*,#5234,.F.);
#6982=ORIENTED_EDGE('',*,*,#5235,.F.);
#6983=ORIENTED_EDGE('',*,*,#5236,.F.);
#6984=ORIENTED_EDGE('',*,*,#5237,.F.);
#6985=ORIENTED_EDGE('',*,*,#5238,.F.);
#6986=ORIENTED_EDGE('',*,*,#5239,.F.);
#6987=ORIENTED_EDGE('',*,*,#5240,.F.);
#6988=ORIENTED_EDGE('',*,*,#5241,.F.);
#6989=ORIENTED_EDGE('',*,*,#5242,.F.);
#6990=ORIENTED_EDGE('',*,*,#5243,.F.);
#6991=ORIENTED_EDGE('',*,*,#5244,.F.);
#6992=ORIENTED_EDGE('',*,*,#5192,.T.);
#6993=ORIENTED_EDGE('',*,*,#5245,.F.);
#6994=ORIENTED_EDGE('',*,*,#5246,.F.);
#6995=ORIENTED_EDGE('',*,*,#5210,.T.);
#6996=ORIENTED_EDGE('',*,*,#5169,.T.);
#6997=ORIENTED_EDGE('',*,*,#5166,.T.);
#6998=ORIENTED_EDGE('',*,*,#5163,.T.);
#6999=ORIENTED_EDGE('',*,*,#5159,.T.);
#7000=ORIENTED_EDGE('',*,*,#5179,.T.);
#7001=ORIENTED_EDGE('',*,*,#5176,.T.);
#7002=ORIENTED_EDGE('',*,*,#5172,.T.);
#7003=ORIENTED_EDGE('',*,*,#5247,.T.);
#7004=ORIENTED_EDGE('',*,*,#5248,.T.);
#7005=ORIENTED_EDGE('',*,*,#5249,.T.);
#7006=ORIENTED_EDGE('',*,*,#5250,.T.);
#7007=ORIENTED_EDGE('',*,*,#5245,.T.);
#7008=ORIENTED_EDGE('',*,*,#5191,.T.);
#7009=ORIENTED_EDGE('',*,*,#5188,.T.);
#7010=ORIENTED_EDGE('',*,*,#5185,.T.);
#7011=ORIENTED_EDGE('',*,*,#5181,.T.);
#7012=ORIENTED_EDGE('',*,*,#5201,.T.);
#7013=ORIENTED_EDGE('',*,*,#5198,.T.);
#7014=ORIENTED_EDGE('',*,*,#5194,.T.);
#7015=ORIENTED_EDGE('',*,*,#5251,.T.);
#7016=ORIENTED_EDGE('',*,*,#5252,.T.);
#7017=ORIENTED_EDGE('',*,*,#5253,.T.);
#7018=ORIENTED_EDGE('',*,*,#5254,.T.);
#7019=ORIENTED_EDGE('',*,*,#5255,.T.);
#7020=ORIENTED_EDGE('',*,*,#5256,.T.);
#7021=ORIENTED_EDGE('',*,*,#5257,.T.);
#7022=ORIENTED_EDGE('',*,*,#5258,.T.);
#7023=ORIENTED_EDGE('',*,*,#5259,.T.);
#7024=ORIENTED_EDGE('',*,*,#5260,.T.);
#7025=ORIENTED_EDGE('',*,*,#5261,.T.);
#7026=ORIENTED_EDGE('',*,*,#5262,.T.);
#7027=ORIENTED_EDGE('',*,*,#5263,.T.);
#7028=ORIENTED_EDGE('',*,*,#5264,.T.);
#7029=ORIENTED_EDGE('',*,*,#5265,.T.);
#7030=ORIENTED_EDGE('',*,*,#5266,.F.);
#7031=ORIENTED_EDGE('',*,*,#5267,.T.);
#7032=ORIENTED_EDGE('',*,*,#5268,.T.);
#7033=ORIENTED_EDGE('',*,*,#5269,.T.);
#7034=ORIENTED_EDGE('',*,*,#5270,.T.);
#7035=ORIENTED_EDGE('',*,*,#5271,.T.);
#7036=ORIENTED_EDGE('',*,*,#5272,.F.);
#7037=ORIENTED_EDGE('',*,*,#5273,.T.);
#7038=ORIENTED_EDGE('',*,*,#5274,.T.);
#7039=ORIENTED_EDGE('',*,*,#5275,.T.);
#7040=ORIENTED_EDGE('',*,*,#5276,.T.);
#7041=ORIENTED_EDGE('',*,*,#5277,.T.);
#7042=ORIENTED_EDGE('',*,*,#5278,.T.);
#7043=ORIENTED_EDGE('',*,*,#5279,.T.);
#7044=ORIENTED_EDGE('',*,*,#5280,.T.);
#7045=ORIENTED_EDGE('',*,*,#5281,.T.);
#7046=ORIENTED_EDGE('',*,*,#5282,.T.);
#7047=ORIENTED_EDGE('',*,*,#5283,.T.);
#7048=ORIENTED_EDGE('',*,*,#5284,.T.);
#7049=ORIENTED_EDGE('',*,*,#5285,.T.);
#7050=ORIENTED_EDGE('',*,*,#5286,.T.);
#7051=ORIENTED_EDGE('',*,*,#5287,.T.);
#7052=ORIENTED_EDGE('',*,*,#5197,.F.);
#7053=ORIENTED_EDGE('',*,*,#5209,.T.);
#7054=ORIENTED_EDGE('',*,*,#5288,.T.);
#7055=ORIENTED_EDGE('',*,*,#5251,.F.);
#7056=ORIENTED_EDGE('',*,*,#5233,.T.);
#7057=ORIENTED_EDGE('',*,*,#5289,.T.);
#7058=ORIENTED_EDGE('',*,*,#5266,.T.);
#7059=ORIENTED_EDGE('',*,*,#5290,.T.);
#7060=ORIENTED_EDGE('',*,*,#5289,.F.);
#7061=ORIENTED_EDGE('',*,*,#5232,.T.);
#7062=ORIENTED_EDGE('',*,*,#5291,.T.);
#7063=ORIENTED_EDGE('',*,*,#5267,.F.);
#7064=ORIENTED_EDGE('',*,*,#5227,.T.);
#7065=ORIENTED_EDGE('',*,*,#5292,.T.);
#7066=ORIENTED_EDGE('',*,*,#5272,.T.);
#7067=ORIENTED_EDGE('',*,*,#5293,.T.);
#7068=ORIENTED_EDGE('',*,*,#5292,.F.);
#7069=ORIENTED_EDGE('',*,*,#5226,.T.);
#7070=ORIENTED_EDGE('',*,*,#5294,.T.);
#7071=ORIENTED_EDGE('',*,*,#5273,.F.);
#7072=ORIENTED_EDGE('',*,*,#5216,.T.);
#7073=ORIENTED_EDGE('',*,*,#5295,.T.);
#7074=ORIENTED_EDGE('',*,*,#5283,.F.);
#7075=ORIENTED_EDGE('',*,*,#5296,.F.);
#7076=ORIENTED_EDGE('',*,*,#5217,.T.);
#7077=ORIENTED_EDGE('',*,*,#5296,.T.);
#7078=ORIENTED_EDGE('',*,*,#5282,.F.);
#7079=ORIENTED_EDGE('',*,*,#5297,.F.);
#7080=ORIENTED_EDGE('',*,*,#5218,.T.);
#7081=ORIENTED_EDGE('',*,*,#5297,.T.);
#7082=ORIENTED_EDGE('',*,*,#5281,.F.);
#7083=ORIENTED_EDGE('',*,*,#5298,.F.);
#7084=ORIENTED_EDGE('',*,*,#5219,.T.);
#7085=ORIENTED_EDGE('',*,*,#5298,.T.);
#7086=ORIENTED_EDGE('',*,*,#5280,.F.);
#7087=ORIENTED_EDGE('',*,*,#5299,.F.);
#7088=ORIENTED_EDGE('',*,*,#5220,.T.);
#7089=ORIENTED_EDGE('',*,*,#5299,.T.);
#7090=ORIENTED_EDGE('',*,*,#5279,.F.);
#7091=ORIENTED_EDGE('',*,*,#5300,.F.);
#7092=ORIENTED_EDGE('',*,*,#5221,.T.);
#7093=ORIENTED_EDGE('',*,*,#5300,.T.);
#7094=ORIENTED_EDGE('',*,*,#5278,.F.);
#7095=ORIENTED_EDGE('',*,*,#5301,.F.);
#7096=ORIENTED_EDGE('',*,*,#5222,.T.);
#7097=ORIENTED_EDGE('',*,*,#5301,.T.);
#7098=ORIENTED_EDGE('',*,*,#5277,.F.);
#7099=ORIENTED_EDGE('',*,*,#5302,.F.);
#7100=ORIENTED_EDGE('',*,*,#5223,.T.);
#7101=ORIENTED_EDGE('',*,*,#5302,.T.);
#7102=ORIENTED_EDGE('',*,*,#5276,.F.);
#7103=ORIENTED_EDGE('',*,*,#5303,.F.);
#7104=ORIENTED_EDGE('',*,*,#5224,.T.);
#7105=ORIENTED_EDGE('',*,*,#5303,.T.);
#7106=ORIENTED_EDGE('',*,*,#5275,.F.);
#7107=ORIENTED_EDGE('',*,*,#5304,.F.);
#7108=ORIENTED_EDGE('',*,*,#5225,.T.);
#7109=ORIENTED_EDGE('',*,*,#5304,.T.);
#7110=ORIENTED_EDGE('',*,*,#5274,.F.);
#7111=ORIENTED_EDGE('',*,*,#5294,.F.);
#7112=ORIENTED_EDGE('',*,*,#5293,.F.);
#7113=ORIENTED_EDGE('',*,*,#5271,.F.);
#7114=ORIENTED_EDGE('',*,*,#5305,.F.);
#7115=ORIENTED_EDGE('',*,*,#5228,.T.);
#7116=ORIENTED_EDGE('',*,*,#5229,.T.);
#7117=ORIENTED_EDGE('',*,*,#5305,.T.);
#7118=ORIENTED_EDGE('',*,*,#5270,.F.);
#7119=ORIENTED_EDGE('',*,*,#5306,.F.);
#7120=ORIENTED_EDGE('',*,*,#5230,.T.);
#7121=ORIENTED_EDGE('',*,*,#5306,.T.);
#7122=ORIENTED_EDGE('',*,*,#5269,.F.);
#7123=ORIENTED_EDGE('',*,*,#5307,.F.);
#7124=ORIENTED_EDGE('',*,*,#5231,.T.);
#7125=ORIENTED_EDGE('',*,*,#5307,.T.);
#7126=ORIENTED_EDGE('',*,*,#5268,.F.);
#7127=ORIENTED_EDGE('',*,*,#5291,.F.);
#7128=ORIENTED_EDGE('',*,*,#5290,.F.);
#7129=ORIENTED_EDGE('',*,*,#5265,.F.);
#7130=ORIENTED_EDGE('',*,*,#5308,.F.);
#7131=ORIENTED_EDGE('',*,*,#5234,.T.);
#7132=ORIENTED_EDGE('',*,*,#5235,.T.);
#7133=ORIENTED_EDGE('',*,*,#5308,.T.);
#7134=ORIENTED_EDGE('',*,*,#5264,.F.);
#7135=ORIENTED_EDGE('',*,*,#5309,.F.);
#7136=ORIENTED_EDGE('',*,*,#5236,.T.);
#7137=ORIENTED_EDGE('',*,*,#5309,.T.);
#7138=ORIENTED_EDGE('',*,*,#5263,.F.);
#7139=ORIENTED_EDGE('',*,*,#5310,.F.);
#7140=ORIENTED_EDGE('',*,*,#5237,.T.);
#7141=ORIENTED_EDGE('',*,*,#5310,.T.);
#7142=ORIENTED_EDGE('',*,*,#5262,.F.);
#7143=ORIENTED_EDGE('',*,*,#5311,.F.);
#7144=ORIENTED_EDGE('',*,*,#5238,.T.);
#7145=ORIENTED_EDGE('',*,*,#5311,.T.);
#7146=ORIENTED_EDGE('',*,*,#5261,.F.);
#7147=ORIENTED_EDGE('',*,*,#5312,.F.);
#7148=ORIENTED_EDGE('',*,*,#5239,.T.);
#7149=ORIENTED_EDGE('',*,*,#5312,.T.);
#7150=ORIENTED_EDGE('',*,*,#5260,.F.);
#7151=ORIENTED_EDGE('',*,*,#5313,.F.);
#7152=ORIENTED_EDGE('',*,*,#5240,.T.);
#7153=ORIENTED_EDGE('',*,*,#5313,.T.);
#7154=ORIENTED_EDGE('',*,*,#5259,.F.);
#7155=ORIENTED_EDGE('',*,*,#5314,.F.);
#7156=ORIENTED_EDGE('',*,*,#5215,.T.);
#7157=ORIENTED_EDGE('',*,*,#5314,.T.);
#7158=ORIENTED_EDGE('',*,*,#5258,.F.);
#7159=ORIENTED_EDGE('',*,*,#5295,.F.);
#7160=ORIENTED_EDGE('',*,*,#5284,.F.);
#7161=ORIENTED_EDGE('',*,*,#5315,.T.);
#7162=ORIENTED_EDGE('',*,*,#5241,.T.);
#7163=ORIENTED_EDGE('',*,*,#5315,.F.);
#7164=ORIENTED_EDGE('',*,*,#5285,.F.);
#7165=ORIENTED_EDGE('',*,*,#5316,.T.);
#7166=ORIENTED_EDGE('',*,*,#5242,.T.);
#7167=ORIENTED_EDGE('',*,*,#5316,.F.);
#7168=ORIENTED_EDGE('',*,*,#5286,.F.);
#7169=ORIENTED_EDGE('',*,*,#5317,.T.);
#7170=ORIENTED_EDGE('',*,*,#5243,.T.);
#7171=ORIENTED_EDGE('',*,*,#5317,.F.);
#7172=ORIENTED_EDGE('',*,*,#5287,.F.);
#7173=ORIENTED_EDGE('',*,*,#5318,.T.);
#7174=ORIENTED_EDGE('',*,*,#5244,.T.);
#7175=ORIENTED_EDGE('',*,*,#5318,.F.);
#7176=ORIENTED_EDGE('',*,*,#5211,.T.);
#7177=ORIENTED_EDGE('',*,*,#5246,.T.);
#7178=ORIENTED_EDGE('',*,*,#5250,.F.);
#7179=ORIENTED_EDGE('',*,*,#5319,.F.);
#7180=ORIENTED_EDGE('',*,*,#5212,.T.);
#7181=ORIENTED_EDGE('',*,*,#5319,.T.);
#7182=ORIENTED_EDGE('',*,*,#5249,.F.);
#7183=ORIENTED_EDGE('',*,*,#5320,.F.);
#7184=ORIENTED_EDGE('',*,*,#5213,.T.);
#7185=ORIENTED_EDGE('',*,*,#5320,.T.);
#7186=ORIENTED_EDGE('',*,*,#5248,.F.);
#7187=ORIENTED_EDGE('',*,*,#5321,.F.);
#7188=ORIENTED_EDGE('',*,*,#5175,.F.);
#7189=ORIENTED_EDGE('',*,*,#5214,.T.);
#7190=ORIENTED_EDGE('',*,*,#5321,.T.);
#7191=ORIENTED_EDGE('',*,*,#5247,.F.);
#7192=ORIENTED_EDGE('',*,*,#5170,.T.);
#7193=ORIENTED_EDGE('',*,*,#5257,.F.);
#7194=ORIENTED_EDGE('',*,*,#5322,.F.);
#7195=ORIENTED_EDGE('',*,*,#5203,.T.);
#7196=ORIENTED_EDGE('',*,*,#5204,.T.);
#7197=ORIENTED_EDGE('',*,*,#5322,.T.);
#7198=ORIENTED_EDGE('',*,*,#5256,.F.);
#7199=ORIENTED_EDGE('',*,*,#5323,.F.);
#7200=ORIENTED_EDGE('',*,*,#5205,.T.);
#7201=ORIENTED_EDGE('',*,*,#5323,.T.);
#7202=ORIENTED_EDGE('',*,*,#5255,.F.);
#7203=ORIENTED_EDGE('',*,*,#5324,.F.);
#7204=ORIENTED_EDGE('',*,*,#5206,.T.);
#7205=ORIENTED_EDGE('',*,*,#5324,.T.);
#7206=ORIENTED_EDGE('',*,*,#5254,.F.);
#7207=ORIENTED_EDGE('',*,*,#5325,.F.);
#7208=ORIENTED_EDGE('',*,*,#5207,.T.);
#7209=ORIENTED_EDGE('',*,*,#5325,.T.);
#7210=ORIENTED_EDGE('',*,*,#5253,.F.);
#7211=ORIENTED_EDGE('',*,*,#5326,.F.);
#7212=ORIENTED_EDGE('',*,*,#5208,.T.);
#7213=ORIENTED_EDGE('',*,*,#5326,.T.);
#7214=ORIENTED_EDGE('',*,*,#5252,.F.);
#7215=ORIENTED_EDGE('',*,*,#5288,.F.);
#7216=ORIENTED_EDGE('',*,*,#5327,.F.);
#7217=ORIENTED_EDGE('',*,*,#5328,.T.);
#7218=ORIENTED_EDGE('',*,*,#5329,.T.);
#7219=ORIENTED_EDGE('',*,*,#5328,.F.);
#7220=ORIENTED_EDGE('',*,*,#5329,.F.);
#7221=ORIENTED_EDGE('',*,*,#5330,.F.);
#7222=ORIENTED_EDGE('',*,*,#5331,.T.);
#7223=ORIENTED_EDGE('',*,*,#5332,.T.);
#7224=ORIENTED_EDGE('',*,*,#5331,.F.);
#7225=ORIENTED_EDGE('',*,*,#5332,.F.);
#7226=ORIENTED_EDGE('',*,*,#5333,.F.);
#7227=ORIENTED_EDGE('',*,*,#5334,.T.);
#7228=ORIENTED_EDGE('',*,*,#5335,.T.);
#7229=ORIENTED_EDGE('',*,*,#5334,.F.);
#7230=ORIENTED_EDGE('',*,*,#5335,.F.);
#7231=ORIENTED_EDGE('',*,*,#5336,.F.);
#7232=ORIENTED_EDGE('',*,*,#5337,.T.);
#7233=ORIENTED_EDGE('',*,*,#5338,.T.);
#7234=ORIENTED_EDGE('',*,*,#5337,.F.);
#7235=ORIENTED_EDGE('',*,*,#5338,.F.);
#7236=ORIENTED_EDGE('',*,*,#5339,.F.);
#7237=ORIENTED_EDGE('',*,*,#5340,.T.);
#7238=ORIENTED_EDGE('',*,*,#5341,.T.);
#7239=ORIENTED_EDGE('',*,*,#5340,.F.);
#7240=ORIENTED_EDGE('',*,*,#5341,.F.);
#7241=ORIENTED_EDGE('',*,*,#5342,.F.);
#7242=ORIENTED_EDGE('',*,*,#5343,.T.);
#7243=ORIENTED_EDGE('',*,*,#5344,.T.);
#7244=ORIENTED_EDGE('',*,*,#5343,.F.);
#7245=ORIENTED_EDGE('',*,*,#5344,.F.);
#7246=ORIENTED_EDGE('',*,*,#5345,.T.);
#7247=ORIENTED_EDGE('',*,*,#5346,.T.);
#7248=ORIENTED_EDGE('',*,*,#5347,.T.);
#7249=ORIENTED_EDGE('',*,*,#5348,.F.);
#7250=ORIENTED_EDGE('',*,*,#5349,.F.);
#7251=ORIENTED_EDGE('',*,*,#5350,.F.);
#7252=ORIENTED_EDGE('',*,*,#5351,.F.);
#7253=ORIENTED_EDGE('',*,*,#5352,.F.);
#7254=ORIENTED_EDGE('',*,*,#5353,.F.);
#7255=ORIENTED_EDGE('',*,*,#5354,.F.);
#7256=ORIENTED_EDGE('',*,*,#5355,.T.);
#7257=ORIENTED_EDGE('',*,*,#5356,.T.);
#7258=ORIENTED_EDGE('',*,*,#5357,.T.);
#7259=ORIENTED_EDGE('',*,*,#5358,.T.);
#7260=ORIENTED_EDGE('',*,*,#5359,.T.);
#7261=ORIENTED_EDGE('',*,*,#5360,.F.);
#7262=ORIENTED_EDGE('',*,*,#5361,.F.);
#7263=ORIENTED_EDGE('',*,*,#5362,.F.);
#7264=ORIENTED_EDGE('',*,*,#5363,.F.);
#7265=ORIENTED_EDGE('',*,*,#5364,.F.);
#7266=ORIENTED_EDGE('',*,*,#5365,.F.);
#7267=ORIENTED_EDGE('',*,*,#5366,.F.);
#7268=ORIENTED_EDGE('',*,*,#5367,.F.);
#7269=ORIENTED_EDGE('',*,*,#5368,.F.);
#7270=ORIENTED_EDGE('',*,*,#5369,.T.);
#7271=ORIENTED_EDGE('',*,*,#5370,.T.);
#7272=ORIENTED_EDGE('',*,*,#5371,.F.);
#7273=ORIENTED_EDGE('',*,*,#5372,.F.);
#7274=ORIENTED_EDGE('',*,*,#5373,.F.);
#7275=ORIENTED_EDGE('',*,*,#5374,.F.);
#7276=ORIENTED_EDGE('',*,*,#5375,.F.);
#7277=ORIENTED_EDGE('',*,*,#5376,.F.);
#7278=ORIENTED_EDGE('',*,*,#5377,.F.);
#7279=ORIENTED_EDGE('',*,*,#5378,.F.);
#7280=ORIENTED_EDGE('',*,*,#5379,.F.);
#7281=ORIENTED_EDGE('',*,*,#5380,.F.);
#7282=ORIENTED_EDGE('',*,*,#5381,.F.);
#7283=ORIENTED_EDGE('',*,*,#5382,.F.);
#7284=ORIENTED_EDGE('',*,*,#5383,.F.);
#7285=ORIENTED_EDGE('',*,*,#5384,.F.);
#7286=ORIENTED_EDGE('',*,*,#5385,.F.);
#7287=ORIENTED_EDGE('',*,*,#5386,.F.);
#7288=ORIENTED_EDGE('',*,*,#5387,.F.);
#7289=ORIENTED_EDGE('',*,*,#5388,.F.);
#7290=ORIENTED_EDGE('',*,*,#5389,.T.);
#7291=ORIENTED_EDGE('',*,*,#5390,.F.);
#7292=ORIENTED_EDGE('',*,*,#5391,.T.);
#7293=ORIENTED_EDGE('',*,*,#5392,.F.);
#7294=ORIENTED_EDGE('',*,*,#5393,.F.);
#7295=ORIENTED_EDGE('',*,*,#5394,.F.);
#7296=ORIENTED_EDGE('',*,*,#5395,.T.);
#7297=ORIENTED_EDGE('',*,*,#5396,.F.);
#7298=ORIENTED_EDGE('',*,*,#5397,.F.);
#7299=ORIENTED_EDGE('',*,*,#5398,.F.);
#7300=ORIENTED_EDGE('',*,*,#5399,.T.);
#7301=ORIENTED_EDGE('',*,*,#5400,.F.);
#7302=ORIENTED_EDGE('',*,*,#5401,.T.);
#7303=ORIENTED_EDGE('',*,*,#5402,.F.);
#7304=ORIENTED_EDGE('',*,*,#5403,.T.);
#7305=ORIENTED_EDGE('',*,*,#5404,.F.);
#7306=ORIENTED_EDGE('',*,*,#5405,.F.);
#7307=ORIENTED_EDGE('',*,*,#5406,.F.);
#7308=ORIENTED_EDGE('',*,*,#5407,.F.);
#7309=ORIENTED_EDGE('',*,*,#5408,.F.);
#7310=ORIENTED_EDGE('',*,*,#5409,.T.);
#7311=ORIENTED_EDGE('',*,*,#5410,.T.);
#7312=ORIENTED_EDGE('',*,*,#5411,.T.);
#7313=ORIENTED_EDGE('',*,*,#5412,.F.);
#7314=ORIENTED_EDGE('',*,*,#5413,.T.);
#7315=ORIENTED_EDGE('',*,*,#5414,.T.);
#7316=ORIENTED_EDGE('',*,*,#5415,.T.);
#7317=ORIENTED_EDGE('',*,*,#5416,.T.);
#7318=ORIENTED_EDGE('',*,*,#5417,.T.);
#7319=ORIENTED_EDGE('',*,*,#5418,.T.);
#7320=ORIENTED_EDGE('',*,*,#5419,.T.);
#7321=ORIENTED_EDGE('',*,*,#5420,.F.);
#7322=ORIENTED_EDGE('',*,*,#5421,.T.);
#7323=ORIENTED_EDGE('',*,*,#5422,.T.);
#7324=ORIENTED_EDGE('',*,*,#5423,.T.);
#7325=ORIENTED_EDGE('',*,*,#5424,.T.);
#7326=ORIENTED_EDGE('',*,*,#5425,.T.);
#7327=ORIENTED_EDGE('',*,*,#5426,.F.);
#7328=ORIENTED_EDGE('',*,*,#5427,.T.);
#7329=ORIENTED_EDGE('',*,*,#5428,.T.);
#7330=ORIENTED_EDGE('',*,*,#5429,.T.);
#7331=ORIENTED_EDGE('',*,*,#5430,.T.);
#7332=ORIENTED_EDGE('',*,*,#5431,.T.);
#7333=ORIENTED_EDGE('',*,*,#5432,.F.);
#7334=ORIENTED_EDGE('',*,*,#5433,.T.);
#7335=ORIENTED_EDGE('',*,*,#5434,.T.);
#7336=ORIENTED_EDGE('',*,*,#5435,.T.);
#7337=ORIENTED_EDGE('',*,*,#5436,.T.);
#7338=ORIENTED_EDGE('',*,*,#5437,.T.);
#7339=ORIENTED_EDGE('',*,*,#5438,.T.);
#7340=ORIENTED_EDGE('',*,*,#5439,.F.);
#7341=ORIENTED_EDGE('',*,*,#5440,.T.);
#7342=ORIENTED_EDGE('',*,*,#5441,.T.);
#7343=ORIENTED_EDGE('',*,*,#5442,.F.);
#7344=ORIENTED_EDGE('',*,*,#5443,.T.);
#7345=ORIENTED_EDGE('',*,*,#5444,.F.);
#7346=ORIENTED_EDGE('',*,*,#5445,.T.);
#7347=ORIENTED_EDGE('',*,*,#5446,.F.);
#7348=ORIENTED_EDGE('',*,*,#5447,.T.);
#7349=ORIENTED_EDGE('',*,*,#5448,.F.);
#7350=ORIENTED_EDGE('',*,*,#5449,.T.);
#7351=ORIENTED_EDGE('',*,*,#5450,.F.);
#7352=ORIENTED_EDGE('',*,*,#5451,.T.);
#7353=ORIENTED_EDGE('',*,*,#5452,.F.);
#7354=ORIENTED_EDGE('',*,*,#5453,.T.);
#7355=ORIENTED_EDGE('',*,*,#5454,.F.);
#7356=ORIENTED_EDGE('',*,*,#5455,.T.);
#7357=ORIENTED_EDGE('',*,*,#5456,.F.);
#7358=ORIENTED_EDGE('',*,*,#5457,.F.);
#7359=ORIENTED_EDGE('',*,*,#5458,.T.);
#7360=ORIENTED_EDGE('',*,*,#5459,.T.);
#7361=ORIENTED_EDGE('',*,*,#5460,.T.);
#7362=ORIENTED_EDGE('',*,*,#5461,.T.);
#7363=ORIENTED_EDGE('',*,*,#5462,.T.);
#7364=ORIENTED_EDGE('',*,*,#5463,.T.);
#7365=ORIENTED_EDGE('',*,*,#5464,.T.);
#7366=ORIENTED_EDGE('',*,*,#5465,.T.);
#7367=ORIENTED_EDGE('',*,*,#5466,.T.);
#7368=ORIENTED_EDGE('',*,*,#5467,.T.);
#7369=ORIENTED_EDGE('',*,*,#5468,.T.);
#7370=ORIENTED_EDGE('',*,*,#5469,.T.);
#7371=ORIENTED_EDGE('',*,*,#5470,.T.);
#7372=ORIENTED_EDGE('',*,*,#5471,.T.);
#7373=ORIENTED_EDGE('',*,*,#5472,.T.);
#7374=ORIENTED_EDGE('',*,*,#5473,.F.);
#7375=ORIENTED_EDGE('',*,*,#5474,.F.);
#7376=ORIENTED_EDGE('',*,*,#5475,.F.);
#7377=ORIENTED_EDGE('',*,*,#5476,.T.);
#7378=ORIENTED_EDGE('',*,*,#5477,.F.);
#7379=ORIENTED_EDGE('',*,*,#5476,.F.);
#7380=ORIENTED_EDGE('',*,*,#5478,.F.);
#7381=ORIENTED_EDGE('',*,*,#5479,.T.);
#7382=ORIENTED_EDGE('',*,*,#5480,.F.);
#7383=ORIENTED_EDGE('',*,*,#5479,.F.);
#7384=ORIENTED_EDGE('',*,*,#5481,.F.);
#7385=ORIENTED_EDGE('',*,*,#5482,.T.);
#7386=ORIENTED_EDGE('',*,*,#5483,.F.);
#7387=ORIENTED_EDGE('',*,*,#5482,.F.);
#7388=ORIENTED_EDGE('',*,*,#5484,.F.);
#7389=ORIENTED_EDGE('',*,*,#5485,.T.);
#7390=ORIENTED_EDGE('',*,*,#5486,.F.);
#7391=ORIENTED_EDGE('',*,*,#5485,.F.);
#7392=ORIENTED_EDGE('',*,*,#5487,.F.);
#7393=ORIENTED_EDGE('',*,*,#5488,.T.);
#7394=ORIENTED_EDGE('',*,*,#5489,.F.);
#7395=ORIENTED_EDGE('',*,*,#5488,.F.);
#7396=ORIENTED_EDGE('',*,*,#5490,.F.);
#7397=ORIENTED_EDGE('',*,*,#5491,.T.);
#7398=ORIENTED_EDGE('',*,*,#5492,.F.);
#7399=ORIENTED_EDGE('',*,*,#5491,.F.);
#7400=ORIENTED_EDGE('',*,*,#5493,.F.);
#7401=ORIENTED_EDGE('',*,*,#5494,.T.);
#7402=ORIENTED_EDGE('',*,*,#5495,.F.);
#7403=ORIENTED_EDGE('',*,*,#5494,.F.);
#7404=ORIENTED_EDGE('',*,*,#5496,.F.);
#7405=ORIENTED_EDGE('',*,*,#5474,.T.);
#7406=ORIENTED_EDGE('',*,*,#5496,.T.);
#7407=ORIENTED_EDGE('',*,*,#5497,.F.);
#7408=ORIENTED_EDGE('',*,*,#5453,.F.);
#7409=ORIENTED_EDGE('',*,*,#5498,.F.);
#7410=ORIENTED_EDGE('',*,*,#5478,.T.);
#7411=ORIENTED_EDGE('',*,*,#5475,.T.);
#7412=ORIENTED_EDGE('',*,*,#5490,.T.);
#7413=ORIENTED_EDGE('',*,*,#5487,.T.);
#7414=ORIENTED_EDGE('',*,*,#5484,.T.);
#7415=ORIENTED_EDGE('',*,*,#5499,.F.);
#7416=ORIENTED_EDGE('',*,*,#5391,.F.);
#7417=ORIENTED_EDGE('',*,*,#5500,.F.);
#7418=ORIENTED_EDGE('',*,*,#5501,.F.);
#7419=ORIENTED_EDGE('',*,*,#5502,.T.);
#7420=ORIENTED_EDGE('',*,*,#5503,.F.);
#7421=ORIENTED_EDGE('',*,*,#5504,.F.);
#7422=ORIENTED_EDGE('',*,*,#5505,.F.);
#7423=ORIENTED_EDGE('',*,*,#5506,.T.);
#7424=ORIENTED_EDGE('',*,*,#5507,.F.);
#7425=ORIENTED_EDGE('',*,*,#5502,.F.);
#7426=ORIENTED_EDGE('',*,*,#5508,.F.);
#7427=ORIENTED_EDGE('',*,*,#5509,.T.);
#7428=ORIENTED_EDGE('',*,*,#5510,.F.);
#7429=ORIENTED_EDGE('',*,*,#5506,.F.);
#7430=ORIENTED_EDGE('',*,*,#5511,.F.);
#7431=ORIENTED_EDGE('',*,*,#5512,.T.);
#7432=ORIENTED_EDGE('',*,*,#5513,.F.);
#7433=ORIENTED_EDGE('',*,*,#5514,.F.);
#7434=ORIENTED_EDGE('',*,*,#5515,.F.);
#7435=ORIENTED_EDGE('',*,*,#5516,.T.);
#7436=ORIENTED_EDGE('',*,*,#5517,.F.);
#7437=ORIENTED_EDGE('',*,*,#5512,.F.);
#7438=ORIENTED_EDGE('',*,*,#5518,.F.);
#7439=ORIENTED_EDGE('',*,*,#5519,.T.);
#7440=ORIENTED_EDGE('',*,*,#5520,.F.);
#7441=ORIENTED_EDGE('',*,*,#5516,.F.);
#7442=ORIENTED_EDGE('',*,*,#5521,.T.);
#7443=ORIENTED_EDGE('',*,*,#5504,.T.);
#7444=ORIENTED_EDGE('',*,*,#5522,.F.);
#7445=ORIENTED_EDGE('',*,*,#5519,.F.);
#7446=ORIENTED_EDGE('',*,*,#5523,.F.);
#7447=ORIENTED_EDGE('',*,*,#5524,.F.);
#7448=ORIENTED_EDGE('',*,*,#5525,.T.);
#7449=ORIENTED_EDGE('',*,*,#5526,.F.);
#7450=ORIENTED_EDGE('',*,*,#5527,.F.);
#7451=ORIENTED_EDGE('',*,*,#5514,.T.);
#7452=ORIENTED_EDGE('',*,*,#5528,.F.);
#7453=ORIENTED_EDGE('',*,*,#5509,.F.);
#7454=ORIENTED_EDGE('',*,*,#5526,.T.);
#7455=ORIENTED_EDGE('',*,*,#5529,.F.);
#7456=ORIENTED_EDGE('',*,*,#5379,.T.);
#7457=ORIENTED_EDGE('',*,*,#5530,.T.);
#7458=ORIENTED_EDGE('',*,*,#5524,.T.);
#7459=ORIENTED_EDGE('',*,*,#5531,.T.);
#7460=ORIENTED_EDGE('',*,*,#5465,.F.);
#7461=ORIENTED_EDGE('',*,*,#5532,.F.);
#7462=ORIENTED_EDGE('',*,*,#5345,.F.);
#7463=ORIENTED_EDGE('',*,*,#5533,.F.);
#7464=ORIENTED_EDGE('',*,*,#5409,.F.);
#7465=ORIENTED_EDGE('',*,*,#5534,.T.);
#7466=ORIENTED_EDGE('',*,*,#5535,.F.);
#7467=ORIENTED_EDGE('',*,*,#5536,.T.);
#7468=ORIENTED_EDGE('',*,*,#5537,.F.);
#7469=ORIENTED_EDGE('',*,*,#5538,.F.);
#7470=ORIENTED_EDGE('',*,*,#5539,.F.);
#7471=ORIENTED_EDGE('',*,*,#5540,.T.);
#7472=ORIENTED_EDGE('',*,*,#5541,.F.);
#7473=ORIENTED_EDGE('',*,*,#5536,.F.);
#7474=ORIENTED_EDGE('',*,*,#5542,.F.);
#7475=ORIENTED_EDGE('',*,*,#5543,.T.);
#7476=ORIENTED_EDGE('',*,*,#5544,.F.);
#7477=ORIENTED_EDGE('',*,*,#5540,.F.);
#7478=ORIENTED_EDGE('',*,*,#5545,.F.);
#7479=ORIENTED_EDGE('',*,*,#5546,.T.);
#7480=ORIENTED_EDGE('',*,*,#5547,.F.);
#7481=ORIENTED_EDGE('',*,*,#5543,.F.);
#7482=ORIENTED_EDGE('',*,*,#5548,.F.);
#7483=ORIENTED_EDGE('',*,*,#5549,.T.);
#7484=ORIENTED_EDGE('',*,*,#5550,.F.);
#7485=ORIENTED_EDGE('',*,*,#5546,.F.);
#7486=ORIENTED_EDGE('',*,*,#5551,.F.);
#7487=ORIENTED_EDGE('',*,*,#5552,.T.);
#7488=ORIENTED_EDGE('',*,*,#5553,.F.);
#7489=ORIENTED_EDGE('',*,*,#5549,.F.);
#7490=ORIENTED_EDGE('',*,*,#5554,.F.);
#7491=ORIENTED_EDGE('',*,*,#5555,.T.);
#7492=ORIENTED_EDGE('',*,*,#5556,.F.);
#7493=ORIENTED_EDGE('',*,*,#5552,.F.);
#7494=ORIENTED_EDGE('',*,*,#5557,.F.);
#7495=ORIENTED_EDGE('',*,*,#5538,.T.);
#7496=ORIENTED_EDGE('',*,*,#5558,.F.);
#7497=ORIENTED_EDGE('',*,*,#5555,.F.);
#7498=ORIENTED_EDGE('',*,*,#5557,.T.);
#7499=ORIENTED_EDGE('',*,*,#5559,.F.);
#7500=ORIENTED_EDGE('',*,*,#5443,.F.);
#7501=ORIENTED_EDGE('',*,*,#5560,.F.);
#7502=ORIENTED_EDGE('',*,*,#5539,.T.);
#7503=ORIENTED_EDGE('',*,*,#5535,.T.);
#7504=ORIENTED_EDGE('',*,*,#5551,.T.);
#7505=ORIENTED_EDGE('',*,*,#5548,.T.);
#7506=ORIENTED_EDGE('',*,*,#5545,.T.);
#7507=ORIENTED_EDGE('',*,*,#5561,.F.);
#7508=ORIENTED_EDGE('',*,*,#5401,.F.);
#7509=ORIENTED_EDGE('',*,*,#5562,.F.);
#7510=ORIENTED_EDGE('',*,*,#5439,.T.);
#7511=ORIENTED_EDGE('',*,*,#5563,.T.);
#7512=ORIENTED_EDGE('',*,*,#5371,.T.);
#7513=ORIENTED_EDGE('',*,*,#5564,.T.);
#7514=ORIENTED_EDGE('',*,*,#5564,.F.);
#7515=ORIENTED_EDGE('',*,*,#5404,.T.);
#7516=ORIENTED_EDGE('',*,*,#5565,.T.);
#7517=ORIENTED_EDGE('',*,*,#5440,.F.);
#7518=ORIENTED_EDGE('',*,*,#5456,.T.);
#7519=ORIENTED_EDGE('',*,*,#5566,.T.);
#7520=ORIENTED_EDGE('',*,*,#5388,.T.);
#7521=ORIENTED_EDGE('',*,*,#5567,.T.);
#7522=ORIENTED_EDGE('',*,*,#5566,.F.);
#7523=ORIENTED_EDGE('',*,*,#5455,.F.);
#7524=ORIENTED_EDGE('',*,*,#5568,.F.);
#7525=ORIENTED_EDGE('',*,*,#5389,.F.);
#7526=ORIENTED_EDGE('',*,*,#5567,.F.);
#7527=ORIENTED_EDGE('',*,*,#5387,.T.);
#7528=ORIENTED_EDGE('',*,*,#5569,.T.);
#7529=ORIENTED_EDGE('',*,*,#5457,.T.);
#7530=ORIENTED_EDGE('',*,*,#5454,.T.);
#7531=ORIENTED_EDGE('',*,*,#5497,.T.);
#7532=ORIENTED_EDGE('',*,*,#5493,.T.);
#7533=ORIENTED_EDGE('',*,*,#5500,.T.);
#7534=ORIENTED_EDGE('',*,*,#5390,.T.);
#7535=ORIENTED_EDGE('',*,*,#5568,.T.);
#7536=ORIENTED_EDGE('',*,*,#5452,.T.);
#7537=ORIENTED_EDGE('',*,*,#5570,.T.);
#7538=ORIENTED_EDGE('',*,*,#5392,.T.);
#7539=ORIENTED_EDGE('',*,*,#5499,.T.);
#7540=ORIENTED_EDGE('',*,*,#5481,.T.);
#7541=ORIENTED_EDGE('',*,*,#5498,.T.);
#7542=ORIENTED_EDGE('',*,*,#5570,.F.);
#7543=ORIENTED_EDGE('',*,*,#5451,.F.);
#7544=ORIENTED_EDGE('',*,*,#5571,.F.);
#7545=ORIENTED_EDGE('',*,*,#5393,.T.);
#7546=ORIENTED_EDGE('',*,*,#5444,.T.);
#7547=ORIENTED_EDGE('',*,*,#5559,.T.);
#7548=ORIENTED_EDGE('',*,*,#5554,.T.);
#7549=ORIENTED_EDGE('',*,*,#5562,.T.);
#7550=ORIENTED_EDGE('',*,*,#5400,.T.);
#7551=ORIENTED_EDGE('',*,*,#5572,.T.);
#7552=ORIENTED_EDGE('',*,*,#5442,.T.);
#7553=ORIENTED_EDGE('',*,*,#5573,.T.);
#7554=ORIENTED_EDGE('',*,*,#5402,.T.);
#7555=ORIENTED_EDGE('',*,*,#5561,.T.);
#7556=ORIENTED_EDGE('',*,*,#5542,.T.);
#7557=ORIENTED_EDGE('',*,*,#5560,.T.);
#7558=ORIENTED_EDGE('',*,*,#5565,.F.);
#7559=ORIENTED_EDGE('',*,*,#5403,.F.);
#7560=ORIENTED_EDGE('',*,*,#5573,.F.);
#7561=ORIENTED_EDGE('',*,*,#5441,.F.);
#7562=ORIENTED_EDGE('',*,*,#5348,.T.);
#7563=ORIENTED_EDGE('',*,*,#5574,.T.);
#7564=ORIENTED_EDGE('',*,*,#5432,.T.);
#7565=ORIENTED_EDGE('',*,*,#5575,.T.);
#7566=ORIENTED_EDGE('',*,*,#5575,.F.);
#7567=ORIENTED_EDGE('',*,*,#5431,.F.);
#7568=ORIENTED_EDGE('',*,*,#5576,.F.);
#7569=ORIENTED_EDGE('',*,*,#5349,.T.);
#7570=ORIENTED_EDGE('',*,*,#5368,.T.);
#7571=ORIENTED_EDGE('',*,*,#5577,.T.);
#7572=ORIENTED_EDGE('',*,*,#5412,.T.);
#7573=ORIENTED_EDGE('',*,*,#5578,.T.);
#7574=ORIENTED_EDGE('',*,*,#5578,.F.);
#7575=ORIENTED_EDGE('',*,*,#5411,.F.);
#7576=ORIENTED_EDGE('',*,*,#5579,.T.);
#7577=ORIENTED_EDGE('',*,*,#5369,.F.);
#7578=ORIENTED_EDGE('',*,*,#5354,.T.);
#7579=ORIENTED_EDGE('',*,*,#5580,.T.);
#7580=ORIENTED_EDGE('',*,*,#5426,.T.);
#7581=ORIENTED_EDGE('',*,*,#5581,.T.);
#7582=ORIENTED_EDGE('',*,*,#5581,.F.);
#7583=ORIENTED_EDGE('',*,*,#5425,.F.);
#7584=ORIENTED_EDGE('',*,*,#5582,.T.);
#7585=ORIENTED_EDGE('',*,*,#5355,.F.);
#7586=ORIENTED_EDGE('',*,*,#5360,.T.);
#7587=ORIENTED_EDGE('',*,*,#5583,.T.);
#7588=ORIENTED_EDGE('',*,*,#5420,.T.);
#7589=ORIENTED_EDGE('',*,*,#5584,.T.);
#7590=ORIENTED_EDGE('',*,*,#5583,.F.);
#7591=ORIENTED_EDGE('',*,*,#5359,.F.);
#7592=ORIENTED_EDGE('',*,*,#5585,.F.);
#7593=ORIENTED_EDGE('',*,*,#5421,.F.);
#7594=ORIENTED_EDGE('',*,*,#5356,.F.);
#7595=ORIENTED_EDGE('',*,*,#5582,.F.);
#7596=ORIENTED_EDGE('',*,*,#5424,.F.);
#7597=ORIENTED_EDGE('',*,*,#5586,.T.);
#7598=ORIENTED_EDGE('',*,*,#5357,.F.);
#7599=ORIENTED_EDGE('',*,*,#5586,.F.);
#7600=ORIENTED_EDGE('',*,*,#5423,.F.);
#7601=ORIENTED_EDGE('',*,*,#5587,.T.);
#7602=ORIENTED_EDGE('',*,*,#5358,.F.);
#7603=ORIENTED_EDGE('',*,*,#5587,.F.);
#7604=ORIENTED_EDGE('',*,*,#5422,.F.);
#7605=ORIENTED_EDGE('',*,*,#5585,.T.);
#7606=ORIENTED_EDGE('',*,*,#5370,.F.);
#7607=ORIENTED_EDGE('',*,*,#5579,.F.);
#7608=ORIENTED_EDGE('',*,*,#5410,.F.);
#7609=ORIENTED_EDGE('',*,*,#5533,.T.);
#7610=ORIENTED_EDGE('',*,*,#5346,.F.);
#7611=ORIENTED_EDGE('',*,*,#5534,.F.);
#7612=ORIENTED_EDGE('',*,*,#5434,.F.);
#7613=ORIENTED_EDGE('',*,*,#5588,.T.);
#7614=ORIENTED_EDGE('',*,*,#5574,.F.);
#7615=ORIENTED_EDGE('',*,*,#5347,.F.);
#7616=ORIENTED_EDGE('',*,*,#5588,.F.);
#7617=ORIENTED_EDGE('',*,*,#5433,.F.);
#7618=ORIENTED_EDGE('',*,*,#5394,.T.);
#7619=ORIENTED_EDGE('',*,*,#5571,.T.);
#7620=ORIENTED_EDGE('',*,*,#5450,.T.);
#7621=ORIENTED_EDGE('',*,*,#5589,.T.);
#7622=ORIENTED_EDGE('',*,*,#5448,.T.);
#7623=ORIENTED_EDGE('',*,*,#5590,.T.);
#7624=ORIENTED_EDGE('',*,*,#5396,.T.);
#7625=ORIENTED_EDGE('',*,*,#5591,.T.);
#7626=ORIENTED_EDGE('',*,*,#5590,.F.);
#7627=ORIENTED_EDGE('',*,*,#5447,.F.);
#7628=ORIENTED_EDGE('',*,*,#5592,.F.);
#7629=ORIENTED_EDGE('',*,*,#5397,.T.);
#7630=ORIENTED_EDGE('',*,*,#5398,.T.);
#7631=ORIENTED_EDGE('',*,*,#5592,.T.);
#7632=ORIENTED_EDGE('',*,*,#5446,.T.);
#7633=ORIENTED_EDGE('',*,*,#5593,.T.);
#7634=ORIENTED_EDGE('',*,*,#5572,.F.);
#7635=ORIENTED_EDGE('',*,*,#5399,.F.);
#7636=ORIENTED_EDGE('',*,*,#5593,.F.);
#7637=ORIENTED_EDGE('',*,*,#5445,.F.);
#7638=ORIENTED_EDGE('',*,*,#5589,.F.);
#7639=ORIENTED_EDGE('',*,*,#5449,.F.);
#7640=ORIENTED_EDGE('',*,*,#5591,.F.);
#7641=ORIENTED_EDGE('',*,*,#5395,.F.);
#7642=ORIENTED_EDGE('',*,*,#5438,.F.);
#7643=ORIENTED_EDGE('',*,*,#5594,.T.);
#7644=ORIENTED_EDGE('',*,*,#5408,.T.);
#7645=ORIENTED_EDGE('',*,*,#5594,.F.);
#7646=ORIENTED_EDGE('',*,*,#5437,.F.);
#7647=ORIENTED_EDGE('',*,*,#5595,.T.);
#7648=ORIENTED_EDGE('',*,*,#5407,.T.);
#7649=ORIENTED_EDGE('',*,*,#5595,.F.);
#7650=ORIENTED_EDGE('',*,*,#5436,.F.);
#7651=ORIENTED_EDGE('',*,*,#5596,.T.);
#7652=ORIENTED_EDGE('',*,*,#5406,.T.);
#7653=ORIENTED_EDGE('',*,*,#5596,.F.);
#7654=ORIENTED_EDGE('',*,*,#5563,.F.);
#7655=ORIENTED_EDGE('',*,*,#5472,.F.);
#7656=ORIENTED_EDGE('',*,*,#5597,.F.);
#7657=ORIENTED_EDGE('',*,*,#5372,.T.);
#7658=ORIENTED_EDGE('',*,*,#5373,.T.);
#7659=ORIENTED_EDGE('',*,*,#5597,.T.);
#7660=ORIENTED_EDGE('',*,*,#5471,.F.);
#7661=ORIENTED_EDGE('',*,*,#5598,.F.);
#7662=ORIENTED_EDGE('',*,*,#5374,.T.);
#7663=ORIENTED_EDGE('',*,*,#5598,.T.);
#7664=ORIENTED_EDGE('',*,*,#5470,.F.);
#7665=ORIENTED_EDGE('',*,*,#5599,.F.);
#7666=ORIENTED_EDGE('',*,*,#5375,.T.);
#7667=ORIENTED_EDGE('',*,*,#5599,.T.);
#7668=ORIENTED_EDGE('',*,*,#5469,.F.);
#7669=ORIENTED_EDGE('',*,*,#5600,.F.);
#7670=ORIENTED_EDGE('',*,*,#5376,.T.);
#7671=ORIENTED_EDGE('',*,*,#5600,.T.);
#7672=ORIENTED_EDGE('',*,*,#5468,.F.);
#7673=ORIENTED_EDGE('',*,*,#5601,.F.);
#7674=ORIENTED_EDGE('',*,*,#5377,.T.);
#7675=ORIENTED_EDGE('',*,*,#5601,.T.);
#7676=ORIENTED_EDGE('',*,*,#5467,.F.);
#7677=ORIENTED_EDGE('',*,*,#5602,.F.);
#7678=ORIENTED_EDGE('',*,*,#5527,.T.);
#7679=ORIENTED_EDGE('',*,*,#5530,.F.);
#7680=ORIENTED_EDGE('',*,*,#5378,.T.);
#7681=ORIENTED_EDGE('',*,*,#5602,.T.);
#7682=ORIENTED_EDGE('',*,*,#5466,.F.);
#7683=ORIENTED_EDGE('',*,*,#5531,.F.);
#7684=ORIENTED_EDGE('',*,*,#5523,.T.);
#7685=ORIENTED_EDGE('',*,*,#5518,.T.);
#7686=ORIENTED_EDGE('',*,*,#5515,.T.);
#7687=ORIENTED_EDGE('',*,*,#5511,.T.);
#7688=ORIENTED_EDGE('',*,*,#5501,.T.);
#7689=ORIENTED_EDGE('',*,*,#5521,.F.);
#7690=ORIENTED_EDGE('',*,*,#5532,.T.);
#7691=ORIENTED_EDGE('',*,*,#5464,.F.);
#7692=ORIENTED_EDGE('',*,*,#5603,.F.);
#7693=ORIENTED_EDGE('',*,*,#5380,.T.);
#7694=ORIENTED_EDGE('',*,*,#5529,.T.);
#7695=ORIENTED_EDGE('',*,*,#5525,.F.);
#7696=ORIENTED_EDGE('',*,*,#5508,.T.);
#7697=ORIENTED_EDGE('',*,*,#5505,.T.);
#7698=ORIENTED_EDGE('',*,*,#5381,.T.);
#7699=ORIENTED_EDGE('',*,*,#5603,.T.);
#7700=ORIENTED_EDGE('',*,*,#5463,.F.);
#7701=ORIENTED_EDGE('',*,*,#5604,.F.);
#7702=ORIENTED_EDGE('',*,*,#5382,.T.);
#7703=ORIENTED_EDGE('',*,*,#5604,.T.);
#7704=ORIENTED_EDGE('',*,*,#5462,.F.);
#7705=ORIENTED_EDGE('',*,*,#5605,.F.);
#7706=ORIENTED_EDGE('',*,*,#5383,.T.);
#7707=ORIENTED_EDGE('',*,*,#5605,.T.);
#7708=ORIENTED_EDGE('',*,*,#5461,.F.);
#7709=ORIENTED_EDGE('',*,*,#5606,.F.);
#7710=ORIENTED_EDGE('',*,*,#5384,.T.);
#7711=ORIENTED_EDGE('',*,*,#5606,.T.);
#7712=ORIENTED_EDGE('',*,*,#5460,.F.);
#7713=ORIENTED_EDGE('',*,*,#5607,.F.);
#7714=ORIENTED_EDGE('',*,*,#5385,.T.);
#7715=ORIENTED_EDGE('',*,*,#5607,.T.);
#7716=ORIENTED_EDGE('',*,*,#5459,.F.);
#7717=ORIENTED_EDGE('',*,*,#5608,.F.);
#7718=ORIENTED_EDGE('',*,*,#5569,.F.);
#7719=ORIENTED_EDGE('',*,*,#5386,.T.);
#7720=ORIENTED_EDGE('',*,*,#5608,.T.);
#7721=ORIENTED_EDGE('',*,*,#5458,.F.);
#7722=ORIENTED_EDGE('',*,*,#5435,.F.);
#7723=ORIENTED_EDGE('',*,*,#5609,.T.);
#7724=ORIENTED_EDGE('',*,*,#5405,.T.);
#7725=ORIENTED_EDGE('',*,*,#5609,.F.);
#7726=ORIENTED_EDGE('',*,*,#5577,.F.);
#7727=ORIENTED_EDGE('',*,*,#5367,.T.);
#7728=ORIENTED_EDGE('',*,*,#5610,.T.);
#7729=ORIENTED_EDGE('',*,*,#5413,.F.);
#7730=ORIENTED_EDGE('',*,*,#5350,.T.);
#7731=ORIENTED_EDGE('',*,*,#5576,.T.);
#7732=ORIENTED_EDGE('',*,*,#5430,.F.);
#7733=ORIENTED_EDGE('',*,*,#5611,.F.);
#7734=ORIENTED_EDGE('',*,*,#5351,.T.);
#7735=ORIENTED_EDGE('',*,*,#5611,.T.);
#7736=ORIENTED_EDGE('',*,*,#5429,.F.);
#7737=ORIENTED_EDGE('',*,*,#5612,.F.);
#7738=ORIENTED_EDGE('',*,*,#5339,.T.);
#7739=ORIENTED_EDGE('',*,*,#5342,.T.);
#7740=ORIENTED_EDGE('',*,*,#5522,.T.);
#7741=ORIENTED_EDGE('',*,*,#5503,.T.);
#7742=ORIENTED_EDGE('',*,*,#5507,.T.);
#7743=ORIENTED_EDGE('',*,*,#5510,.T.);
#7744=ORIENTED_EDGE('',*,*,#5528,.T.);
#7745=ORIENTED_EDGE('',*,*,#5513,.T.);
#7746=ORIENTED_EDGE('',*,*,#5517,.T.);
#7747=ORIENTED_EDGE('',*,*,#5520,.T.);
#7748=ORIENTED_EDGE('',*,*,#5352,.T.);
#7749=ORIENTED_EDGE('',*,*,#5612,.T.);
#7750=ORIENTED_EDGE('',*,*,#5428,.F.);
#7751=ORIENTED_EDGE('',*,*,#5613,.F.);
#7752=ORIENTED_EDGE('',*,*,#5580,.F.);
#7753=ORIENTED_EDGE('',*,*,#5353,.T.);
#7754=ORIENTED_EDGE('',*,*,#5613,.T.);
#7755=ORIENTED_EDGE('',*,*,#5427,.F.);
#7756=ORIENTED_EDGE('',*,*,#5584,.F.);
#7757=ORIENTED_EDGE('',*,*,#5419,.F.);
#7758=ORIENTED_EDGE('',*,*,#5614,.F.);
#7759=ORIENTED_EDGE('',*,*,#5361,.T.);
#7760=ORIENTED_EDGE('',*,*,#5362,.T.);
#7761=ORIENTED_EDGE('',*,*,#5614,.T.);
#7762=ORIENTED_EDGE('',*,*,#5418,.F.);
#7763=ORIENTED_EDGE('',*,*,#5615,.F.);
#7764=ORIENTED_EDGE('',*,*,#5363,.T.);
#7765=ORIENTED_EDGE('',*,*,#5615,.T.);
#7766=ORIENTED_EDGE('',*,*,#5417,.F.);
#7767=ORIENTED_EDGE('',*,*,#5616,.F.);
#7768=ORIENTED_EDGE('',*,*,#5327,.T.);
#7769=ORIENTED_EDGE('',*,*,#5330,.T.);
#7770=ORIENTED_EDGE('',*,*,#5537,.T.);
#7771=ORIENTED_EDGE('',*,*,#5541,.T.);
#7772=ORIENTED_EDGE('',*,*,#5544,.T.);
#7773=ORIENTED_EDGE('',*,*,#5547,.T.);
#7774=ORIENTED_EDGE('',*,*,#5550,.T.);
#7775=ORIENTED_EDGE('',*,*,#5553,.T.);
#7776=ORIENTED_EDGE('',*,*,#5556,.T.);
#7777=ORIENTED_EDGE('',*,*,#5558,.T.);
#7778=ORIENTED_EDGE('',*,*,#5364,.T.);
#7779=ORIENTED_EDGE('',*,*,#5616,.T.);
#7780=ORIENTED_EDGE('',*,*,#5416,.F.);
#7781=ORIENTED_EDGE('',*,*,#5617,.F.);
#7782=ORIENTED_EDGE('',*,*,#5365,.T.);
#7783=ORIENTED_EDGE('',*,*,#5617,.T.);
#7784=ORIENTED_EDGE('',*,*,#5415,.F.);
#7785=ORIENTED_EDGE('',*,*,#5618,.F.);
#7786=ORIENTED_EDGE('',*,*,#5333,.T.);
#7787=ORIENTED_EDGE('',*,*,#5336,.T.);
#7788=ORIENTED_EDGE('',*,*,#5473,.T.);
#7789=ORIENTED_EDGE('',*,*,#5477,.T.);
#7790=ORIENTED_EDGE('',*,*,#5480,.T.);
#7791=ORIENTED_EDGE('',*,*,#5483,.T.);
#7792=ORIENTED_EDGE('',*,*,#5486,.T.);
#7793=ORIENTED_EDGE('',*,*,#5489,.T.);
#7794=ORIENTED_EDGE('',*,*,#5492,.T.);
#7795=ORIENTED_EDGE('',*,*,#5495,.T.);
#7796=ORIENTED_EDGE('',*,*,#5366,.T.);
#7797=ORIENTED_EDGE('',*,*,#5618,.T.);
#7798=ORIENTED_EDGE('',*,*,#5414,.F.);
#7799=ORIENTED_EDGE('',*,*,#5610,.F.);
#7800=ORIENTED_EDGE('',*,*,#5619,.T.);
#7801=ORIENTED_EDGE('',*,*,#5620,.T.);
#7802=ORIENTED_EDGE('',*,*,#5621,.F.);
#7803=ORIENTED_EDGE('',*,*,#5622,.F.);
#7804=ORIENTED_EDGE('',*,*,#5621,.T.);
#7805=ORIENTED_EDGE('',*,*,#5623,.T.);
#7806=ORIENTED_EDGE('',*,*,#5624,.T.);
#7807=ORIENTED_EDGE('',*,*,#5625,.T.);
#7808=ORIENTED_EDGE('',*,*,#5626,.T.);
#7809=ORIENTED_EDGE('',*,*,#5627,.T.);
#7810=ORIENTED_EDGE('',*,*,#5628,.T.);
#7811=ORIENTED_EDGE('',*,*,#5629,.T.);
#7812=ORIENTED_EDGE('',*,*,#5630,.T.);
#7813=ORIENTED_EDGE('',*,*,#5631,.T.);
#7814=ORIENTED_EDGE('',*,*,#5632,.T.);
#7815=ORIENTED_EDGE('',*,*,#5633,.T.);
#7816=ORIENTED_EDGE('',*,*,#5634,.T.);
#7817=ORIENTED_EDGE('',*,*,#5635,.T.);
#7818=ORIENTED_EDGE('',*,*,#5636,.T.);
#7819=ORIENTED_EDGE('',*,*,#5637,.T.);
#7820=ORIENTED_EDGE('',*,*,#5638,.T.);
#7821=ORIENTED_EDGE('',*,*,#5639,.T.);
#7822=ORIENTED_EDGE('',*,*,#5640,.T.);
#7823=ORIENTED_EDGE('',*,*,#5641,.T.);
#7824=ORIENTED_EDGE('',*,*,#5642,.T.);
#7825=ORIENTED_EDGE('',*,*,#5643,.T.);
#7826=ORIENTED_EDGE('',*,*,#5644,.T.);
#7827=ORIENTED_EDGE('',*,*,#5645,.T.);
#7828=ORIENTED_EDGE('',*,*,#5646,.T.);
#7829=ORIENTED_EDGE('',*,*,#5647,.T.);
#7830=ORIENTED_EDGE('',*,*,#5648,.T.);
#7831=ORIENTED_EDGE('',*,*,#5649,.T.);
#7832=ORIENTED_EDGE('',*,*,#5650,.T.);
#7833=ORIENTED_EDGE('',*,*,#5651,.T.);
#7834=ORIENTED_EDGE('',*,*,#5652,.T.);
#7835=ORIENTED_EDGE('',*,*,#5653,.T.);
#7836=ORIENTED_EDGE('',*,*,#5654,.T.);
#7837=ORIENTED_EDGE('',*,*,#5655,.T.);
#7838=ORIENTED_EDGE('',*,*,#5656,.T.);
#7839=ORIENTED_EDGE('',*,*,#5657,.T.);
#7840=ORIENTED_EDGE('',*,*,#5658,.T.);
#7841=ORIENTED_EDGE('',*,*,#5659,.T.);
#7842=ORIENTED_EDGE('',*,*,#5660,.T.);
#7843=ORIENTED_EDGE('',*,*,#5661,.T.);
#7844=ORIENTED_EDGE('',*,*,#5662,.T.);
#7845=ORIENTED_EDGE('',*,*,#5663,.T.);
#7846=ORIENTED_EDGE('',*,*,#5664,.T.);
#7847=ORIENTED_EDGE('',*,*,#5665,.T.);
#7848=ORIENTED_EDGE('',*,*,#5666,.T.);
#7849=ORIENTED_EDGE('',*,*,#5667,.T.);
#7850=ORIENTED_EDGE('',*,*,#5668,.T.);
#7851=ORIENTED_EDGE('',*,*,#5669,.T.);
#7852=ORIENTED_EDGE('',*,*,#5670,.T.);
#7853=ORIENTED_EDGE('',*,*,#5671,.T.);
#7854=ORIENTED_EDGE('',*,*,#5672,.T.);
#7855=ORIENTED_EDGE('',*,*,#5673,.T.);
#7856=ORIENTED_EDGE('',*,*,#5674,.T.);
#7857=ORIENTED_EDGE('',*,*,#5675,.T.);
#7858=ORIENTED_EDGE('',*,*,#5676,.T.);
#7859=ORIENTED_EDGE('',*,*,#5677,.T.);
#7860=ORIENTED_EDGE('',*,*,#5678,.T.);
#7861=ORIENTED_EDGE('',*,*,#5679,.T.);
#7862=ORIENTED_EDGE('',*,*,#5680,.T.);
#7863=ORIENTED_EDGE('',*,*,#5681,.T.);
#7864=ORIENTED_EDGE('',*,*,#5682,.T.);
#7865=ORIENTED_EDGE('',*,*,#5683,.T.);
#7866=ORIENTED_EDGE('',*,*,#5684,.T.);
#7867=ORIENTED_EDGE('',*,*,#5685,.T.);
#7868=ORIENTED_EDGE('',*,*,#5686,.T.);
#7869=ORIENTED_EDGE('',*,*,#5687,.T.);
#7870=ORIENTED_EDGE('',*,*,#5681,.F.);
#7871=ORIENTED_EDGE('',*,*,#5688,.F.);
#7872=ORIENTED_EDGE('',*,*,#5689,.T.);
#7873=ORIENTED_EDGE('',*,*,#5688,.T.);
#7874=ORIENTED_EDGE('',*,*,#5680,.F.);
#7875=ORIENTED_EDGE('',*,*,#5690,.F.);
#7876=ORIENTED_EDGE('',*,*,#5691,.T.);
#7877=ORIENTED_EDGE('',*,*,#5690,.T.);
#7878=ORIENTED_EDGE('',*,*,#5679,.F.);
#7879=ORIENTED_EDGE('',*,*,#5692,.F.);
#7880=ORIENTED_EDGE('',*,*,#5693,.T.);
#7881=ORIENTED_EDGE('',*,*,#5692,.T.);
#7882=ORIENTED_EDGE('',*,*,#5678,.F.);
#7883=ORIENTED_EDGE('',*,*,#5694,.F.);
#7884=ORIENTED_EDGE('',*,*,#5695,.T.);
#7885=ORIENTED_EDGE('',*,*,#5694,.T.);
#7886=ORIENTED_EDGE('',*,*,#5677,.F.);
#7887=ORIENTED_EDGE('',*,*,#5696,.F.);
#7888=ORIENTED_EDGE('',*,*,#5697,.T.);
#7889=ORIENTED_EDGE('',*,*,#5696,.T.);
#7890=ORIENTED_EDGE('',*,*,#5676,.F.);
#7891=ORIENTED_EDGE('',*,*,#5698,.F.);
#7892=ORIENTED_EDGE('',*,*,#5699,.T.);
#7893=ORIENTED_EDGE('',*,*,#5698,.T.);
#7894=ORIENTED_EDGE('',*,*,#5675,.F.);
#7895=ORIENTED_EDGE('',*,*,#5700,.F.);
#7896=ORIENTED_EDGE('',*,*,#5701,.T.);
#7897=ORIENTED_EDGE('',*,*,#5700,.T.);
#7898=ORIENTED_EDGE('',*,*,#5674,.F.);
#7899=ORIENTED_EDGE('',*,*,#5702,.F.);
#7900=ORIENTED_EDGE('',*,*,#5703,.T.);
#7901=ORIENTED_EDGE('',*,*,#5702,.T.);
#7902=ORIENTED_EDGE('',*,*,#5673,.F.);
#7903=ORIENTED_EDGE('',*,*,#5704,.F.);
#7904=ORIENTED_EDGE('',*,*,#5705,.T.);
#7905=ORIENTED_EDGE('',*,*,#5704,.T.);
#7906=ORIENTED_EDGE('',*,*,#5672,.F.);
#7907=ORIENTED_EDGE('',*,*,#5706,.F.);
#7908=ORIENTED_EDGE('',*,*,#5707,.T.);
#7909=ORIENTED_EDGE('',*,*,#5706,.T.);
#7910=ORIENTED_EDGE('',*,*,#5671,.F.);
#7911=ORIENTED_EDGE('',*,*,#5708,.F.);
#7912=ORIENTED_EDGE('',*,*,#5709,.T.);
#7913=ORIENTED_EDGE('',*,*,#5708,.T.);
#7914=ORIENTED_EDGE('',*,*,#5670,.F.);
#7915=ORIENTED_EDGE('',*,*,#5710,.F.);
#7916=ORIENTED_EDGE('',*,*,#5711,.T.);
#7917=ORIENTED_EDGE('',*,*,#5710,.T.);
#7918=ORIENTED_EDGE('',*,*,#5669,.F.);
#7919=ORIENTED_EDGE('',*,*,#5712,.F.);
#7920=ORIENTED_EDGE('',*,*,#5713,.T.);
#7921=ORIENTED_EDGE('',*,*,#5712,.T.);
#7922=ORIENTED_EDGE('',*,*,#5668,.F.);
#7923=ORIENTED_EDGE('',*,*,#5714,.F.);
#7924=ORIENTED_EDGE('',*,*,#5715,.T.);
#7925=ORIENTED_EDGE('',*,*,#5714,.T.);
#7926=ORIENTED_EDGE('',*,*,#5667,.F.);
#7927=ORIENTED_EDGE('',*,*,#5716,.F.);
#7928=ORIENTED_EDGE('',*,*,#5717,.T.);
#7929=ORIENTED_EDGE('',*,*,#5716,.T.);
#7930=ORIENTED_EDGE('',*,*,#5666,.F.);
#7931=ORIENTED_EDGE('',*,*,#5718,.F.);
#7932=ORIENTED_EDGE('',*,*,#5719,.T.);
#7933=ORIENTED_EDGE('',*,*,#5718,.T.);
#7934=ORIENTED_EDGE('',*,*,#5665,.F.);
#7935=ORIENTED_EDGE('',*,*,#5720,.F.);
#7936=ORIENTED_EDGE('',*,*,#5721,.T.);
#7937=ORIENTED_EDGE('',*,*,#5720,.T.);
#7938=ORIENTED_EDGE('',*,*,#5664,.F.);
#7939=ORIENTED_EDGE('',*,*,#5722,.F.);
#7940=ORIENTED_EDGE('',*,*,#5723,.T.);
#7941=ORIENTED_EDGE('',*,*,#5722,.T.);
#7942=ORIENTED_EDGE('',*,*,#5663,.F.);
#7943=ORIENTED_EDGE('',*,*,#5724,.F.);
#7944=ORIENTED_EDGE('',*,*,#5725,.T.);
#7945=ORIENTED_EDGE('',*,*,#5724,.T.);
#7946=ORIENTED_EDGE('',*,*,#5662,.F.);
#7947=ORIENTED_EDGE('',*,*,#5726,.F.);
#7948=ORIENTED_EDGE('',*,*,#5727,.T.);
#7949=ORIENTED_EDGE('',*,*,#5726,.T.);
#7950=ORIENTED_EDGE('',*,*,#5661,.F.);
#7951=ORIENTED_EDGE('',*,*,#5728,.F.);
#7952=ORIENTED_EDGE('',*,*,#5729,.T.);
#7953=ORIENTED_EDGE('',*,*,#5728,.T.);
#7954=ORIENTED_EDGE('',*,*,#5660,.F.);
#7955=ORIENTED_EDGE('',*,*,#5730,.F.);
#7956=ORIENTED_EDGE('',*,*,#5731,.T.);
#7957=ORIENTED_EDGE('',*,*,#5730,.T.);
#7958=ORIENTED_EDGE('',*,*,#5659,.F.);
#7959=ORIENTED_EDGE('',*,*,#5732,.F.);
#7960=ORIENTED_EDGE('',*,*,#5733,.T.);
#7961=ORIENTED_EDGE('',*,*,#5732,.T.);
#7962=ORIENTED_EDGE('',*,*,#5658,.F.);
#7963=ORIENTED_EDGE('',*,*,#5734,.F.);
#7964=ORIENTED_EDGE('',*,*,#5735,.T.);
#7965=ORIENTED_EDGE('',*,*,#5734,.T.);
#7966=ORIENTED_EDGE('',*,*,#5657,.F.);
#7967=ORIENTED_EDGE('',*,*,#5736,.F.);
#7968=ORIENTED_EDGE('',*,*,#5737,.T.);
#7969=ORIENTED_EDGE('',*,*,#5736,.T.);
#7970=ORIENTED_EDGE('',*,*,#5656,.F.);
#7971=ORIENTED_EDGE('',*,*,#5738,.F.);
#7972=ORIENTED_EDGE('',*,*,#5739,.T.);
#7973=ORIENTED_EDGE('',*,*,#5738,.T.);
#7974=ORIENTED_EDGE('',*,*,#5655,.F.);
#7975=ORIENTED_EDGE('',*,*,#5740,.F.);
#7976=ORIENTED_EDGE('',*,*,#5741,.T.);
#7977=ORIENTED_EDGE('',*,*,#5740,.T.);
#7978=ORIENTED_EDGE('',*,*,#5654,.F.);
#7979=ORIENTED_EDGE('',*,*,#5742,.F.);
#7980=ORIENTED_EDGE('',*,*,#5743,.T.);
#7981=ORIENTED_EDGE('',*,*,#5742,.T.);
#7982=ORIENTED_EDGE('',*,*,#5653,.F.);
#7983=ORIENTED_EDGE('',*,*,#5744,.F.);
#7984=ORIENTED_EDGE('',*,*,#5745,.T.);
#7985=ORIENTED_EDGE('',*,*,#5744,.T.);
#7986=ORIENTED_EDGE('',*,*,#5652,.F.);
#7987=ORIENTED_EDGE('',*,*,#5746,.F.);
#7988=ORIENTED_EDGE('',*,*,#5747,.T.);
#7989=ORIENTED_EDGE('',*,*,#5746,.T.);
#7990=ORIENTED_EDGE('',*,*,#5651,.F.);
#7991=ORIENTED_EDGE('',*,*,#5748,.F.);
#7992=ORIENTED_EDGE('',*,*,#5749,.T.);
#7993=ORIENTED_EDGE('',*,*,#5748,.T.);
#7994=ORIENTED_EDGE('',*,*,#5650,.F.);
#7995=ORIENTED_EDGE('',*,*,#5750,.F.);
#7996=ORIENTED_EDGE('',*,*,#5751,.T.);
#7997=ORIENTED_EDGE('',*,*,#5750,.T.);
#7998=ORIENTED_EDGE('',*,*,#5649,.F.);
#7999=ORIENTED_EDGE('',*,*,#5752,.F.);
#8000=ORIENTED_EDGE('',*,*,#5753,.T.);
#8001=ORIENTED_EDGE('',*,*,#5752,.T.);
#8002=ORIENTED_EDGE('',*,*,#5648,.F.);
#8003=ORIENTED_EDGE('',*,*,#5687,.F.);
#8004=ORIENTED_EDGE('',*,*,#5682,.F.);
#8005=ORIENTED_EDGE('',*,*,#5754,.T.);
#8006=ORIENTED_EDGE('',*,*,#5755,.T.);
#8007=ORIENTED_EDGE('',*,*,#5754,.F.);
#8008=ORIENTED_EDGE('',*,*,#5683,.F.);
#8009=ORIENTED_EDGE('',*,*,#5756,.T.);
#8010=ORIENTED_EDGE('',*,*,#5757,.T.);
#8011=ORIENTED_EDGE('',*,*,#5756,.F.);
#8012=ORIENTED_EDGE('',*,*,#5684,.F.);
#8013=ORIENTED_EDGE('',*,*,#5758,.T.);
#8014=ORIENTED_EDGE('',*,*,#5759,.T.);
#8015=ORIENTED_EDGE('',*,*,#5758,.F.);
#8016=ORIENTED_EDGE('',*,*,#5685,.F.);
#8017=ORIENTED_EDGE('',*,*,#5760,.T.);
#8018=ORIENTED_EDGE('',*,*,#5761,.T.);
#8019=ORIENTED_EDGE('',*,*,#5760,.F.);
#8020=ORIENTED_EDGE('',*,*,#5762,.F.);
#8021=ORIENTED_EDGE('',*,*,#5622,.T.);
#8022=ORIENTED_EDGE('',*,*,#5647,.F.);
#8023=ORIENTED_EDGE('',*,*,#5763,.F.);
#8024=ORIENTED_EDGE('',*,*,#5764,.T.);
#8025=ORIENTED_EDGE('',*,*,#5763,.T.);
#8026=ORIENTED_EDGE('',*,*,#5646,.F.);
#8027=ORIENTED_EDGE('',*,*,#5765,.F.);
#8028=ORIENTED_EDGE('',*,*,#5766,.T.);
#8029=ORIENTED_EDGE('',*,*,#5765,.T.);
#8030=ORIENTED_EDGE('',*,*,#5645,.F.);
#8031=ORIENTED_EDGE('',*,*,#5767,.F.);
#8032=ORIENTED_EDGE('',*,*,#5768,.T.);
#8033=ORIENTED_EDGE('',*,*,#5767,.T.);
#8034=ORIENTED_EDGE('',*,*,#5644,.F.);
#8035=ORIENTED_EDGE('',*,*,#5769,.F.);
#8036=ORIENTED_EDGE('',*,*,#5770,.T.);
#8037=ORIENTED_EDGE('',*,*,#5769,.T.);
#8038=ORIENTED_EDGE('',*,*,#5643,.F.);
#8039=ORIENTED_EDGE('',*,*,#5771,.F.);
#8040=ORIENTED_EDGE('',*,*,#5772,.T.);
#8041=ORIENTED_EDGE('',*,*,#5771,.T.);
#8042=ORIENTED_EDGE('',*,*,#5642,.F.);
#8043=ORIENTED_EDGE('',*,*,#5773,.F.);
#8044=ORIENTED_EDGE('',*,*,#5774,.T.);
#8045=ORIENTED_EDGE('',*,*,#5773,.T.);
#8046=ORIENTED_EDGE('',*,*,#5641,.F.);
#8047=ORIENTED_EDGE('',*,*,#5775,.F.);
#8048=ORIENTED_EDGE('',*,*,#5776,.T.);
#8049=ORIENTED_EDGE('',*,*,#5775,.T.);
#8050=ORIENTED_EDGE('',*,*,#5640,.F.);
#8051=ORIENTED_EDGE('',*,*,#5777,.F.);
#8052=ORIENTED_EDGE('',*,*,#5778,.T.);
#8053=ORIENTED_EDGE('',*,*,#5777,.T.);
#8054=ORIENTED_EDGE('',*,*,#5639,.F.);
#8055=ORIENTED_EDGE('',*,*,#5779,.F.);
#8056=ORIENTED_EDGE('',*,*,#5780,.T.);
#8057=ORIENTED_EDGE('',*,*,#5779,.T.);
#8058=ORIENTED_EDGE('',*,*,#5638,.F.);
#8059=ORIENTED_EDGE('',*,*,#5781,.F.);
#8060=ORIENTED_EDGE('',*,*,#5782,.F.);
#8061=ORIENTED_EDGE('',*,*,#5781,.T.);
#8062=ORIENTED_EDGE('',*,*,#5637,.F.);
#8063=ORIENTED_EDGE('',*,*,#5783,.F.);
#8064=ORIENTED_EDGE('',*,*,#5784,.T.);
#8065=ORIENTED_EDGE('',*,*,#5783,.T.);
#8066=ORIENTED_EDGE('',*,*,#5636,.F.);
#8067=ORIENTED_EDGE('',*,*,#5785,.F.);
#8068=ORIENTED_EDGE('',*,*,#5786,.F.);
#8069=ORIENTED_EDGE('',*,*,#5785,.T.);
#8070=ORIENTED_EDGE('',*,*,#5635,.F.);
#8071=ORIENTED_EDGE('',*,*,#5787,.F.);
#8072=ORIENTED_EDGE('',*,*,#5788,.T.);
#8073=ORIENTED_EDGE('',*,*,#5787,.T.);
#8074=ORIENTED_EDGE('',*,*,#5634,.F.);
#8075=ORIENTED_EDGE('',*,*,#5789,.F.);
#8076=ORIENTED_EDGE('',*,*,#5790,.T.);
#8077=ORIENTED_EDGE('',*,*,#5789,.T.);
#8078=ORIENTED_EDGE('',*,*,#5633,.F.);
#8079=ORIENTED_EDGE('',*,*,#5791,.F.);
#8080=ORIENTED_EDGE('',*,*,#5792,.T.);
#8081=ORIENTED_EDGE('',*,*,#5791,.T.);
#8082=ORIENTED_EDGE('',*,*,#5632,.F.);
#8083=ORIENTED_EDGE('',*,*,#5793,.F.);
#8084=ORIENTED_EDGE('',*,*,#5794,.T.);
#8085=ORIENTED_EDGE('',*,*,#5793,.T.);
#8086=ORIENTED_EDGE('',*,*,#5631,.F.);
#8087=ORIENTED_EDGE('',*,*,#5795,.F.);
#8088=ORIENTED_EDGE('',*,*,#5796,.T.);
#8089=ORIENTED_EDGE('',*,*,#5795,.T.);
#8090=ORIENTED_EDGE('',*,*,#5630,.F.);
#8091=ORIENTED_EDGE('',*,*,#5797,.F.);
#8092=ORIENTED_EDGE('',*,*,#5798,.T.);
#8093=ORIENTED_EDGE('',*,*,#5797,.T.);
#8094=ORIENTED_EDGE('',*,*,#5629,.F.);
#8095=ORIENTED_EDGE('',*,*,#5799,.F.);
#8096=ORIENTED_EDGE('',*,*,#5800,.T.);
#8097=ORIENTED_EDGE('',*,*,#5799,.T.);
#8098=ORIENTED_EDGE('',*,*,#5628,.F.);
#8099=ORIENTED_EDGE('',*,*,#5801,.F.);
#8100=ORIENTED_EDGE('',*,*,#5802,.T.);
#8101=ORIENTED_EDGE('',*,*,#5801,.T.);
#8102=ORIENTED_EDGE('',*,*,#5627,.F.);
#8103=ORIENTED_EDGE('',*,*,#5803,.F.);
#8104=ORIENTED_EDGE('',*,*,#5804,.T.);
#8105=ORIENTED_EDGE('',*,*,#5803,.T.);
#8106=ORIENTED_EDGE('',*,*,#5626,.F.);
#8107=ORIENTED_EDGE('',*,*,#5805,.F.);
#8108=ORIENTED_EDGE('',*,*,#5806,.T.);
#8109=ORIENTED_EDGE('',*,*,#5805,.T.);
#8110=ORIENTED_EDGE('',*,*,#5625,.F.);
#8111=ORIENTED_EDGE('',*,*,#5807,.F.);
#8112=ORIENTED_EDGE('',*,*,#5808,.T.);
#8113=ORIENTED_EDGE('',*,*,#5807,.T.);
#8114=ORIENTED_EDGE('',*,*,#5624,.F.);
#8115=ORIENTED_EDGE('',*,*,#5809,.F.);
#8116=ORIENTED_EDGE('',*,*,#5810,.F.);
#8117=ORIENTED_EDGE('',*,*,#5809,.T.);
#8118=ORIENTED_EDGE('',*,*,#5623,.F.);
#8119=ORIENTED_EDGE('',*,*,#5620,.F.);
#8120=ORIENTED_EDGE('',*,*,#5619,.F.);
#8121=ORIENTED_EDGE('',*,*,#5762,.T.);
#8122=ORIENTED_EDGE('',*,*,#5764,.F.);
#8123=ORIENTED_EDGE('',*,*,#5766,.F.);
#8124=ORIENTED_EDGE('',*,*,#5768,.F.);
#8125=ORIENTED_EDGE('',*,*,#5770,.F.);
#8126=ORIENTED_EDGE('',*,*,#5772,.F.);
#8127=ORIENTED_EDGE('',*,*,#5774,.F.);
#8128=ORIENTED_EDGE('',*,*,#5776,.F.);
#8129=ORIENTED_EDGE('',*,*,#5778,.F.);
#8130=ORIENTED_EDGE('',*,*,#5780,.F.);
#8131=ORIENTED_EDGE('',*,*,#5782,.T.);
#8132=ORIENTED_EDGE('',*,*,#5784,.F.);
#8133=ORIENTED_EDGE('',*,*,#5786,.T.);
#8134=ORIENTED_EDGE('',*,*,#5788,.F.);
#8135=ORIENTED_EDGE('',*,*,#5790,.F.);
#8136=ORIENTED_EDGE('',*,*,#5792,.F.);
#8137=ORIENTED_EDGE('',*,*,#5794,.F.);
#8138=ORIENTED_EDGE('',*,*,#5796,.F.);
#8139=ORIENTED_EDGE('',*,*,#5798,.F.);
#8140=ORIENTED_EDGE('',*,*,#5800,.F.);
#8141=ORIENTED_EDGE('',*,*,#5802,.F.);
#8142=ORIENTED_EDGE('',*,*,#5804,.F.);
#8143=ORIENTED_EDGE('',*,*,#5806,.F.);
#8144=ORIENTED_EDGE('',*,*,#5808,.F.);
#8145=ORIENTED_EDGE('',*,*,#5810,.T.);
#8146=ORIENTED_EDGE('',*,*,#5761,.F.);
#8147=ORIENTED_EDGE('',*,*,#5759,.F.);
#8148=ORIENTED_EDGE('',*,*,#5757,.F.);
#8149=ORIENTED_EDGE('',*,*,#5755,.F.);
#8150=ORIENTED_EDGE('',*,*,#5753,.F.);
#8151=ORIENTED_EDGE('',*,*,#5686,.F.);
#8152=ORIENTED_EDGE('',*,*,#5689,.F.);
#8153=ORIENTED_EDGE('',*,*,#5691,.F.);
#8154=ORIENTED_EDGE('',*,*,#5693,.F.);
#8155=ORIENTED_EDGE('',*,*,#5695,.F.);
#8156=ORIENTED_EDGE('',*,*,#5697,.F.);
#8157=ORIENTED_EDGE('',*,*,#5699,.F.);
#8158=ORIENTED_EDGE('',*,*,#5701,.F.);
#8159=ORIENTED_EDGE('',*,*,#5703,.F.);
#8160=ORIENTED_EDGE('',*,*,#5705,.F.);
#8161=ORIENTED_EDGE('',*,*,#5707,.F.);
#8162=ORIENTED_EDGE('',*,*,#5709,.F.);
#8163=ORIENTED_EDGE('',*,*,#5711,.F.);
#8164=ORIENTED_EDGE('',*,*,#5713,.F.);
#8165=ORIENTED_EDGE('',*,*,#5715,.F.);
#8166=ORIENTED_EDGE('',*,*,#5717,.F.);
#8167=ORIENTED_EDGE('',*,*,#5719,.F.);
#8168=ORIENTED_EDGE('',*,*,#5721,.F.);
#8169=ORIENTED_EDGE('',*,*,#5723,.F.);
#8170=ORIENTED_EDGE('',*,*,#5725,.F.);
#8171=ORIENTED_EDGE('',*,*,#5727,.F.);
#8172=ORIENTED_EDGE('',*,*,#5729,.F.);
#8173=ORIENTED_EDGE('',*,*,#5731,.F.);
#8174=ORIENTED_EDGE('',*,*,#5733,.F.);
#8175=ORIENTED_EDGE('',*,*,#5735,.F.);
#8176=ORIENTED_EDGE('',*,*,#5737,.F.);
#8177=ORIENTED_EDGE('',*,*,#5739,.F.);
#8178=ORIENTED_EDGE('',*,*,#5741,.F.);
#8179=ORIENTED_EDGE('',*,*,#5743,.F.);
#8180=ORIENTED_EDGE('',*,*,#5745,.F.);
#8181=ORIENTED_EDGE('',*,*,#5747,.F.);
#8182=ORIENTED_EDGE('',*,*,#5749,.F.);
#8183=ORIENTED_EDGE('',*,*,#5751,.F.);
#8184=ORIENTED_EDGE('',*,*,#5811,.T.);
#8185=ORIENTED_EDGE('',*,*,#5812,.T.);
#8186=ORIENTED_EDGE('',*,*,#5813,.F.);
#8187=ORIENTED_EDGE('',*,*,#5814,.F.);
#8188=ORIENTED_EDGE('',*,*,#5813,.T.);
#8189=ORIENTED_EDGE('',*,*,#5815,.T.);
#8190=ORIENTED_EDGE('',*,*,#5816,.T.);
#8191=ORIENTED_EDGE('',*,*,#5817,.T.);
#8192=ORIENTED_EDGE('',*,*,#5818,.T.);
#8193=ORIENTED_EDGE('',*,*,#5819,.T.);
#8194=ORIENTED_EDGE('',*,*,#5820,.T.);
#8195=ORIENTED_EDGE('',*,*,#5821,.T.);
#8196=ORIENTED_EDGE('',*,*,#5822,.T.);
#8197=ORIENTED_EDGE('',*,*,#5823,.T.);
#8198=ORIENTED_EDGE('',*,*,#5824,.T.);
#8199=ORIENTED_EDGE('',*,*,#5825,.T.);
#8200=ORIENTED_EDGE('',*,*,#5826,.T.);
#8201=ORIENTED_EDGE('',*,*,#5827,.T.);
#8202=ORIENTED_EDGE('',*,*,#5828,.T.);
#8203=ORIENTED_EDGE('',*,*,#5829,.T.);
#8204=ORIENTED_EDGE('',*,*,#5830,.T.);
#8205=ORIENTED_EDGE('',*,*,#5831,.T.);
#8206=ORIENTED_EDGE('',*,*,#5832,.T.);
#8207=ORIENTED_EDGE('',*,*,#5833,.T.);
#8208=ORIENTED_EDGE('',*,*,#5834,.T.);
#8209=ORIENTED_EDGE('',*,*,#5835,.T.);
#8210=ORIENTED_EDGE('',*,*,#5836,.T.);
#8211=ORIENTED_EDGE('',*,*,#5837,.T.);
#8212=ORIENTED_EDGE('',*,*,#5838,.T.);
#8213=ORIENTED_EDGE('',*,*,#5839,.T.);
#8214=ORIENTED_EDGE('',*,*,#5840,.T.);
#8215=ORIENTED_EDGE('',*,*,#5841,.T.);
#8216=ORIENTED_EDGE('',*,*,#5842,.T.);
#8217=ORIENTED_EDGE('',*,*,#5843,.T.);
#8218=ORIENTED_EDGE('',*,*,#5840,.F.);
#8219=ORIENTED_EDGE('',*,*,#5844,.T.);
#8220=ORIENTED_EDGE('',*,*,#5845,.T.);
#8221=ORIENTED_EDGE('',*,*,#5844,.F.);
#8222=ORIENTED_EDGE('',*,*,#5841,.F.);
#8223=ORIENTED_EDGE('',*,*,#5846,.T.);
#8224=ORIENTED_EDGE('',*,*,#5847,.T.);
#8225=ORIENTED_EDGE('',*,*,#5846,.F.);
#8226=ORIENTED_EDGE('',*,*,#5842,.F.);
#8227=ORIENTED_EDGE('',*,*,#5848,.T.);
#8228=ORIENTED_EDGE('',*,*,#5849,.T.);
#8229=ORIENTED_EDGE('',*,*,#5848,.F.);
#8230=ORIENTED_EDGE('',*,*,#5843,.F.);
#8231=ORIENTED_EDGE('',*,*,#5850,.T.);
#8232=ORIENTED_EDGE('',*,*,#5851,.T.);
#8233=ORIENTED_EDGE('',*,*,#5850,.F.);
#8234=ORIENTED_EDGE('',*,*,#5852,.F.);
#8235=ORIENTED_EDGE('',*,*,#5814,.T.);
#8236=ORIENTED_EDGE('',*,*,#5839,.F.);
#8237=ORIENTED_EDGE('',*,*,#5853,.F.);
#8238=ORIENTED_EDGE('',*,*,#5854,.T.);
#8239=ORIENTED_EDGE('',*,*,#5853,.T.);
#8240=ORIENTED_EDGE('',*,*,#5838,.F.);
#8241=ORIENTED_EDGE('',*,*,#5855,.F.);
#8242=ORIENTED_EDGE('',*,*,#5856,.T.);
#8243=ORIENTED_EDGE('',*,*,#5855,.T.);
#8244=ORIENTED_EDGE('',*,*,#5837,.F.);
#8245=ORIENTED_EDGE('',*,*,#5857,.F.);
#8246=ORIENTED_EDGE('',*,*,#5858,.T.);
#8247=ORIENTED_EDGE('',*,*,#5857,.T.);
#8248=ORIENTED_EDGE('',*,*,#5836,.F.);
#8249=ORIENTED_EDGE('',*,*,#5859,.F.);
#8250=ORIENTED_EDGE('',*,*,#5860,.T.);
#8251=ORIENTED_EDGE('',*,*,#5859,.T.);
#8252=ORIENTED_EDGE('',*,*,#5835,.F.);
#8253=ORIENTED_EDGE('',*,*,#5861,.F.);
#8254=ORIENTED_EDGE('',*,*,#5862,.T.);
#8255=ORIENTED_EDGE('',*,*,#5861,.T.);
#8256=ORIENTED_EDGE('',*,*,#5834,.F.);
#8257=ORIENTED_EDGE('',*,*,#5863,.F.);
#8258=ORIENTED_EDGE('',*,*,#5864,.T.);
#8259=ORIENTED_EDGE('',*,*,#5863,.T.);
#8260=ORIENTED_EDGE('',*,*,#5833,.F.);
#8261=ORIENTED_EDGE('',*,*,#5865,.F.);
#8262=ORIENTED_EDGE('',*,*,#5866,.T.);
#8263=ORIENTED_EDGE('',*,*,#5865,.T.);
#8264=ORIENTED_EDGE('',*,*,#5832,.F.);
#8265=ORIENTED_EDGE('',*,*,#5867,.F.);
#8266=ORIENTED_EDGE('',*,*,#5868,.T.);
#8267=ORIENTED_EDGE('',*,*,#5867,.T.);
#8268=ORIENTED_EDGE('',*,*,#5831,.F.);
#8269=ORIENTED_EDGE('',*,*,#5869,.F.);
#8270=ORIENTED_EDGE('',*,*,#5870,.T.);
#8271=ORIENTED_EDGE('',*,*,#5869,.T.);
#8272=ORIENTED_EDGE('',*,*,#5830,.F.);
#8273=ORIENTED_EDGE('',*,*,#5871,.F.);
#8274=ORIENTED_EDGE('',*,*,#5872,.F.);
#8275=ORIENTED_EDGE('',*,*,#5871,.T.);
#8276=ORIENTED_EDGE('',*,*,#5829,.F.);
#8277=ORIENTED_EDGE('',*,*,#5873,.F.);
#8278=ORIENTED_EDGE('',*,*,#5874,.T.);
#8279=ORIENTED_EDGE('',*,*,#5873,.T.);
#8280=ORIENTED_EDGE('',*,*,#5828,.F.);
#8281=ORIENTED_EDGE('',*,*,#5875,.F.);
#8282=ORIENTED_EDGE('',*,*,#5876,.F.);
#8283=ORIENTED_EDGE('',*,*,#5875,.T.);
#8284=ORIENTED_EDGE('',*,*,#5827,.F.);
#8285=ORIENTED_EDGE('',*,*,#5877,.F.);
#8286=ORIENTED_EDGE('',*,*,#5878,.T.);
#8287=ORIENTED_EDGE('',*,*,#5877,.T.);
#8288=ORIENTED_EDGE('',*,*,#5826,.F.);
#8289=ORIENTED_EDGE('',*,*,#5879,.F.);
#8290=ORIENTED_EDGE('',*,*,#5880,.T.);
#8291=ORIENTED_EDGE('',*,*,#5879,.T.);
#8292=ORIENTED_EDGE('',*,*,#5825,.F.);
#8293=ORIENTED_EDGE('',*,*,#5881,.F.);
#8294=ORIENTED_EDGE('',*,*,#5882,.T.);
#8295=ORIENTED_EDGE('',*,*,#5881,.T.);
#8296=ORIENTED_EDGE('',*,*,#5824,.F.);
#8297=ORIENTED_EDGE('',*,*,#5883,.F.);
#8298=ORIENTED_EDGE('',*,*,#5884,.T.);
#8299=ORIENTED_EDGE('',*,*,#5883,.T.);
#8300=ORIENTED_EDGE('',*,*,#5823,.F.);
#8301=ORIENTED_EDGE('',*,*,#5885,.F.);
#8302=ORIENTED_EDGE('',*,*,#5886,.T.);
#8303=ORIENTED_EDGE('',*,*,#5885,.T.);
#8304=ORIENTED_EDGE('',*,*,#5822,.F.);
#8305=ORIENTED_EDGE('',*,*,#5887,.F.);
#8306=ORIENTED_EDGE('',*,*,#5888,.T.);
#8307=ORIENTED_EDGE('',*,*,#5887,.T.);
#8308=ORIENTED_EDGE('',*,*,#5821,.F.);
#8309=ORIENTED_EDGE('',*,*,#5889,.F.);
#8310=ORIENTED_EDGE('',*,*,#5890,.T.);
#8311=ORIENTED_EDGE('',*,*,#5889,.T.);
#8312=ORIENTED_EDGE('',*,*,#5820,.F.);
#8313=ORIENTED_EDGE('',*,*,#5891,.F.);
#8314=ORIENTED_EDGE('',*,*,#5892,.T.);
#8315=ORIENTED_EDGE('',*,*,#5891,.T.);
#8316=ORIENTED_EDGE('',*,*,#5819,.F.);
#8317=ORIENTED_EDGE('',*,*,#5893,.F.);
#8318=ORIENTED_EDGE('',*,*,#5894,.T.);
#8319=ORIENTED_EDGE('',*,*,#5893,.T.);
#8320=ORIENTED_EDGE('',*,*,#5818,.F.);
#8321=ORIENTED_EDGE('',*,*,#5895,.F.);
#8322=ORIENTED_EDGE('',*,*,#5896,.T.);
#8323=ORIENTED_EDGE('',*,*,#5895,.T.);
#8324=ORIENTED_EDGE('',*,*,#5817,.F.);
#8325=ORIENTED_EDGE('',*,*,#5897,.F.);
#8326=ORIENTED_EDGE('',*,*,#5898,.T.);
#8327=ORIENTED_EDGE('',*,*,#5897,.T.);
#8328=ORIENTED_EDGE('',*,*,#5816,.F.);
#8329=ORIENTED_EDGE('',*,*,#5899,.F.);
#8330=ORIENTED_EDGE('',*,*,#5900,.F.);
#8331=ORIENTED_EDGE('',*,*,#5899,.T.);
#8332=ORIENTED_EDGE('',*,*,#5815,.F.);
#8333=ORIENTED_EDGE('',*,*,#5812,.F.);
#8334=ORIENTED_EDGE('',*,*,#5811,.F.);
#8335=ORIENTED_EDGE('',*,*,#5852,.T.);
#8336=ORIENTED_EDGE('',*,*,#5854,.F.);
#8337=ORIENTED_EDGE('',*,*,#5856,.F.);
#8338=ORIENTED_EDGE('',*,*,#5858,.F.);
#8339=ORIENTED_EDGE('',*,*,#5860,.F.);
#8340=ORIENTED_EDGE('',*,*,#5862,.F.);
#8341=ORIENTED_EDGE('',*,*,#5864,.F.);
#8342=ORIENTED_EDGE('',*,*,#5866,.F.);
#8343=ORIENTED_EDGE('',*,*,#5868,.F.);
#8344=ORIENTED_EDGE('',*,*,#5870,.F.);
#8345=ORIENTED_EDGE('',*,*,#5872,.T.);
#8346=ORIENTED_EDGE('',*,*,#5874,.F.);
#8347=ORIENTED_EDGE('',*,*,#5876,.T.);
#8348=ORIENTED_EDGE('',*,*,#5878,.F.);
#8349=ORIENTED_EDGE('',*,*,#5880,.F.);
#8350=ORIENTED_EDGE('',*,*,#5882,.F.);
#8351=ORIENTED_EDGE('',*,*,#5884,.F.);
#8352=ORIENTED_EDGE('',*,*,#5886,.F.);
#8353=ORIENTED_EDGE('',*,*,#5888,.F.);
#8354=ORIENTED_EDGE('',*,*,#5890,.F.);
#8355=ORIENTED_EDGE('',*,*,#5892,.F.);
#8356=ORIENTED_EDGE('',*,*,#5894,.F.);
#8357=ORIENTED_EDGE('',*,*,#5896,.F.);
#8358=ORIENTED_EDGE('',*,*,#5898,.F.);
#8359=ORIENTED_EDGE('',*,*,#5900,.T.);
#8360=ORIENTED_EDGE('',*,*,#5851,.F.);
#8361=ORIENTED_EDGE('',*,*,#5849,.F.);
#8362=ORIENTED_EDGE('',*,*,#5847,.F.);
#8363=ORIENTED_EDGE('',*,*,#5845,.F.);
#8364=ORIENTED_EDGE('',*,*,#5901,.F.);
#8365=ORIENTED_EDGE('',*,*,#5902,.T.);
#8366=ORIENTED_EDGE('',*,*,#5903,.T.);
#8367=ORIENTED_EDGE('',*,*,#5904,.T.);
#8368=ORIENTED_EDGE('',*,*,#5905,.F.);
#8369=ORIENTED_EDGE('',*,*,#5906,.T.);
#8370=ORIENTED_EDGE('',*,*,#5907,.T.);
#8371=ORIENTED_EDGE('',*,*,#5908,.T.);
#8372=ORIENTED_EDGE('',*,*,#5909,.F.);
#8373=ORIENTED_EDGE('',*,*,#5910,.T.);
#8374=ORIENTED_EDGE('',*,*,#5911,.T.);
#8375=ORIENTED_EDGE('',*,*,#5910,.F.);
#8376=ORIENTED_EDGE('',*,*,#5912,.F.);
#8377=ORIENTED_EDGE('',*,*,#5913,.T.);
#8378=ORIENTED_EDGE('',*,*,#5914,.F.);
#8379=ORIENTED_EDGE('',*,*,#5915,.F.);
#8380=ORIENTED_EDGE('',*,*,#5912,.T.);
#8381=ORIENTED_EDGE('',*,*,#5916,.T.);
#8382=ORIENTED_EDGE('',*,*,#5917,.T.);
#8383=ORIENTED_EDGE('',*,*,#5918,.T.);
#8384=ORIENTED_EDGE('',*,*,#5919,.T.);
#8385=ORIENTED_EDGE('',*,*,#5920,.T.);
#8386=ORIENTED_EDGE('',*,*,#5921,.T.);
#8387=ORIENTED_EDGE('',*,*,#5922,.T.);
#8388=ORIENTED_EDGE('',*,*,#5923,.T.);
#8389=ORIENTED_EDGE('',*,*,#5924,.T.);
#8390=ORIENTED_EDGE('',*,*,#5925,.T.);
#8391=ORIENTED_EDGE('',*,*,#5926,.T.);
#8392=ORIENTED_EDGE('',*,*,#5927,.T.);
#8393=ORIENTED_EDGE('',*,*,#5928,.T.);
#8394=ORIENTED_EDGE('',*,*,#5929,.T.);
#8395=ORIENTED_EDGE('',*,*,#5930,.T.);
#8396=ORIENTED_EDGE('',*,*,#5931,.F.);
#8397=ORIENTED_EDGE('',*,*,#5932,.F.);
#8398=ORIENTED_EDGE('',*,*,#5933,.F.);
#8399=ORIENTED_EDGE('',*,*,#5934,.F.);
#8400=ORIENTED_EDGE('',*,*,#5929,.F.);
#8401=ORIENTED_EDGE('',*,*,#5935,.F.);
#8402=ORIENTED_EDGE('',*,*,#5936,.F.);
#8403=ORIENTED_EDGE('',*,*,#5937,.F.);
#8404=ORIENTED_EDGE('',*,*,#5938,.T.);
#8405=ORIENTED_EDGE('',*,*,#5939,.F.);
#8406=ORIENTED_EDGE('',*,*,#5938,.F.);
#8407=ORIENTED_EDGE('',*,*,#5940,.T.);
#8408=ORIENTED_EDGE('',*,*,#5941,.F.);
#8409=ORIENTED_EDGE('',*,*,#5942,.T.);
#8410=ORIENTED_EDGE('',*,*,#5943,.T.);
#8411=ORIENTED_EDGE('',*,*,#5920,.F.);
#8412=ORIENTED_EDGE('',*,*,#5944,.T.);
#8413=ORIENTED_EDGE('',*,*,#5945,.T.);
#8414=ORIENTED_EDGE('',*,*,#5946,.T.);
#8415=ORIENTED_EDGE('',*,*,#5923,.F.);
#8416=ORIENTED_EDGE('',*,*,#5947,.T.);
#8417=ORIENTED_EDGE('',*,*,#5948,.F.);
#8418=ORIENTED_EDGE('',*,*,#5949,.T.);
#8419=ORIENTED_EDGE('',*,*,#5950,.T.);
#8420=ORIENTED_EDGE('',*,*,#5951,.T.);
#8421=ORIENTED_EDGE('',*,*,#5952,.F.);
#8422=ORIENTED_EDGE('',*,*,#5953,.T.);
#8423=ORIENTED_EDGE('',*,*,#5954,.F.);
#8424=ORIENTED_EDGE('',*,*,#5955,.T.);
#8425=ORIENTED_EDGE('',*,*,#5956,.T.);
#8426=ORIENTED_EDGE('',*,*,#5957,.T.);
#8427=ORIENTED_EDGE('',*,*,#5958,.T.);
#8428=ORIENTED_EDGE('',*,*,#5959,.T.);
#8429=ORIENTED_EDGE('',*,*,#5960,.T.);
#8430=ORIENTED_EDGE('',*,*,#5961,.T.);
#8431=ORIENTED_EDGE('',*,*,#5962,.T.);
#8432=ORIENTED_EDGE('',*,*,#5963,.T.);
#8433=ORIENTED_EDGE('',*,*,#5964,.F.);
#8434=ORIENTED_EDGE('',*,*,#5965,.T.);
#8435=ORIENTED_EDGE('',*,*,#5966,.F.);
#8436=ORIENTED_EDGE('',*,*,#5967,.T.);
#8437=ORIENTED_EDGE('',*,*,#5968,.F.);
#8438=ORIENTED_EDGE('',*,*,#5969,.F.);
#8439=ORIENTED_EDGE('',*,*,#5970,.T.);
#8440=ORIENTED_EDGE('',*,*,#5971,.T.);
#8441=ORIENTED_EDGE('',*,*,#5972,.T.);
#8442=ORIENTED_EDGE('',*,*,#5973,.T.);
#8443=ORIENTED_EDGE('',*,*,#5974,.T.);
#8444=ORIENTED_EDGE('',*,*,#5975,.T.);
#8445=ORIENTED_EDGE('',*,*,#5976,.T.);
#8446=ORIENTED_EDGE('',*,*,#5977,.T.);
#8447=ORIENTED_EDGE('',*,*,#5937,.T.);
#8448=ORIENTED_EDGE('',*,*,#5978,.F.);
#8449=ORIENTED_EDGE('',*,*,#5979,.T.);
#8450=ORIENTED_EDGE('',*,*,#5980,.F.);
#8451=ORIENTED_EDGE('',*,*,#5981,.T.);
#8452=ORIENTED_EDGE('',*,*,#5982,.F.);
#8453=ORIENTED_EDGE('',*,*,#5930,.F.);
#8454=ORIENTED_EDGE('',*,*,#5983,.T.);
#8455=ORIENTED_EDGE('',*,*,#5984,.T.);
#8456=ORIENTED_EDGE('',*,*,#5985,.T.);
#8457=ORIENTED_EDGE('',*,*,#5986,.T.);
#8458=ORIENTED_EDGE('',*,*,#5987,.F.);
#8459=ORIENTED_EDGE('',*,*,#5988,.T.);
#8460=ORIENTED_EDGE('',*,*,#5989,.T.);
#8461=ORIENTED_EDGE('',*,*,#5990,.T.);
#8462=ORIENTED_EDGE('',*,*,#5991,.T.);
#8463=ORIENTED_EDGE('',*,*,#5992,.T.);
#8464=ORIENTED_EDGE('',*,*,#5993,.T.);
#8465=ORIENTED_EDGE('',*,*,#5994,.T.);
#8466=ORIENTED_EDGE('',*,*,#5926,.F.);
#8467=ORIENTED_EDGE('',*,*,#5995,.T.);
#8468=ORIENTED_EDGE('',*,*,#5996,.T.);
#8469=ORIENTED_EDGE('',*,*,#5997,.T.);
#8470=ORIENTED_EDGE('',*,*,#5998,.T.);
#8471=ORIENTED_EDGE('',*,*,#5999,.T.);
#8472=ORIENTED_EDGE('',*,*,#5917,.F.);
#8473=ORIENTED_EDGE('',*,*,#6000,.T.);
#8474=ORIENTED_EDGE('',*,*,#6001,.F.);
#8475=ORIENTED_EDGE('',*,*,#6002,.T.);
#8476=ORIENTED_EDGE('',*,*,#6003,.T.);
#8477=ORIENTED_EDGE('',*,*,#6004,.T.);
#8478=ORIENTED_EDGE('',*,*,#5969,.T.);
#8479=ORIENTED_EDGE('',*,*,#6005,.F.);
#8480=ORIENTED_EDGE('',*,*,#6006,.F.);
#8481=ORIENTED_EDGE('',*,*,#5941,.T.);
#8482=ORIENTED_EDGE('',*,*,#6007,.T.);
#8483=ORIENTED_EDGE('',*,*,#5994,.F.);
#8484=ORIENTED_EDGE('',*,*,#6008,.T.);
#8485=ORIENTED_EDGE('',*,*,#6009,.T.);
#8486=ORIENTED_EDGE('',*,*,#6010,.F.);
#8487=ORIENTED_EDGE('',*,*,#5907,.F.);
#8488=ORIENTED_EDGE('',*,*,#5936,.T.);
#8489=ORIENTED_EDGE('',*,*,#6011,.T.);
#8490=ORIENTED_EDGE('',*,*,#5905,.T.);
#8491=ORIENTED_EDGE('',*,*,#6012,.T.);
#8492=ORIENTED_EDGE('',*,*,#6005,.T.);
#8493=ORIENTED_EDGE('',*,*,#5968,.T.);
#8494=ORIENTED_EDGE('',*,*,#6013,.T.);
#8495=ORIENTED_EDGE('',*,*,#5952,.T.);
#8496=ORIENTED_EDGE('',*,*,#6014,.T.);
#8497=ORIENTED_EDGE('',*,*,#5978,.T.);
#8498=ORIENTED_EDGE('',*,*,#6015,.F.);
#8499=ORIENTED_EDGE('',*,*,#6016,.F.);
#8500=ORIENTED_EDGE('',*,*,#5963,.F.);
#8501=ORIENTED_EDGE('',*,*,#6017,.T.);
#8502=ORIENTED_EDGE('',*,*,#6018,.F.);
#8503=ORIENTED_EDGE('',*,*,#5903,.F.);
#8504=ORIENTED_EDGE('',*,*,#6019,.F.);
#8505=ORIENTED_EDGE('',*,*,#6020,.T.);
#8506=ORIENTED_EDGE('',*,*,#6021,.T.);
#8507=ORIENTED_EDGE('',*,*,#5987,.T.);
#8508=ORIENTED_EDGE('',*,*,#6022,.T.);
#8509=ORIENTED_EDGE('',*,*,#5933,.T.);
#8510=ORIENTED_EDGE('',*,*,#5901,.T.);
#8511=ORIENTED_EDGE('',*,*,#6023,.T.);
#8512=ORIENTED_EDGE('',*,*,#5931,.T.);
#8513=ORIENTED_EDGE('',*,*,#5982,.T.);
#8514=ORIENTED_EDGE('',*,*,#6024,.T.);
#8515=ORIENTED_EDGE('',*,*,#5950,.F.);
#8516=ORIENTED_EDGE('',*,*,#6025,.T.);
#8517=ORIENTED_EDGE('',*,*,#5964,.T.);
#8518=ORIENTED_EDGE('',*,*,#6016,.T.);
#8519=ORIENTED_EDGE('',*,*,#6026,.T.);
#8520=ORIENTED_EDGE('',*,*,#5966,.T.);
#8521=ORIENTED_EDGE('',*,*,#6027,.T.);
#8522=ORIENTED_EDGE('',*,*,#5948,.T.);
#8523=ORIENTED_EDGE('',*,*,#6028,.T.);
#8524=ORIENTED_EDGE('',*,*,#5980,.T.);
#8525=ORIENTED_EDGE('',*,*,#6029,.T.);
#8526=ORIENTED_EDGE('',*,*,#5954,.T.);
#8527=ORIENTED_EDGE('',*,*,#6030,.T.);
#8528=ORIENTED_EDGE('',*,*,#6031,.F.);
#8529=ORIENTED_EDGE('',*,*,#6032,.T.);
#8530=ORIENTED_EDGE('',*,*,#6033,.F.);
#8531=ORIENTED_EDGE('',*,*,#6034,.T.);
#8532=ORIENTED_EDGE('',*,*,#6035,.F.);
#8533=ORIENTED_EDGE('',*,*,#6036,.F.);
#8534=ORIENTED_EDGE('',*,*,#6037,.F.);
#8535=ORIENTED_EDGE('',*,*,#6038,.T.);
#8536=ORIENTED_EDGE('',*,*,#6039,.F.);
#8537=ORIENTED_EDGE('',*,*,#6040,.T.);
#8538=ORIENTED_EDGE('',*,*,#6041,.F.);
#8539=ORIENTED_EDGE('',*,*,#6042,.T.);
#8540=ORIENTED_EDGE('',*,*,#6043,.F.);
#8541=ORIENTED_EDGE('',*,*,#6044,.T.);
#8542=ORIENTED_EDGE('',*,*,#6041,.T.);
#8543=ORIENTED_EDGE('',*,*,#6045,.T.);
#8544=ORIENTED_EDGE('',*,*,#6046,.F.);
#8545=ORIENTED_EDGE('',*,*,#6047,.T.);
#8546=ORIENTED_EDGE('',*,*,#6031,.T.);
#8547=ORIENTED_EDGE('',*,*,#6048,.T.);
#8548=ORIENTED_EDGE('',*,*,#6049,.F.);
#8549=ORIENTED_EDGE('',*,*,#6050,.T.);
#8550=ORIENTED_EDGE('',*,*,#6033,.T.);
#8551=ORIENTED_EDGE('',*,*,#6051,.T.);
#8552=ORIENTED_EDGE('',*,*,#6035,.T.);
#8553=ORIENTED_EDGE('',*,*,#6052,.T.);
#8554=ORIENTED_EDGE('',*,*,#6053,.F.);
#8555=ORIENTED_EDGE('',*,*,#6054,.T.);
#8556=ORIENTED_EDGE('',*,*,#6039,.T.);
#8557=ORIENTED_EDGE('',*,*,#6055,.F.);
#8558=ORIENTED_EDGE('',*,*,#6056,.F.);
#8559=ORIENTED_EDGE('',*,*,#6057,.F.);
#8560=ORIENTED_EDGE('',*,*,#6053,.T.);
#8561=ORIENTED_EDGE('',*,*,#6058,.T.);
#8562=ORIENTED_EDGE('',*,*,#6049,.T.);
#8563=ORIENTED_EDGE('',*,*,#6059,.T.);
#8564=ORIENTED_EDGE('',*,*,#6046,.T.);
#8565=ORIENTED_EDGE('',*,*,#6060,.T.);
#8566=ORIENTED_EDGE('',*,*,#6043,.T.);
#8567=ORIENTED_EDGE('',*,*,#6061,.T.);
#8568=ORIENTED_EDGE('',*,*,#6057,.T.);
#8569=ORIENTED_EDGE('',*,*,#6062,.F.);
#8570=ORIENTED_EDGE('',*,*,#6063,.F.);
#8571=ORIENTED_EDGE('',*,*,#6036,.T.);
#8572=ORIENTED_EDGE('',*,*,#6055,.T.);
#8573=ORIENTED_EDGE('',*,*,#6038,.F.);
#8574=ORIENTED_EDGE('',*,*,#6064,.F.);
#8575=ORIENTED_EDGE('',*,*,#6065,.T.);
#8576=ORIENTED_EDGE('',*,*,#6056,.T.);
#8577=ORIENTED_EDGE('',*,*,#6065,.F.);
#8578=ORIENTED_EDGE('',*,*,#6066,.F.);
#8579=ORIENTED_EDGE('',*,*,#6062,.T.);
#8580=ORIENTED_EDGE('',*,*,#6063,.T.);
#8581=ORIENTED_EDGE('',*,*,#6066,.T.);
#8582=ORIENTED_EDGE('',*,*,#6064,.T.);
#8583=ORIENTED_EDGE('',*,*,#6037,.T.);
#8584=ORIENTED_EDGE('',*,*,#6067,.T.);
#8585=ORIENTED_EDGE('',*,*,#6068,.T.);
#8586=ORIENTED_EDGE('',*,*,#5914,.T.);
#8587=ORIENTED_EDGE('',*,*,#6069,.T.);
#8588=ORIENTED_EDGE('',*,*,#5911,.F.);
#8589=ORIENTED_EDGE('',*,*,#6070,.T.);
#8590=ORIENTED_EDGE('',*,*,#6071,.T.);
#8591=ORIENTED_EDGE('',*,*,#6072,.T.);
#8592=ORIENTED_EDGE('',*,*,#6001,.T.);
#8593=ORIENTED_EDGE('',*,*,#6034,.F.);
#8594=ORIENTED_EDGE('',*,*,#6050,.F.);
#8595=ORIENTED_EDGE('',*,*,#6058,.F.);
#8596=ORIENTED_EDGE('',*,*,#6052,.F.);
#8597=ORIENTED_EDGE('',*,*,#6032,.F.);
#8598=ORIENTED_EDGE('',*,*,#6047,.F.);
#8599=ORIENTED_EDGE('',*,*,#6059,.F.);
#8600=ORIENTED_EDGE('',*,*,#6051,.F.);
#8601=ORIENTED_EDGE('',*,*,#6042,.F.);
#8602=ORIENTED_EDGE('',*,*,#6044,.F.);
#8603=ORIENTED_EDGE('',*,*,#6060,.F.);
#8604=ORIENTED_EDGE('',*,*,#6048,.F.);
#8605=ORIENTED_EDGE('',*,*,#6040,.F.);
#8606=ORIENTED_EDGE('',*,*,#6054,.F.);
#8607=ORIENTED_EDGE('',*,*,#6061,.F.);
#8608=ORIENTED_EDGE('',*,*,#6045,.F.);
#8609=ORIENTED_EDGE('',*,*,#5976,.F.);
#8610=ORIENTED_EDGE('',*,*,#6073,.T.);
#8611=ORIENTED_EDGE('',*,*,#5988,.F.);
#8612=ORIENTED_EDGE('',*,*,#6074,.F.);
#8613=ORIENTED_EDGE('',*,*,#5993,.F.);
#8614=ORIENTED_EDGE('',*,*,#6075,.T.);
#8615=ORIENTED_EDGE('',*,*,#5956,.F.);
#8616=ORIENTED_EDGE('',*,*,#6076,.F.);
#8617=ORIENTED_EDGE('',*,*,#6074,.T.);
#8618=ORIENTED_EDGE('',*,*,#6007,.F.);
#8619=ORIENTED_EDGE('',*,*,#5940,.F.);
#8620=ORIENTED_EDGE('',*,*,#5977,.F.);
#8621=ORIENTED_EDGE('',*,*,#6076,.T.);
#8622=ORIENTED_EDGE('',*,*,#5970,.F.);
#8623=ORIENTED_EDGE('',*,*,#6077,.F.);
#8624=ORIENTED_EDGE('',*,*,#6008,.F.);
#8625=ORIENTED_EDGE('',*,*,#6078,.F.);
#8626=ORIENTED_EDGE('',*,*,#6009,.F.);
#8627=ORIENTED_EDGE('',*,*,#6077,.T.);
#8628=ORIENTED_EDGE('',*,*,#6004,.F.);
#8629=ORIENTED_EDGE('',*,*,#5961,.F.);
#8630=ORIENTED_EDGE('',*,*,#6079,.T.);
#8631=ORIENTED_EDGE('',*,*,#5984,.F.);
#8632=ORIENTED_EDGE('',*,*,#6080,.F.);
#8633=ORIENTED_EDGE('',*,*,#6080,.T.);
#8634=ORIENTED_EDGE('',*,*,#6021,.F.);
#8635=ORIENTED_EDGE('',*,*,#6081,.F.);
#8636=ORIENTED_EDGE('',*,*,#5962,.F.);
#8637=ORIENTED_EDGE('',*,*,#6082,.F.);
#8638=ORIENTED_EDGE('',*,*,#6017,.F.);
#8639=ORIENTED_EDGE('',*,*,#6081,.T.);
#8640=ORIENTED_EDGE('',*,*,#6020,.F.);
#8641=ORIENTED_EDGE('',*,*,#5986,.F.);
#8642=ORIENTED_EDGE('',*,*,#6083,.T.);
#8643=ORIENTED_EDGE('',*,*,#5971,.F.);
#8644=ORIENTED_EDGE('',*,*,#6084,.F.);
#8645=ORIENTED_EDGE('',*,*,#5934,.T.);
#8646=ORIENTED_EDGE('',*,*,#6022,.F.);
#8647=ORIENTED_EDGE('',*,*,#6084,.T.);
#8648=ORIENTED_EDGE('',*,*,#5983,.F.);
#8649=ORIENTED_EDGE('',*,*,#6025,.F.);
#8650=ORIENTED_EDGE('',*,*,#5949,.F.);
#8651=ORIENTED_EDGE('',*,*,#6027,.F.);
#8652=ORIENTED_EDGE('',*,*,#5965,.F.);
#8653=ORIENTED_EDGE('',*,*,#6024,.F.);
#8654=ORIENTED_EDGE('',*,*,#5981,.F.);
#8655=ORIENTED_EDGE('',*,*,#6028,.F.);
#8656=ORIENTED_EDGE('',*,*,#5951,.F.);
#8657=ORIENTED_EDGE('',*,*,#6013,.F.);
#8658=ORIENTED_EDGE('',*,*,#5967,.F.);
#8659=ORIENTED_EDGE('',*,*,#6030,.F.);
#8660=ORIENTED_EDGE('',*,*,#5953,.F.);
#8661=ORIENTED_EDGE('',*,*,#6014,.F.);
#8662=ORIENTED_EDGE('',*,*,#5955,.F.);
#8663=ORIENTED_EDGE('',*,*,#6029,.F.);
#8664=ORIENTED_EDGE('',*,*,#5979,.F.);
#8665=ORIENTED_EDGE('',*,*,#6072,.F.);
#8666=ORIENTED_EDGE('',*,*,#6085,.T.);
#8667=ORIENTED_EDGE('',*,*,#5927,.F.);
#8668=ORIENTED_EDGE('',*,*,#6002,.F.);
#8669=ORIENTED_EDGE('',*,*,#5916,.F.);
#8670=ORIENTED_EDGE('',*,*,#6086,.T.);
#8671=ORIENTED_EDGE('',*,*,#6070,.F.);
#8672=ORIENTED_EDGE('',*,*,#6000,.F.);
#8673=ORIENTED_EDGE('',*,*,#5913,.F.);
#8674=ORIENTED_EDGE('',*,*,#6085,.F.);
#8675=ORIENTED_EDGE('',*,*,#6087,.F.);
#8676=ORIENTED_EDGE('',*,*,#6069,.F.);
#8677=ORIENTED_EDGE('',*,*,#6087,.T.);
#8678=ORIENTED_EDGE('',*,*,#6071,.F.);
#8679=ORIENTED_EDGE('',*,*,#6088,.F.);
#8680=ORIENTED_EDGE('',*,*,#6067,.F.);
#8681=ORIENTED_EDGE('',*,*,#6088,.T.);
#8682=ORIENTED_EDGE('',*,*,#6086,.F.);
#8683=ORIENTED_EDGE('',*,*,#5915,.T.);
#8684=ORIENTED_EDGE('',*,*,#6068,.F.);
#8685=ORIENTED_EDGE('',*,*,#5925,.F.);
#8686=ORIENTED_EDGE('',*,*,#5973,.F.);
#8687=ORIENTED_EDGE('',*,*,#6089,.F.);
#8688=ORIENTED_EDGE('',*,*,#6089,.T.);
#8689=ORIENTED_EDGE('',*,*,#5972,.F.);
#8690=ORIENTED_EDGE('',*,*,#6090,.F.);
#8691=ORIENTED_EDGE('',*,*,#5995,.F.);
#8692=ORIENTED_EDGE('',*,*,#6090,.T.);
#8693=ORIENTED_EDGE('',*,*,#6083,.F.);
#8694=ORIENTED_EDGE('',*,*,#6091,.F.);
#8695=ORIENTED_EDGE('',*,*,#5996,.F.);
#8696=ORIENTED_EDGE('',*,*,#5959,.F.);
#8697=ORIENTED_EDGE('',*,*,#5918,.F.);
#8698=ORIENTED_EDGE('',*,*,#6092,.F.);
#8699=ORIENTED_EDGE('',*,*,#6091,.T.);
#8700=ORIENTED_EDGE('',*,*,#5985,.F.);
#8701=ORIENTED_EDGE('',*,*,#6093,.F.);
#8702=ORIENTED_EDGE('',*,*,#5997,.F.);
#8703=ORIENTED_EDGE('',*,*,#6092,.T.);
#8704=ORIENTED_EDGE('',*,*,#5999,.F.);
#8705=ORIENTED_EDGE('',*,*,#6094,.F.);
#8706=ORIENTED_EDGE('',*,*,#5960,.F.);
#8707=ORIENTED_EDGE('',*,*,#6093,.T.);
#8708=ORIENTED_EDGE('',*,*,#6079,.F.);
#8709=ORIENTED_EDGE('',*,*,#6094,.T.);
#8710=ORIENTED_EDGE('',*,*,#5998,.F.);
#8711=ORIENTED_EDGE('',*,*,#5922,.F.);
#8712=ORIENTED_EDGE('',*,*,#5990,.F.);
#8713=ORIENTED_EDGE('',*,*,#6095,.F.);
#8714=ORIENTED_EDGE('',*,*,#6095,.T.);
#8715=ORIENTED_EDGE('',*,*,#5989,.F.);
#8716=ORIENTED_EDGE('',*,*,#6096,.F.);
#8717=ORIENTED_EDGE('',*,*,#5947,.F.);
#8718=ORIENTED_EDGE('',*,*,#6096,.T.);
#8719=ORIENTED_EDGE('',*,*,#6073,.F.);
#8720=ORIENTED_EDGE('',*,*,#6097,.F.);
#8721=ORIENTED_EDGE('',*,*,#5945,.F.);
#8722=ORIENTED_EDGE('',*,*,#6097,.T.);
#8723=ORIENTED_EDGE('',*,*,#5975,.F.);
#8724=ORIENTED_EDGE('',*,*,#6098,.F.);
#8725=ORIENTED_EDGE('',*,*,#5946,.F.);
#8726=ORIENTED_EDGE('',*,*,#5974,.F.);
#8727=ORIENTED_EDGE('',*,*,#5924,.F.);
#8728=ORIENTED_EDGE('',*,*,#6098,.T.);
#8729=ORIENTED_EDGE('',*,*,#5919,.F.);
#8730=ORIENTED_EDGE('',*,*,#5958,.F.);
#8731=ORIENTED_EDGE('',*,*,#6099,.F.);
#8732=ORIENTED_EDGE('',*,*,#6099,.T.);
#8733=ORIENTED_EDGE('',*,*,#5957,.F.);
#8734=ORIENTED_EDGE('',*,*,#6100,.F.);
#8735=ORIENTED_EDGE('',*,*,#5944,.F.);
#8736=ORIENTED_EDGE('',*,*,#6100,.T.);
#8737=ORIENTED_EDGE('',*,*,#6075,.F.);
#8738=ORIENTED_EDGE('',*,*,#6101,.F.);
#8739=ORIENTED_EDGE('',*,*,#5942,.F.);
#8740=ORIENTED_EDGE('',*,*,#5991,.F.);
#8741=ORIENTED_EDGE('',*,*,#5921,.F.);
#8742=ORIENTED_EDGE('',*,*,#6102,.F.);
#8743=ORIENTED_EDGE('',*,*,#6101,.T.);
#8744=ORIENTED_EDGE('',*,*,#5992,.F.);
#8745=ORIENTED_EDGE('',*,*,#6102,.T.);
#8746=ORIENTED_EDGE('',*,*,#5943,.F.);
#8747=ORIENTED_EDGE('',*,*,#5909,.T.);
#8748=ORIENTED_EDGE('',*,*,#6078,.T.);
#8749=ORIENTED_EDGE('',*,*,#6003,.F.);
#8750=ORIENTED_EDGE('',*,*,#6012,.F.);
#8751=ORIENTED_EDGE('',*,*,#5908,.F.);
#8752=ORIENTED_EDGE('',*,*,#6010,.T.);
#8753=ORIENTED_EDGE('',*,*,#5939,.T.);
#8754=ORIENTED_EDGE('',*,*,#6006,.T.);
#8755=ORIENTED_EDGE('',*,*,#5906,.F.);
#8756=ORIENTED_EDGE('',*,*,#6011,.F.);
#8757=ORIENTED_EDGE('',*,*,#5935,.T.);
#8758=ORIENTED_EDGE('',*,*,#6082,.T.);
#8759=ORIENTED_EDGE('',*,*,#6019,.T.);
#8760=ORIENTED_EDGE('',*,*,#5902,.F.);
#8761=ORIENTED_EDGE('',*,*,#6026,.F.);
#8762=ORIENTED_EDGE('',*,*,#6015,.T.);
#8763=ORIENTED_EDGE('',*,*,#5932,.T.);
#8764=ORIENTED_EDGE('',*,*,#5928,.F.);
#8765=ORIENTED_EDGE('',*,*,#6023,.F.);
#8766=ORIENTED_EDGE('',*,*,#5904,.F.);
#8767=ORIENTED_EDGE('',*,*,#6018,.T.);
#8768=ORIENTED_EDGE('',*,*,#6103,.F.);
#8769=ORIENTED_EDGE('',*,*,#6104,.T.);
#8770=ORIENTED_EDGE('',*,*,#6105,.T.);
#8771=ORIENTED_EDGE('',*,*,#6104,.F.);
#8772=ORIENTED_EDGE('',*,*,#6106,.T.);
#8773=ORIENTED_EDGE('',*,*,#6107,.T.);
#8774=ORIENTED_EDGE('',*,*,#6108,.F.);
#8775=ORIENTED_EDGE('',*,*,#6109,.F.);
#8776=ORIENTED_EDGE('',*,*,#6110,.F.);
#8777=ORIENTED_EDGE('',*,*,#6111,.F.);
#8778=ORIENTED_EDGE('',*,*,#6112,.F.);
#8779=ORIENTED_EDGE('',*,*,#6113,.F.);
#8780=ORIENTED_EDGE('',*,*,#6114,.F.);
#8781=ORIENTED_EDGE('',*,*,#6115,.F.);
#8782=ORIENTED_EDGE('',*,*,#6116,.F.);
#8783=ORIENTED_EDGE('',*,*,#6117,.F.);
#8784=ORIENTED_EDGE('',*,*,#6118,.F.);
#8785=ORIENTED_EDGE('',*,*,#6119,.F.);
#8786=ORIENTED_EDGE('',*,*,#6120,.F.);
#8787=ORIENTED_EDGE('',*,*,#6121,.F.);
#8788=ORIENTED_EDGE('',*,*,#6122,.F.);
#8789=ORIENTED_EDGE('',*,*,#6123,.F.);
#8790=ORIENTED_EDGE('',*,*,#6124,.F.);
#8791=ORIENTED_EDGE('',*,*,#6125,.F.);
#8792=ORIENTED_EDGE('',*,*,#6126,.F.);
#8793=ORIENTED_EDGE('',*,*,#6127,.F.);
#8794=ORIENTED_EDGE('',*,*,#6128,.F.);
#8795=ORIENTED_EDGE('',*,*,#6129,.F.);
#8796=ORIENTED_EDGE('',*,*,#6130,.F.);
#8797=ORIENTED_EDGE('',*,*,#6131,.F.);
#8798=ORIENTED_EDGE('',*,*,#6132,.F.);
#8799=ORIENTED_EDGE('',*,*,#6133,.F.);
#8800=ORIENTED_EDGE('',*,*,#6134,.F.);
#8801=ORIENTED_EDGE('',*,*,#6135,.F.);
#8802=ORIENTED_EDGE('',*,*,#6136,.F.);
#8803=ORIENTED_EDGE('',*,*,#6137,.F.);
#8804=ORIENTED_EDGE('',*,*,#6138,.F.);
#8805=ORIENTED_EDGE('',*,*,#6139,.F.);
#8806=ORIENTED_EDGE('',*,*,#6140,.F.);
#8807=ORIENTED_EDGE('',*,*,#6141,.F.);
#8808=ORIENTED_EDGE('',*,*,#6142,.F.);
#8809=ORIENTED_EDGE('',*,*,#6143,.F.);
#8810=ORIENTED_EDGE('',*,*,#6144,.F.);
#8811=ORIENTED_EDGE('',*,*,#6145,.F.);
#8812=ORIENTED_EDGE('',*,*,#6146,.F.);
#8813=ORIENTED_EDGE('',*,*,#6147,.F.);
#8814=ORIENTED_EDGE('',*,*,#6148,.F.);
#8815=ORIENTED_EDGE('',*,*,#6107,.F.);
#8816=ORIENTED_EDGE('',*,*,#6149,.T.);
#8817=ORIENTED_EDGE('',*,*,#6150,.T.);
#8818=ORIENTED_EDGE('',*,*,#6151,.F.);
#8819=ORIENTED_EDGE('',*,*,#6150,.F.);
#8820=ORIENTED_EDGE('',*,*,#6152,.T.);
#8821=ORIENTED_EDGE('',*,*,#6153,.T.);
#8822=ORIENTED_EDGE('',*,*,#6154,.F.);
#8823=ORIENTED_EDGE('',*,*,#6155,.F.);
#8824=ORIENTED_EDGE('',*,*,#6131,.T.);
#8825=ORIENTED_EDGE('',*,*,#6156,.T.);
#8826=ORIENTED_EDGE('',*,*,#6152,.F.);
#8827=ORIENTED_EDGE('',*,*,#6157,.T.);
#8828=ORIENTED_EDGE('',*,*,#6158,.T.);
#8829=ORIENTED_EDGE('',*,*,#6159,.T.);
#8830=ORIENTED_EDGE('',*,*,#6160,.F.);
#8831=ORIENTED_EDGE('',*,*,#6161,.F.);
#8832=ORIENTED_EDGE('',*,*,#6133,.T.);
#8833=ORIENTED_EDGE('',*,*,#6162,.T.);
#8834=ORIENTED_EDGE('',*,*,#6158,.F.);
#8835=ORIENTED_EDGE('',*,*,#6163,.T.);
#8836=ORIENTED_EDGE('',*,*,#6164,.T.);
#8837=ORIENTED_EDGE('',*,*,#6165,.T.);
#8838=ORIENTED_EDGE('',*,*,#6166,.F.);
#8839=ORIENTED_EDGE('',*,*,#6167,.F.);
#8840=ORIENTED_EDGE('',*,*,#6135,.T.);
#8841=ORIENTED_EDGE('',*,*,#6168,.T.);
#8842=ORIENTED_EDGE('',*,*,#6164,.F.);
#8843=ORIENTED_EDGE('',*,*,#6169,.T.);
#8844=ORIENTED_EDGE('',*,*,#6170,.T.);
#8845=ORIENTED_EDGE('',*,*,#6171,.T.);
#8846=ORIENTED_EDGE('',*,*,#6172,.F.);
#8847=ORIENTED_EDGE('',*,*,#6173,.F.);
#8848=ORIENTED_EDGE('',*,*,#6137,.T.);
#8849=ORIENTED_EDGE('',*,*,#6174,.T.);
#8850=ORIENTED_EDGE('',*,*,#6170,.F.);
#8851=ORIENTED_EDGE('',*,*,#6175,.T.);
#8852=ORIENTED_EDGE('',*,*,#6176,.T.);
#8853=ORIENTED_EDGE('',*,*,#6177,.T.);
#8854=ORIENTED_EDGE('',*,*,#6178,.F.);
#8855=ORIENTED_EDGE('',*,*,#6179,.F.);
#8856=ORIENTED_EDGE('',*,*,#6139,.T.);
#8857=ORIENTED_EDGE('',*,*,#6180,.T.);
#8858=ORIENTED_EDGE('',*,*,#6176,.F.);
#8859=ORIENTED_EDGE('',*,*,#6181,.T.);
#8860=ORIENTED_EDGE('',*,*,#6182,.T.);
#8861=ORIENTED_EDGE('',*,*,#6183,.T.);
#8862=ORIENTED_EDGE('',*,*,#6184,.F.);
#8863=ORIENTED_EDGE('',*,*,#6185,.F.);
#8864=ORIENTED_EDGE('',*,*,#6141,.T.);
#8865=ORIENTED_EDGE('',*,*,#6186,.T.);
#8866=ORIENTED_EDGE('',*,*,#6182,.F.);
#8867=ORIENTED_EDGE('',*,*,#6187,.T.);
#8868=ORIENTED_EDGE('',*,*,#6188,.T.);
#8869=ORIENTED_EDGE('',*,*,#6189,.T.);
#8870=ORIENTED_EDGE('',*,*,#6190,.F.);
#8871=ORIENTED_EDGE('',*,*,#6191,.F.);
#8872=ORIENTED_EDGE('',*,*,#6143,.T.);
#8873=ORIENTED_EDGE('',*,*,#6192,.T.);
#8874=ORIENTED_EDGE('',*,*,#6188,.F.);
#8875=ORIENTED_EDGE('',*,*,#6193,.T.);
#8876=ORIENTED_EDGE('',*,*,#6194,.T.);
#8877=ORIENTED_EDGE('',*,*,#6195,.T.);
#8878=ORIENTED_EDGE('',*,*,#6196,.F.);
#8879=ORIENTED_EDGE('',*,*,#6197,.F.);
#8880=ORIENTED_EDGE('',*,*,#6145,.T.);
#8881=ORIENTED_EDGE('',*,*,#6198,.T.);
#8882=ORIENTED_EDGE('',*,*,#6194,.F.);
#8883=ORIENTED_EDGE('',*,*,#6199,.T.);
#8884=ORIENTED_EDGE('',*,*,#6200,.T.);
#8885=ORIENTED_EDGE('',*,*,#6201,.T.);
#8886=ORIENTED_EDGE('',*,*,#6202,.F.);
#8887=ORIENTED_EDGE('',*,*,#6203,.F.);
#8888=ORIENTED_EDGE('',*,*,#6147,.T.);
#8889=ORIENTED_EDGE('',*,*,#6204,.T.);
#8890=ORIENTED_EDGE('',*,*,#6200,.F.);
#8891=ORIENTED_EDGE('',*,*,#6205,.T.);
#8892=ORIENTED_EDGE('',*,*,#6206,.T.);
#8893=ORIENTED_EDGE('',*,*,#6207,.T.);
#8894=ORIENTED_EDGE('',*,*,#6208,.F.);
#8895=ORIENTED_EDGE('',*,*,#6209,.F.);
#8896=ORIENTED_EDGE('',*,*,#6109,.T.);
#8897=ORIENTED_EDGE('',*,*,#6210,.T.);
#8898=ORIENTED_EDGE('',*,*,#6206,.F.);
#8899=ORIENTED_EDGE('',*,*,#6211,.T.);
#8900=ORIENTED_EDGE('',*,*,#6212,.T.);
#8901=ORIENTED_EDGE('',*,*,#6213,.T.);
#8902=ORIENTED_EDGE('',*,*,#6214,.F.);
#8903=ORIENTED_EDGE('',*,*,#6215,.F.);
#8904=ORIENTED_EDGE('',*,*,#6111,.T.);
#8905=ORIENTED_EDGE('',*,*,#6216,.T.);
#8906=ORIENTED_EDGE('',*,*,#6212,.F.);
#8907=ORIENTED_EDGE('',*,*,#6217,.T.);
#8908=ORIENTED_EDGE('',*,*,#6218,.T.);
#8909=ORIENTED_EDGE('',*,*,#6219,.T.);
#8910=ORIENTED_EDGE('',*,*,#6220,.F.);
#8911=ORIENTED_EDGE('',*,*,#6221,.F.);
#8912=ORIENTED_EDGE('',*,*,#6113,.T.);
#8913=ORIENTED_EDGE('',*,*,#6222,.T.);
#8914=ORIENTED_EDGE('',*,*,#6218,.F.);
#8915=ORIENTED_EDGE('',*,*,#6223,.T.);
#8916=ORIENTED_EDGE('',*,*,#6224,.T.);
#8917=ORIENTED_EDGE('',*,*,#6225,.T.);
#8918=ORIENTED_EDGE('',*,*,#6226,.F.);
#8919=ORIENTED_EDGE('',*,*,#6227,.F.);
#8920=ORIENTED_EDGE('',*,*,#6115,.T.);
#8921=ORIENTED_EDGE('',*,*,#6228,.T.);
#8922=ORIENTED_EDGE('',*,*,#6224,.F.);
#8923=ORIENTED_EDGE('',*,*,#6229,.T.);
#8924=ORIENTED_EDGE('',*,*,#6230,.T.);
#8925=ORIENTED_EDGE('',*,*,#6231,.T.);
#8926=ORIENTED_EDGE('',*,*,#6232,.F.);
#8927=ORIENTED_EDGE('',*,*,#6233,.F.);
#8928=ORIENTED_EDGE('',*,*,#6117,.T.);
#8929=ORIENTED_EDGE('',*,*,#6234,.T.);
#8930=ORIENTED_EDGE('',*,*,#6230,.F.);
#8931=ORIENTED_EDGE('',*,*,#6235,.T.);
#8932=ORIENTED_EDGE('',*,*,#6236,.T.);
#8933=ORIENTED_EDGE('',*,*,#6237,.T.);
#8934=ORIENTED_EDGE('',*,*,#6238,.F.);
#8935=ORIENTED_EDGE('',*,*,#6239,.F.);
#8936=ORIENTED_EDGE('',*,*,#6119,.T.);
#8937=ORIENTED_EDGE('',*,*,#6240,.T.);
#8938=ORIENTED_EDGE('',*,*,#6236,.F.);
#8939=ORIENTED_EDGE('',*,*,#6241,.T.);
#8940=ORIENTED_EDGE('',*,*,#6242,.T.);
#8941=ORIENTED_EDGE('',*,*,#6243,.T.);
#8942=ORIENTED_EDGE('',*,*,#6244,.F.);
#8943=ORIENTED_EDGE('',*,*,#6245,.F.);
#8944=ORIENTED_EDGE('',*,*,#6121,.T.);
#8945=ORIENTED_EDGE('',*,*,#6246,.T.);
#8946=ORIENTED_EDGE('',*,*,#6242,.F.);
#8947=ORIENTED_EDGE('',*,*,#6247,.T.);
#8948=ORIENTED_EDGE('',*,*,#6248,.T.);
#8949=ORIENTED_EDGE('',*,*,#6249,.T.);
#8950=ORIENTED_EDGE('',*,*,#6250,.F.);
#8951=ORIENTED_EDGE('',*,*,#6251,.F.);
#8952=ORIENTED_EDGE('',*,*,#6123,.T.);
#8953=ORIENTED_EDGE('',*,*,#6252,.T.);
#8954=ORIENTED_EDGE('',*,*,#6248,.F.);
#8955=ORIENTED_EDGE('',*,*,#6253,.T.);
#8956=ORIENTED_EDGE('',*,*,#6254,.T.);
#8957=ORIENTED_EDGE('',*,*,#6255,.T.);
#8958=ORIENTED_EDGE('',*,*,#6256,.F.);
#8959=ORIENTED_EDGE('',*,*,#6257,.F.);
#8960=ORIENTED_EDGE('',*,*,#6125,.T.);
#8961=ORIENTED_EDGE('',*,*,#6258,.T.);
#8962=ORIENTED_EDGE('',*,*,#6254,.F.);
#8963=ORIENTED_EDGE('',*,*,#6259,.T.);
#8964=ORIENTED_EDGE('',*,*,#6260,.T.);
#8965=ORIENTED_EDGE('',*,*,#6261,.T.);
#8966=ORIENTED_EDGE('',*,*,#6262,.F.);
#8967=ORIENTED_EDGE('',*,*,#6263,.F.);
#8968=ORIENTED_EDGE('',*,*,#6127,.T.);
#8969=ORIENTED_EDGE('',*,*,#6264,.T.);
#8970=ORIENTED_EDGE('',*,*,#6260,.F.);
#8971=ORIENTED_EDGE('',*,*,#6265,.T.);
#8972=ORIENTED_EDGE('',*,*,#6151,.T.);
#8973=ORIENTED_EDGE('',*,*,#6106,.F.);
#8974=ORIENTED_EDGE('',*,*,#6149,.F.);
#8975=ORIENTED_EDGE('',*,*,#6266,.F.);
#8976=ORIENTED_EDGE('',*,*,#6267,.F.);
#8977=ORIENTED_EDGE('',*,*,#6268,.T.);
#8978=ORIENTED_EDGE('',*,*,#6269,.T.);
#8979=ORIENTED_EDGE('',*,*,#6270,.F.);
#8980=ORIENTED_EDGE('',*,*,#6271,.F.);
#8981=ORIENTED_EDGE('',*,*,#6266,.T.);
#8982=ORIENTED_EDGE('',*,*,#6272,.F.);
#8983=ORIENTED_EDGE('',*,*,#6273,.F.);
#8984=ORIENTED_EDGE('',*,*,#6262,.T.);
#8985=ORIENTED_EDGE('',*,*,#6274,.F.);
#8986=ORIENTED_EDGE('',*,*,#6275,.F.);
#8987=ORIENTED_EDGE('',*,*,#6256,.T.);
#8988=ORIENTED_EDGE('',*,*,#6276,.F.);
#8989=ORIENTED_EDGE('',*,*,#6277,.F.);
#8990=ORIENTED_EDGE('',*,*,#6250,.T.);
#8991=ORIENTED_EDGE('',*,*,#6278,.F.);
#8992=ORIENTED_EDGE('',*,*,#6279,.F.);
#8993=ORIENTED_EDGE('',*,*,#6244,.T.);
#8994=ORIENTED_EDGE('',*,*,#6280,.F.);
#8995=ORIENTED_EDGE('',*,*,#6281,.F.);
#8996=ORIENTED_EDGE('',*,*,#6238,.T.);
#8997=ORIENTED_EDGE('',*,*,#6282,.F.);
#8998=ORIENTED_EDGE('',*,*,#6283,.F.);
#8999=ORIENTED_EDGE('',*,*,#6232,.T.);
#9000=ORIENTED_EDGE('',*,*,#6284,.F.);
#9001=ORIENTED_EDGE('',*,*,#6285,.F.);
#9002=ORIENTED_EDGE('',*,*,#6226,.T.);
#9003=ORIENTED_EDGE('',*,*,#6286,.F.);
#9004=ORIENTED_EDGE('',*,*,#6287,.F.);
#9005=ORIENTED_EDGE('',*,*,#6220,.T.);
#9006=ORIENTED_EDGE('',*,*,#6288,.F.);
#9007=ORIENTED_EDGE('',*,*,#6289,.F.);
#9008=ORIENTED_EDGE('',*,*,#6214,.T.);
#9009=ORIENTED_EDGE('',*,*,#6290,.F.);
#9010=ORIENTED_EDGE('',*,*,#6291,.F.);
#9011=ORIENTED_EDGE('',*,*,#6208,.T.);
#9012=ORIENTED_EDGE('',*,*,#6292,.F.);
#9013=ORIENTED_EDGE('',*,*,#6293,.F.);
#9014=ORIENTED_EDGE('',*,*,#6202,.T.);
#9015=ORIENTED_EDGE('',*,*,#6294,.F.);
#9016=ORIENTED_EDGE('',*,*,#6295,.F.);
#9017=ORIENTED_EDGE('',*,*,#6196,.T.);
#9018=ORIENTED_EDGE('',*,*,#6296,.F.);
#9019=ORIENTED_EDGE('',*,*,#6297,.F.);
#9020=ORIENTED_EDGE('',*,*,#6190,.T.);
#9021=ORIENTED_EDGE('',*,*,#6298,.F.);
#9022=ORIENTED_EDGE('',*,*,#6299,.F.);
#9023=ORIENTED_EDGE('',*,*,#6184,.T.);
#9024=ORIENTED_EDGE('',*,*,#6300,.F.);
#9025=ORIENTED_EDGE('',*,*,#6301,.F.);
#9026=ORIENTED_EDGE('',*,*,#6178,.T.);
#9027=ORIENTED_EDGE('',*,*,#6302,.F.);
#9028=ORIENTED_EDGE('',*,*,#6303,.F.);
#9029=ORIENTED_EDGE('',*,*,#6172,.T.);
#9030=ORIENTED_EDGE('',*,*,#6304,.F.);
#9031=ORIENTED_EDGE('',*,*,#6305,.F.);
#9032=ORIENTED_EDGE('',*,*,#6166,.T.);
#9033=ORIENTED_EDGE('',*,*,#6306,.F.);
#9034=ORIENTED_EDGE('',*,*,#6307,.F.);
#9035=ORIENTED_EDGE('',*,*,#6160,.T.);
#9036=ORIENTED_EDGE('',*,*,#6308,.F.);
#9037=ORIENTED_EDGE('',*,*,#6309,.F.);
#9038=ORIENTED_EDGE('',*,*,#6154,.T.);
#9039=ORIENTED_EDGE('',*,*,#6105,.F.);
#9040=ORIENTED_EDGE('',*,*,#6268,.F.);
#9041=ORIENTED_EDGE('',*,*,#6310,.T.);
#9042=ORIENTED_EDGE('',*,*,#6129,.T.);
#9043=ORIENTED_EDGE('',*,*,#6311,.T.);
#9044=ORIENTED_EDGE('',*,*,#6103,.T.);
#9045=ORIENTED_EDGE('',*,*,#6128,.T.);
#9046=ORIENTED_EDGE('',*,*,#6312,.T.);
#9047=ORIENTED_EDGE('',*,*,#6313,.T.);
#9048=ORIENTED_EDGE('',*,*,#6272,.T.);
#9049=ORIENTED_EDGE('',*,*,#6269,.F.);
#9050=ORIENTED_EDGE('',*,*,#6311,.F.);
#9051=ORIENTED_EDGE('',*,*,#6313,.F.);
#9052=ORIENTED_EDGE('',*,*,#6314,.T.);
#9053=ORIENTED_EDGE('',*,*,#6273,.T.);
#9054=ORIENTED_EDGE('',*,*,#6314,.F.);
#9055=ORIENTED_EDGE('',*,*,#6312,.F.);
#9056=ORIENTED_EDGE('',*,*,#6265,.F.);
#9057=ORIENTED_EDGE('',*,*,#6263,.T.);
#9058=ORIENTED_EDGE('',*,*,#6126,.T.);
#9059=ORIENTED_EDGE('',*,*,#6315,.T.);
#9060=ORIENTED_EDGE('',*,*,#6316,.T.);
#9061=ORIENTED_EDGE('',*,*,#6274,.T.);
#9062=ORIENTED_EDGE('',*,*,#6261,.F.);
#9063=ORIENTED_EDGE('',*,*,#6264,.F.);
#9064=ORIENTED_EDGE('',*,*,#6316,.F.);
#9065=ORIENTED_EDGE('',*,*,#6317,.T.);
#9066=ORIENTED_EDGE('',*,*,#6275,.T.);
#9067=ORIENTED_EDGE('',*,*,#6317,.F.);
#9068=ORIENTED_EDGE('',*,*,#6315,.F.);
#9069=ORIENTED_EDGE('',*,*,#6259,.F.);
#9070=ORIENTED_EDGE('',*,*,#6257,.T.);
#9071=ORIENTED_EDGE('',*,*,#6124,.T.);
#9072=ORIENTED_EDGE('',*,*,#6318,.T.);
#9073=ORIENTED_EDGE('',*,*,#6319,.T.);
#9074=ORIENTED_EDGE('',*,*,#6276,.T.);
#9075=ORIENTED_EDGE('',*,*,#6255,.F.);
#9076=ORIENTED_EDGE('',*,*,#6258,.F.);
#9077=ORIENTED_EDGE('',*,*,#6319,.F.);
#9078=ORIENTED_EDGE('',*,*,#6320,.T.);
#9079=ORIENTED_EDGE('',*,*,#6277,.T.);
#9080=ORIENTED_EDGE('',*,*,#6320,.F.);
#9081=ORIENTED_EDGE('',*,*,#6318,.F.);
#9082=ORIENTED_EDGE('',*,*,#6253,.F.);
#9083=ORIENTED_EDGE('',*,*,#6251,.T.);
#9084=ORIENTED_EDGE('',*,*,#6122,.T.);
#9085=ORIENTED_EDGE('',*,*,#6321,.T.);
#9086=ORIENTED_EDGE('',*,*,#6322,.T.);
#9087=ORIENTED_EDGE('',*,*,#6278,.T.);
#9088=ORIENTED_EDGE('',*,*,#6249,.F.);
#9089=ORIENTED_EDGE('',*,*,#6252,.F.);
#9090=ORIENTED_EDGE('',*,*,#6322,.F.);
#9091=ORIENTED_EDGE('',*,*,#6323,.T.);
#9092=ORIENTED_EDGE('',*,*,#6279,.T.);
#9093=ORIENTED_EDGE('',*,*,#6323,.F.);
#9094=ORIENTED_EDGE('',*,*,#6321,.F.);
#9095=ORIENTED_EDGE('',*,*,#6247,.F.);
#9096=ORIENTED_EDGE('',*,*,#6245,.T.);
#9097=ORIENTED_EDGE('',*,*,#6120,.T.);
#9098=ORIENTED_EDGE('',*,*,#6324,.T.);
#9099=ORIENTED_EDGE('',*,*,#6325,.T.);
#9100=ORIENTED_EDGE('',*,*,#6280,.T.);
#9101=ORIENTED_EDGE('',*,*,#6243,.F.);
#9102=ORIENTED_EDGE('',*,*,#6246,.F.);
#9103=ORIENTED_EDGE('',*,*,#6325,.F.);
#9104=ORIENTED_EDGE('',*,*,#6326,.T.);
#9105=ORIENTED_EDGE('',*,*,#6281,.T.);
#9106=ORIENTED_EDGE('',*,*,#6326,.F.);
#9107=ORIENTED_EDGE('',*,*,#6324,.F.);
#9108=ORIENTED_EDGE('',*,*,#6241,.F.);
#9109=ORIENTED_EDGE('',*,*,#6239,.T.);
#9110=ORIENTED_EDGE('',*,*,#6118,.T.);
#9111=ORIENTED_EDGE('',*,*,#6327,.T.);
#9112=ORIENTED_EDGE('',*,*,#6328,.T.);
#9113=ORIENTED_EDGE('',*,*,#6282,.T.);
#9114=ORIENTED_EDGE('',*,*,#6237,.F.);
#9115=ORIENTED_EDGE('',*,*,#6240,.F.);
#9116=ORIENTED_EDGE('',*,*,#6328,.F.);
#9117=ORIENTED_EDGE('',*,*,#6329,.T.);
#9118=ORIENTED_EDGE('',*,*,#6283,.T.);
#9119=ORIENTED_EDGE('',*,*,#6329,.F.);
#9120=ORIENTED_EDGE('',*,*,#6327,.F.);
#9121=ORIENTED_EDGE('',*,*,#6235,.F.);
#9122=ORIENTED_EDGE('',*,*,#6233,.T.);
#9123=ORIENTED_EDGE('',*,*,#6116,.T.);
#9124=ORIENTED_EDGE('',*,*,#6330,.T.);
#9125=ORIENTED_EDGE('',*,*,#6331,.T.);
#9126=ORIENTED_EDGE('',*,*,#6284,.T.);
#9127=ORIENTED_EDGE('',*,*,#6231,.F.);
#9128=ORIENTED_EDGE('',*,*,#6234,.F.);
#9129=ORIENTED_EDGE('',*,*,#6331,.F.);
#9130=ORIENTED_EDGE('',*,*,#6332,.T.);
#9131=ORIENTED_EDGE('',*,*,#6285,.T.);
#9132=ORIENTED_EDGE('',*,*,#6332,.F.);
#9133=ORIENTED_EDGE('',*,*,#6330,.F.);
#9134=ORIENTED_EDGE('',*,*,#6229,.F.);
#9135=ORIENTED_EDGE('',*,*,#6227,.T.);
#9136=ORIENTED_EDGE('',*,*,#6114,.T.);
#9137=ORIENTED_EDGE('',*,*,#6333,.T.);
#9138=ORIENTED_EDGE('',*,*,#6334,.T.);
#9139=ORIENTED_EDGE('',*,*,#6286,.T.);
#9140=ORIENTED_EDGE('',*,*,#6225,.F.);
#9141=ORIENTED_EDGE('',*,*,#6228,.F.);
#9142=ORIENTED_EDGE('',*,*,#6334,.F.);
#9143=ORIENTED_EDGE('',*,*,#6335,.T.);
#9144=ORIENTED_EDGE('',*,*,#6287,.T.);
#9145=ORIENTED_EDGE('',*,*,#6335,.F.);
#9146=ORIENTED_EDGE('',*,*,#6333,.F.);
#9147=ORIENTED_EDGE('',*,*,#6223,.F.);
#9148=ORIENTED_EDGE('',*,*,#6221,.T.);
#9149=ORIENTED_EDGE('',*,*,#6112,.T.);
#9150=ORIENTED_EDGE('',*,*,#6336,.T.);
#9151=ORIENTED_EDGE('',*,*,#6337,.T.);
#9152=ORIENTED_EDGE('',*,*,#6288,.T.);
#9153=ORIENTED_EDGE('',*,*,#6219,.F.);
#9154=ORIENTED_EDGE('',*,*,#6222,.F.);
#9155=ORIENTED_EDGE('',*,*,#6337,.F.);
#9156=ORIENTED_EDGE('',*,*,#6338,.T.);
#9157=ORIENTED_EDGE('',*,*,#6289,.T.);
#9158=ORIENTED_EDGE('',*,*,#6338,.F.);
#9159=ORIENTED_EDGE('',*,*,#6336,.F.);
#9160=ORIENTED_EDGE('',*,*,#6217,.F.);
#9161=ORIENTED_EDGE('',*,*,#6215,.T.);
#9162=ORIENTED_EDGE('',*,*,#6110,.T.);
#9163=ORIENTED_EDGE('',*,*,#6339,.T.);
#9164=ORIENTED_EDGE('',*,*,#6340,.T.);
#9165=ORIENTED_EDGE('',*,*,#6290,.T.);
#9166=ORIENTED_EDGE('',*,*,#6213,.F.);
#9167=ORIENTED_EDGE('',*,*,#6216,.F.);
#9168=ORIENTED_EDGE('',*,*,#6340,.F.);
#9169=ORIENTED_EDGE('',*,*,#6341,.T.);
#9170=ORIENTED_EDGE('',*,*,#6291,.T.);
#9171=ORIENTED_EDGE('',*,*,#6341,.F.);
#9172=ORIENTED_EDGE('',*,*,#6339,.F.);
#9173=ORIENTED_EDGE('',*,*,#6211,.F.);
#9174=ORIENTED_EDGE('',*,*,#6209,.T.);
#9175=ORIENTED_EDGE('',*,*,#6108,.T.);
#9176=ORIENTED_EDGE('',*,*,#6148,.T.);
#9177=ORIENTED_EDGE('',*,*,#6342,.T.);
#9178=ORIENTED_EDGE('',*,*,#6343,.T.);
#9179=ORIENTED_EDGE('',*,*,#6292,.T.);
#9180=ORIENTED_EDGE('',*,*,#6207,.F.);
#9181=ORIENTED_EDGE('',*,*,#6210,.F.);
#9182=ORIENTED_EDGE('',*,*,#6343,.F.);
#9183=ORIENTED_EDGE('',*,*,#6344,.T.);
#9184=ORIENTED_EDGE('',*,*,#6293,.T.);
#9185=ORIENTED_EDGE('',*,*,#6344,.F.);
#9186=ORIENTED_EDGE('',*,*,#6342,.F.);
#9187=ORIENTED_EDGE('',*,*,#6205,.F.);
#9188=ORIENTED_EDGE('',*,*,#6203,.T.);
#9189=ORIENTED_EDGE('',*,*,#6146,.T.);
#9190=ORIENTED_EDGE('',*,*,#6345,.T.);
#9191=ORIENTED_EDGE('',*,*,#6346,.T.);
#9192=ORIENTED_EDGE('',*,*,#6294,.T.);
#9193=ORIENTED_EDGE('',*,*,#6201,.F.);
#9194=ORIENTED_EDGE('',*,*,#6204,.F.);
#9195=ORIENTED_EDGE('',*,*,#6346,.F.);
#9196=ORIENTED_EDGE('',*,*,#6347,.T.);
#9197=ORIENTED_EDGE('',*,*,#6295,.T.);
#9198=ORIENTED_EDGE('',*,*,#6347,.F.);
#9199=ORIENTED_EDGE('',*,*,#6345,.F.);
#9200=ORIENTED_EDGE('',*,*,#6199,.F.);
#9201=ORIENTED_EDGE('',*,*,#6197,.T.);
#9202=ORIENTED_EDGE('',*,*,#6144,.T.);
#9203=ORIENTED_EDGE('',*,*,#6348,.T.);
#9204=ORIENTED_EDGE('',*,*,#6349,.T.);
#9205=ORIENTED_EDGE('',*,*,#6296,.T.);
#9206=ORIENTED_EDGE('',*,*,#6195,.F.);
#9207=ORIENTED_EDGE('',*,*,#6198,.F.);
#9208=ORIENTED_EDGE('',*,*,#6349,.F.);
#9209=ORIENTED_EDGE('',*,*,#6350,.T.);
#9210=ORIENTED_EDGE('',*,*,#6297,.T.);
#9211=ORIENTED_EDGE('',*,*,#6350,.F.);
#9212=ORIENTED_EDGE('',*,*,#6348,.F.);
#9213=ORIENTED_EDGE('',*,*,#6193,.F.);
#9214=ORIENTED_EDGE('',*,*,#6191,.T.);
#9215=ORIENTED_EDGE('',*,*,#6142,.T.);
#9216=ORIENTED_EDGE('',*,*,#6351,.T.);
#9217=ORIENTED_EDGE('',*,*,#6352,.T.);
#9218=ORIENTED_EDGE('',*,*,#6298,.T.);
#9219=ORIENTED_EDGE('',*,*,#6189,.F.);
#9220=ORIENTED_EDGE('',*,*,#6192,.F.);
#9221=ORIENTED_EDGE('',*,*,#6352,.F.);
#9222=ORIENTED_EDGE('',*,*,#6353,.T.);
#9223=ORIENTED_EDGE('',*,*,#6299,.T.);
#9224=ORIENTED_EDGE('',*,*,#6353,.F.);
#9225=ORIENTED_EDGE('',*,*,#6351,.F.);
#9226=ORIENTED_EDGE('',*,*,#6187,.F.);
#9227=ORIENTED_EDGE('',*,*,#6185,.T.);
#9228=ORIENTED_EDGE('',*,*,#6140,.T.);
#9229=ORIENTED_EDGE('',*,*,#6354,.T.);
#9230=ORIENTED_EDGE('',*,*,#6355,.T.);
#9231=ORIENTED_EDGE('',*,*,#6300,.T.);
#9232=ORIENTED_EDGE('',*,*,#6183,.F.);
#9233=ORIENTED_EDGE('',*,*,#6186,.F.);
#9234=ORIENTED_EDGE('',*,*,#6355,.F.);
#9235=ORIENTED_EDGE('',*,*,#6356,.T.);
#9236=ORIENTED_EDGE('',*,*,#6301,.T.);
#9237=ORIENTED_EDGE('',*,*,#6356,.F.);
#9238=ORIENTED_EDGE('',*,*,#6354,.F.);
#9239=ORIENTED_EDGE('',*,*,#6181,.F.);
#9240=ORIENTED_EDGE('',*,*,#6179,.T.);
#9241=ORIENTED_EDGE('',*,*,#6138,.T.);
#9242=ORIENTED_EDGE('',*,*,#6357,.T.);
#9243=ORIENTED_EDGE('',*,*,#6358,.T.);
#9244=ORIENTED_EDGE('',*,*,#6302,.T.);
#9245=ORIENTED_EDGE('',*,*,#6177,.F.);
#9246=ORIENTED_EDGE('',*,*,#6180,.F.);
#9247=ORIENTED_EDGE('',*,*,#6358,.F.);
#9248=ORIENTED_EDGE('',*,*,#6359,.T.);
#9249=ORIENTED_EDGE('',*,*,#6303,.T.);
#9250=ORIENTED_EDGE('',*,*,#6359,.F.);
#9251=ORIENTED_EDGE('',*,*,#6357,.F.);
#9252=ORIENTED_EDGE('',*,*,#6175,.F.);
#9253=ORIENTED_EDGE('',*,*,#6173,.T.);
#9254=ORIENTED_EDGE('',*,*,#6136,.T.);
#9255=ORIENTED_EDGE('',*,*,#6360,.T.);
#9256=ORIENTED_EDGE('',*,*,#6361,.T.);
#9257=ORIENTED_EDGE('',*,*,#6304,.T.);
#9258=ORIENTED_EDGE('',*,*,#6171,.F.);
#9259=ORIENTED_EDGE('',*,*,#6174,.F.);
#9260=ORIENTED_EDGE('',*,*,#6361,.F.);
#9261=ORIENTED_EDGE('',*,*,#6362,.T.);
#9262=ORIENTED_EDGE('',*,*,#6305,.T.);
#9263=ORIENTED_EDGE('',*,*,#6362,.F.);
#9264=ORIENTED_EDGE('',*,*,#6360,.F.);
#9265=ORIENTED_EDGE('',*,*,#6169,.F.);
#9266=ORIENTED_EDGE('',*,*,#6167,.T.);
#9267=ORIENTED_EDGE('',*,*,#6134,.T.);
#9268=ORIENTED_EDGE('',*,*,#6363,.T.);
#9269=ORIENTED_EDGE('',*,*,#6364,.T.);
#9270=ORIENTED_EDGE('',*,*,#6306,.T.);
#9271=ORIENTED_EDGE('',*,*,#6165,.F.);
#9272=ORIENTED_EDGE('',*,*,#6168,.F.);
#9273=ORIENTED_EDGE('',*,*,#6364,.F.);
#9274=ORIENTED_EDGE('',*,*,#6365,.T.);
#9275=ORIENTED_EDGE('',*,*,#6307,.T.);
#9276=ORIENTED_EDGE('',*,*,#6365,.F.);
#9277=ORIENTED_EDGE('',*,*,#6363,.F.);
#9278=ORIENTED_EDGE('',*,*,#6163,.F.);
#9279=ORIENTED_EDGE('',*,*,#6161,.T.);
#9280=ORIENTED_EDGE('',*,*,#6132,.T.);
#9281=ORIENTED_EDGE('',*,*,#6366,.T.);
#9282=ORIENTED_EDGE('',*,*,#6367,.T.);
#9283=ORIENTED_EDGE('',*,*,#6308,.T.);
#9284=ORIENTED_EDGE('',*,*,#6159,.F.);
#9285=ORIENTED_EDGE('',*,*,#6162,.F.);
#9286=ORIENTED_EDGE('',*,*,#6367,.F.);
#9287=ORIENTED_EDGE('',*,*,#6368,.T.);
#9288=ORIENTED_EDGE('',*,*,#6309,.T.);
#9289=ORIENTED_EDGE('',*,*,#6368,.F.);
#9290=ORIENTED_EDGE('',*,*,#6366,.F.);
#9291=ORIENTED_EDGE('',*,*,#6157,.F.);
#9292=ORIENTED_EDGE('',*,*,#6155,.T.);
#9293=ORIENTED_EDGE('',*,*,#6130,.T.);
#9294=ORIENTED_EDGE('',*,*,#6369,.T.);
#9295=ORIENTED_EDGE('',*,*,#6370,.T.);
#9296=ORIENTED_EDGE('',*,*,#6270,.T.);
#9297=ORIENTED_EDGE('',*,*,#6153,.F.);
#9298=ORIENTED_EDGE('',*,*,#6156,.F.);
#9299=ORIENTED_EDGE('',*,*,#6370,.F.);
#9300=ORIENTED_EDGE('',*,*,#6371,.T.);
#9301=ORIENTED_EDGE('',*,*,#6271,.T.);
#9302=ORIENTED_EDGE('',*,*,#6371,.F.);
#9303=ORIENTED_EDGE('',*,*,#6369,.F.);
#9304=ORIENTED_EDGE('',*,*,#6310,.F.);
#9305=ORIENTED_EDGE('',*,*,#6267,.T.);
#9306=PLANE('',#10233);
#9307=PLANE('',#10242);
#9308=PLANE('',#10246);
#9309=PLANE('',#10247);
#9310=PLANE('',#10277);
#9311=PLANE('',#10278);
#9312=PLANE('',#10279);
#9313=PLANE('',#10296);
#9314=PLANE('',#10299);
#9315=PLANE('',#10302);
#9316=PLANE('',#10307);
#9317=PLANE('',#10314);
#9318=PLANE('',#10333);
#9319=PLANE('',#10348);
#9320=PLANE('',#10352);
#9321=PLANE('',#10355);
#9322=PLANE('',#10358);
#9323=PLANE('',#10361);
#9324=PLANE('',#10364);
#9325=PLANE('',#10367);
#9326=PLANE('',#10370);
#9327=PLANE('',#10373);
#9328=PLANE('',#10376);
#9329=PLANE('',#10379);
#9330=PLANE('',#10382);
#9331=PLANE('',#10385);
#9332=PLANE('',#10388);
#9333=PLANE('',#10390);
#9334=PLANE('',#10397);
#9335=PLANE('',#10398);
#9336=PLANE('',#10401);
#9337=PLANE('',#10403);
#9338=PLANE('',#10404);
#9339=PLANE('',#10406);
#9340=PLANE('',#10408);
#9341=PLANE('',#10410);
#9342=PLANE('',#10412);
#9343=PLANE('',#10413);
#9344=PLANE('',#10414);
#9345=PLANE('',#10416);
#9346=PLANE('',#10426);
#9347=PLANE('',#10427);
#9348=PLANE('',#10430);
#9349=PLANE('',#10434);
#9350=PLANE('',#10435);
#9351=PLANE('',#10438);
#9352=PLANE('',#10442);
#9353=PLANE('',#10449);
#9354=PLANE('',#10453);
#9355=PLANE('',#10457);
#9356=PLANE('',#10464);
#9357=PLANE('',#10468);
#9358=PLANE('',#10491);
#9359=PLANE('',#10492);
#9360=PLANE('',#10515);
#9361=PLANE('',#10517);
#9362=PLANE('',#10519);
#9363=PLANE('',#10520);
#9364=PLANE('',#10522);
#9365=PLANE('',#10524);
#9366=PLANE('',#10526);
#9367=PLANE('',#10528);
#9368=PLANE('',#10530);
#9369=PLANE('',#10532);
#9370=PLANE('',#10534);
#9371=PLANE('',#10536);
#9372=PLANE('',#10538);
#9373=PLANE('',#10540);
#9374=PLANE('',#10547);
#9375=PLANE('',#10549);
#9376=PLANE('',#10550);
#9377=PLANE('',#10552);
#9378=PLANE('',#10554);
#9379=PLANE('',#10560);
#9380=PLANE('',#10564);
#9381=PLANE('',#10568);
#9382=PLANE('',#10572);
#9383=PLANE('',#10576);
#9384=PLANE('',#10580);
#9385=PLANE('',#10581);
#9386=PLANE('',#10619);
#9387=PLANE('',#10657);
#9388=PLANE('',#10661);
#9389=PLANE('',#10665);
#9390=PLANE('',#10669);
#9391=PLANE('',#10673);
#9392=PLANE('',#10674);
#9393=PLANE('',#10677);
#9394=PLANE('',#10682);
#9395=PLANE('',#10685);
#9396=PLANE('',#10688);
#9397=PLANE('',#10691);
#9398=PLANE('',#10692);
#9399=PLANE('',#10693);
#9400=PLANE('',#10694);
#9401=PLANE('',#10698);
#9402=PLANE('',#10702);
#9403=PLANE('',#10706);
#9404=PLANE('',#10710);
#9405=PLANE('',#10711);
#9406=PLANE('',#10715);
#9407=PLANE('',#10719);
#9408=PLANE('',#10722);
#9409=PLANE('',#10724);
#9410=PLANE('',#10726);
#9411=PLANE('',#10728);
#9412=PLANE('',#10730);
#9413=PLANE('',#10732);
#9414=PLANE('',#10736);
#9415=PLANE('',#10741);
#9416=PLANE('',#10742);
#9417=PLANE('',#10747);
#9418=PLANE('',#10749);
#9419=PLANE('',#10751);
#9420=PLANE('',#10754);
#9421=PLANE('',#10756);
#9422=PLANE('',#10758);
#9423=PLANE('',#10761);
#9424=PLANE('',#10763);
#9425=PLANE('',#10765);
#9426=PLANE('',#10766);
#9427=PLANE('',#10768);
#9428=PLANE('',#10770);
#9429=PLANE('',#10773);
#9430=PLANE('',#10774);
#9431=PLANE('',#10812);
#9432=PLANE('',#10815);
#9433=PLANE('',#10818);
#9434=PLANE('',#10825);
#9435=PLANE('',#10828);
#9436=PLANE('',#10831);
#9437=PLANE('',#10834);
#9438=PLANE('',#10841);
#9439=PLANE('',#10844);
#9440=PLANE('',#10847);
#9441=PLANE('',#10854);
#9442=PLANE('',#10857);
#9443=PLANE('',#10860);
#9444=PLANE('',#10863);
#9445=PLANE('',#10876);
#9446=PLANE('',#10879);
#9447=PLANE('',#10882);
#9448=PLANE('',#10885);
#9449=PLANE('',#10888);
#9450=PLANE('',#10891);
#9451=PLANE('',#10894);
#9452=PLANE('',#10897);
#9453=PLANE('',#10900);
#9454=PLANE('',#10903);
#9455=PLANE('',#10906);
#9456=PLANE('',#10909);
#9457=PLANE('',#10912);
#9458=PLANE('',#10914);
#9459=PLANE('',#10915);
#9460=PLANE('',#10943);
#9461=PLANE('',#10946);
#9462=PLANE('',#10949);
#9463=PLANE('',#10952);
#9464=PLANE('',#10955);
#9465=PLANE('',#10958);
#9466=PLANE('',#10961);
#9467=PLANE('',#10964);
#9468=PLANE('',#10967);
#9469=PLANE('',#10970);
#9470=PLANE('',#10973);
#9471=PLANE('',#10976);
#9472=PLANE('',#10979);
#9473=PLANE('',#11001);
#9474=PLANE('',#11005);
#9475=PLANE('',#11009);
#9476=PLANE('',#11011);
#9477=PLANE('',#11013);
#9478=PLANE('',#11014);
#9479=PLANE('',#11015);
#9480=PLANE('',#11016);
#9481=PLANE('',#11017);
#9482=PLANE('',#11018);
#9483=PLANE('',#11019);
#9484=PLANE('',#11025);
#9485=PLANE('',#11026);
#9486=PLANE('',#11027);
#9487=PLANE('',#11030);
#9488=PLANE('',#11031);
#9489=PLANE('',#11032);
#9490=PLANE('',#11035);
#9491=PLANE('',#11044);
#9492=PLANE('',#11045);
#9493=PLANE('',#11046);
#9494=PLANE('',#11047);
#9495=PLANE('',#11048);
#9496=PLANE('',#11053);
#9497=PLANE('',#11054);
#9498=PLANE('',#11055);
#9499=PLANE('',#11056);
#9500=PLANE('',#11057);
#9501=PLANE('',#11123);
#9502=PLANE('',#11124);
#9503=PLANE('',#11125);
#9504=PLANE('',#11126);
#9505=PLANE('',#11127);
#9506=PLANE('',#11181);
#9507=PLANE('',#11185);
#9508=PLANE('',#11189);
#9509=PLANE('',#11193);
#9510=PLANE('',#11197);
#9511=PLANE('',#11201);
#9512=PLANE('',#11205);
#9513=PLANE('',#11209);
#9514=PLANE('',#11213);
#9515=PLANE('',#11217);
#9516=PLANE('',#11221);
#9517=PLANE('',#11225);
#9518=PLANE('',#11229);
#9519=PLANE('',#11233);
#9520=PLANE('',#11237);
#9521=PLANE('',#11241);
#9522=PLANE('',#11245);
#9523=PLANE('',#11249);
#9524=PLANE('',#11253);
#9525=PLANE('',#11254);
#9526=PLANE('',#11255);
#9527=PLANE('',#11259);
#9528=PLANE('',#11260);
#9529=PLANE('',#11261);
#9530=PLANE('',#11262);
#9531=PLANE('',#11263);
#9532=PLANE('',#11264);
#9533=PLANE('',#11265);
#9534=PLANE('',#11266);
#9535=PLANE('',#11267);
#9536=PLANE('',#11268);
#9537=PLANE('',#11269);
#9538=PLANE('',#11270);
#9539=PLANE('',#11271);
#9540=PLANE('',#11272);
#9541=PLANE('',#11273);
#9542=PLANE('',#11274);
#9543=PLANE('',#11275);
#9544=PLANE('',#11276);
#9545=PLANE('',#11277);
#9546=PLANE('',#11278);
#9547=PLANE('',#11279);
#9548=PLANE('',#11280);
#9549=PLANE('',#11281);
#9550=PLANE('',#11282);
#9551=PLANE('',#11283);
#9552=PLANE('',#11284);
#9553=PLANE('',#11285);
#9554=PLANE('',#11286);
#9555=PLANE('',#11287);
#9556=PLANE('',#11288);
#9557=PLANE('',#11289);
#9558=PLANE('',#11290);
#9559=PLANE('',#11291);
#9560=PLANE('',#11292);
#9561=PLANE('',#11293);
#9562=PLANE('',#11294);
#9563=PLANE('',#11295);
#9564=PLANE('',#11296);
#9565=PLANE('',#11297);
#9566=PLANE('',#11298);
#9567=PLANE('',#11299);
#9568=PLANE('',#11300);
#9569=PLANE('',#11301);
#9570=PLANE('',#11302);
#9571=PLANE('',#11303);
#9572=PLANE('',#11304);
#9573=PLANE('',#11305);
#9574=PLANE('',#11306);
#9575=PLANE('',#11307);
#9576=PLANE('',#11308);
#9577=PLANE('',#11309);
#9578=PLANE('',#11310);
#9579=PLANE('',#11311);
#9580=PLANE('',#11312);
#9581=PLANE('',#11313);
#9582=PLANE('',#11314);
#9583=PLANE('',#11315);
#9584=PLANE('',#11316);
#9585=PLANE('',#11317);
#9586=PLANE('',#11318);
#9587=PLANE('',#11319);
#9588=PLANE('',#11320);
#9589=PLANE('',#11321);
#9590=ADVANCED_FACE('',(#2251,#2175),#9306,.F.);
#9591=ADVANCED_FACE('',(#2252),#1929,.F.);
#9592=ADVANCED_FACE('',(#2253),#9307,.T.);
#9593=ADVANCED_FACE('',(#2254),#1930,.F.);
#9594=ADVANCED_FACE('',(#2255),#9308,.T.);
#9595=ADVANCED_FACE('',(#2256,#2176,#2177,#2178,#2179,#2180,#2181,#2182,
#2183,#2184,#2185,#2186),#9309,.T.);
#9596=ADVANCED_FACE('',(#2257),#9310,.T.);
#9597=ADVANCED_FACE('',(#2258),#9311,.F.);
#9598=ADVANCED_FACE('',(#2259),#9312,.F.);
#9599=ADVANCED_FACE('',(#2260),#1931,.F.);
#9600=ADVANCED_FACE('',(#2261),#1932,.T.);
#9601=ADVANCED_FACE('',(#2262),#1933,.F.);
#9602=ADVANCED_FACE('',(#2263),#1934,.F.);
#9603=ADVANCED_FACE('',(#2264),#1935,.T.);
#9604=ADVANCED_FACE('',(#2265),#1936,.F.);
#9605=ADVANCED_FACE('',(#2266),#1937,.F.);
#9606=ADVANCED_FACE('',(#2267),#1938,.T.);
#9607=ADVANCED_FACE('',(#2268),#9313,.T.);
#9608=ADVANCED_FACE('',(#2269),#1939,.T.);
#9609=ADVANCED_FACE('',(#2270),#9314,.T.);
#9610=ADVANCED_FACE('',(#2271),#1940,.T.);
#9611=ADVANCED_FACE('',(#2272),#9315,.T.);
#9612=ADVANCED_FACE('',(#2273),#1941,.T.);
#9613=ADVANCED_FACE('',(#2274),#1942,.F.);
#9614=ADVANCED_FACE('',(#2275),#9316,.F.);
#9615=ADVANCED_FACE('',(#2276),#1943,.F.);
#9616=ADVANCED_FACE('',(#2277),#1944,.T.);
#9617=ADVANCED_FACE('',(#2278),#1945,.F.);
#9618=ADVANCED_FACE('',(#2279),#9317,.F.);
#9619=ADVANCED_FACE('',(#2280),#1946,.T.);
#9620=ADVANCED_FACE('',(#2281),#1947,.F.);
#9621=ADVANCED_FACE('',(#2282),#1948,.F.);
#9622=ADVANCED_FACE('',(#2283),#1949,.F.);
#9623=ADVANCED_FACE('',(#2284),#1950,.F.);
#9624=ADVANCED_FACE('',(#2285),#1951,.F.);
#9625=ADVANCED_FACE('',(#2286),#1952,.F.);
#9626=ADVANCED_FACE('',(#2287),#1953,.F.);
#9627=ADVANCED_FACE('',(#2288),#1954,.F.);
#9628=ADVANCED_FACE('',(#2289,#2187,#2188,#2189,#2190,#2191,#2192,#2193,
#2194,#2195),#9318,.F.);
#9629=ADVANCED_FACE('',(#2290),#9319,.T.);
#9630=ADVANCED_FACE('',(#2291),#1955,.T.);
#9631=ADVANCED_FACE('',(#2292),#1956,.T.);
#9632=ADVANCED_FACE('',(#2293),#9320,.T.);
#9633=ADVANCED_FACE('',(#2294),#1957,.T.);
#9634=ADVANCED_FACE('',(#2295),#9321,.T.);
#9635=ADVANCED_FACE('',(#2296),#1958,.T.);
#9636=ADVANCED_FACE('',(#2297),#9322,.T.);
#9637=ADVANCED_FACE('',(#2298),#1959,.T.);
#9638=ADVANCED_FACE('',(#2299),#9323,.T.);
#9639=ADVANCED_FACE('',(#2300),#1960,.F.);
#9640=ADVANCED_FACE('',(#2301),#9324,.T.);
#9641=ADVANCED_FACE('',(#2302),#1961,.F.);
#9642=ADVANCED_FACE('',(#2303),#9325,.T.);
#9643=ADVANCED_FACE('',(#2304),#1962,.T.);
#9644=ADVANCED_FACE('',(#2305),#9326,.T.);
#9645=ADVANCED_FACE('',(#2306),#1963,.T.);
#9646=ADVANCED_FACE('',(#2307),#9327,.T.);
#9647=ADVANCED_FACE('',(#2308),#1964,.F.);
#9648=ADVANCED_FACE('',(#2309),#9328,.T.);
#9649=ADVANCED_FACE('',(#2310),#1965,.F.);
#9650=ADVANCED_FACE('',(#2311),#9329,.T.);
#9651=ADVANCED_FACE('',(#2312),#1966,.T.);
#9652=ADVANCED_FACE('',(#2313),#9330,.T.);
#9653=ADVANCED_FACE('',(#2314),#1967,.F.);
#9654=ADVANCED_FACE('',(#2315),#9331,.T.);
#9655=ADVANCED_FACE('',(#2316),#1968,.T.);
#9656=ADVANCED_FACE('',(#2317,#2196),#9332,.T.);
#9657=ADVANCED_FACE('',(#2318),#9333,.T.);
#9658=ADVANCED_FACE('',(#2319),#1969,.T.);
#9659=ADVANCED_FACE('',(#2320),#1970,.T.);
#9660=ADVANCED_FACE('',(#2321),#1971,.F.);
#9661=ADVANCED_FACE('',(#2322),#1972,.T.);
#9662=ADVANCED_FACE('',(#2323),#1973,.F.);
#9663=ADVANCED_FACE('',(#2324),#9334,.F.);
#9664=ADVANCED_FACE('',(#2325),#9335,.T.);
#9665=ADVANCED_FACE('',(#2326),#9336,.T.);
#9666=ADVANCED_FACE('',(#2327),#9337,.F.);
#9667=ADVANCED_FACE('',(#2328),#9338,.T.);
#9668=ADVANCED_FACE('',(#2329),#9339,.T.);
#9669=ADVANCED_FACE('',(#2330),#9340,.T.);
#9670=ADVANCED_FACE('',(#2331),#9341,.T.);
#9671=ADVANCED_FACE('',(#2332),#9342,.F.);
#9672=ADVANCED_FACE('',(#2333),#9343,.F.);
#9673=ADVANCED_FACE('',(#2334),#9344,.T.);
#9674=ADVANCED_FACE('',(#2335),#9345,.T.);
#9675=ADVANCED_FACE('',(#2336),#1974,.F.);
#9676=ADVANCED_FACE('',(#2337),#1975,.F.);
#9677=ADVANCED_FACE('',(#2338),#1976,.F.);
#9678=ADVANCED_FACE('',(#2339,#2197),#9346,.T.);
#9679=ADVANCED_FACE('',(#2340,#2198),#9347,.F.);
#9680=ADVANCED_FACE('',(#2341,#2199),#9348,.T.);
#9681=ADVANCED_FACE('',(#2342),#1977,.T.);
#9682=ADVANCED_FACE('',(#2343),#9349,.T.);
#9683=ADVANCED_FACE('',(#2344),#9350,.T.);
#9684=ADVANCED_FACE('',(#2345),#1978,.T.);
#9685=ADVANCED_FACE('',(#2346),#9351,.F.);
#9686=ADVANCED_FACE('',(#2347),#1979,.F.);
#9687=ADVANCED_FACE('',(#2348),#9352,.F.);
#9688=ADVANCED_FACE('',(#2349),#1980,.T.);
#9689=ADVANCED_FACE('',(#2350),#1981,.T.);
#9690=ADVANCED_FACE('',(#2351),#9353,.F.);
#9691=ADVANCED_FACE('',(#2352),#1982,.F.);
#9692=ADVANCED_FACE('',(#2353),#9354,.F.);
#9693=ADVANCED_FACE('',(#2354),#1983,.F.);
#9694=ADVANCED_FACE('',(#2355),#9355,.F.);
#9695=ADVANCED_FACE('',(#2356),#1984,.T.);
#9696=ADVANCED_FACE('',(#2357),#1985,.T.);
#9697=ADVANCED_FACE('',(#2358),#9356,.F.);
#9698=ADVANCED_FACE('',(#2359),#1986,.F.);
#9699=ADVANCED_FACE('',(#2360,#2200,#2201,#2202,#2203,#2204),#9357,.F.);
#9700=ADVANCED_FACE('',(#2361),#9358,.T.);
#9701=ADVANCED_FACE('',(#2362,#2205,#2206,#2207,#2208,#2209),#9359,.T.);
#9702=ADVANCED_FACE('',(#2363),#9360,.T.);
#9703=ADVANCED_FACE('',(#2364),#1987,.F.);
#9704=ADVANCED_FACE('',(#2365),#9361,.T.);
#9705=ADVANCED_FACE('',(#2366),#1988,.F.);
#9706=ADVANCED_FACE('',(#2367),#9362,.T.);
#9707=ADVANCED_FACE('',(#2368),#9363,.T.);
#9708=ADVANCED_FACE('',(#2369),#1989,.F.);
#9709=ADVANCED_FACE('',(#2370),#9364,.T.);
#9710=ADVANCED_FACE('',(#2371),#1990,.F.);
#9711=ADVANCED_FACE('',(#2372),#9365,.T.);
#9712=ADVANCED_FACE('',(#2373),#1991,.F.);
#9713=ADVANCED_FACE('',(#2374),#9366,.T.);
#9714=ADVANCED_FACE('',(#2375),#1992,.T.);
#9715=ADVANCED_FACE('',(#2376),#9367,.T.);
#9716=ADVANCED_FACE('',(#2377),#1993,.T.);
#9717=ADVANCED_FACE('',(#2378),#9368,.T.);
#9718=ADVANCED_FACE('',(#2379),#1994,.F.);
#9719=ADVANCED_FACE('',(#2380),#9369,.T.);
#9720=ADVANCED_FACE('',(#2381),#1995,.F.);
#9721=ADVANCED_FACE('',(#2382),#9370,.T.);
#9722=ADVANCED_FACE('',(#2383),#1996,.T.);
#9723=ADVANCED_FACE('',(#2384),#9371,.T.);
#9724=ADVANCED_FACE('',(#2385),#1997,.T.);
#9725=ADVANCED_FACE('',(#2386),#9372,.T.);
#9726=ADVANCED_FACE('',(#2387),#1998,.F.);
#9727=ADVANCED_FACE('',(#2388),#9373,.T.);
#9728=ADVANCED_FACE('',(#2389),#1999,.F.);
#9729=ADVANCED_FACE('',(#2390),#2000,.F.);
#9730=ADVANCED_FACE('',(#2391),#2001,.F.);
#9731=ADVANCED_FACE('',(#2392),#2002,.F.);
#9732=ADVANCED_FACE('',(#2393),#2003,.F.);
#9733=ADVANCED_FACE('',(#2394),#2004,.T.);
#9734=ADVANCED_FACE('',(#2395),#9374,.T.);
#9735=ADVANCED_FACE('',(#2396),#2005,.T.);
#9736=ADVANCED_FACE('',(#2397),#9375,.T.);
#9737=ADVANCED_FACE('',(#2398),#9376,.T.);
#9738=ADVANCED_FACE('',(#2399),#2006,.T.);
#9739=ADVANCED_FACE('',(#2400),#9377,.T.);
#9740=ADVANCED_FACE('',(#2401),#2007,.T.);
#9741=ADVANCED_FACE('',(#2402),#9378,.T.);
#9742=ADVANCED_FACE('',(#2403),#2008,.T.);
#9743=ADVANCED_FACE('',(#2404),#2009,.F.);
#9744=ADVANCED_FACE('',(#2405),#9379,.T.);
#9745=ADVANCED_FACE('',(#2406),#2010,.F.);
#9746=ADVANCED_FACE('',(#2407),#9380,.T.);
#9747=ADVANCED_FACE('',(#2408),#2011,.F.);
#9748=ADVANCED_FACE('',(#2409),#9381,.T.);
#9749=ADVANCED_FACE('',(#2410),#2012,.F.);
#9750=ADVANCED_FACE('',(#2411),#9382,.T.);
#9751=ADVANCED_FACE('',(#2412),#2013,.F.);
#9752=ADVANCED_FACE('',(#2413),#9383,.T.);
#9753=ADVANCED_FACE('',(#2414),#2014,.F.);
#9754=ADVANCED_FACE('',(#2415),#9384,.T.);
#9755=ADVANCED_FACE('',(#2416,#2210,#2211,#2212,#2213,#2214),#9385,.F.);
#9756=ADVANCED_FACE('',(#2417,#2215,#2216,#2217,#2218,#2219),#9386,.T.);
#9757=ADVANCED_FACE('',(#2418),#9387,.F.);
#9758=ADVANCED_FACE('',(#2419),#2015,.F.);
#9759=ADVANCED_FACE('',(#2420),#9388,.F.);
#9760=ADVANCED_FACE('',(#2421),#2016,.F.);
#9761=ADVANCED_FACE('',(#2422),#9389,.F.);
#9762=ADVANCED_FACE('',(#2423),#2017,.F.);
#9763=ADVANCED_FACE('',(#2424),#9390,.F.);
#9764=ADVANCED_FACE('',(#2425),#2018,.F.);
#9765=ADVANCED_FACE('',(#2426),#9391,.F.);
#9766=ADVANCED_FACE('',(#2427),#9392,.F.);
#9767=ADVANCED_FACE('',(#2428),#2019,.F.);
#9768=ADVANCED_FACE('',(#2429),#9393,.F.);
#9769=ADVANCED_FACE('',(#2430),#2020,.F.);
#9770=ADVANCED_FACE('',(#2431),#2021,.F.);
#9771=ADVANCED_FACE('',(#2432),#9394,.F.);
#9772=ADVANCED_FACE('',(#2433),#2022,.F.);
#9773=ADVANCED_FACE('',(#2434),#9395,.F.);
#9774=ADVANCED_FACE('',(#2435),#9396,.F.);
#9775=ADVANCED_FACE('',(#2436),#9397,.T.);
#9776=ADVANCED_FACE('',(#2437),#9398,.T.);
#9777=ADVANCED_FACE('',(#2438),#9399,.F.);
#9778=ADVANCED_FACE('',(#2439),#9400,.F.);
#9779=ADVANCED_FACE('',(#2440),#2023,.F.);
#9780=ADVANCED_FACE('',(#2441),#9401,.F.);
#9781=ADVANCED_FACE('',(#2442),#2024,.F.);
#9782=ADVANCED_FACE('',(#2443),#9402,.F.);
#9783=ADVANCED_FACE('',(#2444),#2025,.F.);
#9784=ADVANCED_FACE('',(#2445),#9403,.F.);
#9785=ADVANCED_FACE('',(#2446),#2026,.F.);
#9786=ADVANCED_FACE('',(#2447),#9404,.F.);
#9787=ADVANCED_FACE('',(#2448),#9405,.F.);
#9788=ADVANCED_FACE('',(#2449),#2027,.T.);
#9789=ADVANCED_FACE('',(#2450),#2028,.F.);
#9790=ADVANCED_FACE('',(#2451),#2029,.F.);
#9791=ADVANCED_FACE('',(#2452),#9406,.F.);
#9792=ADVANCED_FACE('',(#2453),#2030,.T.);
#9793=ADVANCED_FACE('',(#2454),#2031,.F.);
#9794=ADVANCED_FACE('',(#2455),#2032,.F.);
#9795=ADVANCED_FACE('',(#2456),#9407,.T.);
#9796=ADVANCED_FACE('',(#2457),#2033,.F.);
#9797=ADVANCED_FACE('',(#2458),#2034,.F.);
#9798=ADVANCED_FACE('',(#2459),#9408,.F.);
#9799=ADVANCED_FACE('',(#2460),#2035,.T.);
#9800=ADVANCED_FACE('',(#2461),#9409,.T.);
#9801=ADVANCED_FACE('',(#2462),#2036,.T.);
#9802=ADVANCED_FACE('',(#2463),#9410,.F.);
#9803=ADVANCED_FACE('',(#2464),#2037,.T.);
#9804=ADVANCED_FACE('',(#2465),#9411,.F.);
#9805=ADVANCED_FACE('',(#2466),#2038,.T.);
#9806=ADVANCED_FACE('',(#2467),#9412,.F.);
#9807=ADVANCED_FACE('',(#2468),#2039,.F.);
#9808=ADVANCED_FACE('',(#2469),#9413,.F.);
#9809=ADVANCED_FACE('',(#2470),#2040,.F.);
#9810=ADVANCED_FACE('',(#2471),#2041,.F.);
#9811=ADVANCED_FACE('',(#2472),#2042,.F.);
#9812=ADVANCED_FACE('',(#2473),#9414,.F.);
#9813=ADVANCED_FACE('',(#2474),#2043,.T.);
#9814=ADVANCED_FACE('',(#2475),#2044,.T.);
#9815=ADVANCED_FACE('',(#2476),#2045,.F.);
#9816=ADVANCED_FACE('',(#2477),#2046,.T.);
#9817=ADVANCED_FACE('',(#2478),#9415,.T.);
#9818=ADVANCED_FACE('',(#2479),#9416,.F.);
#9819=ADVANCED_FACE('',(#2480),#2047,.F.);
#9820=ADVANCED_FACE('',(#2481),#2048,.F.);
#9821=ADVANCED_FACE('',(#2482),#2049,.F.);
#9822=ADVANCED_FACE('',(#2483),#2050,.T.);
#9823=ADVANCED_FACE('',(#2484),#9417,.T.);
#9824=ADVANCED_FACE('',(#2485),#2051,.T.);
#9825=ADVANCED_FACE('',(#2486),#9418,.T.);
#9826=ADVANCED_FACE('',(#2487),#2052,.F.);
#9827=ADVANCED_FACE('',(#2488),#9419,.T.);
#9828=ADVANCED_FACE('',(#2489),#2053,.F.);
#9829=ADVANCED_FACE('',(#2490),#2054,.F.);
#9830=ADVANCED_FACE('',(#2491),#9420,.T.);
#9831=ADVANCED_FACE('',(#2492),#2055,.F.);
#9832=ADVANCED_FACE('',(#2493),#9421,.T.);
#9833=ADVANCED_FACE('',(#2494),#2056,.T.);
#9834=ADVANCED_FACE('',(#2495),#9422,.T.);
#9835=ADVANCED_FACE('',(#2496),#2057,.T.);
#9836=ADVANCED_FACE('',(#2497),#2058,.F.);
#9837=ADVANCED_FACE('',(#2498),#9423,.T.);
#9838=ADVANCED_FACE('',(#2499),#2059,.T.);
#9839=ADVANCED_FACE('',(#2500,#2220,#2221,#2222),#9424,.T.);
#9840=ADVANCED_FACE('',(#2501),#2060,.T.);
#9841=ADVANCED_FACE('',(#2502),#9425,.T.);
#9842=ADVANCED_FACE('',(#2503),#9426,.T.);
#9843=ADVANCED_FACE('',(#2504),#2061,.T.);
#9844=ADVANCED_FACE('',(#2505,#2223,#2224,#2225),#9427,.T.);
#9845=ADVANCED_FACE('',(#2506),#2062,.T.);
#9846=ADVANCED_FACE('',(#2507,#2226,#2227,#2228),#9428,.T.);
#9847=ADVANCED_FACE('',(#2508),#2063,.T.);
#9848=ADVANCED_FACE('',(#2509),#9429,.T.);
#9849=ADVANCED_FACE('',(#2510,#2229,#2230,#2231,#2232,#2233),#9430,.T.);
#9850=ADVANCED_FACE('',(#2511),#9431,.T.);
#9851=ADVANCED_FACE('',(#2512),#2064,.F.);
#9852=ADVANCED_FACE('',(#2513),#9432,.T.);
#9853=ADVANCED_FACE('',(#2514),#2065,.T.);
#9854=ADVANCED_FACE('',(#2515),#9433,.T.);
#9855=ADVANCED_FACE('',(#2516),#2066,.T.);
#9856=ADVANCED_FACE('',(#2517),#2067,.T.);
#9857=ADVANCED_FACE('',(#2518),#2068,.F.);
#9858=ADVANCED_FACE('',(#2519),#9434,.T.);
#9859=ADVANCED_FACE('',(#2520),#2069,.F.);
#9860=ADVANCED_FACE('',(#2521),#9435,.T.);
#9861=ADVANCED_FACE('',(#2522),#2070,.F.);
#9862=ADVANCED_FACE('',(#2523),#9436,.T.);
#9863=ADVANCED_FACE('',(#2524),#2071,.T.);
#9864=ADVANCED_FACE('',(#2525),#9437,.T.);
#9865=ADVANCED_FACE('',(#2526),#2072,.T.);
#9866=ADVANCED_FACE('',(#2527),#2073,.F.);
#9867=ADVANCED_FACE('',(#2528),#2074,.T.);
#9868=ADVANCED_FACE('',(#2529),#9438,.T.);
#9869=ADVANCED_FACE('',(#2530),#2075,.F.);
#9870=ADVANCED_FACE('',(#2531),#9439,.T.);
#9871=ADVANCED_FACE('',(#2532),#2076,.F.);
#9872=ADVANCED_FACE('',(#2533),#9440,.T.);
#9873=ADVANCED_FACE('',(#2534),#2077,.F.);
#9874=ADVANCED_FACE('',(#2535),#2078,.T.);
#9875=ADVANCED_FACE('',(#2536),#2079,.T.);
#9876=ADVANCED_FACE('',(#2537),#9441,.T.);
#9877=ADVANCED_FACE('',(#2538),#2080,.T.);
#9878=ADVANCED_FACE('',(#2539),#9442,.T.);
#9879=ADVANCED_FACE('',(#2540),#2081,.F.);
#9880=ADVANCED_FACE('',(#2541),#9443,.T.);
#9881=ADVANCED_FACE('',(#2542),#2082,.F.);
#9882=ADVANCED_FACE('',(#2543),#9444,.T.);
#9883=ADVANCED_FACE('',(#2544),#2083,.F.);
#9884=ADVANCED_FACE('',(#2545),#2084,.F.);
#9885=ADVANCED_FACE('',(#2546),#2085,.F.);
#9886=ADVANCED_FACE('',(#2547),#2086,.F.);
#9887=ADVANCED_FACE('',(#2548),#2087,.F.);
#9888=ADVANCED_FACE('',(#2549),#2088,.F.);
#9889=ADVANCED_FACE('',(#2550),#9445,.T.);
#9890=ADVANCED_FACE('',(#2551),#2089,.T.);
#9891=ADVANCED_FACE('',(#2552),#9446,.T.);
#9892=ADVANCED_FACE('',(#2553),#2090,.T.);
#9893=ADVANCED_FACE('',(#2554),#9447,.T.);
#9894=ADVANCED_FACE('',(#2555),#2091,.T.);
#9895=ADVANCED_FACE('',(#2556),#9448,.T.);
#9896=ADVANCED_FACE('',(#2557),#2092,.T.);
#9897=ADVANCED_FACE('',(#2558),#9449,.T.);
#9898=ADVANCED_FACE('',(#2559),#2093,.F.);
#9899=ADVANCED_FACE('',(#2560),#9450,.T.);
#9900=ADVANCED_FACE('',(#2561),#2094,.F.);
#9901=ADVANCED_FACE('',(#2562),#9451,.T.);
#9902=ADVANCED_FACE('',(#2563),#2095,.T.);
#9903=ADVANCED_FACE('',(#2564),#9452,.T.);
#9904=ADVANCED_FACE('',(#2565),#2096,.T.);
#9905=ADVANCED_FACE('',(#2566),#9453,.T.);
#9906=ADVANCED_FACE('',(#2567),#2097,.T.);
#9907=ADVANCED_FACE('',(#2568),#9454,.T.);
#9908=ADVANCED_FACE('',(#2569),#2098,.T.);
#9909=ADVANCED_FACE('',(#2570),#9455,.T.);
#9910=ADVANCED_FACE('',(#2571),#2099,.T.);
#9911=ADVANCED_FACE('',(#2572),#9456,.T.);
#9912=ADVANCED_FACE('',(#2573),#2100,.F.);
#9913=ADVANCED_FACE('',(#2574,#2234,#2235,#2236,#2237,#2238),#9457,.F.);
#9914=ADVANCED_FACE('',(#2575),#9458,.T.);
#9915=ADVANCED_FACE('',(#2576,#2239,#2240,#2241,#2242),#9459,.T.);
#9916=ADVANCED_FACE('',(#2577),#2101,.F.);
#9917=ADVANCED_FACE('',(#2578),#2102,.F.);
#9918=ADVANCED_FACE('',(#2579),#2103,.F.);
#9919=ADVANCED_FACE('',(#2580),#2104,.F.);
#9920=ADVANCED_FACE('',(#2581),#2105,.F.);
#9921=ADVANCED_FACE('',(#2582),#9460,.T.);
#9922=ADVANCED_FACE('',(#2583),#2106,.T.);
#9923=ADVANCED_FACE('',(#2584),#9461,.T.);
#9924=ADVANCED_FACE('',(#2585),#2107,.T.);
#9925=ADVANCED_FACE('',(#2586),#9462,.T.);
#9926=ADVANCED_FACE('',(#2587),#2108,.T.);
#9927=ADVANCED_FACE('',(#2588),#9463,.T.);
#9928=ADVANCED_FACE('',(#2589),#2109,.T.);
#9929=ADVANCED_FACE('',(#2590),#9464,.T.);
#9930=ADVANCED_FACE('',(#2591),#2110,.F.);
#9931=ADVANCED_FACE('',(#2592),#9465,.T.);
#9932=ADVANCED_FACE('',(#2593),#2111,.F.);
#9933=ADVANCED_FACE('',(#2594),#9466,.T.);
#9934=ADVANCED_FACE('',(#2595),#2112,.T.);
#9935=ADVANCED_FACE('',(#2596),#9467,.T.);
#9936=ADVANCED_FACE('',(#2597),#2113,.T.);
#9937=ADVANCED_FACE('',(#2598),#9468,.T.);
#9938=ADVANCED_FACE('',(#2599),#2114,.T.);
#9939=ADVANCED_FACE('',(#2600),#9469,.T.);
#9940=ADVANCED_FACE('',(#2601),#2115,.T.);
#9941=ADVANCED_FACE('',(#2602),#9470,.T.);
#9942=ADVANCED_FACE('',(#2603),#2116,.T.);
#9943=ADVANCED_FACE('',(#2604),#9471,.T.);
#9944=ADVANCED_FACE('',(#2605),#2117,.F.);
#9945=ADVANCED_FACE('',(#2606,#2243,#2244,#2245,#2246),#9472,.F.);
#9946=ADVANCED_FACE('',(#2607),#2118,.F.);
#9947=ADVANCED_FACE('',(#2608),#2119,.F.);
#9948=ADVANCED_FACE('',(#2609),#2120,.F.);
#9949=ADVANCED_FACE('',(#2610),#68,.T.);
#9950=ADVANCED_FACE('',(#2611),#2121,.T.);
#9951=ADVANCED_FACE('',(#2612),#9473,.T.);
#9952=ADVANCED_FACE('',(#2613),#2122,.T.);
#9953=ADVANCED_FACE('',(#2614),#9474,.T.);
#9954=ADVANCED_FACE('',(#2615),#2123,.T.);
#9955=ADVANCED_FACE('',(#2616),#9475,.F.);
#9956=ADVANCED_FACE('',(#2617),#9476,.F.);
#9957=ADVANCED_FACE('',(#2618),#9477,.T.);
#9958=ADVANCED_FACE('',(#2619),#9478,.F.);
#9959=ADVANCED_FACE('',(#2620),#9479,.F.);
#9960=ADVANCED_FACE('',(#2621),#9480,.T.);
#9961=ADVANCED_FACE('',(#2622),#9481,.T.);
#9962=ADVANCED_FACE('',(#2623),#9482,.F.);
#9963=ADVANCED_FACE('',(#2624),#9483,.F.);
#9964=ADVANCED_FACE('',(#2625),#9484,.T.);
#9965=ADVANCED_FACE('',(#2626),#9485,.T.);
#9966=ADVANCED_FACE('',(#2627),#9486,.F.);
#9967=ADVANCED_FACE('',(#2628),#9487,.T.);
#9968=ADVANCED_FACE('',(#2629),#9488,.T.);
#9969=ADVANCED_FACE('',(#2630),#9489,.F.);
#9970=ADVANCED_FACE('',(#2631,#2247),#9490,.T.);
#9971=ADVANCED_FACE('',(#2632),#9491,.T.);
#9972=ADVANCED_FACE('',(#2633),#9492,.T.);
#9973=ADVANCED_FACE('',(#2634),#9493,.T.);
#9974=ADVANCED_FACE('',(#2635),#9494,.T.);
#9975=ADVANCED_FACE('',(#2636),#9495,.T.);
#9976=ADVANCED_FACE('',(#2637),#9496,.F.);
#9977=ADVANCED_FACE('',(#2638),#9497,.F.);
#9978=ADVANCED_FACE('',(#2639),#9498,.F.);
#9979=ADVANCED_FACE('',(#2640),#9499,.T.);
#9980=ADVANCED_FACE('',(#2641,#2248),#9500,.T.);
#9981=ADVANCED_FACE('',(#2642),#2124,.T.);
#9982=ADVANCED_FACE('',(#2643),#2125,.T.);
#9983=ADVANCED_FACE('',(#2644),#2126,.T.);
#9984=ADVANCED_FACE('',(#2645),#2127,.T.);
#9985=ADVANCED_FACE('',(#2646),#2128,.T.);
#9986=ADVANCED_FACE('',(#2647),#2129,.T.);
#9987=ADVANCED_FACE('',(#2648),#2130,.T.);
#9988=ADVANCED_FACE('',(#2649),#2131,.T.);
#9989=ADVANCED_FACE('',(#2650),#2132,.T.);
#9990=ADVANCED_FACE('',(#2651),#2133,.T.);
#9991=ADVANCED_FACE('',(#2652),#2134,.T.);
#9992=ADVANCED_FACE('',(#2653),#2135,.T.);
#9993=ADVANCED_FACE('',(#2654),#2136,.T.);
#9994=ADVANCED_FACE('',(#2655),#2137,.T.);
#9995=ADVANCED_FACE('',(#2656),#2138,.T.);
#9996=ADVANCED_FACE('',(#2657),#2139,.T.);
#9997=ADVANCED_FACE('',(#2658),#2140,.T.);
#9998=ADVANCED_FACE('',(#2659),#2141,.T.);
#9999=ADVANCED_FACE('',(#2660),#2142,.T.);
#10000=ADVANCED_FACE('',(#2661),#2143,.F.);
#10001=ADVANCED_FACE('',(#2662),#2144,.F.);
#10002=ADVANCED_FACE('',(#2663),#69,.T.);
#10003=ADVANCED_FACE('',(#2664),#70,.T.);
#10004=ADVANCED_FACE('',(#2665),#71,.T.);
#10005=ADVANCED_FACE('',(#2666),#50,.T.);
#10006=ADVANCED_FACE('',(#2667),#2145,.T.);
#10007=ADVANCED_FACE('',(#2668),#51,.F.);
#10008=ADVANCED_FACE('',(#2669),#52,.T.);
#10009=ADVANCED_FACE('',(#2670),#2146,.T.);
#10010=ADVANCED_FACE('',(#2671),#2147,.T.);
#10011=ADVANCED_FACE('',(#2672),#53,.F.);
#10012=ADVANCED_FACE('',(#2673),#54,.T.);
#10013=ADVANCED_FACE('',(#2674),#2148,.T.);
#10014=ADVANCED_FACE('',(#2675),#55,.F.);
#10015=ADVANCED_FACE('',(#2676),#2149,.T.);
#10016=ADVANCED_FACE('',(#2677),#56,.T.);
#10017=ADVANCED_FACE('',(#2678),#57,.T.);
#10018=ADVANCED_FACE('',(#2679),#2150,.T.);
#10019=ADVANCED_FACE('',(#2680),#58,.F.);
#10020=ADVANCED_FACE('',(#2681),#59,.T.);
#10021=ADVANCED_FACE('',(#2682),#2151,.T.);
#10022=ADVANCED_FACE('',(#2683),#9501,.T.);
#10023=ADVANCED_FACE('',(#2684),#9502,.F.);
#10024=ADVANCED_FACE('',(#2685),#9503,.F.);
#10025=ADVANCED_FACE('',(#2686),#9504,.F.);
#10026=ADVANCED_FACE('',(#2687),#9505,.F.);
#10027=ADVANCED_FACE('',(#2688),#2152,.F.);
#10028=ADVANCED_FACE('',(#2689),#2153,.T.);
#10029=ADVANCED_FACE('',(#2690),#2154,.T.);
#10030=ADVANCED_FACE('',(#2691),#2155,.T.);
#10031=ADVANCED_FACE('',(#2692),#9506,.F.);
#10032=ADVANCED_FACE('',(#2693),#2156,.T.);
#10033=ADVANCED_FACE('',(#2694),#9507,.F.);
#10034=ADVANCED_FACE('',(#2695),#2157,.T.);
#10035=ADVANCED_FACE('',(#2696),#9508,.F.);
#10036=ADVANCED_FACE('',(#2697),#2158,.T.);
#10037=ADVANCED_FACE('',(#2698),#9509,.F.);
#10038=ADVANCED_FACE('',(#2699),#2159,.T.);
#10039=ADVANCED_FACE('',(#2700),#9510,.F.);
#10040=ADVANCED_FACE('',(#2701),#2160,.T.);
#10041=ADVANCED_FACE('',(#2702),#9511,.F.);
#10042=ADVANCED_FACE('',(#2703),#2161,.T.);
#10043=ADVANCED_FACE('',(#2704),#9512,.F.);
#10044=ADVANCED_FACE('',(#2705),#2162,.T.);
#10045=ADVANCED_FACE('',(#2706),#9513,.F.);
#10046=ADVANCED_FACE('',(#2707),#2163,.T.);
#10047=ADVANCED_FACE('',(#2708),#9514,.F.);
#10048=ADVANCED_FACE('',(#2709),#2164,.T.);
#10049=ADVANCED_FACE('',(#2710),#9515,.F.);
#10050=ADVANCED_FACE('',(#2711),#2165,.T.);
#10051=ADVANCED_FACE('',(#2712),#9516,.F.);
#10052=ADVANCED_FACE('',(#2713),#2166,.T.);
#10053=ADVANCED_FACE('',(#2714),#9517,.F.);
#10054=ADVANCED_FACE('',(#2715),#2167,.T.);
#10055=ADVANCED_FACE('',(#2716),#9518,.F.);
#10056=ADVANCED_FACE('',(#2717),#2168,.T.);
#10057=ADVANCED_FACE('',(#2718),#9519,.F.);
#10058=ADVANCED_FACE('',(#2719),#2169,.T.);
#10059=ADVANCED_FACE('',(#2720),#9520,.F.);
#10060=ADVANCED_FACE('',(#2721),#2170,.T.);
#10061=ADVANCED_FACE('',(#2722),#9521,.F.);
#10062=ADVANCED_FACE('',(#2723),#2171,.T.);
#10063=ADVANCED_FACE('',(#2724),#9522,.F.);
#10064=ADVANCED_FACE('',(#2725),#2172,.T.);
#10065=ADVANCED_FACE('',(#2726),#9523,.F.);
#10066=ADVANCED_FACE('',(#2727),#2173,.T.);
#10067=ADVANCED_FACE('',(#2728),#9524,.F.);
#10068=ADVANCED_FACE('',(#2729,#2249),#9525,.T.);
#10069=ADVANCED_FACE('',(#2730),#9526,.F.);
#10070=ADVANCED_FACE('',(#2731),#2174,.T.);
#10071=ADVANCED_FACE('',(#2732,#2250),#9527,.T.);
#10072=ADVANCED_FACE('',(#2733),#9528,.F.);
#10073=ADVANCED_FACE('',(#2734),#9529,.T.);
#10074=ADVANCED_FACE('',(#2735),#9530,.T.);
#10075=ADVANCED_FACE('',(#2736),#9531,.F.);
#10076=ADVANCED_FACE('',(#2737),#9532,.F.);
#10077=ADVANCED_FACE('',(#2738),#9533,.T.);
#10078=ADVANCED_FACE('',(#2739),#9534,.F.);
#10079=ADVANCED_FACE('',(#2740),#9535,.F.);
#10080=ADVANCED_FACE('',(#2741),#9536,.T.);
#10081=ADVANCED_FACE('',(#2742),#9537,.F.);
#10082=ADVANCED_FACE('',(#2743),#9538,.F.);
#10083=ADVANCED_FACE('',(#2744),#9539,.T.);
#10084=ADVANCED_FACE('',(#2745),#9540,.F.);
#10085=ADVANCED_FACE('',(#2746),#9541,.F.);
#10086=ADVANCED_FACE('',(#2747),#9542,.T.);
#10087=ADVANCED_FACE('',(#2748),#9543,.F.);
#10088=ADVANCED_FACE('',(#2749),#9544,.F.);
#10089=ADVANCED_FACE('',(#2750),#9545,.T.);
#10090=ADVANCED_FACE('',(#2751),#9546,.F.);
#10091=ADVANCED_FACE('',(#2752),#9547,.F.);
#10092=ADVANCED_FACE('',(#2753),#9548,.T.);
#10093=ADVANCED_FACE('',(#2754),#9549,.F.);
#10094=ADVANCED_FACE('',(#2755),#9550,.F.);
#10095=ADVANCED_FACE('',(#2756),#9551,.T.);
#10096=ADVANCED_FACE('',(#2757),#9552,.F.);
#10097=ADVANCED_FACE('',(#2758),#9553,.F.);
#10098=ADVANCED_FACE('',(#2759),#9554,.T.);
#10099=ADVANCED_FACE('',(#2760),#9555,.F.);
#10100=ADVANCED_FACE('',(#2761),#9556,.F.);
#10101=ADVANCED_FACE('',(#2762),#9557,.T.);
#10102=ADVANCED_FACE('',(#2763),#9558,.F.);
#10103=ADVANCED_FACE('',(#2764),#9559,.F.);
#10104=ADVANCED_FACE('',(#2765),#9560,.T.);
#10105=ADVANCED_FACE('',(#2766),#9561,.F.);
#10106=ADVANCED_FACE('',(#2767),#9562,.F.);
#10107=ADVANCED_FACE('',(#2768),#9563,.T.);
#10108=ADVANCED_FACE('',(#2769),#9564,.F.);
#10109=ADVANCED_FACE('',(#2770),#9565,.F.);
#10110=ADVANCED_FACE('',(#2771),#9566,.T.);
#10111=ADVANCED_FACE('',(#2772),#9567,.F.);
#10112=ADVANCED_FACE('',(#2773),#9568,.F.);
#10113=ADVANCED_FACE('',(#2774),#9569,.T.);
#10114=ADVANCED_FACE('',(#2775),#9570,.F.);
#10115=ADVANCED_FACE('',(#2776),#9571,.F.);
#10116=ADVANCED_FACE('',(#2777),#9572,.T.);
#10117=ADVANCED_FACE('',(#2778),#9573,.F.);
#10118=ADVANCED_FACE('',(#2779),#9574,.F.);
#10119=ADVANCED_FACE('',(#2780),#9575,.T.);
#10120=ADVANCED_FACE('',(#2781),#9576,.F.);
#10121=ADVANCED_FACE('',(#2782),#9577,.F.);
#10122=ADVANCED_FACE('',(#2783),#9578,.T.);
#10123=ADVANCED_FACE('',(#2784),#9579,.F.);
#10124=ADVANCED_FACE('',(#2785),#9580,.F.);
#10125=ADVANCED_FACE('',(#2786),#9581,.T.);
#10126=ADVANCED_FACE('',(#2787),#9582,.F.);
#10127=ADVANCED_FACE('',(#2788),#9583,.F.);
#10128=ADVANCED_FACE('',(#2789),#9584,.T.);
#10129=ADVANCED_FACE('',(#2790),#9585,.F.);
#10130=ADVANCED_FACE('',(#2791),#9586,.F.);
#10131=ADVANCED_FACE('',(#2792),#9587,.T.);
#10132=ADVANCED_FACE('',(#2793),#9588,.F.);
#10133=ADVANCED_FACE('',(#2794),#9589,.F.);
#10134=CLOSED_SHELL('',(#9590,#9591,#9592,#9593,#9594,#9595,#9596,#9597,
#9598,#9599,#9600,#9601,#9602,#9603,#9604,#9605,#9606,#9607,#9608,#9609,
#9610,#9611,#9612,#9613,#9614,#9615,#9616,#9617,#9618,#9619,#9620,#9621,
#9622,#9623,#9624,#9625,#9626,#9627,#9628,#9629,#9630,#9631,#9632,#9633,
#9634,#9635,#9636,#9637,#9638,#9639,#9640,#9641,#9642,#9643,#9644,#9645,
#9646,#9647,#9648,#9649,#9650,#9651,#9652,#9653,#9654,#9655,#9656,#9657,
#9658,#9659,#9660,#9661,#9662));
#10135=CLOSED_SHELL('',(#9663,#9664,#9665,#9666,#9667,#9668,#9669,#9670,
#9671,#9672,#9673,#9674,#9675,#9676,#9677,#9678,#9679,#9680,#9681,#9682,
#9683,#9684));
#10136=CLOSED_SHELL('',(#9685,#9686,#9687,#9688,#9689,#9690,#9691,#9692,
#9693,#9694,#9695,#9696,#9697,#9698,#9699,#9700,#9701,#9702,#9703,#9704,
#9705,#9706,#9707,#9708,#9709,#9710,#9711,#9712,#9713,#9714,#9715,#9716,
#9717,#9718,#9719,#9720,#9721,#9722,#9723,#9724,#9725,#9726,#9727,#9728,
#9729,#9730,#9731,#9732,#9733,#9734,#9735,#9736,#9737,#9738,#9739,#9740,
#9741,#9742));
#10137=CLOSED_SHELL('',(#9743,#9744,#9745,#9746,#9747,#9748,#9749,#9750,
#9751,#9752,#9753,#9754,#9755,#9756,#9757,#9758,#9759,#9760,#9761,#9762,
#9763,#9764,#9765,#9766,#9767,#9768,#9769,#9770,#9771,#9772,#9773,#9774,
#9775,#9776,#9777,#9778,#9779,#9780,#9781,#9782,#9783,#9784,#9785,#9786,
#9787,#9788,#9789,#9790,#9791,#9792,#9793,#9794,#9795,#9796,#9797,#9798,
#9799,#9800,#9801,#9802,#9803,#9804,#9805,#9806,#9807,#9808,#9809,#9810,
#9811,#9812,#9813,#9814,#9815,#9816,#9817,#9818,#9819,#9820,#9821,#9822,
#9823,#9824,#9825,#9826,#9827,#9828,#9829,#9830,#9831,#9832,#9833,#9834,
#9835,#9836,#9837,#9838,#9839,#9840,#9841,#9842,#9843,#9844,#9845,#9846,
#9847));
#10138=CLOSED_SHELL('',(#9848,#9849,#9850,#9851,#9852,#9853,#9854,#9855,
#9856,#9857,#9858,#9859,#9860,#9861,#9862,#9863,#9864,#9865,#9866,#9867,
#9868,#9869,#9870,#9871,#9872,#9873,#9874,#9875,#9876,#9877,#9878,#9879,
#9880,#9881,#9882,#9883,#9884,#9885,#9886,#9887,#9888,#9889,#9890,#9891,
#9892,#9893,#9894,#9895,#9896,#9897,#9898,#9899,#9900,#9901,#9902,#9903,
#9904,#9905,#9906,#9907,#9908,#9909,#9910,#9911,#9912,#9913));
#10139=CLOSED_SHELL('',(#9914,#9915,#9916,#9917,#9918,#9919,#9920,#9921,
#9922,#9923,#9924,#9925,#9926,#9927,#9928,#9929,#9930,#9931,#9932,#9933,
#9934,#9935,#9936,#9937,#9938,#9939,#9940,#9941,#9942,#9943,#9944,#9945));
#10140=CLOSED_SHELL('',(#9946,#9947,#9948,#9949,#9950,#9951,#9952,#9953,
#9954,#9955,#9956,#9957,#9958,#9959,#9960,#9961,#9962,#9963,#9964,#9965,
#9966,#9967,#9968,#9969,#9970,#9971,#9972,#9973,#9974,#9975,#9976,#9977,
#9978,#9979,#9980,#9981,#9982,#9983,#9984,#9985,#9986,#9987,#9988,#9989,
#9990,#9991,#9992,#9993,#9994,#9995,#9996,#9997,#9998,#9999,#10000,#10001,
#10002,#10003,#10004,#10005,#10006,#10007,#10008,#10009,#10010,#10011,#10012,
#10013,#10014,#10015,#10016,#10017,#10018,#10019,#10020,#10021,#10022,#10023,
#10024,#10025,#10026));
#10141=CLOSED_SHELL('',(#10027,#10028,#10029,#10030,#10031,#10032,#10033,
#10034,#10035,#10036,#10037,#10038,#10039,#10040,#10041,#10042,#10043,#10044,
#10045,#10046,#10047,#10048,#10049,#10050,#10051,#10052,#10053,#10054,#10055,
#10056,#10057,#10058,#10059,#10060,#10061,#10062,#10063,#10064,#10065,#10066,
#10067,#10068,#10069,#10070,#10071,#10072,#10073,#10074,#10075,#10076,#10077,
#10078,#10079,#10080,#10081,#10082,#10083,#10084,#10085,#10086,#10087,#10088,
#10089,#10090,#10091,#10092,#10093,#10094,#10095,#10096,#10097,#10098,#10099,
#10100,#10101,#10102,#10103,#10104,#10105,#10106,#10107,#10108,#10109,#10110,
#10111,#10112,#10113,#10114,#10115,#10116,#10117,#10118,#10119,#10120,#10121,
#10122,#10123,#10124,#10125,#10126,#10127,#10128,#10129,#10130,#10131,#10132,
#10133));
#10142=DERIVED_UNIT_ELEMENT(#10158,1.);
#10143=DERIVED_UNIT_ELEMENT(#17793,-3.);
#10144=DERIVED_UNIT_ELEMENT(#10158,1.);
#10145=DERIVED_UNIT_ELEMENT(#17793,-3.);
#10146=DERIVED_UNIT_ELEMENT(#10158,1.);
#10147=DERIVED_UNIT_ELEMENT(#17793,-3.);
#10148=DERIVED_UNIT_ELEMENT(#10158,1.);
#10149=DERIVED_UNIT_ELEMENT(#17793,-3.);
#10150=DERIVED_UNIT_ELEMENT(#10158,1.);
#10151=DERIVED_UNIT_ELEMENT(#17793,-3.);
#10152=DERIVED_UNIT_ELEMENT(#10158,1.);
#10153=DERIVED_UNIT_ELEMENT(#17793,-3.);
#10154=DERIVED_UNIT_ELEMENT(#10158,1.);
#10155=DERIVED_UNIT_ELEMENT(#17793,-3.);
#10156=DERIVED_UNIT_ELEMENT(#10158,1.);
#10157=DERIVED_UNIT_ELEMENT(#17793,-3.);
#10158=(
MASS_UNIT()
NAMED_UNIT(*)
SI_UNIT(.KILO.,.GRAM.)
);
#10159=DERIVED_UNIT((#10142,#10143));
#10160=DERIVED_UNIT((#10144,#10145));
#10161=DERIVED_UNIT((#10146,#10147));
#10162=DERIVED_UNIT((#10148,#10149));
#10163=DERIVED_UNIT((#10150,#10151));
#10164=DERIVED_UNIT((#10152,#10153));
#10165=DERIVED_UNIT((#10154,#10155));
#10166=DERIVED_UNIT((#10156,#10157));
#10167=MEASURE_REPRESENTATION_ITEM('density measure',
POSITIVE_RATIO_MEASURE(7850.),#10159);
#10168=MEASURE_REPRESENTATION_ITEM('density measure',
POSITIVE_RATIO_MEASURE(7850.),#10160);
#10169=MEASURE_REPRESENTATION_ITEM('density measure',
POSITIVE_RATIO_MEASURE(7850.),#10161);
#10170=MEASURE_REPRESENTATION_ITEM('density measure',
POSITIVE_RATIO_MEASURE(7850.),#10162);
#10171=MEASURE_REPRESENTATION_ITEM('density measure',
POSITIVE_RATIO_MEASURE(1300.),#10163);
#10172=MEASURE_REPRESENTATION_ITEM('density measure',
POSITIVE_RATIO_MEASURE(1190.),#10164);
#10173=MEASURE_REPRESENTATION_ITEM('density measure',
POSITIVE_RATIO_MEASURE(7850.),#10165);
#10174=MEASURE_REPRESENTATION_ITEM('density measure',
POSITIVE_RATIO_MEASURE(7850.),#10166);
#10175=PROPERTY_DEFINITION_REPRESENTATION(#10215,#10191);
#10176=PROPERTY_DEFINITION_REPRESENTATION(#10216,#10192);
#10177=PROPERTY_DEFINITION_REPRESENTATION(#10217,#10193);
#10178=PROPERTY_DEFINITION_REPRESENTATION(#10218,#10194);
#10179=PROPERTY_DEFINITION_REPRESENTATION(#10219,#10195);
#10180=PROPERTY_DEFINITION_REPRESENTATION(#10220,#10196);
#10181=PROPERTY_DEFINITION_REPRESENTATION(#10221,#10197);
#10182=PROPERTY_DEFINITION_REPRESENTATION(#10222,#10198);
#10183=PROPERTY_DEFINITION_REPRESENTATION(#10223,#10199);
#10184=PROPERTY_DEFINITION_REPRESENTATION(#10224,#10200);
#10185=PROPERTY_DEFINITION_REPRESENTATION(#10225,#10201);
#10186=PROPERTY_DEFINITION_REPRESENTATION(#10226,#10202);
#10187=PROPERTY_DEFINITION_REPRESENTATION(#10227,#10203);
#10188=PROPERTY_DEFINITION_REPRESENTATION(#10228,#10204);
#10189=PROPERTY_DEFINITION_REPRESENTATION(#10229,#10205);
#10190=PROPERTY_DEFINITION_REPRESENTATION(#10230,#10206);
#10191=REPRESENTATION('material name',(#10207),#17782);
#10192=REPRESENTATION('density',(#10167),#17782);
#10193=REPRESENTATION('material name',(#10208),#17783);
#10194=REPRESENTATION('density',(#10168),#17783);
#10195=REPRESENTATION('material name',(#10209),#17784);
#10196=REPRESENTATION('density',(#10169),#17784);
#10197=REPRESENTATION('material name',(#10210),#17785);
#10198=REPRESENTATION('density',(#10170),#17785);
#10199=REPRESENTATION('material name',(#10211),#17786);
#10200=REPRESENTATION('density',(#10171),#17786);
#10201=REPRESENTATION('material name',(#10212),#17787);
#10202=REPRESENTATION('density',(#10172),#17787);
#10203=REPRESENTATION('material name',(#10213),#17789);
#10204=REPRESENTATION('density',(#10173),#17789);
#10205=REPRESENTATION('material name',(#10214),#17790);
#10206=REPRESENTATION('density',(#10174),#17790);
#10207=DESCRIPTIVE_REPRESENTATION_ITEM('Steel','Steel');
#10208=DESCRIPTIVE_REPRESENTATION_ITEM('Steel','Steel');
#10209=DESCRIPTIVE_REPRESENTATION_ITEM('Steel','Steel');
#10210=DESCRIPTIVE_REPRESENTATION_ITEM('Steel','Steel');
#10211=DESCRIPTIVE_REPRESENTATION_ITEM('PVC, Flexible','PVC, Flexible');
#10212=DESCRIPTIVE_REPRESENTATION_ITEM('Acrylic, Clear',
'Acrylic, Clear');
#10213=DESCRIPTIVE_REPRESENTATION_ITEM('Steel','Steel');
#10214=DESCRIPTIVE_REPRESENTATION_ITEM('Steel','Steel');
#10215=PROPERTY_DEFINITION('material property','material name',#17837);
#10216=PROPERTY_DEFINITION('material property','density of part',#17837);
#10217=PROPERTY_DEFINITION('material property','material name',#17838);
#10218=PROPERTY_DEFINITION('material property','density of part',#17838);
#10219=PROPERTY_DEFINITION('material property','material name',#17839);
#10220=PROPERTY_DEFINITION('material property','density of part',#17839);
#10221=PROPERTY_DEFINITION('material property','material name',#17840);
#10222=PROPERTY_DEFINITION('material property','density of part',#17840);
#10223=PROPERTY_DEFINITION('material property','material name',#17841);
#10224=PROPERTY_DEFINITION('material property','density of part',#17841);
#10225=PROPERTY_DEFINITION('material property','material name',#17842);
#10226=PROPERTY_DEFINITION('material property','density of part',#17842);
#10227=PROPERTY_DEFINITION('material property','material name',#17844);
#10228=PROPERTY_DEFINITION('material property','density of part',#17844);
#10229=PROPERTY_DEFINITION('material property','material name',#17845);
#10230=PROPERTY_DEFINITION('material property','density of part',#17845);
#10231=AXIS2_PLACEMENT_3D('',#14438,#11332,#11333);
#10232=AXIS2_PLACEMENT_3D('',#14439,#11334,#11335);
#10233=AXIS2_PLACEMENT_3D('',#14440,#11336,#11337);
#10234=AXIS2_PLACEMENT_3D('',#14443,#11338,#11339);
#10235=AXIS2_PLACEMENT_3D('',#14445,#11340,#11341);
#10236=AXIS2_PLACEMENT_3D('',#14447,#11342,#11343);
#10237=AXIS2_PLACEMENT_3D('',#14448,#11344,#11345);
#10238=AXIS2_PLACEMENT_3D('',#14450,#11346,#11347);
#10239=AXIS2_PLACEMENT_3D('',#14451,#11348,#11349);
#10240=AXIS2_PLACEMENT_3D('',#14453,#11350,#11351);
#10241=AXIS2_PLACEMENT_3D('',#14456,#11353,#11354);
#10242=AXIS2_PLACEMENT_3D('',#14457,#11355,#11356);
#10243=AXIS2_PLACEMENT_3D('',#14458,#11357,#11358);
#10244=AXIS2_PLACEMENT_3D('',#14460,#11359,#11360);
#10245=AXIS2_PLACEMENT_3D('',#14463,#11362,#11363);
#10246=AXIS2_PLACEMENT_3D('',#14464,#11364,#11365);
#10247=AXIS2_PLACEMENT_3D('',#14465,#11366,#11367);
#10248=AXIS2_PLACEMENT_3D('',#14468,#11368,#11369);
#10249=AXIS2_PLACEMENT_3D('',#14472,#11371,#11372);
#10250=AXIS2_PLACEMENT_3D('',#14476,#11374,#11375);
#10251=AXIS2_PLACEMENT_3D('',#14478,#11376,#11377);
#10252=AXIS2_PLACEMENT_3D('',#14480,#11378,#11379);
#10253=AXIS2_PLACEMENT_3D('',#14484,#11381,#11382);
#10254=AXIS2_PLACEMENT_3D('',#14486,#11383,#11384);
#10255=AXIS2_PLACEMENT_3D('',#14488,#11385,#11386);
#10256=AXIS2_PLACEMENT_3D('',#14492,#11388,#11389);
#10257=AXIS2_PLACEMENT_3D('',#14496,#11391,#11392);
#10258=AXIS2_PLACEMENT_3D('',#14500,#11394,#11395);
#10259=AXIS2_PLACEMENT_3D('',#14502,#11396,#11397);
#10260=AXIS2_PLACEMENT_3D('',#14504,#11398,#11399);
#10261=AXIS2_PLACEMENT_3D('',#14508,#11401,#11402);
#10262=AXIS2_PLACEMENT_3D('',#14510,#11403,#11404);
#10263=AXIS2_PLACEMENT_3D('',#14512,#11405,#11406);
#10264=AXIS2_PLACEMENT_3D('',#14516,#11408,#11409);
#10265=AXIS2_PLACEMENT_3D('',#14520,#11411,#11412);
#10266=AXIS2_PLACEMENT_3D('',#14522,#11413,#11414);
#10267=AXIS2_PLACEMENT_3D('',#14524,#11415,#11416);
#10268=AXIS2_PLACEMENT_3D('',#14525,#11417,#11418);
#10269=AXIS2_PLACEMENT_3D('',#14527,#11419,#11420);
#10270=AXIS2_PLACEMENT_3D('',#14529,#11421,#11422);
#10271=AXIS2_PLACEMENT_3D('',#14531,#11423,#11424);
#10272=AXIS2_PLACEMENT_3D('',#14533,#11425,#11426);
#10273=AXIS2_PLACEMENT_3D('',#14535,#11427,#11428);
#10274=AXIS2_PLACEMENT_3D('',#14537,#11429,#11430);
#10275=AXIS2_PLACEMENT_3D('',#14539,#11431,#11432);
#10276=AXIS2_PLACEMENT_3D('',#14541,#11433,#11434);
#10277=AXIS2_PLACEMENT_3D('',#14542,#11435,#11436);
#10278=AXIS2_PLACEMENT_3D('',#14548,#11440,#11441);
#10279=AXIS2_PLACEMENT_3D('',#14554,#11445,#11446);
#10280=AXIS2_PLACEMENT_3D('',#14560,#11450,#11451);
#10281=AXIS2_PLACEMENT_3D('',#14562,#11452,#11453);
#10282=AXIS2_PLACEMENT_3D('',#14564,#11455,#11456);
#10283=AXIS2_PLACEMENT_3D('',#14566,#11457,#11458);
#10284=AXIS2_PLACEMENT_3D('',#14568,#11460,#11461);
#10285=AXIS2_PLACEMENT_3D('',#14569,#11462,#11463);
#10286=AXIS2_PLACEMENT_3D('',#14570,#11464,#11465);
#10287=AXIS2_PLACEMENT_3D('',#14574,#11467,#11468);
#10288=AXIS2_PLACEMENT_3D('',#14576,#11470,#11471);
#10289=AXIS2_PLACEMENT_3D('',#14579,#11473,#11474);
#10290=AXIS2_PLACEMENT_3D('',#14580,#11475,#11476);
#10291=AXIS2_PLACEMENT_3D('',#14581,#11477,#11478);
#10292=AXIS2_PLACEMENT_3D('',#14582,#11479,#11480);
#10293=AXIS2_PLACEMENT_3D('',#14586,#11482,#11483);
#10294=AXIS2_PLACEMENT_3D('',#14588,#11485,#11486);
#10295=AXIS2_PLACEMENT_3D('',#14591,#11488,#11489);
#10296=AXIS2_PLACEMENT_3D('',#14592,#11490,#11491);
#10297=AXIS2_PLACEMENT_3D('',#14596,#11494,#11495);
#10298=AXIS2_PLACEMENT_3D('',#14597,#11496,#11497);
#10299=AXIS2_PLACEMENT_3D('',#14598,#11498,#11499);
#10300=AXIS2_PLACEMENT_3D('',#14602,#11502,#11503);
#10301=AXIS2_PLACEMENT_3D('',#14603,#11504,#11505);
#10302=AXIS2_PLACEMENT_3D('',#14604,#11506,#11507);
#10303=AXIS2_PLACEMENT_3D('',#14608,#11510,#11511);
#10304=AXIS2_PLACEMENT_3D('',#14610,#11512,#11513);
#10305=AXIS2_PLACEMENT_3D('',#14612,#11515,#11516);
#10306=AXIS2_PLACEMENT_3D('',#14614,#11517,#11518);
#10307=AXIS2_PLACEMENT_3D('',#14616,#11520,#11521);
#10308=AXIS2_PLACEMENT_3D('',#14620,#11524,#11525);
#10309=AXIS2_PLACEMENT_3D('',#14622,#11526,#11527);
#10310=AXIS2_PLACEMENT_3D('',#14624,#11529,#11530);
#10311=AXIS2_PLACEMENT_3D('',#14626,#11531,#11532);
#10312=AXIS2_PLACEMENT_3D('',#14628,#11534,#11535);
#10313=AXIS2_PLACEMENT_3D('',#14630,#11536,#11537);
#10314=AXIS2_PLACEMENT_3D('',#14632,#11539,#11540);
#10315=AXIS2_PLACEMENT_3D('',#14636,#11543,#11544);
#10316=AXIS2_PLACEMENT_3D('',#14638,#11545,#11546);
#10317=AXIS2_PLACEMENT_3D('',#14640,#11548,#11549);
#10318=AXIS2_PLACEMENT_3D('',#14643,#11551,#11552);
#10319=AXIS2_PLACEMENT_3D('',#14644,#11553,#11554);
#10320=AXIS2_PLACEMENT_3D('',#14647,#11556,#11557);
#10321=AXIS2_PLACEMENT_3D('',#14648,#11558,#11559);
#10322=AXIS2_PLACEMENT_3D('',#14651,#11561,#11562);
#10323=AXIS2_PLACEMENT_3D('',#14652,#11563,#11564);
#10324=AXIS2_PLACEMENT_3D('',#14655,#11566,#11567);
#10325=AXIS2_PLACEMENT_3D('',#14656,#11568,#11569);
#10326=AXIS2_PLACEMENT_3D('',#14659,#11571,#11572);
#10327=AXIS2_PLACEMENT_3D('',#14660,#11573,#11574);
#10328=AXIS2_PLACEMENT_3D('',#14663,#11576,#11577);
#10329=AXIS2_PLACEMENT_3D('',#14664,#11578,#11579);
#10330=AXIS2_PLACEMENT_3D('',#14667,#11581,#11582);
#10331=AXIS2_PLACEMENT_3D('',#14668,#11583,#11584);
#10332=AXIS2_PLACEMENT_3D('',#14671,#11586,#11587);
#10333=AXIS2_PLACEMENT_3D('',#14672,#11588,#11589);
#10334=AXIS2_PLACEMENT_3D('',#14674,#11590,#11591);
#10335=AXIS2_PLACEMENT_3D('',#14680,#11594,#11595);
#10336=AXIS2_PLACEMENT_3D('',#14684,#11597,#11598);
#10337=AXIS2_PLACEMENT_3D('',#14688,#11600,#11601);
#10338=AXIS2_PLACEMENT_3D('',#14692,#11603,#11604);
#10339=AXIS2_PLACEMENT_3D('',#14696,#11606,#11607);
#10340=AXIS2_PLACEMENT_3D('',#14700,#11609,#11610);
#10341=AXIS2_PLACEMENT_3D('',#14704,#11612,#11613);
#10342=AXIS2_PLACEMENT_3D('',#14708,#11615,#11616);
#10343=AXIS2_PLACEMENT_3D('',#14712,#11618,#11619);
#10344=AXIS2_PLACEMENT_3D('',#14716,#11621,#11622);
#10345=AXIS2_PLACEMENT_3D('',#14720,#11624,#11625);
#10346=AXIS2_PLACEMENT_3D('',#14724,#11627,#11628);
#10347=AXIS2_PLACEMENT_3D('',#14727,#11630,#11631);
#10348=AXIS2_PLACEMENT_3D('',#14728,#11632,#11633);
#10349=AXIS2_PLACEMENT_3D('',#14730,#11635,#11636);
#10350=AXIS2_PLACEMENT_3D('',#14731,#11637,#11638);
#10351=AXIS2_PLACEMENT_3D('',#14735,#11640,#11641);
#10352=AXIS2_PLACEMENT_3D('',#14737,#11643,#11644);
#10353=AXIS2_PLACEMENT_3D('',#14741,#11647,#11648);
#10354=AXIS2_PLACEMENT_3D('',#14744,#11650,#11651);
#10355=AXIS2_PLACEMENT_3D('',#14745,#11652,#11653);
#10356=AXIS2_PLACEMENT_3D('',#14749,#11656,#11657);
#10357=AXIS2_PLACEMENT_3D('',#14752,#11659,#11660);
#10358=AXIS2_PLACEMENT_3D('',#14753,#11661,#11662);
#10359=AXIS2_PLACEMENT_3D('',#14757,#11665,#11666);
#10360=AXIS2_PLACEMENT_3D('',#14760,#11668,#11669);
#10361=AXIS2_PLACEMENT_3D('',#14761,#11670,#11671);
#10362=AXIS2_PLACEMENT_3D('',#14765,#11674,#11675);
#10363=AXIS2_PLACEMENT_3D('',#14768,#11677,#11678);
#10364=AXIS2_PLACEMENT_3D('',#14769,#11679,#11680);
#10365=AXIS2_PLACEMENT_3D('',#14773,#11683,#11684);
#10366=AXIS2_PLACEMENT_3D('',#14776,#11686,#11687);
#10367=AXIS2_PLACEMENT_3D('',#14777,#11688,#11689);
#10368=AXIS2_PLACEMENT_3D('',#14781,#11692,#11693);
#10369=AXIS2_PLACEMENT_3D('',#14785,#11695,#11696);
#10370=AXIS2_PLACEMENT_3D('',#14787,#11698,#11699);
#10371=AXIS2_PLACEMENT_3D('',#14791,#11702,#11703);
#10372=AXIS2_PLACEMENT_3D('',#14794,#11705,#11706);
#10373=AXIS2_PLACEMENT_3D('',#14795,#11707,#11708);
#10374=AXIS2_PLACEMENT_3D('',#14801,#11712,#11713);
#10375=AXIS2_PLACEMENT_3D('',#14804,#11715,#11716);
#10376=AXIS2_PLACEMENT_3D('',#14805,#11717,#11718);
#10377=AXIS2_PLACEMENT_3D('',#14809,#11721,#11722);
#10378=AXIS2_PLACEMENT_3D('',#14812,#11724,#11725);
#10379=AXIS2_PLACEMENT_3D('',#14813,#11726,#11727);
#10380=AXIS2_PLACEMENT_3D('',#14817,#11730,#11731);
#10381=AXIS2_PLACEMENT_3D('',#14820,#11733,#11734);
#10382=AXIS2_PLACEMENT_3D('',#14821,#11735,#11736);
#10383=AXIS2_PLACEMENT_3D('',#14823,#11738,#11739);
#10384=AXIS2_PLACEMENT_3D('',#14825,#11740,#11741);
#10385=AXIS2_PLACEMENT_3D('',#14827,#11743,#11744);
#10386=AXIS2_PLACEMENT_3D('',#14831,#11747,#11748);
#10387=AXIS2_PLACEMENT_3D('',#14832,#11749,#11750);
#10388=AXIS2_PLACEMENT_3D('',#14833,#11751,#11752);
#10389=AXIS2_PLACEMENT_3D('',#14835,#11753,#11754);
#10390=AXIS2_PLACEMENT_3D('',#14837,#11756,#11757);
#10391=AXIS2_PLACEMENT_3D('',#14839,#11759,#11760);
#10392=AXIS2_PLACEMENT_3D('',#14840,#11761,#11762);
#10393=AXIS2_PLACEMENT_3D('',#14843,#11765,#11766);
#10394=AXIS2_PLACEMENT_3D('',#14845,#11768,#11769);
#10395=AXIS2_PLACEMENT_3D('',#14847,#11771,#11772);
#10396=AXIS2_PLACEMENT_3D('',#14848,#11773,#11774);
#10397=AXIS2_PLACEMENT_3D('',#14849,#11775,#11776);
#10398=AXIS2_PLACEMENT_3D('',#14860,#11782,#11783);
#10399=AXIS2_PLACEMENT_3D('',#14864,#11785,#11786);
#10400=AXIS2_PLACEMENT_3D('',#14865,#11787,#11788);
#10401=AXIS2_PLACEMENT_3D('',#14866,#11789,#11790);
#10402=AXIS2_PLACEMENT_3D('',#14870,#11792,#11793);
#10403=AXIS2_PLACEMENT_3D('',#14872,#11795,#11796);
#10404=AXIS2_PLACEMENT_3D('',#14880,#11801,#11802);
#10405=AXIS2_PLACEMENT_3D('',#14883,#11804,#11805);
#10406=AXIS2_PLACEMENT_3D('',#14884,#11806,#11807);
#10407=AXIS2_PLACEMENT_3D('',#14885,#11808,#11809);
#10408=AXIS2_PLACEMENT_3D('',#14887,#11811,#11812);
#10409=AXIS2_PLACEMENT_3D('',#14891,#11814,#11815);
#10410=AXIS2_PLACEMENT_3D('',#14892,#11816,#11817);
#10411=AXIS2_PLACEMENT_3D('',#14895,#11818,#11819);
#10412=AXIS2_PLACEMENT_3D('',#14898,#11822,#11823);
#10413=AXIS2_PLACEMENT_3D('',#14906,#11828,#11829);
#10414=AXIS2_PLACEMENT_3D('',#14911,#11833,#11834);
#10415=AXIS2_PLACEMENT_3D('',#14912,#11835,#11836);
#10416=AXIS2_PLACEMENT_3D('',#14913,#11837,#11838);
#10417=AXIS2_PLACEMENT_3D('',#14915,#11839,#11840);
#10418=AXIS2_PLACEMENT_3D('',#14916,#11841,#11842);
#10419=AXIS2_PLACEMENT_3D('',#14917,#11843,#11844);
#10420=AXIS2_PLACEMENT_3D('',#14919,#11845,#11846);
#10421=AXIS2_PLACEMENT_3D('',#14921,#11848,#11849);
#10422=AXIS2_PLACEMENT_3D('',#14923,#11850,#11851);
#10423=AXIS2_PLACEMENT_3D('',#14925,#11853,#11854);
#10424=AXIS2_PLACEMENT_3D('',#14927,#11855,#11856);
#10425=AXIS2_PLACEMENT_3D('',#14930,#11858,#11859);
#10426=AXIS2_PLACEMENT_3D('',#14931,#11860,#11861);
#10427=AXIS2_PLACEMENT_3D('',#14932,#11862,#11863);
#10428=AXIS2_PLACEMENT_3D('',#14937,#11865,#11866);
#10429=AXIS2_PLACEMENT_3D('',#14940,#11868,#11869);
#10430=AXIS2_PLACEMENT_3D('',#14941,#11870,#11871);
#10431=AXIS2_PLACEMENT_3D('',#14946,#11873,#11874);
#10432=AXIS2_PLACEMENT_3D('',#14949,#11876,#11877);
#10433=AXIS2_PLACEMENT_3D('',#14950,#11878,#11879);
#10434=AXIS2_PLACEMENT_3D('',#14953,#11882,#11883);
#10435=AXIS2_PLACEMENT_3D('',#14955,#11885,#11886);
#10436=AXIS2_PLACEMENT_3D('',#14957,#11888,#11889);
#10437=AXIS2_PLACEMENT_3D('',#14958,#11890,#11891);
#10438=AXIS2_PLACEMENT_3D('',#14959,#11892,#11893);
#10439=AXIS2_PLACEMENT_3D('',#14968,#11898,#11899);
#10440=AXIS2_PLACEMENT_3D('',#14970,#11900,#11901);
#10441=AXIS2_PLACEMENT_3D('',#14973,#11903,#11904);
#10442=AXIS2_PLACEMENT_3D('',#14974,#11905,#11906);
#10443=AXIS2_PLACEMENT_3D('',#14980,#11910,#11911);
#10444=AXIS2_PLACEMENT_3D('',#14982,#11912,#11913);
#10445=AXIS2_PLACEMENT_3D('',#14985,#11915,#11916);
#10446=AXIS2_PLACEMENT_3D('',#14986,#11917,#11918);
#10447=AXIS2_PLACEMENT_3D('',#14989,#11919,#11920);
#10448=AXIS2_PLACEMENT_3D('',#14993,#11922,#11923);
#10449=AXIS2_PLACEMENT_3D('',#14995,#11925,#11926);
#10450=AXIS2_PLACEMENT_3D('',#15001,#11930,#11931);
#10451=AXIS2_PLACEMENT_3D('',#15002,#11932,#11933);
#10452=AXIS2_PLACEMENT_3D('',#15003,#11934,#11935);
#10453=AXIS2_PLACEMENT_3D('',#15004,#11936,#11937);
#10454=AXIS2_PLACEMENT_3D('',#15013,#11942,#11943);
#10455=AXIS2_PLACEMENT_3D('',#15015,#11944,#11945);
#10456=AXIS2_PLACEMENT_3D('',#15018,#11947,#11948);
#10457=AXIS2_PLACEMENT_3D('',#15019,#11949,#11950);
#10458=AXIS2_PLACEMENT_3D('',#15025,#11954,#11955);
#10459=AXIS2_PLACEMENT_3D('',#15027,#11956,#11957);
#10460=AXIS2_PLACEMENT_3D('',#15030,#11959,#11960);
#10461=AXIS2_PLACEMENT_3D('',#15031,#11961,#11962);
#10462=AXIS2_PLACEMENT_3D('',#15034,#11963,#11964);
#10463=AXIS2_PLACEMENT_3D('',#15038,#11966,#11967);
#10464=AXIS2_PLACEMENT_3D('',#15040,#11969,#11970);
#10465=AXIS2_PLACEMENT_3D('',#15046,#11974,#11975);
#10466=AXIS2_PLACEMENT_3D('',#15047,#11976,#11977);
#10467=AXIS2_PLACEMENT_3D('',#15048,#11978,#11979);
#10468=AXIS2_PLACEMENT_3D('',#15049,#11980,#11981);
#10469=AXIS2_PLACEMENT_3D('',#15053,#11983,#11984);
#10470=AXIS2_PLACEMENT_3D('',#15057,#11986,#11987);
#10471=AXIS2_PLACEMENT_3D('',#15061,#11989,#11990);
#10472=AXIS2_PLACEMENT_3D('',#15066,#11993,#11994);
#10473=AXIS2_PLACEMENT_3D('',#15070,#11996,#11997);
#10474=AXIS2_PLACEMENT_3D('',#15074,#11999,#12000);
#10475=AXIS2_PLACEMENT_3D('',#15078,#12002,#12003);
#10476=AXIS2_PLACEMENT_3D('',#15082,#12005,#12006);
#10477=AXIS2_PLACEMENT_3D('',#15086,#12008,#12009);
#10478=AXIS2_PLACEMENT_3D('',#15090,#12011,#12012);
#10479=AXIS2_PLACEMENT_3D('',#15094,#12014,#12015);
#10480=AXIS2_PLACEMENT_3D('',#15098,#12017,#12018);
#10481=AXIS2_PLACEMENT_3D('',#15102,#12020,#12021);
#10482=AXIS2_PLACEMENT_3D('',#15106,#12023,#12024);
#10483=AXIS2_PLACEMENT_3D('',#15110,#12026,#12027);
#10484=AXIS2_PLACEMENT_3D('',#15114,#12029,#12030);
#10485=AXIS2_PLACEMENT_3D('',#15118,#12032,#12033);
#10486=AXIS2_PLACEMENT_3D('',#15122,#12035,#12036);
#10487=AXIS2_PLACEMENT_3D('',#15125,#12038,#12039);
#10488=AXIS2_PLACEMENT_3D('',#15127,#12040,#12041);
#10489=AXIS2_PLACEMENT_3D('',#15129,#12042,#12043);
#10490=AXIS2_PLACEMENT_3D('',#15131,#12044,#12045);
#10491=AXIS2_PLACEMENT_3D('',#15132,#12046,#12047);
#10492=AXIS2_PLACEMENT_3D('',#15136,#12050,#12051);
#10493=AXIS2_PLACEMENT_3D('',#15140,#12053,#12054);
#10494=AXIS2_PLACEMENT_3D('',#15143,#12056,#12057);
#10495=AXIS2_PLACEMENT_3D('',#15147,#12059,#12060);
#10496=AXIS2_PLACEMENT_3D('',#15151,#12062,#12063);
#10497=AXIS2_PLACEMENT_3D('',#15155,#12065,#12066);
#10498=AXIS2_PLACEMENT_3D('',#15159,#12068,#12069);
#10499=AXIS2_PLACEMENT_3D('',#15163,#12071,#12072);
#10500=AXIS2_PLACEMENT_3D('',#15167,#12074,#12075);
#10501=AXIS2_PLACEMENT_3D('',#15171,#12077,#12078);
#10502=AXIS2_PLACEMENT_3D('',#15175,#12080,#12081);
#10503=AXIS2_PLACEMENT_3D('',#15179,#12083,#12084);
#10504=AXIS2_PLACEMENT_3D('',#15183,#12086,#12087);
#10505=AXIS2_PLACEMENT_3D('',#15187,#12089,#12090);
#10506=AXIS2_PLACEMENT_3D('',#15191,#12092,#12093);
#10507=AXIS2_PLACEMENT_3D('',#15195,#12095,#12096);
#10508=AXIS2_PLACEMENT_3D('',#15199,#12098,#12099);
#10509=AXIS2_PLACEMENT_3D('',#15203,#12101,#12102);
#10510=AXIS2_PLACEMENT_3D('',#15207,#12104,#12105);
#10511=AXIS2_PLACEMENT_3D('',#15210,#12107,#12108);
#10512=AXIS2_PLACEMENT_3D('',#15212,#12109,#12110);
#10513=AXIS2_PLACEMENT_3D('',#15214,#12111,#12112);
#10514=AXIS2_PLACEMENT_3D('',#15216,#12113,#12114);
#10515=AXIS2_PLACEMENT_3D('',#15217,#12115,#12116);
#10516=AXIS2_PLACEMENT_3D('',#15219,#12118,#12119);
#10517=AXIS2_PLACEMENT_3D('',#15222,#12122,#12123);
#10518=AXIS2_PLACEMENT_3D('',#15224,#12125,#12126);
#10519=AXIS2_PLACEMENT_3D('',#15227,#12129,#12130);
#10520=AXIS2_PLACEMENT_3D('',#15229,#12132,#12133);
#10521=AXIS2_PLACEMENT_3D('',#15232,#12136,#12137);
#10522=AXIS2_PLACEMENT_3D('',#15234,#12139,#12140);
#10523=AXIS2_PLACEMENT_3D('',#15236,#12142,#12143);
#10524=AXIS2_PLACEMENT_3D('',#15238,#12145,#12146);
#10525=AXIS2_PLACEMENT_3D('',#15240,#12148,#12149);
#10526=AXIS2_PLACEMENT_3D('',#15242,#12151,#12152);
#10527=AXIS2_PLACEMENT_3D('',#15244,#12154,#12155);
#10528=AXIS2_PLACEMENT_3D('',#15246,#12157,#12158);
#10529=AXIS2_PLACEMENT_3D('',#15248,#12160,#12161);
#10530=AXIS2_PLACEMENT_3D('',#15249,#12162,#12163);
#10531=AXIS2_PLACEMENT_3D('',#15251,#12165,#12166);
#10532=AXIS2_PLACEMENT_3D('',#15253,#12168,#12169);
#10533=AXIS2_PLACEMENT_3D('',#15255,#12171,#12172);
#10534=AXIS2_PLACEMENT_3D('',#15256,#12173,#12174);
#10535=AXIS2_PLACEMENT_3D('',#15258,#12176,#12177);
#10536=AXIS2_PLACEMENT_3D('',#15260,#12179,#12180);
#10537=AXIS2_PLACEMENT_3D('',#15262,#12182,#12183);
#10538=AXIS2_PLACEMENT_3D('',#15264,#12185,#12186);
#10539=AXIS2_PLACEMENT_3D('',#15266,#12188,#12189);
#10540=AXIS2_PLACEMENT_3D('',#15268,#12191,#12192);
#10541=AXIS2_PLACEMENT_3D('',#15270,#12194,#12195);
#10542=AXIS2_PLACEMENT_3D('',#15271,#12196,#12197);
#10543=AXIS2_PLACEMENT_3D('',#15273,#12199,#12200);
#10544=AXIS2_PLACEMENT_3D('',#15275,#12202,#12203);
#10545=AXIS2_PLACEMENT_3D('',#15277,#12205,#12206);
#10546=AXIS2_PLACEMENT_3D('',#15279,#12208,#12209);
#10547=AXIS2_PLACEMENT_3D('',#15281,#12211,#12212);
#10548=AXIS2_PLACEMENT_3D('',#15283,#12214,#12215);
#10549=AXIS2_PLACEMENT_3D('',#15285,#12217,#12218);
#10550=AXIS2_PLACEMENT_3D('',#15286,#12219,#12220);
#10551=AXIS2_PLACEMENT_3D('',#15288,#12222,#12223);
#10552=AXIS2_PLACEMENT_3D('',#15290,#12225,#12226);
#10553=AXIS2_PLACEMENT_3D('',#15292,#12228,#12229);
#10554=AXIS2_PLACEMENT_3D('',#15294,#12231,#12232);
#10555=AXIS2_PLACEMENT_3D('',#15296,#12234,#12235);
#10556=AXIS2_PLACEMENT_3D('',#15297,#12236,#12237);
#10557=AXIS2_PLACEMENT_3D('',#15298,#12238,#12239);
#10558=AXIS2_PLACEMENT_3D('',#15300,#12240,#12241);
#10559=AXIS2_PLACEMENT_3D('',#15303,#12243,#12244);
#10560=AXIS2_PLACEMENT_3D('',#15304,#12245,#12246);
#10561=AXIS2_PLACEMENT_3D('',#15305,#12247,#12248);
#10562=AXIS2_PLACEMENT_3D('',#15307,#12249,#12250);
#10563=AXIS2_PLACEMENT_3D('',#15310,#12252,#12253);
#10564=AXIS2_PLACEMENT_3D('',#15311,#12254,#12255);
#10565=AXIS2_PLACEMENT_3D('',#15312,#12256,#12257);
#10566=AXIS2_PLACEMENT_3D('',#15314,#12258,#12259);
#10567=AXIS2_PLACEMENT_3D('',#15317,#12261,#12262);
#10568=AXIS2_PLACEMENT_3D('',#15318,#12263,#12264);
#10569=AXIS2_PLACEMENT_3D('',#15319,#12265,#12266);
#10570=AXIS2_PLACEMENT_3D('',#15321,#12267,#12268);
#10571=AXIS2_PLACEMENT_3D('',#15324,#12270,#12271);
#10572=AXIS2_PLACEMENT_3D('',#15325,#12272,#12273);
#10573=AXIS2_PLACEMENT_3D('',#15326,#12274,#12275);
#10574=AXIS2_PLACEMENT_3D('',#15328,#12276,#12277);
#10575=AXIS2_PLACEMENT_3D('',#15331,#12279,#12280);
#10576=AXIS2_PLACEMENT_3D('',#15332,#12281,#12282);
#10577=AXIS2_PLACEMENT_3D('',#15333,#12283,#12284);
#10578=AXIS2_PLACEMENT_3D('',#15335,#12285,#12286);
#10579=AXIS2_PLACEMENT_3D('',#15338,#12288,#12289);
#10580=AXIS2_PLACEMENT_3D('',#15339,#12290,#12291);
#10581=AXIS2_PLACEMENT_3D('',#15340,#12292,#12293);
#10582=AXIS2_PLACEMENT_3D('',#15345,#12295,#12296);
#10583=AXIS2_PLACEMENT_3D('',#15349,#12298,#12299);
#10584=AXIS2_PLACEMENT_3D('',#15353,#12301,#12302);
#10585=AXIS2_PLACEMENT_3D('',#15357,#12304,#12305);
#10586=AXIS2_PLACEMENT_3D('',#15361,#12307,#12308);
#10587=AXIS2_PLACEMENT_3D('',#15365,#12310,#12311);
#10588=AXIS2_PLACEMENT_3D('',#15369,#12313,#12314);
#10589=AXIS2_PLACEMENT_3D('',#15373,#12316,#12317);
#10590=AXIS2_PLACEMENT_3D('',#15377,#12319,#12320);
#10591=AXIS2_PLACEMENT_3D('',#15381,#12322,#12323);
#10592=AXIS2_PLACEMENT_3D('',#15385,#12325,#12326);
#10593=AXIS2_PLACEMENT_3D('',#15389,#12328,#12329);
#10594=AXIS2_PLACEMENT_3D('',#15392,#12331,#12332);
#10595=AXIS2_PLACEMENT_3D('',#15395,#12333,#12334);
#10596=AXIS2_PLACEMENT_3D('',#15397,#12335,#12336);
#10597=AXIS2_PLACEMENT_3D('',#15401,#12338,#12339);
#10598=AXIS2_PLACEMENT_3D('',#15405,#12341,#12342);
#10599=AXIS2_PLACEMENT_3D('',#15409,#12344,#12345);
#10600=AXIS2_PLACEMENT_3D('',#15413,#12347,#12348);
#10601=AXIS2_PLACEMENT_3D('',#15417,#12350,#12351);
#10602=AXIS2_PLACEMENT_3D('',#15421,#12353,#12354);
#10603=AXIS2_PLACEMENT_3D('',#15425,#12356,#12357);
#10604=AXIS2_PLACEMENT_3D('',#15427,#12358,#12359);
#10605=AXIS2_PLACEMENT_3D('',#15429,#12360,#12361);
#10606=AXIS2_PLACEMENT_3D('',#15433,#12363,#12364);
#10607=AXIS2_PLACEMENT_3D('',#15437,#12366,#12367);
#10608=AXIS2_PLACEMENT_3D('',#15441,#12369,#12370);
#10609=AXIS2_PLACEMENT_3D('',#15445,#12372,#12373);
#10610=AXIS2_PLACEMENT_3D('',#15447,#12374,#12375);
#10611=AXIS2_PLACEMENT_3D('',#15449,#12376,#12377);
#10612=AXIS2_PLACEMENT_3D('',#15453,#12379,#12380);
#10613=AXIS2_PLACEMENT_3D('',#15457,#12382,#12383);
#10614=AXIS2_PLACEMENT_3D('',#15460,#12385,#12386);
#10615=AXIS2_PLACEMENT_3D('',#15462,#12387,#12388);
#10616=AXIS2_PLACEMENT_3D('',#15464,#12389,#12390);
#10617=AXIS2_PLACEMENT_3D('',#15466,#12391,#12392);
#10618=AXIS2_PLACEMENT_3D('',#15468,#12393,#12394);
#10619=AXIS2_PLACEMENT_3D('',#15469,#12395,#12396);
#10620=AXIS2_PLACEMENT_3D('',#15474,#12398,#12399);
#10621=AXIS2_PLACEMENT_3D('',#15478,#12401,#12402);
#10622=AXIS2_PLACEMENT_3D('',#15482,#12404,#12405);
#10623=AXIS2_PLACEMENT_3D('',#15486,#12407,#12408);
#10624=AXIS2_PLACEMENT_3D('',#15490,#12410,#12411);
#10625=AXIS2_PLACEMENT_3D('',#15494,#12413,#12414);
#10626=AXIS2_PLACEMENT_3D('',#15498,#12416,#12417);
#10627=AXIS2_PLACEMENT_3D('',#15502,#12419,#12420);
#10628=AXIS2_PLACEMENT_3D('',#15506,#12422,#12423);
#10629=AXIS2_PLACEMENT_3D('',#15510,#12425,#12426);
#10630=AXIS2_PLACEMENT_3D('',#15514,#12428,#12429);
#10631=AXIS2_PLACEMENT_3D('',#15518,#12431,#12432);
#10632=AXIS2_PLACEMENT_3D('',#15521,#12434,#12435);
#10633=AXIS2_PLACEMENT_3D('',#15523,#12436,#12437);
#10634=AXIS2_PLACEMENT_3D('',#15525,#12438,#12439);
#10635=AXIS2_PLACEMENT_3D('',#15527,#12440,#12441);
#10636=AXIS2_PLACEMENT_3D('',#15529,#12442,#12443);
#10637=AXIS2_PLACEMENT_3D('',#15532,#12444,#12445);
#10638=AXIS2_PLACEMENT_3D('',#15534,#12446,#12447);
#10639=AXIS2_PLACEMENT_3D('',#15538,#12449,#12450);
#10640=AXIS2_PLACEMENT_3D('',#15542,#12452,#12453);
#10641=AXIS2_PLACEMENT_3D('',#15546,#12455,#12456);
#10642=AXIS2_PLACEMENT_3D('',#15548,#12457,#12458);
#10643=AXIS2_PLACEMENT_3D('',#15550,#12459,#12460);
#10644=AXIS2_PLACEMENT_3D('',#15554,#12462,#12463);
#10645=AXIS2_PLACEMENT_3D('',#15558,#12465,#12466);
#10646=AXIS2_PLACEMENT_3D('',#15562,#12468,#12469);
#10647=AXIS2_PLACEMENT_3D('',#15566,#12471,#12472);
#10648=AXIS2_PLACEMENT_3D('',#15568,#12473,#12474);
#10649=AXIS2_PLACEMENT_3D('',#15570,#12475,#12476);
#10650=AXIS2_PLACEMENT_3D('',#15574,#12478,#12479);
#10651=AXIS2_PLACEMENT_3D('',#15578,#12481,#12482);
#10652=AXIS2_PLACEMENT_3D('',#15582,#12484,#12485);
#10653=AXIS2_PLACEMENT_3D('',#15586,#12487,#12488);
#10654=AXIS2_PLACEMENT_3D('',#15590,#12490,#12491);
#10655=AXIS2_PLACEMENT_3D('',#15594,#12493,#12494);
#10656=AXIS2_PLACEMENT_3D('',#15597,#12496,#12497);
#10657=AXIS2_PLACEMENT_3D('',#15598,#12498,#12499);
#10658=AXIS2_PLACEMENT_3D('',#15607,#12504,#12505);
#10659=AXIS2_PLACEMENT_3D('',#15609,#12506,#12507);
#10660=AXIS2_PLACEMENT_3D('',#15611,#12508,#12509);
#10661=AXIS2_PLACEMENT_3D('',#15613,#12511,#12512);
#10662=AXIS2_PLACEMENT_3D('',#15619,#12516,#12517);
#10663=AXIS2_PLACEMENT_3D('',#15621,#12518,#12519);
#10664=AXIS2_PLACEMENT_3D('',#15623,#12520,#12521);
#10665=AXIS2_PLACEMENT_3D('',#15625,#12523,#12524);
#10666=AXIS2_PLACEMENT_3D('',#15631,#12528,#12529);
#10667=AXIS2_PLACEMENT_3D('',#15633,#12530,#12531);
#10668=AXIS2_PLACEMENT_3D('',#15635,#12532,#12533);
#10669=AXIS2_PLACEMENT_3D('',#15637,#12535,#12536);
#10670=AXIS2_PLACEMENT_3D('',#15643,#12540,#12541);
#10671=AXIS2_PLACEMENT_3D('',#15644,#12542,#12543);
#10672=AXIS2_PLACEMENT_3D('',#15645,#12544,#12545);
#10673=AXIS2_PLACEMENT_3D('',#15646,#12546,#12547);
#10674=AXIS2_PLACEMENT_3D('',#15649,#12550,#12551);
#10675=AXIS2_PLACEMENT_3D('',#15652,#12554,#12555);
#10676=AXIS2_PLACEMENT_3D('',#15668,#12557,#12558);
#10677=AXIS2_PLACEMENT_3D('',#15670,#12560,#12561);
#10678=AXIS2_PLACEMENT_3D('',#15676,#12565,#12566);
#10679=AXIS2_PLACEMENT_3D('',#15690,#12568,#12569);
#10680=AXIS2_PLACEMENT_3D('',#15691,#12570,#12571);
#10681=AXIS2_PLACEMENT_3D('',#15707,#12573,#12574);
#10682=AXIS2_PLACEMENT_3D('',#15709,#12576,#12577);
#10683=AXIS2_PLACEMENT_3D('',#15715,#12581,#12582);
#10684=AXIS2_PLACEMENT_3D('',#15729,#12584,#12585);
#10685=AXIS2_PLACEMENT_3D('',#15730,#12586,#12587);
#10686=AXIS2_PLACEMENT_3D('',#15732,#12588,#12589);
#10687=AXIS2_PLACEMENT_3D('',#15735,#12591,#12592);
#10688=AXIS2_PLACEMENT_3D('',#15737,#12594,#12595);
#10689=AXIS2_PLACEMENT_3D('',#15739,#12596,#12597);
#10690=AXIS2_PLACEMENT_3D('',#15742,#12599,#12600);
#10691=AXIS2_PLACEMENT_3D('',#15744,#12602,#12603);
#10692=AXIS2_PLACEMENT_3D('',#15747,#12606,#12607);
#10693=AXIS2_PLACEMENT_3D('',#15750,#12610,#12611);
#10694=AXIS2_PLACEMENT_3D('',#15753,#12614,#12615);
#10695=AXIS2_PLACEMENT_3D('',#15762,#12620,#12621);
#10696=AXIS2_PLACEMENT_3D('',#15764,#12622,#12623);
#10697=AXIS2_PLACEMENT_3D('',#15767,#12625,#12626);
#10698=AXIS2_PLACEMENT_3D('',#15768,#12627,#12628);
#10699=AXIS2_PLACEMENT_3D('',#15774,#12632,#12633);
#10700=AXIS2_PLACEMENT_3D('',#15776,#12634,#12635);
#10701=AXIS2_PLACEMENT_3D('',#15779,#12637,#12638);
#10702=AXIS2_PLACEMENT_3D('',#15780,#12639,#12640);
#10703=AXIS2_PLACEMENT_3D('',#15786,#12644,#12645);
#10704=AXIS2_PLACEMENT_3D('',#15788,#12646,#12647);
#10705=AXIS2_PLACEMENT_3D('',#15791,#12649,#12650);
#10706=AXIS2_PLACEMENT_3D('',#15792,#12651,#12652);
#10707=AXIS2_PLACEMENT_3D('',#15798,#12656,#12657);
#10708=AXIS2_PLACEMENT_3D('',#15799,#12658,#12659);
#10709=AXIS2_PLACEMENT_3D('',#15800,#12660,#12661);
#10710=AXIS2_PLACEMENT_3D('',#15801,#12662,#12663);
#10711=AXIS2_PLACEMENT_3D('',#15804,#12666,#12667);
#10712=AXIS2_PLACEMENT_3D('',#15807,#12670,#12671);
#10713=AXIS2_PLACEMENT_3D('',#15810,#12674,#12675);
#10714=AXIS2_PLACEMENT_3D('',#15812,#12677,#12678);
#10715=AXIS2_PLACEMENT_3D('',#15815,#12681,#12682);
#10716=AXIS2_PLACEMENT_3D('',#15817,#12684,#12685);
#10717=AXIS2_PLACEMENT_3D('',#15819,#12687,#12688);
#10718=AXIS2_PLACEMENT_3D('',#15820,#12689,#12690);
#10719=AXIS2_PLACEMENT_3D('',#15822,#12692,#12693);
#10720=AXIS2_PLACEMENT_3D('',#15824,#12695,#12696);
#10721=AXIS2_PLACEMENT_3D('',#15826,#12698,#12699);
#10722=AXIS2_PLACEMENT_3D('',#15828,#12701,#12702);
#10723=AXIS2_PLACEMENT_3D('',#15829,#12703,#12704);
#10724=AXIS2_PLACEMENT_3D('',#15832,#12707,#12708);
#10725=AXIS2_PLACEMENT_3D('',#15834,#12710,#12711);
#10726=AXIS2_PLACEMENT_3D('',#15837,#12714,#12715);
#10727=AXIS2_PLACEMENT_3D('',#15839,#12717,#12718);
#10728=AXIS2_PLACEMENT_3D('',#15842,#12721,#12722);
#10729=AXIS2_PLACEMENT_3D('',#15844,#12724,#12725);
#10730=AXIS2_PLACEMENT_3D('',#15847,#12728,#12729);
#10731=AXIS2_PLACEMENT_3D('',#15849,#12731,#12732);
#10732=AXIS2_PLACEMENT_3D('',#15851,#12734,#12735);
#10733=AXIS2_PLACEMENT_3D('',#15853,#12737,#12738);
#10734=AXIS2_PLACEMENT_3D('',#15854,#12739,#12740);
#10735=AXIS2_PLACEMENT_3D('',#15855,#12741,#12742);
#10736=AXIS2_PLACEMENT_3D('',#15857,#12744,#12745);
#10737=AXIS2_PLACEMENT_3D('',#15858,#12746,#12747);
#10738=AXIS2_PLACEMENT_3D('',#15860,#12749,#12750);
#10739=AXIS2_PLACEMENT_3D('',#15863,#12753,#12754);
#10740=AXIS2_PLACEMENT_3D('',#15865,#12756,#12757);
#10741=AXIS2_PLACEMENT_3D('',#15867,#12759,#12760);
#10742=AXIS2_PLACEMENT_3D('',#15868,#12761,#12762);
#10743=AXIS2_PLACEMENT_3D('',#15869,#12763,#12764);
#10744=AXIS2_PLACEMENT_3D('',#15871,#12766,#12767);
#10745=AXIS2_PLACEMENT_3D('',#15873,#12769,#12770);
#10746=AXIS2_PLACEMENT_3D('',#15875,#12772,#12773);
#10747=AXIS2_PLACEMENT_3D('',#15877,#12775,#12776);
#10748=AXIS2_PLACEMENT_3D('',#15879,#12778,#12779);
#10749=AXIS2_PLACEMENT_3D('',#15881,#12781,#12782);
#10750=AXIS2_PLACEMENT_3D('',#15883,#12784,#12785);
#10751=AXIS2_PLACEMENT_3D('',#15885,#12787,#12788);
#10752=AXIS2_PLACEMENT_3D('',#15887,#12790,#12791);
#10753=AXIS2_PLACEMENT_3D('',#15888,#12792,#12793);
#10754=AXIS2_PLACEMENT_3D('',#15890,#12795,#12796);
#10755=AXIS2_PLACEMENT_3D('',#15892,#12798,#12799);
#10756=AXIS2_PLACEMENT_3D('',#15894,#12801,#12802);
#10757=AXIS2_PLACEMENT_3D('',#15896,#12804,#12805);
#10758=AXIS2_PLACEMENT_3D('',#15898,#12807,#12808);
#10759=AXIS2_PLACEMENT_3D('',#15900,#12810,#12811);
#10760=AXIS2_PLACEMENT_3D('',#15901,#12812,#12813);
#10761=AXIS2_PLACEMENT_3D('',#15903,#12815,#12816);
#10762=AXIS2_PLACEMENT_3D('',#15905,#12818,#12819);
#10763=AXIS2_PLACEMENT_3D('',#15907,#12821,#12822);
#10764=AXIS2_PLACEMENT_3D('',#15909,#12824,#12825);
#10765=AXIS2_PLACEMENT_3D('',#15911,#12827,#12828);
#10766=AXIS2_PLACEMENT_3D('',#15912,#12829,#12830);
#10767=AXIS2_PLACEMENT_3D('',#15914,#12832,#12833);
#10768=AXIS2_PLACEMENT_3D('',#15916,#12835,#12836);
#10769=AXIS2_PLACEMENT_3D('',#15918,#12838,#12839);
#10770=AXIS2_PLACEMENT_3D('',#15920,#12841,#12842);
#10771=AXIS2_PLACEMENT_3D('',#15922,#12844,#12845);
#10772=AXIS2_PLACEMENT_3D('',#15923,#12846,#12847);
#10773=AXIS2_PLACEMENT_3D('',#15924,#12848,#12849);
#10774=AXIS2_PLACEMENT_3D('',#15933,#12854,#12855);
#10775=AXIS2_PLACEMENT_3D('',#15935,#12856,#12857);
#10776=AXIS2_PLACEMENT_3D('',#15939,#12859,#12860);
#10777=AXIS2_PLACEMENT_3D('',#15943,#12862,#12863);
#10778=AXIS2_PLACEMENT_3D('',#15947,#12865,#12866);
#10779=AXIS2_PLACEMENT_3D('',#15951,#12868,#12869);
#10780=AXIS2_PLACEMENT_3D('',#15955,#12871,#12872);
#10781=AXIS2_PLACEMENT_3D('',#15959,#12874,#12875);
#10782=AXIS2_PLACEMENT_3D('',#15963,#12877,#12878);
#10783=AXIS2_PLACEMENT_3D('',#15967,#12880,#12881);
#10784=AXIS2_PLACEMENT_3D('',#15971,#12883,#12884);
#10785=AXIS2_PLACEMENT_3D('',#15975,#12886,#12887);
#10786=AXIS2_PLACEMENT_3D('',#15979,#12889,#12890);
#10787=AXIS2_PLACEMENT_3D('',#15982,#12892,#12893);
#10788=AXIS2_PLACEMENT_3D('',#15985,#12894,#12895);
#10789=AXIS2_PLACEMENT_3D('',#15989,#12897,#12898);
#10790=AXIS2_PLACEMENT_3D('',#15993,#12900,#12901);
#10791=AXIS2_PLACEMENT_3D('',#15997,#12903,#12904);
#10792=AXIS2_PLACEMENT_3D('',#16001,#12906,#12907);
#10793=AXIS2_PLACEMENT_3D('',#16003,#12908,#12909);
#10794=AXIS2_PLACEMENT_3D('',#16005,#12910,#12911);
#10795=AXIS2_PLACEMENT_3D('',#16009,#12913,#12914);
#10796=AXIS2_PLACEMENT_3D('',#16013,#12916,#12917);
#10797=AXIS2_PLACEMENT_3D('',#16017,#12919,#12920);
#10798=AXIS2_PLACEMENT_3D('',#16019,#12921,#12922);
#10799=AXIS2_PLACEMENT_3D('',#16021,#12923,#12924);
#10800=AXIS2_PLACEMENT_3D('',#16025,#12926,#12927);
#10801=AXIS2_PLACEMENT_3D('',#16029,#12929,#12930);
#10802=AXIS2_PLACEMENT_3D('',#16033,#12932,#12933);
#10803=AXIS2_PLACEMENT_3D('',#16037,#12935,#12936);
#10804=AXIS2_PLACEMENT_3D('',#16039,#12937,#12938);
#10805=AXIS2_PLACEMENT_3D('',#16041,#12939,#12940);
#10806=AXIS2_PLACEMENT_3D('',#16045,#12942,#12943);
#10807=AXIS2_PLACEMENT_3D('',#16049,#12945,#12946);
#10808=AXIS2_PLACEMENT_3D('',#16052,#12948,#12949);
#10809=AXIS2_PLACEMENT_3D('',#16054,#12950,#12951);
#10810=AXIS2_PLACEMENT_3D('',#16056,#12952,#12953);
#10811=AXIS2_PLACEMENT_3D('',#16058,#12954,#12955);
#10812=AXIS2_PLACEMENT_3D('',#16059,#12956,#12957);
#10813=AXIS2_PLACEMENT_3D('',#16065,#12961,#12962);
#10814=AXIS2_PLACEMENT_3D('',#16067,#12963,#12964);
#10815=AXIS2_PLACEMENT_3D('',#16069,#12966,#12967);
#10816=AXIS2_PLACEMENT_3D('',#16073,#12970,#12971);
#10817=AXIS2_PLACEMENT_3D('',#16075,#12972,#12973);
#10818=AXIS2_PLACEMENT_3D('',#16077,#12975,#12976);
#10819=AXIS2_PLACEMENT_3D('',#16081,#12979,#12980);
#10820=AXIS2_PLACEMENT_3D('',#16083,#12981,#12982);
#10821=AXIS2_PLACEMENT_3D('',#16085,#12984,#12985);
#10822=AXIS2_PLACEMENT_3D('',#16087,#12986,#12987);
#10823=AXIS2_PLACEMENT_3D('',#16089,#12989,#12990);
#10824=AXIS2_PLACEMENT_3D('',#16091,#12991,#12992);
#10825=AXIS2_PLACEMENT_3D('',#16093,#12994,#12995);
#10826=AXIS2_PLACEMENT_3D('',#16097,#12998,#12999);
#10827=AXIS2_PLACEMENT_3D('',#16099,#13000,#13001);
#10828=AXIS2_PLACEMENT_3D('',#16101,#13003,#13004);
#10829=AXIS2_PLACEMENT_3D('',#16105,#13007,#13008);
#10830=AXIS2_PLACEMENT_3D('',#16107,#13009,#13010);
#10831=AXIS2_PLACEMENT_3D('',#16109,#13012,#13013);
#10832=AXIS2_PLACEMENT_3D('',#16113,#13016,#13017);
#10833=AXIS2_PLACEMENT_3D('',#16115,#13018,#13019);
#10834=AXIS2_PLACEMENT_3D('',#16117,#13021,#13022);
#10835=AXIS2_PLACEMENT_3D('',#16121,#13025,#13026);
#10836=AXIS2_PLACEMENT_3D('',#16123,#13027,#13028);
#10837=AXIS2_PLACEMENT_3D('',#16125,#13030,#13031);
#10838=AXIS2_PLACEMENT_3D('',#16127,#13032,#13033);
#10839=AXIS2_PLACEMENT_3D('',#16129,#13035,#13036);
#10840=AXIS2_PLACEMENT_3D('',#16131,#13037,#13038);
#10841=AXIS2_PLACEMENT_3D('',#16133,#13040,#13041);
#10842=AXIS2_PLACEMENT_3D('',#16137,#13044,#13045);
#10843=AXIS2_PLACEMENT_3D('',#16139,#13046,#13047);
#10844=AXIS2_PLACEMENT_3D('',#16141,#13049,#13050);
#10845=AXIS2_PLACEMENT_3D('',#16145,#13053,#13054);
#10846=AXIS2_PLACEMENT_3D('',#16147,#13055,#13056);
#10847=AXIS2_PLACEMENT_3D('',#16149,#13058,#13059);
#10848=AXIS2_PLACEMENT_3D('',#16153,#13062,#13063);
#10849=AXIS2_PLACEMENT_3D('',#16155,#13064,#13065);
#10850=AXIS2_PLACEMENT_3D('',#16157,#13067,#13068);
#10851=AXIS2_PLACEMENT_3D('',#16159,#13069,#13070);
#10852=AXIS2_PLACEMENT_3D('',#16161,#13072,#13073);
#10853=AXIS2_PLACEMENT_3D('',#16163,#13074,#13075);
#10854=AXIS2_PLACEMENT_3D('',#16165,#13077,#13078);
#10855=AXIS2_PLACEMENT_3D('',#16169,#13081,#13082);
#10856=AXIS2_PLACEMENT_3D('',#16171,#13083,#13084);
#10857=AXIS2_PLACEMENT_3D('',#16173,#13086,#13087);
#10858=AXIS2_PLACEMENT_3D('',#16177,#13090,#13091);
#10859=AXIS2_PLACEMENT_3D('',#16179,#13092,#13093);
#10860=AXIS2_PLACEMENT_3D('',#16181,#13095,#13096);
#10861=AXIS2_PLACEMENT_3D('',#16185,#13099,#13100);
#10862=AXIS2_PLACEMENT_3D('',#16187,#13101,#13102);
#10863=AXIS2_PLACEMENT_3D('',#16189,#13104,#13105);
#10864=AXIS2_PLACEMENT_3D('',#16193,#13108,#13109);
#10865=AXIS2_PLACEMENT_3D('',#16194,#13110,#13111);
#10866=AXIS2_PLACEMENT_3D('',#16195,#13112,#13113);
#10867=AXIS2_PLACEMENT_3D('',#16198,#13115,#13116);
#10868=AXIS2_PLACEMENT_3D('',#16199,#13117,#13118);
#10869=AXIS2_PLACEMENT_3D('',#16202,#13120,#13121);
#10870=AXIS2_PLACEMENT_3D('',#16203,#13122,#13123);
#10871=AXIS2_PLACEMENT_3D('',#16206,#13125,#13126);
#10872=AXIS2_PLACEMENT_3D('',#16207,#13127,#13128);
#10873=AXIS2_PLACEMENT_3D('',#16210,#13130,#13131);
#10874=AXIS2_PLACEMENT_3D('',#16211,#13132,#13133);
#10875=AXIS2_PLACEMENT_3D('',#16213,#13134,#13135);
#10876=AXIS2_PLACEMENT_3D('',#16215,#13137,#13138);
#10877=AXIS2_PLACEMENT_3D('',#16219,#13141,#13142);
#10878=AXIS2_PLACEMENT_3D('',#16221,#13143,#13144);
#10879=AXIS2_PLACEMENT_3D('',#16223,#13146,#13147);
#10880=AXIS2_PLACEMENT_3D('',#16227,#13150,#13151);
#10881=AXIS2_PLACEMENT_3D('',#16229,#13152,#13153);
#10882=AXIS2_PLACEMENT_3D('',#16231,#13155,#13156);
#10883=AXIS2_PLACEMENT_3D('',#16235,#13159,#13160);
#10884=AXIS2_PLACEMENT_3D('',#16237,#13161,#13162);
#10885=AXIS2_PLACEMENT_3D('',#16239,#13164,#13165);
#10886=AXIS2_PLACEMENT_3D('',#16243,#13168,#13169);
#10887=AXIS2_PLACEMENT_3D('',#16245,#13170,#13171);
#10888=AXIS2_PLACEMENT_3D('',#16247,#13173,#13174);
#10889=AXIS2_PLACEMENT_3D('',#16251,#13177,#13178);
#10890=AXIS2_PLACEMENT_3D('',#16253,#13179,#13180);
#10891=AXIS2_PLACEMENT_3D('',#16255,#13182,#13183);
#10892=AXIS2_PLACEMENT_3D('',#16259,#13186,#13187);
#10893=AXIS2_PLACEMENT_3D('',#16261,#13188,#13189);
#10894=AXIS2_PLACEMENT_3D('',#16263,#13191,#13192);
#10895=AXIS2_PLACEMENT_3D('',#16267,#13195,#13196);
#10896=AXIS2_PLACEMENT_3D('',#16269,#13197,#13198);
#10897=AXIS2_PLACEMENT_3D('',#16271,#13200,#13201);
#10898=AXIS2_PLACEMENT_3D('',#16275,#13204,#13205);
#10899=AXIS2_PLACEMENT_3D('',#16277,#13206,#13207);
#10900=AXIS2_PLACEMENT_3D('',#16279,#13209,#13210);
#10901=AXIS2_PLACEMENT_3D('',#16283,#13213,#13214);
#10902=AXIS2_PLACEMENT_3D('',#16285,#13215,#13216);
#10903=AXIS2_PLACEMENT_3D('',#16287,#13218,#13219);
#10904=AXIS2_PLACEMENT_3D('',#16291,#13222,#13223);
#10905=AXIS2_PLACEMENT_3D('',#16293,#13224,#13225);
#10906=AXIS2_PLACEMENT_3D('',#16295,#13227,#13228);
#10907=AXIS2_PLACEMENT_3D('',#16299,#13231,#13232);
#10908=AXIS2_PLACEMENT_3D('',#16301,#13233,#13234);
#10909=AXIS2_PLACEMENT_3D('',#16303,#13236,#13237);
#10910=AXIS2_PLACEMENT_3D('',#16307,#13240,#13241);
#10911=AXIS2_PLACEMENT_3D('',#16308,#13242,#13243);
#10912=AXIS2_PLACEMENT_3D('',#16309,#13244,#13245);
#10913=AXIS2_PLACEMENT_3D('',#16310,#13246,#13247);
#10914=AXIS2_PLACEMENT_3D('',#16311,#13248,#13249);
#10915=AXIS2_PLACEMENT_3D('',#16320,#13254,#13255);
#10916=AXIS2_PLACEMENT_3D('',#16322,#13256,#13257);
#10917=AXIS2_PLACEMENT_3D('',#16326,#13259,#13260);
#10918=AXIS2_PLACEMENT_3D('',#16330,#13262,#13263);
#10919=AXIS2_PLACEMENT_3D('',#16334,#13265,#13266);
#10920=AXIS2_PLACEMENT_3D('',#16338,#13268,#13269);
#10921=AXIS2_PLACEMENT_3D('',#16342,#13271,#13272);
#10922=AXIS2_PLACEMENT_3D('',#16346,#13274,#13275);
#10923=AXIS2_PLACEMENT_3D('',#16350,#13277,#13278);
#10924=AXIS2_PLACEMENT_3D('',#16354,#13280,#13281);
#10925=AXIS2_PLACEMENT_3D('',#16358,#13283,#13284);
#10926=AXIS2_PLACEMENT_3D('',#16362,#13286,#13287);
#10927=AXIS2_PLACEMENT_3D('',#16366,#13289,#13290);
#10928=AXIS2_PLACEMENT_3D('',#16369,#13292,#13293);
#10929=AXIS2_PLACEMENT_3D('',#16371,#13294,#13295);
#10930=AXIS2_PLACEMENT_3D('',#16373,#13296,#13297);
#10931=AXIS2_PLACEMENT_3D('',#16375,#13298,#13299);
#10932=AXIS2_PLACEMENT_3D('',#16377,#13300,#13301);
#10933=AXIS2_PLACEMENT_3D('',#16378,#13302,#13303);
#10934=AXIS2_PLACEMENT_3D('',#16381,#13305,#13306);
#10935=AXIS2_PLACEMENT_3D('',#16382,#13307,#13308);
#10936=AXIS2_PLACEMENT_3D('',#16385,#13310,#13311);
#10937=AXIS2_PLACEMENT_3D('',#16386,#13312,#13313);
#10938=AXIS2_PLACEMENT_3D('',#16389,#13315,#13316);
#10939=AXIS2_PLACEMENT_3D('',#16390,#13317,#13318);
#10940=AXIS2_PLACEMENT_3D('',#16393,#13320,#13321);
#10941=AXIS2_PLACEMENT_3D('',#16394,#13322,#13323);
#10942=AXIS2_PLACEMENT_3D('',#16396,#13324,#13325);
#10943=AXIS2_PLACEMENT_3D('',#16398,#13327,#13328);
#10944=AXIS2_PLACEMENT_3D('',#16402,#13331,#13332);
#10945=AXIS2_PLACEMENT_3D('',#16404,#13333,#13334);
#10946=AXIS2_PLACEMENT_3D('',#16406,#13336,#13337);
#10947=AXIS2_PLACEMENT_3D('',#16410,#13340,#13341);
#10948=AXIS2_PLACEMENT_3D('',#16412,#13342,#13343);
#10949=AXIS2_PLACEMENT_3D('',#16414,#13345,#13346);
#10950=AXIS2_PLACEMENT_3D('',#16418,#13349,#13350);
#10951=AXIS2_PLACEMENT_3D('',#16420,#13351,#13352);
#10952=AXIS2_PLACEMENT_3D('',#16422,#13354,#13355);
#10953=AXIS2_PLACEMENT_3D('',#16426,#13358,#13359);
#10954=AXIS2_PLACEMENT_3D('',#16428,#13360,#13361);
#10955=AXIS2_PLACEMENT_3D('',#16430,#13363,#13364);
#10956=AXIS2_PLACEMENT_3D('',#16434,#13367,#13368);
#10957=AXIS2_PLACEMENT_3D('',#16436,#13369,#13370);
#10958=AXIS2_PLACEMENT_3D('',#16438,#13372,#13373);
#10959=AXIS2_PLACEMENT_3D('',#16442,#13376,#13377);
#10960=AXIS2_PLACEMENT_3D('',#16444,#13378,#13379);
#10961=AXIS2_PLACEMENT_3D('',#16446,#13381,#13382);
#10962=AXIS2_PLACEMENT_3D('',#16450,#13385,#13386);
#10963=AXIS2_PLACEMENT_3D('',#16452,#13387,#13388);
#10964=AXIS2_PLACEMENT_3D('',#16454,#13390,#13391);
#10965=AXIS2_PLACEMENT_3D('',#16458,#13394,#13395);
#10966=AXIS2_PLACEMENT_3D('',#16460,#13396,#13397);
#10967=AXIS2_PLACEMENT_3D('',#16462,#13399,#13400);
#10968=AXIS2_PLACEMENT_3D('',#16466,#13403,#13404);
#10969=AXIS2_PLACEMENT_3D('',#16468,#13405,#13406);
#10970=AXIS2_PLACEMENT_3D('',#16470,#13408,#13409);
#10971=AXIS2_PLACEMENT_3D('',#16474,#13412,#13413);
#10972=AXIS2_PLACEMENT_3D('',#16476,#13414,#13415);
#10973=AXIS2_PLACEMENT_3D('',#16478,#13417,#13418);
#10974=AXIS2_PLACEMENT_3D('',#16482,#13421,#13422);
#10975=AXIS2_PLACEMENT_3D('',#16484,#13423,#13424);
#10976=AXIS2_PLACEMENT_3D('',#16486,#13426,#13427);
#10977=AXIS2_PLACEMENT_3D('',#16490,#13430,#13431);
#10978=AXIS2_PLACEMENT_3D('',#16491,#13432,#13433);
#10979=AXIS2_PLACEMENT_3D('',#16492,#13434,#13435);
#10980=AXIS2_PLACEMENT_3D('',#16493,#13436,#13437);
#10981=AXIS2_PLACEMENT_3D('',#16494,#13438,#13439);
#10982=AXIS2_PLACEMENT_3D('',#16495,#13440,#13441);
#10983=AXIS2_PLACEMENT_3D('',#16498,#13442,#13443);
#10984=AXIS2_PLACEMENT_3D('',#16502,#13445,#13446);
#10985=AXIS2_PLACEMENT_3D('',#16504,#13448,#13449);
#10986=AXIS2_PLACEMENT_3D('',#16507,#13450,#13451);
#10987=AXIS2_PLACEMENT_3D('',#16511,#13453,#13454);
#10988=AXIS2_PLACEMENT_3D('',#16513,#13456,#13457);
#10989=AXIS2_PLACEMENT_3D('',#16515,#13458,#13459);
#10990=AXIS2_PLACEMENT_3D('',#16518,#13461,#13462);
#10991=AXIS2_PLACEMENT_3D('',#16519,#13463,#13464);
#10992=AXIS2_PLACEMENT_3D('',#16522,#13465,#13466);
#10993=AXIS2_PLACEMENT_3D('',#16524,#13467,#13468);
#10994=AXIS2_PLACEMENT_3D('',#16526,#13469,#13470);
#10995=AXIS2_PLACEMENT_3D('',#16527,#13471,#13472);
#10996=AXIS2_PLACEMENT_3D('',#16528,#13473,#13474);
#10997=AXIS2_PLACEMENT_3D('',#16532,#13476,#13477);
#10998=AXIS2_PLACEMENT_3D('',#16556,#13478,#13479);
#10999=AXIS2_PLACEMENT_3D('',#16580,#13480,#13481);
#11000=AXIS2_PLACEMENT_3D('',#16604,#13482,#13483);
#11001=AXIS2_PLACEMENT_3D('',#16606,#13485,#13486);
#11002=AXIS2_PLACEMENT_3D('',#16615,#13491,#13492);
#11003=AXIS2_PLACEMENT_3D('',#16617,#13493,#13494);
#11004=AXIS2_PLACEMENT_3D('',#16620,#13496,#13497);
#11005=AXIS2_PLACEMENT_3D('',#16621,#13498,#13499);
#11006=AXIS2_PLACEMENT_3D('',#16630,#13504,#13505);
#11007=AXIS2_PLACEMENT_3D('',#16632,#13506,#13507);
#11008=AXIS2_PLACEMENT_3D('',#16634,#13508,#13509);
#11009=AXIS2_PLACEMENT_3D('',#16636,#13511,#13512);
#11010=AXIS2_PLACEMENT_3D('',#16639,#13513,#13514);
#11011=AXIS2_PLACEMENT_3D('',#16642,#13517,#13518);
#11012=AXIS2_PLACEMENT_3D('',#16645,#13519,#13520);
#11013=AXIS2_PLACEMENT_3D('',#16648,#13523,#13524);
#11014=AXIS2_PLACEMENT_3D('',#16657,#13529,#13530);
#11015=AXIS2_PLACEMENT_3D('',#16666,#13535,#13536);
#11016=AXIS2_PLACEMENT_3D('',#16726,#13550,#13551);
#11017=AXIS2_PLACEMENT_3D('',#16780,#13563,#13564);
#11018=AXIS2_PLACEMENT_3D('',#16789,#13569,#13570);
#11019=AXIS2_PLACEMENT_3D('',#16833,#13576,#13577);
#11020=AXIS2_PLACEMENT_3D('',#16837,#13579,#13580);
#11021=AXIS2_PLACEMENT_3D('',#16841,#13582,#13583);
#11022=AXIS2_PLACEMENT_3D('',#16844,#13585,#13586);
#11023=AXIS2_PLACEMENT_3D('',#16846,#13587,#13588);
#11024=AXIS2_PLACEMENT_3D('',#16847,#13589,#13590);
#11025=AXIS2_PLACEMENT_3D('',#16848,#13591,#13592);
#11026=AXIS2_PLACEMENT_3D('',#16854,#13596,#13597);
#11027=AXIS2_PLACEMENT_3D('',#16862,#13603,#13604);
#11028=AXIS2_PLACEMENT_3D('',#16865,#13607,#13608);
#11029=AXIS2_PLACEMENT_3D('',#16866,#13609,#13610);
#11030=AXIS2_PLACEMENT_3D('',#16867,#13611,#13612);
#11031=AXIS2_PLACEMENT_3D('',#16873,#13616,#13617);
#11032=AXIS2_PLACEMENT_3D('',#16881,#13623,#13624);
#11033=AXIS2_PLACEMENT_3D('',#16883,#13626,#13627);
#11034=AXIS2_PLACEMENT_3D('',#16884,#13628,#13629);
#11035=AXIS2_PLACEMENT_3D('',#16886,#13631,#13632);
#11036=AXIS2_PLACEMENT_3D('',#16887,#13633,#13634);
#11037=AXIS2_PLACEMENT_3D('',#16888,#13635,#13636);
#11038=AXIS2_PLACEMENT_3D('',#16889,#13637,#13638);
#11039=AXIS2_PLACEMENT_3D('',#16890,#13639,#13640);
#11040=AXIS2_PLACEMENT_3D('',#16895,#13642,#13643);
#11041=AXIS2_PLACEMENT_3D('',#16899,#13645,#13646);
#11042=AXIS2_PLACEMENT_3D('',#16911,#13652,#13653);
#11043=AXIS2_PLACEMENT_3D('',#16914,#13655,#13656);
#11044=AXIS2_PLACEMENT_3D('',#16915,#13657,#13658);
#11045=AXIS2_PLACEMENT_3D('',#16921,#13662,#13663);
#11046=AXIS2_PLACEMENT_3D('',#16927,#13667,#13668);
#11047=AXIS2_PLACEMENT_3D('',#16933,#13672,#13673);
#11048=AXIS2_PLACEMENT_3D('',#16944,#13680,#13681);
#11049=AXIS2_PLACEMENT_3D('',#16945,#13682,#13683);
#11050=AXIS2_PLACEMENT_3D('',#16946,#13684,#13685);
#11051=AXIS2_PLACEMENT_3D('',#16947,#13686,#13687);
#11052=AXIS2_PLACEMENT_3D('',#16948,#13688,#13689);
#11053=AXIS2_PLACEMENT_3D('',#16949,#13690,#13691);
#11054=AXIS2_PLACEMENT_3D('',#16953,#13694,#13695);
#11055=AXIS2_PLACEMENT_3D('',#16957,#13698,#13699);
#11056=AXIS2_PLACEMENT_3D('',#16959,#13701,#13702);
#11057=AXIS2_PLACEMENT_3D('',#16960,#13703,#13704);
#11058=AXIS2_PLACEMENT_3D('',#16963,#13705,#13706);
#11059=AXIS2_PLACEMENT_3D('',#16964,#13707,#13708);
#11060=AXIS2_PLACEMENT_3D('',#16965,#13709,#13710);
#11061=AXIS2_PLACEMENT_3D('',#16966,#13711,#13712);
#11062=AXIS2_PLACEMENT_3D('',#16970,#13714,#13715);
#11063=AXIS2_PLACEMENT_3D('',#16972,#13717,#13718);
#11064=AXIS2_PLACEMENT_3D('',#16973,#13719,#13720);
#11065=AXIS2_PLACEMENT_3D('',#16974,#13721,#13722);
#11066=AXIS2_PLACEMENT_3D('',#16975,#13723,#13724);
#11067=AXIS2_PLACEMENT_3D('',#16976,#13725,#13726);
#11068=AXIS2_PLACEMENT_3D('',#16977,#13727,#13728);
#11069=AXIS2_PLACEMENT_3D('',#16978,#13729,#13730);
#11070=AXIS2_PLACEMENT_3D('',#16979,#13731,#13732);
#11071=AXIS2_PLACEMENT_3D('',#16980,#13733,#13734);
#11072=AXIS2_PLACEMENT_3D('',#16981,#13735,#13736);
#11073=AXIS2_PLACEMENT_3D('',#16982,#13737,#13738);
#11074=AXIS2_PLACEMENT_3D('',#16983,#13739,#13740);
#11075=AXIS2_PLACEMENT_3D('',#16984,#13741,#13742);
#11076=AXIS2_PLACEMENT_3D('',#16985,#13743,#13744);
#11077=AXIS2_PLACEMENT_3D('',#16986,#13745,#13746);
#11078=AXIS2_PLACEMENT_3D('',#16987,#13747,#13748);
#11079=AXIS2_PLACEMENT_3D('',#16988,#13749,#13750);
#11080=AXIS2_PLACEMENT_3D('',#16989,#13751,#13752);
#11081=AXIS2_PLACEMENT_3D('',#16990,#13753,#13754);
#11082=AXIS2_PLACEMENT_3D('',#16991,#13755,#13756);
#11083=AXIS2_PLACEMENT_3D('',#16992,#13757,#13758);
#11084=AXIS2_PLACEMENT_3D('',#16993,#13759,#13760);
#11085=AXIS2_PLACEMENT_3D('',#16994,#13761,#13762);
#11086=AXIS2_PLACEMENT_3D('',#16995,#13763,#13764);
#11087=AXIS2_PLACEMENT_3D('',#16996,#13765,#13766);
#11088=AXIS2_PLACEMENT_3D('',#16997,#13767,#13768);
#11089=AXIS2_PLACEMENT_3D('',#16998,#13769,#13770);
#11090=AXIS2_PLACEMENT_3D('',#16999,#13771,#13772);
#11091=AXIS2_PLACEMENT_3D('',#17000,#13773,#13774);
#11092=AXIS2_PLACEMENT_3D('',#17001,#13775,#13776);
#11093=AXIS2_PLACEMENT_3D('',#17002,#13777,#13778);
#11094=AXIS2_PLACEMENT_3D('',#17003,#13779,#13780);
#11095=AXIS2_PLACEMENT_3D('',#17004,#13781,#13782);
#11096=AXIS2_PLACEMENT_3D('',#17005,#13783,#13784);
#11097=AXIS2_PLACEMENT_3D('',#17006,#13785,#13786);
#11098=AXIS2_PLACEMENT_3D('',#17007,#13787,#13788);
#11099=AXIS2_PLACEMENT_3D('',#17008,#13789,#13790);
#11100=AXIS2_PLACEMENT_3D('',#17009,#13791,#13792);
#11101=AXIS2_PLACEMENT_3D('',#17010,#13793,#13794);
#11102=AXIS2_PLACEMENT_3D('',#17035,#13795,#13796);
#11103=AXIS2_PLACEMENT_3D('',#17036,#13797,#13798);
#11104=AXIS2_PLACEMENT_3D('',#17037,#13799,#13800);
#11105=AXIS2_PLACEMENT_3D('',#17047,#13801,#13802);
#11106=AXIS2_PLACEMENT_3D('',#17072,#13803,#13804);
#11107=AXIS2_PLACEMENT_3D('',#17073,#13805,#13806);
#11108=AXIS2_PLACEMENT_3D('',#17074,#13807,#13808);
#11109=AXIS2_PLACEMENT_3D('',#17075,#13809,#13810);
#11110=AXIS2_PLACEMENT_3D('',#17076,#13811,#13812);
#11111=AXIS2_PLACEMENT_3D('',#17110,#13813,#13814);
#11112=AXIS2_PLACEMENT_3D('',#17111,#13815,#13816);
#11113=AXIS2_PLACEMENT_3D('',#17112,#13817,#13818);
#11114=AXIS2_PLACEMENT_3D('',#17122,#13819,#13820);
#11115=AXIS2_PLACEMENT_3D('',#17123,#13821,#13822);
#11116=AXIS2_PLACEMENT_3D('',#17124,#13823,#13824);
#11117=AXIS2_PLACEMENT_3D('',#17173,#13825,#13826);
#11118=AXIS2_PLACEMENT_3D('',#17174,#13827,#13828);
#11119=AXIS2_PLACEMENT_3D('',#17175,#13829,#13830);
#11120=AXIS2_PLACEMENT_3D('',#17185,#13831,#13832);
#11121=AXIS2_PLACEMENT_3D('',#17210,#13833,#13834);
#11122=AXIS2_PLACEMENT_3D('',#17211,#13835,#13836);
#11123=AXIS2_PLACEMENT_3D('',#17212,#13837,#13838);
#11124=AXIS2_PLACEMENT_3D('',#17213,#13839,#13840);
#11125=AXIS2_PLACEMENT_3D('',#17214,#13841,#13842);
#11126=AXIS2_PLACEMENT_3D('',#17215,#13843,#13844);
#11127=AXIS2_PLACEMENT_3D('',#17216,#13845,#13846);
#11128=AXIS2_PLACEMENT_3D('',#17217,#13847,#13848);
#11129=AXIS2_PLACEMENT_3D('',#17218,#13849,#13850);
#11130=AXIS2_PLACEMENT_3D('',#17220,#13851,#13852);
#11131=AXIS2_PLACEMENT_3D('',#17223,#13854,#13855);
#11132=AXIS2_PLACEMENT_3D('',#17224,#13856,#13857);
#11133=AXIS2_PLACEMENT_3D('',#17226,#13858,#13859);
#11134=AXIS2_PLACEMENT_3D('',#17230,#13861,#13862);
#11135=AXIS2_PLACEMENT_3D('',#17232,#13863,#13864);
#11136=AXIS2_PLACEMENT_3D('',#17234,#13865,#13866);
#11137=AXIS2_PLACEMENT_3D('',#17236,#13867,#13868);
#11138=AXIS2_PLACEMENT_3D('',#17238,#13869,#13870);
#11139=AXIS2_PLACEMENT_3D('',#17240,#13871,#13872);
#11140=AXIS2_PLACEMENT_3D('',#17242,#13873,#13874);
#11141=AXIS2_PLACEMENT_3D('',#17244,#13875,#13876);
#11142=AXIS2_PLACEMENT_3D('',#17246,#13877,#13878);
#11143=AXIS2_PLACEMENT_3D('',#17248,#13879,#13880);
#11144=AXIS2_PLACEMENT_3D('',#17250,#13881,#13882);
#11145=AXIS2_PLACEMENT_3D('',#17252,#13883,#13884);
#11146=AXIS2_PLACEMENT_3D('',#17254,#13885,#13886);
#11147=AXIS2_PLACEMENT_3D('',#17256,#13887,#13888);
#11148=AXIS2_PLACEMENT_3D('',#17258,#13889,#13890);
#11149=AXIS2_PLACEMENT_3D('',#17260,#13891,#13892);
#11150=AXIS2_PLACEMENT_3D('',#17262,#13893,#13894);
#11151=AXIS2_PLACEMENT_3D('',#17264,#13895,#13896);
#11152=AXIS2_PLACEMENT_3D('',#17266,#13897,#13898);
#11153=AXIS2_PLACEMENT_3D('',#17268,#13899,#13900);
#11154=AXIS2_PLACEMENT_3D('',#17270,#13901,#13902);
#11155=AXIS2_PLACEMENT_3D('',#17272,#13903,#13904);
#11156=AXIS2_PLACEMENT_3D('',#17274,#13905,#13906);
#11157=AXIS2_PLACEMENT_3D('',#17276,#13907,#13908);
#11158=AXIS2_PLACEMENT_3D('',#17278,#13909,#13910);
#11159=AXIS2_PLACEMENT_3D('',#17280,#13911,#13912);
#11160=AXIS2_PLACEMENT_3D('',#17282,#13913,#13914);
#11161=AXIS2_PLACEMENT_3D('',#17284,#13915,#13916);
#11162=AXIS2_PLACEMENT_3D('',#17286,#13917,#13918);
#11163=AXIS2_PLACEMENT_3D('',#17288,#13919,#13920);
#11164=AXIS2_PLACEMENT_3D('',#17290,#13921,#13922);
#11165=AXIS2_PLACEMENT_3D('',#17292,#13923,#13924);
#11166=AXIS2_PLACEMENT_3D('',#17294,#13925,#13926);
#11167=AXIS2_PLACEMENT_3D('',#17296,#13927,#13928);
#11168=AXIS2_PLACEMENT_3D('',#17298,#13929,#13930);
#11169=AXIS2_PLACEMENT_3D('',#17300,#13931,#13932);
#11170=AXIS2_PLACEMENT_3D('',#17302,#13933,#13934);
#11171=AXIS2_PLACEMENT_3D('',#17304,#13935,#13936);
#11172=AXIS2_PLACEMENT_3D('',#17306,#13937,#13938);
#11173=AXIS2_PLACEMENT_3D('',#17308,#13939,#13940);
#11174=AXIS2_PLACEMENT_3D('',#17309,#13941,#13942);
#11175=AXIS2_PLACEMENT_3D('',#17310,#13943,#13944);
#11176=AXIS2_PLACEMENT_3D('',#17312,#13945,#13946);
#11177=AXIS2_PLACEMENT_3D('',#17315,#13948,#13949);
#11178=AXIS2_PLACEMENT_3D('',#17316,#13950,#13951);
#11179=AXIS2_PLACEMENT_3D('',#17319,#13952,#13953);
#11180=AXIS2_PLACEMENT_3D('',#17323,#13955,#13956);
#11181=AXIS2_PLACEMENT_3D('',#17325,#13958,#13959);
#11182=AXIS2_PLACEMENT_3D('',#17328,#13962,#13963);
#11183=AXIS2_PLACEMENT_3D('',#17331,#13964,#13965);
#11184=AXIS2_PLACEMENT_3D('',#17335,#13967,#13968);
#11185=AXIS2_PLACEMENT_3D('',#17337,#13970,#13971);
#11186=AXIS2_PLACEMENT_3D('',#17340,#13974,#13975);
#11187=AXIS2_PLACEMENT_3D('',#17343,#13976,#13977);
#11188=AXIS2_PLACEMENT_3D('',#17347,#13979,#13980);
#11189=AXIS2_PLACEMENT_3D('',#17349,#13982,#13983);
#11190=AXIS2_PLACEMENT_3D('',#17352,#13986,#13987);
#11191=AXIS2_PLACEMENT_3D('',#17355,#13988,#13989);
#11192=AXIS2_PLACEMENT_3D('',#17359,#13991,#13992);
#11193=AXIS2_PLACEMENT_3D('',#17361,#13994,#13995);
#11194=AXIS2_PLACEMENT_3D('',#17364,#13998,#13999);
#11195=AXIS2_PLACEMENT_3D('',#17367,#14000,#14001);
#11196=AXIS2_PLACEMENT_3D('',#17371,#14003,#14004);
#11197=AXIS2_PLACEMENT_3D('',#17373,#14006,#14007);
#11198=AXIS2_PLACEMENT_3D('',#17376,#14010,#14011);
#11199=AXIS2_PLACEMENT_3D('',#17379,#14012,#14013);
#11200=AXIS2_PLACEMENT_3D('',#17383,#14015,#14016);
#11201=AXIS2_PLACEMENT_3D('',#17385,#14018,#14019);
#11202=AXIS2_PLACEMENT_3D('',#17388,#14022,#14023);
#11203=AXIS2_PLACEMENT_3D('',#17391,#14024,#14025);
#11204=AXIS2_PLACEMENT_3D('',#17395,#14027,#14028);
#11205=AXIS2_PLACEMENT_3D('',#17397,#14030,#14031);
#11206=AXIS2_PLACEMENT_3D('',#17400,#14034,#14035);
#11207=AXIS2_PLACEMENT_3D('',#17403,#14036,#14037);
#11208=AXIS2_PLACEMENT_3D('',#17407,#14039,#14040);
#11209=AXIS2_PLACEMENT_3D('',#17409,#14042,#14043);
#11210=AXIS2_PLACEMENT_3D('',#17412,#14046,#14047);
#11211=AXIS2_PLACEMENT_3D('',#17415,#14048,#14049);
#11212=AXIS2_PLACEMENT_3D('',#17419,#14051,#14052);
#11213=AXIS2_PLACEMENT_3D('',#17421,#14054,#14055);
#11214=AXIS2_PLACEMENT_3D('',#17424,#14058,#14059);
#11215=AXIS2_PLACEMENT_3D('',#17427,#14060,#14061);
#11216=AXIS2_PLACEMENT_3D('',#17431,#14063,#14064);
#11217=AXIS2_PLACEMENT_3D('',#17433,#14066,#14067);
#11218=AXIS2_PLACEMENT_3D('',#17436,#14070,#14071);
#11219=AXIS2_PLACEMENT_3D('',#17439,#14072,#14073);
#11220=AXIS2_PLACEMENT_3D('',#17443,#14075,#14076);
#11221=AXIS2_PLACEMENT_3D('',#17445,#14078,#14079);
#11222=AXIS2_PLACEMENT_3D('',#17448,#14082,#14083);
#11223=AXIS2_PLACEMENT_3D('',#17451,#14084,#14085);
#11224=AXIS2_PLACEMENT_3D('',#17455,#14087,#14088);
#11225=AXIS2_PLACEMENT_3D('',#17457,#14090,#14091);
#11226=AXIS2_PLACEMENT_3D('',#17460,#14094,#14095);
#11227=AXIS2_PLACEMENT_3D('',#17463,#14096,#14097);
#11228=AXIS2_PLACEMENT_3D('',#17467,#14099,#14100);
#11229=AXIS2_PLACEMENT_3D('',#17469,#14102,#14103);
#11230=AXIS2_PLACEMENT_3D('',#17472,#14106,#14107);
#11231=AXIS2_PLACEMENT_3D('',#17475,#14108,#14109);
#11232=AXIS2_PLACEMENT_3D('',#17479,#14111,#14112);
#11233=AXIS2_PLACEMENT_3D('',#17481,#14114,#14115);
#11234=AXIS2_PLACEMENT_3D('',#17484,#14118,#14119);
#11235=AXIS2_PLACEMENT_3D('',#17487,#14120,#14121);
#11236=AXIS2_PLACEMENT_3D('',#17491,#14123,#14124);
#11237=AXIS2_PLACEMENT_3D('',#17493,#14126,#14127);
#11238=AXIS2_PLACEMENT_3D('',#17496,#14130,#14131);
#11239=AXIS2_PLACEMENT_3D('',#17499,#14132,#14133);
#11240=AXIS2_PLACEMENT_3D('',#17503,#14135,#14136);
#11241=AXIS2_PLACEMENT_3D('',#17505,#14138,#14139);
#11242=AXIS2_PLACEMENT_3D('',#17508,#14142,#14143);
#11243=AXIS2_PLACEMENT_3D('',#17511,#14144,#14145);
#11244=AXIS2_PLACEMENT_3D('',#17515,#14147,#14148);
#11245=AXIS2_PLACEMENT_3D('',#17517,#14150,#14151);
#11246=AXIS2_PLACEMENT_3D('',#17520,#14154,#14155);
#11247=AXIS2_PLACEMENT_3D('',#17523,#14156,#14157);
#11248=AXIS2_PLACEMENT_3D('',#17527,#14159,#14160);
#11249=AXIS2_PLACEMENT_3D('',#17529,#14162,#14163);
#11250=AXIS2_PLACEMENT_3D('',#17532,#14166,#14167);
#11251=AXIS2_PLACEMENT_3D('',#17535,#14168,#14169);
#11252=AXIS2_PLACEMENT_3D('',#17539,#14171,#14172);
#11253=AXIS2_PLACEMENT_3D('',#17541,#14174,#14175);
#11254=AXIS2_PLACEMENT_3D('',#17544,#14178,#14179);
#11255=AXIS2_PLACEMENT_3D('',#17545,#14180,#14181);
#11256=AXIS2_PLACEMENT_3D('',#17546,#14182,#14183);
#11257=AXIS2_PLACEMENT_3D('',#17549,#14184,#14185);
#11258=AXIS2_PLACEMENT_3D('',#17553,#14187,#14188);
#11259=AXIS2_PLACEMENT_3D('',#17555,#14190,#14191);
#11260=AXIS2_PLACEMENT_3D('',#17616,#14232,#14233);
#11261=AXIS2_PLACEMENT_3D('',#17619,#14236,#14237);
#11262=AXIS2_PLACEMENT_3D('',#17620,#14238,#14239);
#11263=AXIS2_PLACEMENT_3D('',#17624,#14242,#14243);
#11264=AXIS2_PLACEMENT_3D('',#17626,#14245,#14246);
#11265=AXIS2_PLACEMENT_3D('',#17627,#14247,#14248);
#11266=AXIS2_PLACEMENT_3D('',#17631,#14251,#14252);
#11267=AXIS2_PLACEMENT_3D('',#17633,#14254,#14255);
#11268=AXIS2_PLACEMENT_3D('',#17634,#14256,#14257);
#11269=AXIS2_PLACEMENT_3D('',#17638,#14260,#14261);
#11270=AXIS2_PLACEMENT_3D('',#17640,#14263,#14264);
#11271=AXIS2_PLACEMENT_3D('',#17641,#14265,#14266);
#11272=AXIS2_PLACEMENT_3D('',#17645,#14269,#14270);
#11273=AXIS2_PLACEMENT_3D('',#17647,#14272,#14273);
#11274=AXIS2_PLACEMENT_3D('',#17648,#14274,#14275);
#11275=AXIS2_PLACEMENT_3D('',#17652,#14278,#14279);
#11276=AXIS2_PLACEMENT_3D('',#17654,#14281,#14282);
#11277=AXIS2_PLACEMENT_3D('',#17655,#14283,#14284);
#11278=AXIS2_PLACEMENT_3D('',#17659,#14287,#14288);
#11279=AXIS2_PLACEMENT_3D('',#17661,#14290,#14291);
#11280=AXIS2_PLACEMENT_3D('',#17662,#14292,#14293);
#11281=AXIS2_PLACEMENT_3D('',#17666,#14296,#14297);
#11282=AXIS2_PLACEMENT_3D('',#17668,#14299,#14300);
#11283=AXIS2_PLACEMENT_3D('',#17669,#14301,#14302);
#11284=AXIS2_PLACEMENT_3D('',#17673,#14305,#14306);
#11285=AXIS2_PLACEMENT_3D('',#17675,#14308,#14309);
#11286=AXIS2_PLACEMENT_3D('',#17676,#14310,#14311);
#11287=AXIS2_PLACEMENT_3D('',#17680,#14314,#14315);
#11288=AXIS2_PLACEMENT_3D('',#17682,#14317,#14318);
#11289=AXIS2_PLACEMENT_3D('',#17683,#14319,#14320);
#11290=AXIS2_PLACEMENT_3D('',#17687,#14323,#14324);
#11291=AXIS2_PLACEMENT_3D('',#17689,#14326,#14327);
#11292=AXIS2_PLACEMENT_3D('',#17690,#14328,#14329);
#11293=AXIS2_PLACEMENT_3D('',#17694,#14332,#14333);
#11294=AXIS2_PLACEMENT_3D('',#17696,#14335,#14336);
#11295=AXIS2_PLACEMENT_3D('',#17697,#14337,#14338);
#11296=AXIS2_PLACEMENT_3D('',#17701,#14341,#14342);
#11297=AXIS2_PLACEMENT_3D('',#17703,#14344,#14345);
#11298=AXIS2_PLACEMENT_3D('',#17704,#14346,#14347);
#11299=AXIS2_PLACEMENT_3D('',#17708,#14350,#14351);
#11300=AXIS2_PLACEMENT_3D('',#17710,#14353,#14354);
#11301=AXIS2_PLACEMENT_3D('',#17711,#14355,#14356);
#11302=AXIS2_PLACEMENT_3D('',#17715,#14359,#14360);
#11303=AXIS2_PLACEMENT_3D('',#17717,#14362,#14363);
#11304=AXIS2_PLACEMENT_3D('',#17718,#14364,#14365);
#11305=AXIS2_PLACEMENT_3D('',#17722,#14368,#14369);
#11306=AXIS2_PLACEMENT_3D('',#17724,#14371,#14372);
#11307=AXIS2_PLACEMENT_3D('',#17725,#14373,#14374);
#11308=AXIS2_PLACEMENT_3D('',#17729,#14377,#14378);
#11309=AXIS2_PLACEMENT_3D('',#17731,#14380,#14381);
#11310=AXIS2_PLACEMENT_3D('',#17732,#14382,#14383);
#11311=AXIS2_PLACEMENT_3D('',#17736,#14386,#14387);
#11312=AXIS2_PLACEMENT_3D('',#17738,#14389,#14390);
#11313=AXIS2_PLACEMENT_3D('',#17739,#14391,#14392);
#11314=AXIS2_PLACEMENT_3D('',#17743,#14395,#14396);
#11315=AXIS2_PLACEMENT_3D('',#17745,#14398,#14399);
#11316=AXIS2_PLACEMENT_3D('',#17746,#14400,#14401);
#11317=AXIS2_PLACEMENT_3D('',#17750,#14404,#14405);
#11318=AXIS2_PLACEMENT_3D('',#17752,#14407,#14408);
#11319=AXIS2_PLACEMENT_3D('',#17753,#14409,#14410);
#11320=AXIS2_PLACEMENT_3D('',#17757,#14413,#14414);
#11321=AXIS2_PLACEMENT_3D('',#17759,#14416,#14417);
#11322=AXIS2_PLACEMENT_3D('',#17760,#14418,#14419);
#11323=AXIS2_PLACEMENT_3D('',#17761,#14420,#14421);
#11324=AXIS2_PLACEMENT_3D('',#17762,#14422,#14423);
#11325=AXIS2_PLACEMENT_3D('',#17763,#14424,#14425);
#11326=AXIS2_PLACEMENT_3D('',#17764,#14426,#14427);
#11327=AXIS2_PLACEMENT_3D('',#17765,#14428,#14429);
#11328=AXIS2_PLACEMENT_3D('',#17766,#14430,#14431);
#11329=AXIS2_PLACEMENT_3D('',#17767,#14432,#14433);
#11330=AXIS2_PLACEMENT_3D('',#17768,#14434,#14435);
#11331=AXIS2_PLACEMENT_3D('',#17769,#14436,#14437);
#11332=DIRECTION('axis',(0.,0.,1.));
#11333=DIRECTION('refdir',(1.,0.,0.));
#11334=DIRECTION('axis',(0.,0.,1.));
#11335=DIRECTION('refdir',(1.,0.,0.));
#11336=DIRECTION('center_axis',(-5.39022336627233E-24,1.,-8.84973178767101E-25));
#11337=DIRECTION('ref_axis',(-1.,-5.39022336627233E-24,9.71445146547004E-17));
#11338=DIRECTION('center_axis',(5.39022336627233E-24,-1.,8.84973178767101E-25));
#11339=DIRECTION('ref_axis',(-0.993844914423282,0.,-0.110780350581582));
#11340=DIRECTION('center_axis',(-5.39022336627233E-24,1.,-8.84973178767101E-25));
#11341=DIRECTION('ref_axis',(0.993844914423283,0.,0.110780350581577));
#11342=DIRECTION('center_axis',(5.39022336627233E-24,-1.,8.84973178767101E-25));
#11343=DIRECTION('ref_axis',(0.524413291470067,0.,-0.851463856971939));
#11344=DIRECTION('center_axis',(-5.39022336627233E-24,1.,-8.84973178767101E-25));
#11345=DIRECTION('ref_axis',(-0.524413291470078,0.,0.851463856971932));
#11346=DIRECTION('center_axis',(5.39022336627233E-24,-1.,8.84973178767101E-25));
#11347=DIRECTION('ref_axis',(-1.,0.,9.71445146547004E-17));
#11348=DIRECTION('center_axis',(0.,1.,0.));
#11349=DIRECTION('ref_axis',(1.,0.,-9.71445146547004E-17));
#11350=DIRECTION('center_axis',(-5.39022336627233E-24,1.,-8.84973203419004E-25));
#11351=DIRECTION('ref_axis',(1.,0.,-9.71445146547004E-17));
#11352=DIRECTION('',(0.,1.,0.));
#11353=DIRECTION('center_axis',(-5.39022336627233E-24,1.,-8.84973203419004E-25));
#11354=DIRECTION('ref_axis',(1.,5.39022336627233E-24,-9.71445146547004E-17));
#11355=DIRECTION('center_axis',(5.39022336627233E-24,-1.,8.84973203419004E-25));
#11356=DIRECTION('ref_axis',(1.,5.39022336627233E-24,-9.71445146547004E-17));
#11357=DIRECTION('center_axis',(0.,1.,0.));
#11358=DIRECTION('ref_axis',(1.,0.,-9.71445146547004E-17));
#11359=DIRECTION('center_axis',(-5.39022336627233E-24,1.,-8.84973203419004E-25));
#11360=DIRECTION('ref_axis',(1.,0.,-9.71445146547004E-17));
#11361=DIRECTION('',(0.,1.,0.));
#11362=DIRECTION('center_axis',(-5.39022336627233E-24,1.,-8.84973203419004E-25));
#11363=DIRECTION('ref_axis',(1.,5.39022336627233E-24,-9.71445146547004E-17));
#11364=DIRECTION('center_axis',(5.39022336627233E-24,-1.,8.84973203419004E-25));
#11365=DIRECTION('ref_axis',(1.,5.39022336627233E-24,-9.71445146547004E-17));
#11366=DIRECTION('center_axis',(5.39022336627233E-24,-1.,8.84973203419004E-25));
#11367=DIRECTION('ref_axis',(1.,5.39022336627233E-24,-9.71445146547004E-17));
#11368=DIRECTION('center_axis',(8.48492661929513E-16,-1.,7.38616544188378E-16));
#11369=DIRECTION('ref_axis',(-2.33980586180224E-16,0.,-1.));
#11370=DIRECTION('',(0.948987300826751,1.03810511385841E-15,0.315314292206297));
#11371=DIRECTION('center_axis',(8.48492661929513E-16,-1.,7.38616544188378E-16));
#11372=DIRECTION('ref_axis',(0.895898602642192,0.,-0.44425858886888));
#11373=DIRECTION('',(-0.323395334640406,4.24527638133523E-16,0.946263947074399));
#11374=DIRECTION('center_axis',(-8.48492661929513E-16,1.,-7.38616544188378E-16));
#11375=DIRECTION('ref_axis',(-0.947024831799729,0.,0.321160346174144));
#11376=DIRECTION('center_axis',(8.48492661929513E-16,-1.,7.38616544188378E-16));
#11377=DIRECTION('ref_axis',(0.946263947074398,0.,0.323395334640408));
#11378=DIRECTION('center_axis',(-8.48492661929513E-16,1.,-7.38616544188378E-16));
#11379=DIRECTION('ref_axis',(-0.552375240882912,0.,-0.833595581357978));
#11380=DIRECTION('',(-0.323395334640406,4.24527638133523E-16,0.946263947074399));
#11381=DIRECTION('center_axis',(-8.48492661929513E-16,1.,-7.38616544188378E-16));
#11382=DIRECTION('ref_axis',(-0.947025092371989,0.,0.321159577808019));
#11383=DIRECTION('center_axis',(8.48492661929513E-16,-1.,7.38616544188378E-16));
#11384=DIRECTION('ref_axis',(0.996657823621659,0.,0.0816895502113832));
#11385=DIRECTION('center_axis',(-8.48492661929513E-16,1.,-7.38616544188378E-16));
#11386=DIRECTION('ref_axis',(-0.840065661350073,0.,-0.542484732154247));
#11387=DIRECTION('',(-2.8763833712964E-16,7.38616544188378E-16,1.));
#11388=DIRECTION('center_axis',(8.48492661929513E-16,-1.,7.38616544188378E-16));
#11389=DIRECTION('ref_axis',(0.707106781186547,0.,0.707106781186548));
#11390=DIRECTION('',(-1.,-8.48492661929513E-16,-3.28426242116961E-16));
#11391=DIRECTION('center_axis',(8.48492661929513E-16,-1.,7.38616544188378E-16));
#11392=DIRECTION('ref_axis',(-0.707106781186548,0.,0.707106781186547));
#11393=DIRECTION('',(-4.82327838594745E-16,-7.38616544188378E-16,-1.));
#11394=DIRECTION('center_axis',(-8.48492661929513E-16,1.,-7.38616544188378E-16));
#11395=DIRECTION('ref_axis',(0.84006566437121,0.,-0.542484727475859));
#11396=DIRECTION('center_axis',(8.48492661929513E-16,-1.,7.38616544188378E-16));
#11397=DIRECTION('ref_axis',(-1.,0.,0.));
#11398=DIRECTION('center_axis',(-8.48492661929513E-16,1.,-7.38616544188378E-16));
#11399=DIRECTION('ref_axis',(0.947025087893932,0.,0.32115959101277));
#11400=DIRECTION('',(-0.323395321446267,-9.73324766958233E-16,-0.94626395158363));
#11401=DIRECTION('center_axis',(-8.48492661929513E-16,1.,-7.38616544188378E-16));
#11402=DIRECTION('ref_axis',(0.552375252506072,0.,-0.833595573655987));
#11403=DIRECTION('center_axis',(8.48492661929513E-16,-1.,7.38616544188378E-16));
#11404=DIRECTION('ref_axis',(-1.,0.,0.));
#11405=DIRECTION('center_axis',(-8.48492661929513E-16,1.,-7.38616544188378E-16));
#11406=DIRECTION('ref_axis',(0.947024827321661,0.,0.321160359378892));
#11407=DIRECTION('',(-0.323395321446267,-9.73324766958233E-16,-0.94626395158363));
#11408=DIRECTION('center_axis',(8.48492661929513E-16,-1.,7.38616544188378E-16));
#11409=DIRECTION('ref_axis',(-0.895898599544954,0.,-0.444258595114817));
#11410=DIRECTION('',(0.948987300826751,5.72312408173174E-16,-0.315314292206297));
#11411=DIRECTION('center_axis',(-8.48492661929513E-16,1.,-7.38616544188378E-16));
#11412=DIRECTION('ref_axis',(-0.524413291470078,0.,0.851463856971932));
#11413=DIRECTION('center_axis',(8.48492661929513E-16,-1.,7.38616544188378E-16));
#11414=DIRECTION('ref_axis',(0.524413291470067,0.,-0.851463856971939));
#11415=DIRECTION('center_axis',(-8.48492661929513E-16,1.,-7.38616544188378E-16));
#11416=DIRECTION('ref_axis',(0.993844914423283,0.,0.110780350581577));
#11417=DIRECTION('center_axis',(8.48492661929513E-16,-1.,7.38616544188378E-16));
#11418=DIRECTION('ref_axis',(-0.993844914423282,0.,-0.110780350581582));
#11419=DIRECTION('center_axis',(-8.48492661929513E-16,1.,-7.38616544188378E-16));
#11420=DIRECTION('ref_axis',(1.,8.88178419700125E-16,5.55111512312279E-17));
#11421=DIRECTION('center_axis',(-8.48492661929513E-16,1.,-7.38616544188378E-16));
#11422=DIRECTION('ref_axis',(1.,8.88178419700125E-16,5.55111512312279E-17));
#11423=DIRECTION('center_axis',(-8.48492661929513E-16,1.,-7.38616544188378E-16));
#11424=DIRECTION('ref_axis',(1.,8.88178419700125E-16,5.55111512312279E-17));
#11425=DIRECTION('center_axis',(-8.48492661929513E-16,1.,-7.38616544188378E-16));
#11426=DIRECTION('ref_axis',(1.,8.88178419700125E-16,5.55111512312279E-17));
#11427=DIRECTION('center_axis',(-8.48492661929513E-16,1.,-7.38616544188378E-16));
#11428=DIRECTION('ref_axis',(1.,8.88178419700125E-16,5.55111512312279E-17));
#11429=DIRECTION('center_axis',(-8.48492661929513E-16,1.,-7.38616544188378E-16));
#11430=DIRECTION('ref_axis',(1.,8.88178419700125E-16,5.55111512312279E-17));
#11431=DIRECTION('center_axis',(-8.48492661929513E-16,1.,-7.38616544188378E-16));
#11432=DIRECTION('ref_axis',(1.,8.88178419700125E-16,5.55111512312279E-17));
#11433=DIRECTION('center_axis',(-8.48492661929513E-16,1.,-7.38616544188378E-16));
#11434=DIRECTION('ref_axis',(1.,8.88178419700125E-16,5.55111512312279E-17));
#11435=DIRECTION('center_axis',(-3.28426242116961E-16,0.,1.));
#11436=DIRECTION('ref_axis',(-1.,0.,-3.28426242116961E-16));
#11437=DIRECTION('',(0.,-1.,0.));
#11438=DIRECTION('',(1.,0.,3.28426242116961E-16));
#11439=DIRECTION('',(0.,-1.,0.));
#11440=DIRECTION('center_axis',(-0.946263947074399,0.,-0.323395334640406));
#11441=DIRECTION('ref_axis',(0.323395334640406,0.,-0.946263947074399));
#11442=DIRECTION('',(0.,-1.,0.));
#11443=DIRECTION('',(0.323395334640406,0.,-0.946263947074398));
#11444=DIRECTION('',(0.,-1.,0.));
#11445=DIRECTION('center_axis',(-0.946263947074399,0.,-0.323395334640406));
#11446=DIRECTION('ref_axis',(0.323395334640406,0.,-0.946263947074399));
#11447=DIRECTION('',(0.,-1.,0.));
#11448=DIRECTION('',(0.323395334640406,0.,-0.946263947074398));
#11449=DIRECTION('',(0.,-1.,0.));
#11450=DIRECTION('center_axis',(0.,-1.,0.));
#11451=DIRECTION('ref_axis',(-0.947024831799729,0.,0.321160346174144));
#11452=DIRECTION('center_axis',(0.,-1.,0.));
#11453=DIRECTION('ref_axis',(-0.947024831799729,0.,0.321160346174144));
#11454=DIRECTION('',(0.,-1.,0.));
#11455=DIRECTION('center_axis',(0.,-1.,0.));
#11456=DIRECTION('ref_axis',(0.946263947074398,0.,0.323395334640408));
#11457=DIRECTION('center_axis',(0.,1.,0.));
#11458=DIRECTION('ref_axis',(-1.,0.,0.));
#11459=DIRECTION('',(0.,-1.,0.));
#11460=DIRECTION('center_axis',(0.,1.,0.));
#11461=DIRECTION('ref_axis',(-0.552375240882912,0.,-0.833595581357978));
#11462=DIRECTION('center_axis',(0.,-1.,0.));
#11463=DIRECTION('ref_axis',(-0.552375240882912,0.,-0.833595581357978));
#11464=DIRECTION('center_axis',(0.,-1.,0.));
#11465=DIRECTION('ref_axis',(-0.840065661350073,0.,-0.542484732154247));
#11466=DIRECTION('',(0.,-1.,0.));
#11467=DIRECTION('center_axis',(0.,-1.,0.));
#11468=DIRECTION('ref_axis',(-0.840065661350073,0.,-0.542484732154247));
#11469=DIRECTION('',(0.,-1.,0.));
#11470=DIRECTION('center_axis',(0.,-1.,0.));
#11471=DIRECTION('ref_axis',(0.996657823621659,0.,0.0816895502113832));
#11472=DIRECTION('',(0.,-1.,0.));
#11473=DIRECTION('center_axis',(0.,1.,0.));
#11474=DIRECTION('ref_axis',(-1.,0.,0.));
#11475=DIRECTION('center_axis',(0.,-1.,0.));
#11476=DIRECTION('ref_axis',(-0.947025092371989,0.,0.321159577808019));
#11477=DIRECTION('center_axis',(0.,-1.,0.));
#11478=DIRECTION('ref_axis',(-0.947025092371989,0.,0.321159577808019));
#11479=DIRECTION('center_axis',(0.,-1.,0.));
#11480=DIRECTION('ref_axis',(0.84006566437121,0.,-0.542484727475859));
#11481=DIRECTION('',(0.,-1.,0.));
#11482=DIRECTION('center_axis',(0.,-1.,0.));
#11483=DIRECTION('ref_axis',(0.84006566437121,0.,-0.542484727475859));
#11484=DIRECTION('',(0.,-1.,0.));
#11485=DIRECTION('center_axis',(0.,-1.,0.));
#11486=DIRECTION('ref_axis',(0.895898602642192,0.,-0.44425858886888));
#11487=DIRECTION('',(0.,-1.,0.));
#11488=DIRECTION('center_axis',(0.,1.,0.));
#11489=DIRECTION('ref_axis',(0.895898602642192,0.,-0.44425858886888));
#11490=DIRECTION('center_axis',(-1.,0.,4.82327838594745E-16));
#11491=DIRECTION('ref_axis',(-4.82327838594745E-16,0.,-1.));
#11492=DIRECTION('',(0.,-1.,0.));
#11493=DIRECTION('',(4.82327838594745E-16,0.,1.));
#11494=DIRECTION('center_axis',(0.,-1.,0.));
#11495=DIRECTION('ref_axis',(-0.707106781186548,0.,0.707106781186547));
#11496=DIRECTION('center_axis',(0.,1.,0.));
#11497=DIRECTION('ref_axis',(-0.707106781186548,0.,0.707106781186547));
#11498=DIRECTION('center_axis',(1.,0.,2.8763833712964E-16));
#11499=DIRECTION('ref_axis',(-2.8763833712964E-16,0.,1.));
#11500=DIRECTION('',(4.70488161593239E-16,0.,-1.));
#11501=DIRECTION('',(0.,-1.,0.));
#11502=DIRECTION('center_axis',(0.,-1.,0.));
#11503=DIRECTION('ref_axis',(0.707106781186547,0.,0.707106781186548));
#11504=DIRECTION('center_axis',(0.,1.,0.));
#11505=DIRECTION('ref_axis',(0.707106781186547,0.,0.707106781186548));
#11506=DIRECTION('center_axis',(0.315314292206297,0.,-0.948987300826751));
#11507=DIRECTION('ref_axis',(0.948987300826751,0.,0.315314292206297));
#11508=DIRECTION('',(0.,-1.,0.));
#11509=DIRECTION('',(-0.948987300826751,0.,-0.315314292206297));
#11510=DIRECTION('center_axis',(0.,-1.,0.));
#11511=DIRECTION('ref_axis',(-1.,0.,0.));
#11512=DIRECTION('center_axis',(0.,1.,0.));
#11513=DIRECTION('ref_axis',(-1.,0.,0.));
#11514=DIRECTION('',(0.,-1.,0.));
#11515=DIRECTION('center_axis',(0.,1.,0.));
#11516=DIRECTION('ref_axis',(0.947025087893932,0.,0.32115959101277));
#11517=DIRECTION('center_axis',(0.,-1.,0.));
#11518=DIRECTION('ref_axis',(0.947025087893932,0.,0.32115959101277));
#11519=DIRECTION('',(0.,-1.,0.));
#11520=DIRECTION('center_axis',(0.94626395158363,0.,-0.323395321446267));
#11521=DIRECTION('ref_axis',(0.323395321446267,0.,0.94626395158363));
#11522=DIRECTION('',(0.323395321446267,0.,0.94626395158363));
#11523=DIRECTION('',(0.,-1.,0.));
#11524=DIRECTION('center_axis',(0.,-1.,0.));
#11525=DIRECTION('ref_axis',(0.552375252506072,0.,-0.833595573655987));
#11526=DIRECTION('center_axis',(0.,-1.,0.));
#11527=DIRECTION('ref_axis',(0.552375252506072,0.,-0.833595573655987));
#11528=DIRECTION('',(0.,-1.,0.));
#11529=DIRECTION('center_axis',(0.,-1.,0.));
#11530=DIRECTION('ref_axis',(-1.,0.,0.));
#11531=DIRECTION('center_axis',(0.,1.,0.));
#11532=DIRECTION('ref_axis',(-1.,0.,0.));
#11533=DIRECTION('',(0.,-1.,0.));
#11534=DIRECTION('center_axis',(0.,1.,0.));
#11535=DIRECTION('ref_axis',(0.947024827321661,0.,0.321160359378892));
#11536=DIRECTION('center_axis',(0.,-1.,0.));
#11537=DIRECTION('ref_axis',(0.947024827321661,0.,0.321160359378892));
#11538=DIRECTION('',(0.,-1.,1.38777878078144E-15));
#11539=DIRECTION('center_axis',(0.94626395158363,0.,-0.323395321446267));
#11540=DIRECTION('ref_axis',(0.323395321446267,0.,0.94626395158363));
#11541=DIRECTION('',(0.323395321446267,0.,0.94626395158363));
#11542=DIRECTION('',(0.,-1.,0.));
#11543=DIRECTION('center_axis',(0.,1.,0.));
#11544=DIRECTION('ref_axis',(-0.895898599544954,0.,-0.444258595114817));
#11545=DIRECTION('center_axis',(0.,1.,0.));
#11546=DIRECTION('ref_axis',(-0.895898599544954,0.,-0.444258595114817));
#11547=DIRECTION('',(0.,-1.,0.));
#11548=DIRECTION('center_axis',(-8.88178419700125E-16,1.,-6.66133814775094E-16));
#11549=DIRECTION('ref_axis',(1.,8.88178419700125E-16,5.55111512312279E-17));
#11550=DIRECTION('',(-8.88178419700125E-16,1.,-6.66133814775094E-16));
#11551=DIRECTION('center_axis',(0.,-1.,0.));
#11552=DIRECTION('ref_axis',(1.,0.,5.55111512312279E-17));
#11553=DIRECTION('center_axis',(-8.88178419700125E-16,1.,-6.66133814775094E-16));
#11554=DIRECTION('ref_axis',(1.,8.88178419700125E-16,5.55111512312279E-17));
#11555=DIRECTION('',(-8.88178419700125E-16,1.,-6.66133814775094E-16));
#11556=DIRECTION('center_axis',(0.,-1.,0.));
#11557=DIRECTION('ref_axis',(1.,0.,5.55111512312279E-17));
#11558=DIRECTION('center_axis',(-8.88178419700125E-16,1.,-7.7715611723761E-16));
#11559=DIRECTION('ref_axis',(1.,8.88178419700125E-16,5.55111512312279E-17));
#11560=DIRECTION('',(-8.88178419700125E-16,1.,-7.7715611723761E-16));
#11561=DIRECTION('center_axis',(0.,-1.,0.));
#11562=DIRECTION('ref_axis',(1.,8.88178419700125E-16,5.55111512312279E-17));
#11563=DIRECTION('center_axis',(-8.88178419700125E-16,1.,-7.7715611723761E-16));
#11564=DIRECTION('ref_axis',(1.,8.88178419700125E-16,5.55111512312279E-17));
#11565=DIRECTION('',(-8.88178419700125E-16,1.,-7.7715611723761E-16));
#11566=DIRECTION('center_axis',(0.,-1.,0.));
#11567=DIRECTION('ref_axis',(1.,8.88178419700125E-16,5.55111512312279E-17));
#11568=DIRECTION('center_axis',(-8.88178419700125E-16,1.,-7.21644966006352E-16));
#11569=DIRECTION('ref_axis',(1.,8.88178419700125E-16,5.55111512312279E-17));
#11570=DIRECTION('',(-8.88178419700125E-16,1.,-7.21644966006352E-16));
#11571=DIRECTION('center_axis',(0.,-1.,0.));
#11572=DIRECTION('ref_axis',(1.,0.,5.55111512312279E-17));
#11573=DIRECTION('center_axis',(-8.88178419700125E-16,1.,-6.66133814775094E-16));
#11574=DIRECTION('ref_axis',(1.,8.88178419700125E-16,5.55111512312279E-17));
#11575=DIRECTION('',(-8.88178419700125E-16,1.,-6.66133814775094E-16));
#11576=DIRECTION('center_axis',(0.,-1.,0.));
#11577=DIRECTION('ref_axis',(1.,8.88178419700125E-16,5.55111512312279E-17));
#11578=DIRECTION('center_axis',(-8.88178419700125E-16,1.,-6.66133814775094E-16));
#11579=DIRECTION('ref_axis',(1.,8.88178419700125E-16,5.55111512312279E-17));
#11580=DIRECTION('',(-8.88178419700125E-16,1.,-6.66133814775094E-16));
#11581=DIRECTION('center_axis',(0.,-1.,0.));
#11582=DIRECTION('ref_axis',(1.,8.88178419700125E-16,5.55111512312279E-17));
#11583=DIRECTION('center_axis',(-8.88178419700125E-16,1.,-7.21644966006352E-16));
#11584=DIRECTION('ref_axis',(1.,8.88178419700125E-16,5.55111512312279E-17));
#11585=DIRECTION('',(-8.88178419700125E-16,1.,-7.21644966006352E-16));
#11586=DIRECTION('center_axis',(0.,-1.,0.));
#11587=DIRECTION('ref_axis',(1.,0.,5.55111512312279E-17));
#11588=DIRECTION('center_axis',(0.,-1.,0.));
#11589=DIRECTION('ref_axis',(1.,0.,0.));
#11590=DIRECTION('center_axis',(0.,-1.,0.));
#11591=DIRECTION('ref_axis',(-2.33980586180224E-16,0.,-1.));
#11592=DIRECTION('',(-0.948987300826751,0.,0.315314292206297));
#11593=DIRECTION('',(0.315314292206297,0.,0.948987300826751));
#11594=DIRECTION('center_axis',(0.,-1.,0.));
#11595=DIRECTION('ref_axis',(1.,0.,0.));
#11596=DIRECTION('',(0.315314292206299,0.,-0.94898730082675));
#11597=DIRECTION('center_axis',(0.,-1.,0.));
#11598=DIRECTION('ref_axis',(0.948987300826749,0.,0.315314292206303));
#11599=DIRECTION('',(-0.315314292206432,0.,0.948987300826706));
#11600=DIRECTION('center_axis',(0.,-1.,0.));
#11601=DIRECTION('ref_axis',(0.732950641446568,0.,0.680281821896679));
#11602=DIRECTION('',(-0.680281821896693,0.,0.732950641446555));
#11603=DIRECTION('center_axis',(0.,1.,0.));
#11604=DIRECTION('ref_axis',(-0.732950641446567,0.,-0.68028182189668));
#11605=DIRECTION('',(-0.315314292206301,0.,0.948987300826749));
#11606=DIRECTION('center_axis',(0.,1.,0.));
#11607=DIRECTION('ref_axis',(-0.948987300826751,0.,-0.315314292206297));
#11608=DIRECTION('',(0.442311719779131,0.,0.896861384242865));
#11609=DIRECTION('center_axis',(0.,-1.,0.));
#11610=DIRECTION('ref_axis',(0.997641536601471,0.,-0.0686393797135185));
#11611=DIRECTION('',(-0.3153142922063,0.,0.94898730082675));
#11612=DIRECTION('center_axis',(0.,-1.,0.));
#11613=DIRECTION('ref_axis',(-5.37268642273961E-16,0.,1.));
#11614=DIRECTION('',(-1.,0.,9.71445146547004E-17));
#11615=DIRECTION('center_axis',(0.,-1.,0.));
#11616=DIRECTION('ref_axis',(-0.94898730082675,0.,0.315314292206299));
#11617=DIRECTION('',(-0.315314292206294,0.,-0.948987300826752));
#11618=DIRECTION('center_axis',(0.,-1.,0.));
#11619=DIRECTION('ref_axis',(-0.997641536601471,0.,-0.0686393797135098));
#11620=DIRECTION('',(0.44231171977911,0.,-0.896861384242875));
#11621=DIRECTION('center_axis',(0.,1.,0.));
#11622=DIRECTION('ref_axis',(0.896861384242869,0.,0.442311719779122));
#11623=DIRECTION('',(-0.3153142922063,0.,-0.94898730082675));
#11624=DIRECTION('center_axis',(0.,1.,0.));
#11625=DIRECTION('ref_axis',(0.948987300826751,0.,-0.315314292206297));
#11626=DIRECTION('',(-0.680281821896662,0.,-0.732950641446583));
#11627=DIRECTION('center_axis',(0.,-1.,0.));
#11628=DIRECTION('ref_axis',(-0.948987300826749,0.,0.315314292206303));
#11629=DIRECTION('',(-0.315314292206315,0.,-0.948987300826745));
#11630=DIRECTION('center_axis',(0.,-1.,0.));
#11631=DIRECTION('ref_axis',(0.948987300826751,0.,-0.315314292206297));
#11632=DIRECTION('center_axis',(-0.315314292206297,0.,-0.948987300826751));
#11633=DIRECTION('ref_axis',(0.948987300826751,0.,-0.315314292206297));
#11634=DIRECTION('',(0.,1.,0.));
#11635=DIRECTION('center_axis',(0.,-1.,0.));
#11636=DIRECTION('ref_axis',(-2.33980586180224E-16,0.,-1.));
#11637=DIRECTION('center_axis',(0.,1.,0.));
#11638=DIRECTION('ref_axis',(0.948987300826749,0.,0.315314292206303));
#11639=DIRECTION('',(0.,1.,0.));
#11640=DIRECTION('center_axis',(-5.39022335666287E-24,1.,-8.8497317634716E-25));
#11641=DIRECTION('ref_axis',(0.948987300826749,5.39429820481426E-24,0.315314292206303));
#11642=DIRECTION('',(0.,1.,0.));
#11643=DIRECTION('center_axis',(-0.94898730082675,0.,-0.315314292206299));
#11644=DIRECTION('ref_axis',(-0.315314292206299,-8.59786156614243E-25,0.94898730082675));
#11645=DIRECTION('',(0.,1.,0.));
#11646=DIRECTION('',(-0.315314292206299,-8.59786156614243E-25,0.94898730082675));
#11647=DIRECTION('center_axis',(0.,1.,0.));
#11648=DIRECTION('ref_axis',(-1.,0.,9.71445146547004E-17));
#11649=DIRECTION('',(0.,1.,0.));
#11650=DIRECTION('center_axis',(-5.39022336627233E-24,1.,-8.84973178767101E-25));
#11651=DIRECTION('ref_axis',(-1.,-5.39022336627233E-24,9.71445146547004E-17));
#11652=DIRECTION('center_axis',(0.948987300826751,0.,-0.315314292206297));
#11653=DIRECTION('ref_axis',(-0.315314292206297,-2.53944277716171E-24,-0.948987300826751));
#11654=DIRECTION('',(0.,1.,0.));
#11655=DIRECTION('',(-0.315314292206297,-2.53944277716171E-24,-0.948987300826751));
#11656=DIRECTION('center_axis',(0.,1.,0.));
#11657=DIRECTION('ref_axis',(0.948987300826751,0.,-0.315314292206297));
#11658=DIRECTION('',(0.,1.,0.));
#11659=DIRECTION('center_axis',(-5.39022337283396E-24,1.,-8.84973180137479E-25));
#11660=DIRECTION('ref_axis',(0.948987300826751,4.83620883752236E-24,-0.315314292206297));
#11661=DIRECTION('center_axis',(-0.948987300826745,0.,0.315314292206315));
#11662=DIRECTION('ref_axis',(0.315314292206315,2.53944282700018E-24,0.948987300826745));
#11663=DIRECTION('',(0.,1.,0.));
#11664=DIRECTION('',(0.315314292206315,2.53944282700018E-24,0.948987300826745));
#11665=DIRECTION('center_axis',(0.,1.,0.));
#11666=DIRECTION('ref_axis',(-0.948987300826749,0.,0.315314292206303));
#11667=DIRECTION('',(0.,1.,0.));
#11668=DIRECTION('center_axis',(-5.39022336481102E-24,1.,-8.84973174369069E-25));
#11669=DIRECTION('ref_axis',(-0.948987300826749,-4.83620883172754E-24,0.315314292206303));
#11670=DIRECTION('center_axis',(-0.732950641446583,0.,0.680281821896662));
#11671=DIRECTION('ref_axis',(0.680281821896662,4.31551265282519E-24,0.732950641446583));
#11672=DIRECTION('',(0.,1.,0.));
#11673=DIRECTION('',(0.680281821896662,4.31551265282519E-24,0.732950641446583));
#11674=DIRECTION('center_axis',(0.,1.,0.));
#11675=DIRECTION('ref_axis',(0.948987300826751,0.,-0.315314292206297));
#11676=DIRECTION('',(0.,1.,0.));
#11677=DIRECTION('center_axis',(5.39022336570346E-24,-1.,8.84973177055002E-25));
#11678=DIRECTION('ref_axis',(0.948987300826751,4.83620883172755E-24,-0.315314292206297));
#11679=DIRECTION('center_axis',(-0.94898730082675,0.,0.3153142922063));
#11680=DIRECTION('ref_axis',(0.3153142922063,2.53944277475815E-24,0.94898730082675));
#11681=DIRECTION('',(0.,1.,0.));
#11682=DIRECTION('',(0.3153142922063,2.53944277475815E-24,0.94898730082675));
#11683=DIRECTION('center_axis',(0.,1.,0.));
#11684=DIRECTION('ref_axis',(0.896861384242869,0.,0.442311719779122));
#11685=DIRECTION('',(0.,1.,0.));
#11686=DIRECTION('center_axis',(5.39022334986408E-24,-1.,8.84973180811388E-25));
#11687=DIRECTION('ref_axis',(0.896861384242869,5.22571718450041E-24,0.442311719779122));
#11688=DIRECTION('center_axis',(-0.896861384242875,0.,-0.44231171977911));
#11689=DIRECTION('ref_axis',(-0.44231171977911,-1.5904606833675E-24,0.896861384242875));
#11690=DIRECTION('',(0.,-1.,0.));
#11691=DIRECTION('',(-0.44231171977911,-1.5904606833675E-24,0.896861384242875));
#11692=DIRECTION('center_axis',(0.,1.,0.));
#11693=DIRECTION('ref_axis',(-0.94898730082675,0.,0.315314292206299));
#11694=DIRECTION('',(0.,1.,0.));
#11695=DIRECTION('center_axis',(-5.39022336733476E-24,1.,-8.84973181964653E-25));
#11696=DIRECTION('ref_axis',(-0.94898730082675,-4.83620883172755E-24,0.315314292206299));
#11697=DIRECTION('',(0.,1.,0.));
#11698=DIRECTION('center_axis',(9.71445146547004E-17,0.,1.));
#11699=DIRECTION('ref_axis',(1.,5.39022336498008E-24,-9.71445146547004E-17));
#11700=DIRECTION('',(0.,1.,0.));
#11701=DIRECTION('',(1.,5.39022336498008E-24,-9.71445146547004E-17));
#11702=DIRECTION('center_axis',(0.,1.,0.));
#11703=DIRECTION('ref_axis',(-5.37268642273961E-16,0.,1.));
#11704=DIRECTION('',(0.,1.,0.));
#11705=DIRECTION('center_axis',(-5.39022336846024E-24,1.,-8.84973178767101E-25));
#11706=DIRECTION('ref_axis',(-5.37268642273961E-16,8.84973178767098E-25,
1.));
#11707=DIRECTION('center_axis',(0.896861384242865,0.,-0.442311719779131));
#11708=DIRECTION('ref_axis',(-0.442311719779131,-3.17785723725644E-24,-0.896861384242865));
#11709=DIRECTION('',(0.,1.,0.));
#11710=DIRECTION('',(0.,1.,0.));
#11711=DIRECTION('',(-0.442311719779131,-3.17785723725644E-24,-0.896861384242865));
#11712=DIRECTION('center_axis',(0.,1.,0.));
#11713=DIRECTION('ref_axis',(-0.948987300826751,0.,-0.315314292206297));
#11714=DIRECTION('',(0.,1.,0.));
#11715=DIRECTION('center_axis',(5.39022336619814E-24,-1.,8.84973180977169E-25));
#11716=DIRECTION('ref_axis',(-0.948987300826751,-5.39429821532303E-24,-0.315314292206297));
#11717=DIRECTION('center_axis',(0.94898730082675,0.,0.315314292206301));
#11718=DIRECTION('ref_axis',(0.315314292206301,8.59786161378388E-25,-0.948987300826749));
#11719=DIRECTION('',(0.,1.,0.));
#11720=DIRECTION('',(0.315314292206301,8.59786161378388E-25,-0.948987300826749));
#11721=DIRECTION('center_axis',(0.,1.,0.));
#11722=DIRECTION('ref_axis',(-0.732950641446567,0.,-0.68028182189668));
#11723=DIRECTION('',(0.,1.,0.));
#11724=DIRECTION('center_axis',(5.39022336577755E-24,-1.,8.84973179375623E-25));
#11725=DIRECTION('ref_axis',(-0.732950641446567,-4.55279884028227E-24,-0.68028182189668));
#11726=DIRECTION('center_axis',(0.732950641446555,0.,0.680281821896693));
#11727=DIRECTION('ref_axis',(0.680281821896693,3.01822932964975E-24,-0.732950641446555));
#11728=DIRECTION('',(0.,1.,0.));
#11729=DIRECTION('',(0.680281821896693,3.01822932964975E-24,-0.732950641446555));
#11730=DIRECTION('center_axis',(0.,1.,0.));
#11731=DIRECTION('ref_axis',(0.732950641446568,0.,0.680281821896679));
#11732=DIRECTION('',(0.,1.,0.));
#11733=DIRECTION('center_axis',(-5.39022337090345E-24,1.,-8.84973184555005E-25));
#11734=DIRECTION('ref_axis',(0.732950641446568,4.55279884756275E-24,0.680281821896679));
#11735=DIRECTION('center_axis',(0.948987300826706,0.,0.315314292206432));
#11736=DIRECTION('ref_axis',(0.315314292206432,8.59786073597731E-25,-0.948987300826706));
#11737=DIRECTION('',(0.315314292206432,8.59786073597731E-25,-0.948987300826706));
#11738=DIRECTION('center_axis',(0.,1.,0.));
#11739=DIRECTION('ref_axis',(-1.,0.,9.71445146547004E-17));
#11740=DIRECTION('center_axis',(5.39022336627233E-24,-1.,8.84973178767101E-25));
#11741=DIRECTION('ref_axis',(-1.,-5.39022336627233E-24,9.71445146547004E-17));
#11742=DIRECTION('',(0.,-1.,0.));
#11743=DIRECTION('center_axis',(-0.948987300826752,0.,0.315314292206294));
#11744=DIRECTION('ref_axis',(0.315314292206294,2.53944277379225E-24,0.948987300826752));
#11745=DIRECTION('',(0.,1.,0.));
#11746=DIRECTION('',(0.315314292206294,2.53944277379225E-24,0.948987300826752));
#11747=DIRECTION('center_axis',(0.,1.,0.));
#11748=DIRECTION('ref_axis',(-0.997641536601471,0.,-0.0686393797135098));
#11749=DIRECTION('center_axis',(5.39022336627233E-24,-1.,8.84973178767101E-25));
#11750=DIRECTION('ref_axis',(-0.997641536601471,0.,-0.0686393797135098));
#11751=DIRECTION('center_axis',(-5.39022336627233E-24,1.,-8.84973178767101E-25));
#11752=DIRECTION('ref_axis',(-1.,-5.39022336627233E-24,9.71445146547004E-17));
#11753=DIRECTION('center_axis',(5.39022336627233E-24,-1.,8.84973178767101E-25));
#11754=DIRECTION('ref_axis',(0.997641536601471,0.,-0.0686393797135185));
#11755=DIRECTION('',(0.3153142922063,8.5978615595673E-25,-0.94898730082675));
#11756=DIRECTION('center_axis',(0.94898730082675,0.,0.3153142922063));
#11757=DIRECTION('ref_axis',(0.3153142922063,8.5978615595673E-25,-0.94898730082675));
#11758=DIRECTION('',(0.,-1.,0.));
#11759=DIRECTION('center_axis',(0.,1.,0.));
#11760=DIRECTION('ref_axis',(0.997641536601471,0.,-0.0686393797135185));
#11761=DIRECTION('center_axis',(0.,-1.,0.));
#11762=DIRECTION('ref_axis',(0.524413291470067,0.,-0.851463856971939));
#11763=DIRECTION('',(0.,1.,0.));
#11764=DIRECTION('',(0.,1.,0.));
#11765=DIRECTION('center_axis',(0.,-1.,0.));
#11766=DIRECTION('ref_axis',(0.993844914423283,0.,0.110780350581577));
#11767=DIRECTION('',(0.,1.,0.));
#11768=DIRECTION('center_axis',(0.,-1.,0.));
#11769=DIRECTION('ref_axis',(-0.993844914423282,0.,-0.110780350581582));
#11770=DIRECTION('',(0.,-1.,0.));
#11771=DIRECTION('center_axis',(0.,-1.,0.));
#11772=DIRECTION('ref_axis',(8.17914105691299E-5,0.,-0.999999996655082));
#11773=DIRECTION('axis',(0.,0.,1.));
#11774=DIRECTION('refdir',(1.,0.,0.));
#11775=DIRECTION('center_axis',(-6.10622663543837E-16,5.95539980091678E-38,
-1.));
#11776=DIRECTION('ref_axis',(1.,-9.75299851256674E-23,-6.10622663543837E-16));
#11777=DIRECTION('',(-1.,9.75299851256674E-23,6.10622663543837E-16));
#11778=DIRECTION('',(0.,-1.,0.));
#11779=DIRECTION('',(1.,-9.75299851256674E-23,-6.10622663543837E-16));
#11780=DIRECTION('',(1.,-9.75299851256674E-23,-6.10622663543837E-16));
#11781=DIRECTION('',(-9.7529950270004E-23,-1.,0.));
#11782=DIRECTION('center_axis',(9.75299851256675E-23,1.,-8.84998940006037E-25));
#11783=DIRECTION('ref_axis',(-1.,9.75299851256674E-23,6.10622663543837E-16));
#11784=DIRECTION('',(-5.37707803631059E-16,-8.84998941312532E-25,-1.));
#11785=DIRECTION('center_axis',(9.75299851256675E-23,1.,-8.84998940006037E-25));
#11786=DIRECTION('ref_axis',(1.,0.,-6.10622663543837E-16));
#11787=DIRECTION('center_axis',(9.75299851256675E-23,1.,-8.84998940006037E-25));
#11788=DIRECTION('ref_axis',(1.,0.,-6.10622663543837E-16));
#11789=DIRECTION('center_axis',(9.75299851256675E-23,1.,-8.84998940006037E-25));
#11790=DIRECTION('ref_axis',(-1.,9.75299851256674E-23,6.10622663543837E-16));
#11791=DIRECTION('',(-1.,9.75299851256675E-23,5.52798547677943E-16));
#11792=DIRECTION('center_axis',(9.75299851256675E-23,1.,-8.84998940006037E-25));
#11793=DIRECTION('ref_axis',(1.,0.,-6.10622663543837E-16));
#11794=DIRECTION('',(-5.37707803631059E-16,-8.84998941312532E-25,-1.));
#11795=DIRECTION('center_axis',(5.52798547677943E-16,0.,1.));
#11796=DIRECTION('ref_axis',(-1.,9.75299851256674E-23,5.52798547677943E-16));
#11797=DIRECTION('',(1.,-9.75299851256674E-23,-5.52798547677943E-16));
#11798=DIRECTION('',(0.,-1.,0.));
#11799=DIRECTION('',(-1.,9.75299851256674E-23,5.52798547677943E-16));
#11800=DIRECTION('',(0.,-1.,0.));
#11801=DIRECTION('center_axis',(9.75299851256675E-23,1.,-8.84998940006037E-25));
#11802=DIRECTION('ref_axis',(-1.,9.75299851256674E-23,6.10622663543837E-16));
#11803=DIRECTION('',(7.19994953413004E-16,8.84998941444286E-25,1.));
#11804=DIRECTION('center_axis',(9.75299851256675E-23,1.,-8.84998940006037E-25));
#11805=DIRECTION('ref_axis',(1.,0.,-6.10622663543837E-16));
#11806=DIRECTION('center_axis',(9.75299851256675E-23,1.,-8.84998940006037E-25));
#11807=DIRECTION('ref_axis',(-1.,9.75299851256674E-23,6.10622663543837E-16));
#11808=DIRECTION('center_axis',(9.75299851256675E-23,1.,-8.84998940006037E-25));
#11809=DIRECTION('ref_axis',(1.,0.,-6.10622663543837E-16));
#11810=DIRECTION('',(7.19994953413004E-16,8.84998941444286E-25,1.));
#11811=DIRECTION('center_axis',(9.75299850003759E-23,1.,-8.84998964657941E-25));
#11812=DIRECTION('ref_axis',(-1.,9.75299850003759E-23,6.10622663543837E-16));
#11813=DIRECTION('',(-5.37707803631059E-16,-8.84998964657888E-25,-1.));
#11814=DIRECTION('center_axis',(-9.75299850003759E-23,-1.,8.84998964657941E-25));
#11815=DIRECTION('ref_axis',(-1.,9.75299850003759E-23,6.10622663543837E-16));
#11816=DIRECTION('center_axis',(9.75299851256674E-23,1.,-8.84998940006037E-25));
#11817=DIRECTION('ref_axis',(-1.,9.75299851256674E-23,6.10622663543837E-16));
#11818=DIRECTION('center_axis',(-9.75299851256675E-23,-1.,8.84998940006037E-25));
#11819=DIRECTION('ref_axis',(-1.,9.75299851256675E-23,6.10622663543837E-16));
#11820=DIRECTION('',(-5.37707803631059E-16,-8.84998941312532E-25,-1.));
#11821=DIRECTION('',(7.19994953413004E-16,8.84998941444286E-25,1.));
#11822=DIRECTION('center_axis',(1.,0.,-7.19994953413004E-16));
#11823=DIRECTION('ref_axis',(7.19994953413004E-16,8.84998941444286E-25,
1.));
#11824=DIRECTION('',(7.19994953413004E-16,8.8499896465787E-25,1.));
#11825=DIRECTION('',(0.,-1.,0.));
#11826=DIRECTION('',(7.19994953413004E-16,8.84998941444286E-25,1.));
#11827=DIRECTION('',(0.,-1.,0.));
#11828=DIRECTION('center_axis',(-1.,0.,5.37707803631059E-16));
#11829=DIRECTION('ref_axis',(-5.37707803631059E-16,-8.84998941312532E-25,
-1.));
#11830=DIRECTION('',(0.,-1.,0.));
#11831=DIRECTION('',(-5.37707803631059E-16,-8.84998941312532E-25,-1.));
#11832=DIRECTION('',(0.,-1.,0.));
#11833=DIRECTION('center_axis',(9.75299851256674E-23,1.,-8.84998940006037E-25));
#11834=DIRECTION('ref_axis',(-1.,9.75299851256674E-23,6.10622663543837E-16));
#11835=DIRECTION('center_axis',(-9.75299851256675E-23,-1.,8.84998940006037E-25));
#11836=DIRECTION('ref_axis',(-1.,9.75299851256675E-23,6.10622663543837E-16));
#11837=DIRECTION('center_axis',(9.75299850003759E-23,1.,-8.84998964657941E-25));
#11838=DIRECTION('ref_axis',(-1.,9.75299850003759E-23,6.10622663543837E-16));
#11839=DIRECTION('center_axis',(-9.75299850003759E-23,-1.,8.84998964657941E-25));
#11840=DIRECTION('ref_axis',(-1.,9.75299850003759E-23,6.10622663543837E-16));
#11841=DIRECTION('center_axis',(-9.75299850003759E-23,-1.,8.84998964657941E-25));
#11842=DIRECTION('ref_axis',(-1.,9.75299850003759E-23,6.10622663543837E-16));
#11843=DIRECTION('center_axis',(0.,-1.,8.84998816585397E-25));
#11844=DIRECTION('ref_axis',(-1.,0.,6.10622663543837E-16));
#11845=DIRECTION('center_axis',(2.44194651725451E-15,-1.,3.63421569278564E-17));
#11846=DIRECTION('ref_axis',(-1.,0.,6.10622663543837E-16));
#11847=DIRECTION('',(0.,-1.,8.84998816585397E-25));
#11848=DIRECTION('center_axis',(0.,1.,-8.70716434266345E-25));
#11849=DIRECTION('ref_axis',(1.,0.,-6.10622663543837E-16));
#11850=DIRECTION('center_axis',(9.75299850664876E-23,1.,-8.84998990989219E-25));
#11851=DIRECTION('ref_axis',(1.,0.,-6.10622663543837E-16));
#11852=DIRECTION('',(0.,1.,-8.70716434266345E-25));
#11853=DIRECTION('center_axis',(0.,1.,0.));
#11854=DIRECTION('ref_axis',(0.652690163173268,0.,-0.757624940783269));
#11855=DIRECTION('center_axis',(0.,-1.,0.));
#11856=DIRECTION('ref_axis',(0.652690163173268,0.,-0.757624940783269));
#11857=DIRECTION('',(0.,1.,0.));
#11858=DIRECTION('center_axis',(9.75299850664876E-23,1.,-8.84998990989219E-25));
#11859=DIRECTION('ref_axis',(0.652690163173268,0.,-0.757624940783269));
#11860=DIRECTION('center_axis',(-9.75299850664876E-23,-1.,8.84998990989219E-25));
#11861=DIRECTION('ref_axis',(1.,-9.75299850664876E-23,-6.10622663543837E-16));
#11862=DIRECTION('center_axis',(0.,1.,0.));
#11863=DIRECTION('ref_axis',(1.,0.,0.));
#11864=DIRECTION('',(-0.222222222222222,0.,-0.974996043043569));
#11865=DIRECTION('center_axis',(0.,-1.,0.));
#11866=DIRECTION('ref_axis',(0.953939201838704,0.,0.299999998658896));
#11867=DIRECTION('',(-0.222222222222222,0.,0.974996043043569));
#11868=DIRECTION('center_axis',(0.,-1.,0.));
#11869=DIRECTION('ref_axis',(-6.24500451351653E-16,0.,1.));
#11870=DIRECTION('center_axis',(-2.44194651725451E-15,1.,-3.63421569278564E-17));
#11871=DIRECTION('ref_axis',(0.,3.63421569278564E-17,1.));
#11872=DIRECTION('',(0.222222222222222,5.07221322411783E-16,-0.974996043043569));
#11873=DIRECTION('center_axis',(-2.44194651725451E-15,1.,-3.63421569278564E-17));
#11874=DIRECTION('ref_axis',(-3.23815048849004E-16,0.,-1.));
#11875=DIRECTION('',(0.222222222222222,5.7808824081244E-16,0.974996043043569));
#11876=DIRECTION('center_axis',(-2.44194651725451E-15,1.,-3.63421569278564E-17));
#11877=DIRECTION('ref_axis',(-6.24500451351653E-16,0.,1.));
#11878=DIRECTION('center_axis',(0.,-1.,0.));
#11879=DIRECTION('ref_axis',(-6.24500451351653E-16,0.,1.));
#11880=DIRECTION('',(0.,1.,0.));
#11881=DIRECTION('',(0.,-1.,0.));
#11882=DIRECTION('center_axis',(0.974996043043569,0.,0.222222222222222));
#11883=DIRECTION('ref_axis',(-0.222222222222222,0.,0.974996043043569));
#11884=DIRECTION('',(0.,1.,0.));
#11885=DIRECTION('center_axis',(-0.974996043043569,0.,0.222222222222222));
#11886=DIRECTION('ref_axis',(-0.222222222222222,0.,-0.974996043043569));
#11887=DIRECTION('',(0.,1.,0.));
#11888=DIRECTION('center_axis',(0.,1.,0.));
#11889=DIRECTION('ref_axis',(-3.23815048849004E-16,0.,-1.));
#11890=DIRECTION('axis',(0.,0.,1.));
#11891=DIRECTION('refdir',(1.,0.,0.));
#11892=DIRECTION('center_axis',(-0.323395321446263,0.,-0.946263951583631));
#11893=DIRECTION('ref_axis',(0.946263951583631,6.78478153331261E-24,-0.323395321446263));
#11894=DIRECTION('',(0.946263951583631,-4.21638470745336E-17,-0.323395321446263));
#11895=DIRECTION('',(0.,-1.,0.));
#11896=DIRECTION('',(-0.946263951583631,4.21638470745336E-17,0.323395321446263));
#11897=DIRECTION('',(0.,-1.,0.));
#11898=DIRECTION('center_axis',(0.,-1.,0.));
#11899=DIRECTION('ref_axis',(-0.323395321446268,0.,-0.946263951583629));
#11900=DIRECTION('center_axis',(-3.63421506991278E-17,-1.,2.40404836723063E-17));
#11901=DIRECTION('ref_axis',(-0.323395321446268,0.,-0.946263951583629));
#11902=DIRECTION('',(0.,-1.,0.));
#11903=DIRECTION('center_axis',(3.63421506991278E-17,1.,-2.40404836723063E-17));
#11904=DIRECTION('ref_axis',(-0.323395321446268,0.,-0.946263951583629));
#11905=DIRECTION('center_axis',(-0.948987300826755,0.,0.315314292206284));
#11906=DIRECTION('ref_axis',(-0.315314292206284,3.38621051830455E-24,-0.948987300826755));
#11907=DIRECTION('',(-0.315314292206284,-1.13549141858021E-17,-0.948987300826755));
#11908=DIRECTION('',(0.,-1.,0.));
#11909=DIRECTION('',(0.315314292206284,1.13549141858021E-17,0.948987300826755));
#11910=DIRECTION('center_axis',(0.,-1.,0.));
#11911=DIRECTION('ref_axis',(0.323395321446274,0.,0.946263951583627));
#11912=DIRECTION('center_axis',(3.63421506991278E-17,1.,-2.40404836723063E-17));
#11913=DIRECTION('ref_axis',(0.323395321446274,0.,0.946263951583627));
#11914=DIRECTION('',(0.,1.,0.));
#11915=DIRECTION('center_axis',(-3.63421506991278E-17,-1.,2.40404836723063E-17));
#11916=DIRECTION('ref_axis',(0.323395321446274,0.,0.946263951583627));
#11917=DIRECTION('center_axis',(0.,-1.,0.));
#11918=DIRECTION('ref_axis',(-1.,0.,-8.97892871165602E-15));
#11919=DIRECTION('center_axis',(3.63421506991278E-17,1.,-2.40404836723063E-17));
#11920=DIRECTION('ref_axis',(-1.,0.,-8.97892871165602E-15));
#11921=DIRECTION('',(0.,-1.,0.));
#11922=DIRECTION('center_axis',(-3.63421506991278E-17,-1.,2.40404836723063E-17));
#11923=DIRECTION('ref_axis',(-1.,0.,-8.97892871165602E-15));
#11924=DIRECTION('',(0.,1.,0.));
#11925=DIRECTION('center_axis',(1.,0.,9.71445146547012E-17));
#11926=DIRECTION('ref_axis',(-9.71445146547012E-17,-5.34378163134888E-24,
1.));
#11927=DIRECTION('',(-9.71445146547012E-17,2.40404836723063E-17,1.));
#11928=DIRECTION('',(0.,-1.,0.));
#11929=DIRECTION('',(9.71445146547012E-17,-2.40404836723063E-17,-1.));
#11930=DIRECTION('center_axis',(0.,-1.,0.));
#11931=DIRECTION('ref_axis',(1.,0.,9.71445146547012E-17));
#11932=DIRECTION('center_axis',(-3.63421506991278E-17,-1.,2.40404836723063E-17));
#11933=DIRECTION('ref_axis',(1.,0.,9.71445146547012E-17));
#11934=DIRECTION('center_axis',(3.63421506991278E-17,1.,-2.40404836723063E-17));
#11935=DIRECTION('ref_axis',(1.,0.,9.71445146547012E-17));
#11936=DIRECTION('center_axis',(-0.323395334640407,0.,0.946263947074398));
#11937=DIRECTION('ref_axis',(-0.946263947074398,-3.32847358226062E-24,-0.323395334640407));
#11938=DIRECTION('',(-0.946263947074398,2.66146867036065E-17,-0.323395334640407));
#11939=DIRECTION('',(0.,-1.,0.));
#11940=DIRECTION('',(0.946263947074398,-2.66146867036065E-17,0.323395334640407));
#11941=DIRECTION('',(0.,-1.,0.));
#11942=DIRECTION('center_axis',(0.,-1.,0.));
#11943=DIRECTION('ref_axis',(-0.323395334640404,0.,0.946263947074399));
#11944=DIRECTION('center_axis',(-3.63421506991278E-17,-1.,2.40404836723063E-17));
#11945=DIRECTION('ref_axis',(-0.323395334640404,0.,0.946263947074399));
#11946=DIRECTION('',(0.,-1.,0.));
#11947=DIRECTION('center_axis',(3.63421506991278E-17,1.,-2.40404836723063E-17));
#11948=DIRECTION('ref_axis',(-0.323395334640404,0.,0.946263947074399));
#11949=DIRECTION('center_axis',(1.,0.,-1.29795220976916E-15));
#11950=DIRECTION('ref_axis',(1.29795220976916E-15,1.39509671908008E-15,
1.));
#11951=DIRECTION('',(1.29795220976916E-15,2.40404836723063E-17,1.));
#11952=DIRECTION('',(0.,-1.,0.));
#11953=DIRECTION('',(-1.29795220976916E-15,-2.40404836723063E-17,-1.));
#11954=DIRECTION('center_axis',(0.,-1.,0.));
#11955=DIRECTION('ref_axis',(9.71445146547012E-17,0.,-1.));
#11956=DIRECTION('center_axis',(3.63421506991278E-17,1.,-2.40404836723063E-17));
#11957=DIRECTION('ref_axis',(9.71445146547012E-17,0.,-1.));
#11958=DIRECTION('',(0.,1.,0.));
#11959=DIRECTION('center_axis',(-3.63421506991278E-17,-1.,2.40404836723063E-17));
#11960=DIRECTION('ref_axis',(9.71445146547012E-17,0.,-1.));
#11961=DIRECTION('center_axis',(0.,-1.,0.));
#11962=DIRECTION('ref_axis',(0.94898730082675,0.,0.315314292206301));
#11963=DIRECTION('center_axis',(3.63421506991278E-17,1.,-2.40404836723063E-17));
#11964=DIRECTION('ref_axis',(0.94898730082675,0.,0.315314292206301));
#11965=DIRECTION('',(0.,-1.,0.));
#11966=DIRECTION('center_axis',(-3.63421506991278E-17,-1.,2.40404836723063E-17));
#11967=DIRECTION('ref_axis',(0.94898730082675,0.,0.315314292206301));
#11968=DIRECTION('',(0.,1.,0.));
#11969=DIRECTION('center_axis',(-0.94898730082675,0.,-0.3153142922063));
#11970=DIRECTION('ref_axis',(0.3153142922063,6.75615129907261E-24,-0.94898730082675));
#11971=DIRECTION('',(0.3153142922063,-3.42733132357017E-17,-0.94898730082675));
#11972=DIRECTION('',(0.,-1.,0.));
#11973=DIRECTION('',(-0.3153142922063,3.42733132357017E-17,0.94898730082675));
#11974=DIRECTION('center_axis',(0.,-1.,0.));
#11975=DIRECTION('ref_axis',(-0.948987300826751,0.,-0.315314292206297));
#11976=DIRECTION('center_axis',(-3.63421506991278E-17,-1.,2.40404836723063E-17));
#11977=DIRECTION('ref_axis',(-0.948987300826751,0.,-0.315314292206297));
#11978=DIRECTION('center_axis',(3.63421506991278E-17,1.,-2.40404836723063E-17));
#11979=DIRECTION('ref_axis',(-0.948987300826751,0.,-0.315314292206297));
#11980=DIRECTION('center_axis',(3.63421506991278E-17,1.,-2.40404836723063E-17));
#11981=DIRECTION('ref_axis',(-1.,3.63421506991278E-17,-9.71445146547017E-17));
#11982=DIRECTION('',(0.946263951583628,-4.21638470745337E-17,-0.323395321446272));
#11983=DIRECTION('center_axis',(1.24044220950453E-15,1.,-4.24119554758927E-16));
#11984=DIRECTION('ref_axis',(-0.948987300826756,1.31089486144894E-15,0.315314292206281));
#11985=DIRECTION('',(0.315314292206296,1.13549141858015E-17,0.948987300826751));
#11986=DIRECTION('center_axis',(-8.06527890464663E-16,1.,-3.04095833432961E-16));
#11987=DIRECTION('ref_axis',(-0.94898730082675,-8.61270488295352E-16,-0.315314292206299));
#11988=DIRECTION('',(-0.315314292206297,3.42733132357016E-17,0.948987300826751));
#11989=DIRECTION('center_axis',(3.63421506991278E-17,1.,-2.40404836723063E-17));
#11990=DIRECTION('ref_axis',(0.3233953346404,-3.45015249562305E-17,-0.946263947074401));
#11991=DIRECTION('',(-0.946263947074397,2.66146867036064E-17,-0.32339533464041));
#11992=DIRECTION('',(-1.,3.63421506991278E-17,-9.71445146547017E-17));
#11993=DIRECTION('center_axis',(3.63421506991278E-17,1.,-2.40404836723063E-17));
#11994=DIRECTION('ref_axis',(1.,-3.63421506991278E-17,9.71445146547017E-17));
#11995=DIRECTION('',(2.85769755089959E-16,-2.40404836723063E-17,-1.));
#11996=DIRECTION('center_axis',(3.63421506991278E-17,1.,-2.40404836723063E-17));
#11997=DIRECTION('ref_axis',(-9.71445146547017E-17,2.40404836723063E-17,
1.));
#11998=DIRECTION('',(1.,1.3672182706757E-15,9.71445146547016E-17));
#11999=DIRECTION('center_axis',(-3.63421506991278E-17,-1.,2.40404836723063E-17));
#12000=DIRECTION('ref_axis',(0.315314292206304,-3.42733132357018E-17,-0.948987300826749));
#12001=DIRECTION('',(-0.948987300826751,2.6907931404774E-17,-0.315314292206297));
#12002=DIRECTION('center_axis',(-3.63421506991278E-17,-1.,2.40404836723063E-17));
#12003=DIRECTION('ref_axis',(-0.624184599741226,3.90193636876522E-18,-0.781276894222456));
#12004=DIRECTION('',(0.948987300826751,-4.20685475916346E-17,-0.315314292206297));
#12005=DIRECTION('center_axis',(-3.63421506991278E-17,-1.,2.40404836723063E-17));
#12006=DIRECTION('ref_axis',(-0.315314292206298,-1.13549141858015E-17,-0.94898730082675));
#12007=DIRECTION('',(-0.948987300826736,4.20685475916351E-17,0.315314292206342));
#12008=DIRECTION('center_axis',(-3.63421506991278E-17,-1.,2.40404836723063E-17));
#12009=DIRECTION('ref_axis',(0.315314292206286,1.1354914185802E-17,0.948987300826755));
#12010=DIRECTION('',(-0.732950641446588,1.64006816095079E-15,0.680281821896657));
#12011=DIRECTION('center_axis',(-2.27861009452431E-16,1.,-8.19200899864562E-16));
#12012=DIRECTION('ref_axis',(-0.315314292206297,-8.49259083714222E-16,-0.948987300826751));
#12013=DIRECTION('',(-0.94898730082675,4.20685475916346E-17,0.315314292206299));
#12014=DIRECTION('center_axis',(3.63421506991278E-17,1.,-2.40404836723063E-17));
#12015=DIRECTION('ref_axis',(0.442311719779124,-3.7635540640416E-17,-0.896861384242868));
#12016=DIRECTION('',(-0.896861384242876,2.19604839049636E-17,-0.442311719779107));
#12017=DIRECTION('center_axis',(-3.63421506991278E-17,-1.,2.40404836723063E-17));
#12018=DIRECTION('ref_axis',(-0.0686393797135099,0.,0.997641536601471));
#12019=DIRECTION('',(-0.948987300826752,4.20685475916345E-17,0.315314292206294));
#12020=DIRECTION('center_axis',(-3.63421506991278E-17,-1.,2.40404836723063E-17));
#12021=DIRECTION('ref_axis',(0.315314292206299,1.13549141858014E-17,0.94898730082675));
#12022=DIRECTION('',(-9.71445146547017E-17,2.40404836723063E-17,1.));
#12023=DIRECTION('center_axis',(-3.63421506991278E-17,-1.,2.40404836723063E-17));
#12024=DIRECTION('ref_axis',(1.,-3.63421506991278E-17,-1.13643662381769E-15));
#12025=DIRECTION('',(0.94898730082675,-2.69079314047738E-17,0.3153142922063));
#12026=DIRECTION('center_axis',(-3.63421506991278E-17,-1.,2.40404836723063E-17));
#12027=DIRECTION('ref_axis',(-0.06863937971353,0.,-0.99764153660147));
#12028=DIRECTION('',(0.896861384242855,-4.32272592598026E-17,-0.442311719779151));
#12029=DIRECTION('center_axis',(3.63421506991278E-17,1.,-2.40404836723063E-17));
#12030=DIRECTION('ref_axis',(-0.315314292206296,3.42733132357016E-17,0.948987300826751));
#12031=DIRECTION('',(0.94898730082675,-2.69079314047738E-17,0.3153142922063));
#12032=DIRECTION('center_axis',(3.63421506991278E-17,1.,-2.40404836723063E-17));
#12033=DIRECTION('ref_axis',(-0.68028182189668,4.2343392417549E-17,0.732950641446567));
#12034=DIRECTION('',(0.732950641446553,-1.02826986345987E-17,0.680281821896695));
#12035=DIRECTION('center_axis',(-3.63421506991278E-17,-1.,2.40404836723063E-17));
#12036=DIRECTION('ref_axis',(0.680281821896677,-4.23433924175489E-17,-0.732950641446569));
#12037=DIRECTION('',(0.948987300826706,-2.69079314047691E-17,0.315314292206432));
#12038=DIRECTION('center_axis',(3.63421506991278E-17,1.,-2.40404836723063E-17));
#12039=DIRECTION('ref_axis',(-1.,0.,-9.71445146547017E-17));
#12040=DIRECTION('center_axis',(3.63421506991278E-17,1.,-2.40404836723063E-17));
#12041=DIRECTION('ref_axis',(-1.,0.,-9.71445146547017E-17));
#12042=DIRECTION('center_axis',(3.63421506991278E-17,1.,-2.40404836723063E-17));
#12043=DIRECTION('ref_axis',(-1.,0.,-9.71445146547017E-17));
#12044=DIRECTION('center_axis',(3.63421506991278E-17,1.,-2.40404836723063E-17));
#12045=DIRECTION('ref_axis',(-1.,0.,-9.71445146547017E-17));
#12046=DIRECTION('center_axis',(9.71445146547017E-17,0.,-1.));
#12047=DIRECTION('ref_axis',(-1.,3.63421506991278E-17,-9.71445146547017E-17));
#12048=DIRECTION('',(-1.,3.63421506991278E-17,-9.71445146547017E-17));
#12049=DIRECTION('',(0.,1.,0.));
#12050=DIRECTION('center_axis',(3.63421506991278E-17,1.,-2.40404836723063E-17));
#12051=DIRECTION('ref_axis',(-1.,3.63421506991278E-17,-9.71445146547017E-17));
#12052=DIRECTION('',(1.,1.3672182706757E-15,9.71445146547016E-17));
#12053=DIRECTION('center_axis',(3.63421506991278E-17,1.,-2.40404836723063E-17));
#12054=DIRECTION('ref_axis',(-9.71445146547017E-17,2.40404836723063E-17,
1.));
#12055=DIRECTION('',(2.85769755089959E-16,-2.40404836723063E-17,-1.));
#12056=DIRECTION('center_axis',(3.63421506991278E-17,1.,-2.40404836723063E-17));
#12057=DIRECTION('ref_axis',(1.,-3.63421506991278E-17,9.71445146547017E-17));
#12058=DIRECTION('',(-0.946263947074397,2.66146867036064E-17,-0.32339533464041));
#12059=DIRECTION('center_axis',(3.63421506991278E-17,1.,-2.40404836723063E-17));
#12060=DIRECTION('ref_axis',(0.3233953346404,-3.45015249562305E-17,-0.946263947074401));
#12061=DIRECTION('',(-0.315314292206297,3.42733132357016E-17,0.948987300826751));
#12062=DIRECTION('center_axis',(-8.06527890464663E-16,1.,-3.04095833432961E-16));
#12063=DIRECTION('ref_axis',(-0.94898730082675,-8.61270488295352E-16,-0.315314292206299));
#12064=DIRECTION('',(0.315314292206296,1.13549141858015E-17,0.948987300826751));
#12065=DIRECTION('center_axis',(1.24044220950453E-15,1.,-4.24119554758927E-16));
#12066=DIRECTION('ref_axis',(-0.948987300826756,1.31089486144894E-15,0.315314292206281));
#12067=DIRECTION('',(0.946263951583628,-4.21638470745337E-17,-0.323395321446272));
#12068=DIRECTION('center_axis',(-3.63421506991278E-17,-1.,2.40404836723063E-17));
#12069=DIRECTION('ref_axis',(0.315314292206304,-3.42733132357018E-17,-0.948987300826749));
#12070=DIRECTION('',(0.948987300826706,-2.69079314047691E-17,0.315314292206432));
#12071=DIRECTION('center_axis',(-3.63421506991278E-17,-1.,2.40404836723063E-17));
#12072=DIRECTION('ref_axis',(0.680281821896677,-4.23433924175489E-17,-0.732950641446569));
#12073=DIRECTION('',(0.732950641446553,-1.02826986345987E-17,0.680281821896695));
#12074=DIRECTION('center_axis',(3.63421506991278E-17,1.,-2.40404836723063E-17));
#12075=DIRECTION('ref_axis',(-0.68028182189668,4.2343392417549E-17,0.732950641446567));
#12076=DIRECTION('',(0.94898730082675,-2.69079314047738E-17,0.3153142922063));
#12077=DIRECTION('center_axis',(3.63421506991278E-17,1.,-2.40404836723063E-17));
#12078=DIRECTION('ref_axis',(-0.315314292206296,3.42733132357016E-17,0.948987300826751));
#12079=DIRECTION('',(0.896861384242855,-4.32272592598026E-17,-0.442311719779151));
#12080=DIRECTION('center_axis',(3.63421506991278E-17,1.,-2.40404836723063E-17));
#12081=DIRECTION('ref_axis',(-0.06863937971353,0.,-0.99764153660147));
#12082=DIRECTION('',(0.94898730082675,-2.69079314047738E-17,0.3153142922063));
#12083=DIRECTION('center_axis',(-3.63421506991278E-17,-1.,2.40404836723063E-17));
#12084=DIRECTION('ref_axis',(1.,-3.63421506991278E-17,-1.13643662381769E-15));
#12085=DIRECTION('',(-9.71445146547017E-17,2.40404836723063E-17,1.));
#12086=DIRECTION('center_axis',(-3.63421506991278E-17,-1.,2.40404836723063E-17));
#12087=DIRECTION('ref_axis',(0.315314292206299,1.13549141858014E-17,0.94898730082675));
#12088=DIRECTION('',(-0.948987300826752,4.20685475916345E-17,0.315314292206294));
#12089=DIRECTION('center_axis',(3.63421506991278E-17,1.,-2.40404836723063E-17));
#12090=DIRECTION('ref_axis',(-0.0686393797135099,0.,0.997641536601471));
#12091=DIRECTION('',(-0.896861384242876,2.19604839049636E-17,-0.442311719779107));
#12092=DIRECTION('center_axis',(3.63421506991278E-17,1.,-2.40404836723063E-17));
#12093=DIRECTION('ref_axis',(0.442311719779124,-3.7635540640416E-17,-0.896861384242868));
#12094=DIRECTION('',(-0.94898730082675,4.20685475916346E-17,0.315314292206299));
#12095=DIRECTION('center_axis',(-2.27861009452431E-16,1.,-8.19200899864562E-16));
#12096=DIRECTION('ref_axis',(-0.315314292206297,-8.49259083714222E-16,-0.948987300826751));
#12097=DIRECTION('',(-0.732950641446588,1.64006816095079E-15,0.680281821896657));
#12098=DIRECTION('center_axis',(-3.63421506991278E-17,-1.,2.40404836723063E-17));
#12099=DIRECTION('ref_axis',(0.315314292206286,1.1354914185802E-17,0.948987300826755));
#12100=DIRECTION('',(-0.948987300826736,4.20685475916351E-17,0.315314292206342));
#12101=DIRECTION('center_axis',(-3.63421506991278E-17,-1.,2.40404836723063E-17));
#12102=DIRECTION('ref_axis',(-0.315314292206298,-1.13549141858015E-17,-0.94898730082675));
#12103=DIRECTION('',(0.948987300826751,-4.20685475916346E-17,-0.315314292206297));
#12104=DIRECTION('center_axis',(-3.63421506991278E-17,-1.,2.40404836723063E-17));
#12105=DIRECTION('ref_axis',(-0.624184599741226,3.90193636876522E-18,-0.781276894222456));
#12106=DIRECTION('',(-0.948987300826751,2.6907931404774E-17,-0.315314292206297));
#12107=DIRECTION('center_axis',(3.63421506991278E-17,1.,-2.40404836723063E-17));
#12108=DIRECTION('ref_axis',(-1.,0.,-9.71445146547017E-17));
#12109=DIRECTION('center_axis',(3.63421506991278E-17,1.,-2.40404836723063E-17));
#12110=DIRECTION('ref_axis',(-1.,0.,-9.71445146547017E-17));
#12111=DIRECTION('center_axis',(3.63421506991278E-17,1.,-2.40404836723063E-17));
#12112=DIRECTION('ref_axis',(-1.,0.,-9.71445146547017E-17));
#12113=DIRECTION('center_axis',(3.63421506991278E-17,1.,-2.40404836723063E-17));
#12114=DIRECTION('ref_axis',(-1.,0.,-9.71445146547017E-17));
#12115=DIRECTION('center_axis',(0.32339533464041,0.,-0.946263947074397));
#12116=DIRECTION('ref_axis',(-0.946263947074397,2.66146867036064E-17,-0.32339533464041));
#12117=DIRECTION('',(0.,1.,0.));
#12118=DIRECTION('center_axis',(0.,1.,0.));
#12119=DIRECTION('ref_axis',(-0.06863937971353,0.,-0.99764153660147));
#12120=DIRECTION('',(0.,1.,0.));
#12121=DIRECTION('',(0.,-1.,0.));
#12122=DIRECTION('center_axis',(-0.3153142922063,0.,0.94898730082675));
#12123=DIRECTION('ref_axis',(0.94898730082675,-2.69079314047738E-17,0.3153142922063));
#12124=DIRECTION('',(0.,1.,0.));
#12125=DIRECTION('center_axis',(0.,1.,0.));
#12126=DIRECTION('ref_axis',(-0.0686393797135099,0.,0.997641536601471));
#12127=DIRECTION('',(0.,1.,0.));
#12128=DIRECTION('',(0.,-1.,0.));
#12129=DIRECTION('center_axis',(0.442311719779107,0.,-0.896861384242877));
#12130=DIRECTION('ref_axis',(-0.896861384242876,2.19604839049636E-17,-0.442311719779107));
#12131=DIRECTION('',(0.,1.,0.));
#12132=DIRECTION('center_axis',(0.315314292206297,0.,-0.948987300826751));
#12133=DIRECTION('ref_axis',(-0.948987300826751,2.6907931404774E-17,-0.315314292206297));
#12134=DIRECTION('',(0.,1.,0.));
#12135=DIRECTION('',(0.,1.,0.));
#12136=DIRECTION('center_axis',(0.,1.,0.));
#12137=DIRECTION('ref_axis',(-0.624184599741226,0.,-0.781276894222456));
#12138=DIRECTION('',(0.,1.,0.));
#12139=DIRECTION('center_axis',(0.315314292206297,0.,0.948987300826751));
#12140=DIRECTION('ref_axis',(0.948987300826751,-4.20685475916346E-17,-0.315314292206297));
#12141=DIRECTION('',(0.,1.,0.));
#12142=DIRECTION('center_axis',(0.,1.,0.));
#12143=DIRECTION('ref_axis',(-0.315314292206298,0.,-0.94898730082675));
#12144=DIRECTION('',(0.,1.,0.));
#12145=DIRECTION('center_axis',(-0.315314292206342,0.,-0.948987300826736));
#12146=DIRECTION('ref_axis',(-0.948987300826736,4.20685475916351E-17,0.315314292206342));
#12147=DIRECTION('',(0.,1.,0.));
#12148=DIRECTION('center_axis',(0.,1.,0.));
#12149=DIRECTION('ref_axis',(0.315314292206286,0.,0.948987300826755));
#12150=DIRECTION('',(0.,1.,0.));
#12151=DIRECTION('center_axis',(-0.680281821896657,0.,-0.732950641446588));
#12152=DIRECTION('ref_axis',(-0.732950641446588,1.64006816095079E-15,0.680281821896657));
#12153=DIRECTION('',(0.,1.,0.));
#12154=DIRECTION('center_axis',(0.,1.,0.));
#12155=DIRECTION('ref_axis',(-0.315314292206297,0.,-0.948987300826751));
#12156=DIRECTION('',(0.,1.,0.));
#12157=DIRECTION('center_axis',(-0.315314292206299,0.,-0.94898730082675));
#12158=DIRECTION('ref_axis',(-0.94898730082675,4.20685475916346E-17,0.315314292206299));
#12159=DIRECTION('',(0.,1.,0.));
#12160=DIRECTION('center_axis',(0.,1.,0.));
#12161=DIRECTION('ref_axis',(0.442311719779124,0.,-0.896861384242868));
#12162=DIRECTION('center_axis',(-0.315314292206294,0.,-0.948987300826752));
#12163=DIRECTION('ref_axis',(-0.948987300826752,4.20685475916345E-17,0.315314292206294));
#12164=DIRECTION('',(0.,1.,0.));
#12165=DIRECTION('center_axis',(0.,1.,0.));
#12166=DIRECTION('ref_axis',(0.315314292206299,0.,0.94898730082675));
#12167=DIRECTION('',(0.,1.,0.));
#12168=DIRECTION('center_axis',(-1.,0.,-9.71445146547017E-17));
#12169=DIRECTION('ref_axis',(-9.71445146547017E-17,2.40404836723063E-17,
1.));
#12170=DIRECTION('',(0.,1.,0.));
#12171=DIRECTION('center_axis',(0.,1.,0.));
#12172=DIRECTION('ref_axis',(1.,0.,-1.13643662381769E-15));
#12173=DIRECTION('center_axis',(0.442311719779151,0.,0.896861384242855));
#12174=DIRECTION('ref_axis',(0.896861384242855,-4.32272592598026E-17,-0.442311719779151));
#12175=DIRECTION('',(0.,1.,0.));
#12176=DIRECTION('center_axis',(0.,1.,0.));
#12177=DIRECTION('ref_axis',(-0.315314292206296,0.,0.948987300826751));
#12178=DIRECTION('',(0.,1.,0.));
#12179=DIRECTION('center_axis',(-0.3153142922063,0.,0.94898730082675));
#12180=DIRECTION('ref_axis',(0.94898730082675,-2.69079314047738E-17,0.3153142922063));
#12181=DIRECTION('',(0.,1.,0.));
#12182=DIRECTION('center_axis',(0.,1.,0.));
#12183=DIRECTION('ref_axis',(-0.68028182189668,0.,0.732950641446567));
#12184=DIRECTION('',(0.,1.,0.));
#12185=DIRECTION('center_axis',(-0.680281821896695,0.,0.732950641446553));
#12186=DIRECTION('ref_axis',(0.732950641446553,-1.02826986345987E-17,0.680281821896695));
#12187=DIRECTION('',(0.,1.,0.));
#12188=DIRECTION('center_axis',(0.,1.,0.));
#12189=DIRECTION('ref_axis',(0.680281821896677,0.,-0.732950641446569));
#12190=DIRECTION('',(0.,1.,0.));
#12191=DIRECTION('center_axis',(-0.315314292206432,0.,0.948987300826706));
#12192=DIRECTION('ref_axis',(0.948987300826706,-2.69079314047691E-17,0.315314292206432));
#12193=DIRECTION('',(0.,1.,0.));
#12194=DIRECTION('center_axis',(0.,1.,0.));
#12195=DIRECTION('ref_axis',(0.315314292206304,0.,-0.948987300826749));
#12196=DIRECTION('center_axis',(0.,1.,0.));
#12197=DIRECTION('ref_axis',(-1.,0.,-9.71445146547017E-17));
#12198=DIRECTION('',(0.,-1.,0.));
#12199=DIRECTION('center_axis',(0.,1.,0.));
#12200=DIRECTION('ref_axis',(-1.,0.,-9.71445146547017E-17));
#12201=DIRECTION('',(0.,-1.,0.));
#12202=DIRECTION('center_axis',(0.,1.,0.));
#12203=DIRECTION('ref_axis',(-1.,0.,-9.71445146547017E-17));
#12204=DIRECTION('',(0.,-1.,0.));
#12205=DIRECTION('center_axis',(0.,1.,0.));
#12206=DIRECTION('ref_axis',(-1.,0.,-9.71445146547017E-17));
#12207=DIRECTION('',(0.,-1.,0.));
#12208=DIRECTION('center_axis',(0.,1.,0.));
#12209=DIRECTION('ref_axis',(1.,0.,9.71445146547017E-17));
#12210=DIRECTION('',(0.,1.,0.));
#12211=DIRECTION('center_axis',(1.,0.,2.85769755089959E-16));
#12212=DIRECTION('ref_axis',(2.85769755089959E-16,-2.40404836723063E-17,
-1.));
#12213=DIRECTION('',(0.,1.,0.));
#12214=DIRECTION('center_axis',(0.,1.,0.));
#12215=DIRECTION('ref_axis',(-9.71445146547017E-17,0.,1.));
#12216=DIRECTION('',(0.,1.,0.));
#12217=DIRECTION('center_axis',(-9.71445146547016E-17,0.,1.));
#12218=DIRECTION('ref_axis',(1.,1.3672182706757E-15,9.71445146547016E-17));
#12219=DIRECTION('center_axis',(0.323395321446272,0.,0.946263951583628));
#12220=DIRECTION('ref_axis',(0.946263951583628,-4.21638470745337E-17,-0.323395321446272));
#12221=DIRECTION('',(0.,1.,0.));
#12222=DIRECTION('center_axis',(0.,1.,0.));
#12223=DIRECTION('ref_axis',(-0.948987300826756,0.,0.315314292206281));
#12224=DIRECTION('',(0.,1.,0.));
#12225=DIRECTION('center_axis',(-0.948987300826751,0.,0.315314292206296));
#12226=DIRECTION('ref_axis',(0.315314292206296,1.13549141858015E-17,0.948987300826751));
#12227=DIRECTION('',(0.,1.,0.));
#12228=DIRECTION('center_axis',(0.,1.,0.));
#12229=DIRECTION('ref_axis',(-0.94898730082675,0.,-0.315314292206299));
#12230=DIRECTION('',(0.,1.,0.));
#12231=DIRECTION('center_axis',(-0.948987300826751,0.,-0.315314292206297));
#12232=DIRECTION('ref_axis',(-0.315314292206297,3.42733132357016E-17,0.948987300826751));
#12233=DIRECTION('',(0.,1.,0.));
#12234=DIRECTION('center_axis',(0.,1.,0.));
#12235=DIRECTION('ref_axis',(0.3233953346404,0.,-0.946263947074401));
#12236=DIRECTION('axis',(0.,0.,1.));
#12237=DIRECTION('refdir',(1.,0.,0.));
#12238=DIRECTION('center_axis',(0.948987300826752,0.,-0.315314292206293));
#12239=DIRECTION('ref_axis',(-1.06772053900285E-24,-1.,-3.21347067795671E-24));
#12240=DIRECTION('center_axis',(0.948987300826751,0.,-0.315314292206295));
#12241=DIRECTION('ref_axis',(-1.06772053900285E-24,-1.,-3.21347067795671E-24));
#12242=DIRECTION('',(0.948987300826752,0.,-0.315314292206293));
#12243=DIRECTION('center_axis',(0.948987300826752,6.75615093178874E-24,
-0.315314292206295));
#12244=DIRECTION('ref_axis',(5.34378089773349E-24,-1.,-5.34378162705257E-24));
#12245=DIRECTION('center_axis',(-0.948987300826752,-6.75615093178874E-24,
0.315314292206295));
#12246=DIRECTION('ref_axis',(5.34378089773349E-24,-1.,-5.34378162705257E-24));
#12247=DIRECTION('center_axis',(0.948987300826752,0.,-0.315314292206295));
#12248=DIRECTION('ref_axis',(-1.06772053900285E-24,-1.,-3.2134706779567E-24));
#12249=DIRECTION('center_axis',(0.948987300826751,0.,-0.315314292206295));
#12250=DIRECTION('ref_axis',(-1.06772053900285E-24,-1.,-3.2134706779567E-24));
#12251=DIRECTION('',(0.948987300826751,0.,-0.315314292206295));
#12252=DIRECTION('center_axis',(0.948987300826752,6.75615093178874E-24,
-0.315314292206295));
#12253=DIRECTION('ref_axis',(5.34378089773349E-24,-1.,-5.34378162705257E-24));
#12254=DIRECTION('center_axis',(-0.948987300826752,-6.75615093178874E-24,
0.315314292206295));
#12255=DIRECTION('ref_axis',(5.34378089773349E-24,-1.,-5.34378162705257E-24));
#12256=DIRECTION('center_axis',(0.948987300826751,0.,0.315314292206297));
#12257=DIRECTION('ref_axis',(2.13031109234369E-24,-1.,-6.41150186786285E-24));
#12258=DIRECTION('center_axis',(0.948987300826751,0.,0.315314292206298));
#12259=DIRECTION('ref_axis',(2.13031109234369E-24,-1.,-6.41150186786285E-24));
#12260=DIRECTION('',(0.948987300826751,0.,0.315314292206297));
#12261=DIRECTION('center_axis',(0.948987300826751,3.38620954347234E-24,
0.315314292206298));
#12262=DIRECTION('ref_axis',(5.34378094703729E-24,-1.,-5.34378160240067E-24));
#12263=DIRECTION('center_axis',(-0.948987300826751,-3.38620954347234E-24,
-0.315314292206298));
#12264=DIRECTION('ref_axis',(5.34378094703729E-24,-1.,-5.34378160240066E-24));
#12265=DIRECTION('center_axis',(0.948987300826751,0.,0.315314292206298));
#12266=DIRECTION('ref_axis',(2.1303110923437E-24,-1.,-6.41150186786286E-24));
#12267=DIRECTION('center_axis',(0.948987300826751,0.,0.315314292206298));
#12268=DIRECTION('ref_axis',(2.1303110923437E-24,-1.,-6.41150186786286E-24));
#12269=DIRECTION('',(0.948987300826751,0.,0.315314292206298));
#12270=DIRECTION('center_axis',(0.948987300826751,3.38620954347234E-24,
0.315314292206298));
#12271=DIRECTION('ref_axis',(5.34378094703729E-24,-1.,-5.34378160240067E-24));
#12272=DIRECTION('center_axis',(-0.948987300826751,-3.38620954347234E-24,
-0.315314292206298));
#12273=DIRECTION('ref_axis',(5.34378094703729E-24,-1.,-5.34378160240067E-24));
#12274=DIRECTION('center_axis',(-1.,0.,0.));
#12275=DIRECTION('ref_axis',(0.,1.,5.34378162705257E-24));
#12276=DIRECTION('center_axis',(-1.,0.,-4.74394995525215E-16));
#12277=DIRECTION('ref_axis',(0.,1.,5.34378162705257E-24));
#12278=DIRECTION('',(-1.,0.,0.));
#12279=DIRECTION('center_axis',(-1.,-5.34378094703729E-24,9.71445146547006E-17));
#12280=DIRECTION('ref_axis',(-5.34378094703729E-24,1.,5.34378162705257E-24));
#12281=DIRECTION('center_axis',(1.,5.34378094703729E-24,-9.71445146547006E-17));
#12282=DIRECTION('ref_axis',(-5.34378094703729E-24,1.,5.34378162705257E-24));
#12283=DIRECTION('center_axis',(-1.,0.,0.));
#12284=DIRECTION('ref_axis',(0.,1.,5.34378162705257E-24));
#12285=DIRECTION('center_axis',(-1.,0.,-4.74394995525215E-16));
#12286=DIRECTION('ref_axis',(0.,1.,5.34378162705257E-24));
#12287=DIRECTION('',(-1.,0.,0.));
#12288=DIRECTION('center_axis',(-1.,-5.34378094703729E-24,9.71445146547006E-17));
#12289=DIRECTION('ref_axis',(-5.34378094703729E-24,1.,5.34378162705257E-24));
#12290=DIRECTION('center_axis',(1.,5.34378094703729E-24,-9.71445146547006E-17));
#12291=DIRECTION('ref_axis',(-5.34378094703729E-24,1.,5.34378162705257E-24));
#12292=DIRECTION('center_axis',(-5.3437810557774E-24,1.,5.3437818805713E-24));
#12293=DIRECTION('ref_axis',(-1.,-5.3437810557774E-24,-9.71445146547012E-17));
#12294=DIRECTION('',(0.946263947074398,3.32847322462862E-24,0.323395334640407));
#12295=DIRECTION('center_axis',(-5.3437810557774E-24,1.,5.3437818805713E-24));
#12296=DIRECTION('ref_axis',(-0.323395334640406,0.,0.946263947074398));
#12297=DIRECTION('',(-2.85560003796034E-47,5.3437818805713E-24,-1.));
#12298=DIRECTION('center_axis',(-5.3437810557774E-24,1.,5.3437818805713E-24));
#12299=DIRECTION('ref_axis',(-2.22044604925031E-15,0.,-1.));
#12300=DIRECTION('',(-1.,-5.34378107477815E-24,1.3064159150815E-15));
#12301=DIRECTION('center_axis',(-5.34378270084413E-24,1.,5.3437815843141E-24));
#12302=DIRECTION('ref_axis',(1.,5.34378270084412E-24,1.36597082851202E-15));
#12303=DIRECTION('',(4.74394995525215E-16,5.34378160653904E-24,-1.));
#12304=DIRECTION('center_axis',(-5.34378095086487E-24,1.,5.34378184624058E-24));
#12305=DIRECTION('ref_axis',(-9.71445146547012E-17,-5.34378184624058E-24,
1.));
#12306=DIRECTION('',(1.,1.4035604267186E-15,-5.51709717084458E-15));
#12307=DIRECTION('center_axis',(-5.3437810557774E-24,1.,5.3437818805713E-24));
#12308=DIRECTION('ref_axis',(-1.,0.,0.));
#12309=DIRECTION('',(-2.85560003796034E-47,5.3437818805713E-24,-1.));
#12310=DIRECTION('center_axis',(-5.3437810557774E-24,1.,5.3437818805713E-24));
#12311=DIRECTION('ref_axis',(1.,0.,1.41547880095496E-56));
#12312=DIRECTION('',(-0.946263951583631,-6.78478143724374E-24,0.323395321446264));
#12313=DIRECTION('center_axis',(-5.3437810557774E-24,1.,5.3437818805713E-24));
#12314=DIRECTION('ref_axis',(-0.323395321446265,0.,-0.94626395158363));
#12315=DIRECTION('',(0.315314292206294,-3.38621060174241E-24,0.948987300826752));
#12316=DIRECTION('center_axis',(-5.3437810557774E-24,1.,5.3437818805713E-24));
#12317=DIRECTION('ref_axis',(0.323395321446272,0.,0.946263951583628));
#12318=DIRECTION('',(0.946263951583628,6.78478148201976E-24,-0.323395321446271));
#12319=DIRECTION('center_axis',(1.20410005346162E-15,1.,-4.00079065742831E-16));
#12320=DIRECTION('ref_axis',(-0.948987300826758,1.26882630710115E-15,0.315314292206276));
#12321=DIRECTION('',(0.315314292206295,-3.38621038742595E-24,0.948987300826751));
#12322=DIRECTION('center_axis',(-8.4287004650757E-16,1.,-2.8005534441687E-16));
#12323=DIRECTION('ref_axis',(-0.94898730082675,-8.88178423086333E-16,-0.315314292206298));
#12324=DIRECTION('',(-0.315314292206298,-6.75615140767112E-24,0.948987300826751));
#12325=DIRECTION('center_axis',(-5.3437810557774E-24,1.,5.3437818805713E-24));
#12326=DIRECTION('ref_axis',(0.3233953346404,6.78478199739222E-24,-0.946263947074401));
#12327=DIRECTION('',(-0.946263947074397,-3.32847322194422E-24,-0.32339533464041));
#12328=DIRECTION('center_axis',(-5.3437810557774E-24,1.,5.3437818805713E-24));
#12329=DIRECTION('ref_axis',(0.94898730082675,0.,0.315314292206299));
#12330=DIRECTION('',(-0.315314292206298,-6.75615168435813E-24,0.948987300826751));
#12331=DIRECTION('center_axis',(-5.3437810557774E-24,1.,5.3437818805713E-24));
#12332=DIRECTION('ref_axis',(-0.948987300826751,0.,-0.315314292206297));
#12333=DIRECTION('center_axis',(-5.3437810557774E-24,1.,5.3437818805713E-24));
#12334=DIRECTION('ref_axis',(-0.808128794908811,0.,-0.589005815624288));
#12335=DIRECTION('center_axis',(-2.64203165495338E-16,1.,-7.95160410848471E-16));
#12336=DIRECTION('ref_axis',(-0.315314292206296,-8.37904166142206E-16,-0.948987300826751));
#12337=DIRECTION('',(-0.94898730082675,-6.75615097962217E-24,0.315314292206298));
#12338=DIRECTION('center_axis',(-5.3437810846109E-24,1.,5.3437818567929E-24));
#12339=DIRECTION('ref_axis',(0.442311719779125,7.15624859483261E-24,-0.896861384242868));
#12340=DIRECTION('',(-0.896861384242876,-2.42901364934743E-24,-0.442311719779107));
#12341=DIRECTION('center_axis',(5.34378095809957E-24,-1.,-5.34378157936957E-24));
#12342=DIRECTION('ref_axis',(-0.442311719779109,-7.15624829006485E-24,0.896861384242876));
#12343=DIRECTION('',(-0.948987300826752,-6.75615086718806E-24,0.315314292206293));
#12344=DIRECTION('center_axis',(5.34378095412702E-24,-1.,-5.3437815843141E-24));
#12345=DIRECTION('ref_axis',(0.315314292206302,-3.38621035264985E-24,0.948987300826749));
#12346=DIRECTION('',(-6.95392298489476E-16,-5.34378126198789E-24,1.));
#12347=DIRECTION('center_axis',(5.34378095976619E-24,-1.,-5.34378159015296E-24));
#12348=DIRECTION('ref_axis',(1.,5.34378095976619E-24,9.71445146547012E-17));
#12349=DIRECTION('',(0.94898730082675,3.38620955678196E-24,0.3153142922063));
#12350=DIRECTION('center_axis',(5.34378095537975E-24,-1.,-5.34378159161041E-24));
#12351=DIRECTION('ref_axis',(0.315314292206301,6.75615137848112E-24,-0.948987300826749));
#12352=DIRECTION('',(0.896861384242854,7.15624834653444E-24,-0.442311719779153));
#12353=DIRECTION('center_axis',(-5.34378200285392E-24,1.,5.34378474903287E-24));
#12354=DIRECTION('ref_axis',(-0.315314292206299,-6.7561547051185E-24,0.94898730082675));
#12355=DIRECTION('',(0.94898730082675,3.38620954436372E-24,0.315314292206299));
#12356=DIRECTION('center_axis',(-5.34378115262457E-24,1.,5.34378180626982E-24));
#12357=DIRECTION('ref_axis',(-0.680281821896681,-7.55200548098054E-24,0.732950641446565));
#12358=DIRECTION('center_axis',(-5.3437810557774E-24,1.,5.3437818805713E-24));
#12359=DIRECTION('ref_axis',(-0.367882106219333,0.,0.92987244067325));
#12360=DIRECTION('center_axis',(5.3437810557774E-24,-1.,-5.3437818805713E-24));
#12361=DIRECTION('ref_axis',(0.74733163211443,0.,-0.66445122593098));
#12362=DIRECTION('',(-0.946263947074398,-3.32847322462863E-24,-0.323395334640406));
#12363=DIRECTION('center_axis',(5.3437810557774E-24,-1.,-5.3437818805713E-24));
#12364=DIRECTION('ref_axis',(-0.444258588868879,0.,-0.895898602642192));
#12365=DIRECTION('',(-0.315314292206298,-6.75615168435813E-24,0.948987300826751));
#12366=DIRECTION('center_axis',(5.3437810557774E-24,-1.,-5.3437818805713E-24));
#12367=DIRECTION('ref_axis',(-0.893996229898621,0.,0.448074481450407));
#12368=DIRECTION('',(-0.948987300826752,-3.38621046078853E-24,-0.315314292206294));
#12369=DIRECTION('center_axis',(-5.3437810557774E-24,1.,5.3437818805713E-24));
#12370=DIRECTION('ref_axis',(0.810960631660467,0.,-0.585100721155646));
#12371=DIRECTION('',(2.85560003796034E-47,-5.3437818805713E-24,1.));
#12372=DIRECTION('center_axis',(-5.3437810557774E-24,1.,5.3437818805713E-24));
#12373=DIRECTION('ref_axis',(0.862006704983236,0.,0.506896873697151));
#12374=DIRECTION('center_axis',(-5.3437810557774E-24,1.,5.3437818805713E-24));
#12375=DIRECTION('ref_axis',(-0.624184599741226,0.,-0.781276894222455));
#12376=DIRECTION('center_axis',(-5.3437810557774E-24,1.,5.3437818805713E-24));
#12377=DIRECTION('ref_axis',(-0.315314292206294,0.,-0.948987300826752));
#12378=DIRECTION('',(-0.948987300826751,-6.75615116170849E-24,0.315314292206297));
#12379=DIRECTION('center_axis',(5.3437810557774E-24,-1.,-5.3437818805713E-24));
#12380=DIRECTION('ref_axis',(-0.893996229898619,0.,-0.448074481450412));
#12381=DIRECTION('',(0.315314292206295,-3.3862106017424E-24,0.948987300826752));
#12382=DIRECTION('center_axis',(5.3437810557774E-24,-1.,-5.3437818805713E-24));
#12383=DIRECTION('ref_axis',(-0.444258595114818,0.,0.895898599544953));
#12384=DIRECTION('',(0.946263951583631,6.78478143724375E-24,-0.323395321446264));
#12385=DIRECTION('center_axis',(5.3437810557774E-24,-1.,-5.3437818805713E-24));
#12386=DIRECTION('ref_axis',(0.997649313084761,0.,-0.0685262584817359));
#12387=DIRECTION('center_axis',(-5.3437810557774E-24,1.,5.3437818805713E-24));
#12388=DIRECTION('ref_axis',(-1.,0.,-9.71445146547012E-17));
#12389=DIRECTION('center_axis',(-5.3437810557774E-24,1.,5.3437818805713E-24));
#12390=DIRECTION('ref_axis',(-1.,0.,-9.71445146547012E-17));
#12391=DIRECTION('center_axis',(-5.3437810557774E-24,1.,5.3437818805713E-24));
#12392=DIRECTION('ref_axis',(-1.,0.,-9.71445146547012E-17));
#12393=DIRECTION('center_axis',(-5.3437810557774E-24,1.,5.3437818805713E-24));
#12394=DIRECTION('ref_axis',(-1.,0.,-9.71445146547012E-17));
#12395=DIRECTION('center_axis',(-5.3437810557774E-24,1.,5.3437818805713E-24));
#12396=DIRECTION('ref_axis',(-1.,-5.3437810557774E-24,-9.71445146547012E-17));
#12397=DIRECTION('',(-0.946263947074398,-3.32847322462862E-24,-0.323395334640407));
#12398=DIRECTION('center_axis',(5.3437810557774E-24,-1.,-5.3437818805713E-24));
#12399=DIRECTION('ref_axis',(-0.948987300826751,0.,-0.315314292206297));
#12400=DIRECTION('',(0.315314292206298,6.75615168435813E-24,-0.948987300826751));
#12401=DIRECTION('center_axis',(5.3437810557774E-24,-1.,-5.3437818805713E-24));
#12402=DIRECTION('ref_axis',(0.94898730082675,0.,0.315314292206299));
#12403=DIRECTION('',(-0.946263947074397,-3.32847322194422E-24,-0.32339533464041));
#12404=DIRECTION('center_axis',(-5.3437810557774E-24,1.,5.3437818805713E-24));
#12405=DIRECTION('ref_axis',(0.3233953346404,6.78478199739222E-24,-0.946263947074401));
#12406=DIRECTION('',(-0.315314292206298,-6.75615140767112E-24,0.948987300826751));
#12407=DIRECTION('center_axis',(-8.4287004650757E-16,1.,-2.8005534441687E-16));
#12408=DIRECTION('ref_axis',(-0.94898730082675,-8.88178423086333E-16,-0.315314292206298));
#12409=DIRECTION('',(0.315314292206295,-3.38621038742595E-24,0.948987300826751));
#12410=DIRECTION('center_axis',(1.20410005346162E-15,1.,-4.00079065742831E-16));
#12411=DIRECTION('ref_axis',(-0.948987300826758,1.26882630710115E-15,0.315314292206276));
#12412=DIRECTION('',(0.946263951583628,6.78478148201976E-24,-0.323395321446271));
#12413=DIRECTION('center_axis',(5.3437810557774E-24,-1.,-5.3437818805713E-24));
#12414=DIRECTION('ref_axis',(0.323395321446272,0.,0.946263951583628));
#12415=DIRECTION('',(-0.315314292206294,3.38621060174241E-24,-0.948987300826752));
#12416=DIRECTION('center_axis',(5.3437810557774E-24,-1.,-5.3437818805713E-24));
#12417=DIRECTION('ref_axis',(-0.323395321446265,0.,-0.94626395158363));
#12418=DIRECTION('',(0.946263951583631,6.78478143724374E-24,-0.323395321446264));
#12419=DIRECTION('center_axis',(5.3437810557774E-24,-1.,-5.3437818805713E-24));
#12420=DIRECTION('ref_axis',(1.,0.,1.41547880095496E-56));
#12421=DIRECTION('',(2.85560003796034E-47,-5.3437818805713E-24,1.));
#12422=DIRECTION('center_axis',(5.3437810557774E-24,-1.,-5.3437818805713E-24));
#12423=DIRECTION('ref_axis',(-1.,0.,0.));
#12424=DIRECTION('',(1.,1.4035604267186E-15,-5.51709717084458E-15));
#12425=DIRECTION('center_axis',(-5.34378095086487E-24,1.,5.34378184624058E-24));
#12426=DIRECTION('ref_axis',(-9.71445146547012E-17,-5.34378184624058E-24,
1.));
#12427=DIRECTION('',(4.74394995525215E-16,5.34378160653904E-24,-1.));
#12428=DIRECTION('center_axis',(-5.34378270084413E-24,1.,5.3437815843141E-24));
#12429=DIRECTION('ref_axis',(1.,5.34378270084412E-24,1.36597082851202E-15));
#12430=DIRECTION('',(-1.,-5.34378107477815E-24,1.3064159150815E-15));
#12431=DIRECTION('center_axis',(5.3437810557774E-24,-1.,-5.3437818805713E-24));
#12432=DIRECTION('ref_axis',(-2.22044604925031E-15,0.,-1.));
#12433=DIRECTION('',(2.85560003796034E-47,-5.3437818805713E-24,1.));
#12434=DIRECTION('center_axis',(5.3437810557774E-24,-1.,-5.3437818805713E-24));
#12435=DIRECTION('ref_axis',(-0.323395334640406,0.,0.946263947074398));
#12436=DIRECTION('center_axis',(-5.3437810557774E-24,1.,5.3437818805713E-24));
#12437=DIRECTION('ref_axis',(-1.,0.,-9.71445146547012E-17));
#12438=DIRECTION('center_axis',(-5.3437810557774E-24,1.,5.3437818805713E-24));
#12439=DIRECTION('ref_axis',(-1.,0.,-9.71445146547012E-17));
#12440=DIRECTION('center_axis',(-5.3437810557774E-24,1.,5.3437818805713E-24));
#12441=DIRECTION('ref_axis',(-1.,0.,-9.71445146547012E-17));
#12442=DIRECTION('center_axis',(-5.3437810557774E-24,1.,5.3437818805713E-24));
#12443=DIRECTION('ref_axis',(-1.,0.,-9.71445146547012E-17));
#12444=DIRECTION('center_axis',(5.3437810557774E-24,-1.,-5.3437818805713E-24));
#12445=DIRECTION('ref_axis',(-0.808128794908811,0.,-0.589005815624288));
#12446=DIRECTION('center_axis',(-5.3437810557774E-24,1.,5.3437818805713E-24));
#12447=DIRECTION('ref_axis',(0.997649313084761,0.,-0.0685262584817359));
#12448=DIRECTION('',(-0.946263951583631,-6.78478143724375E-24,0.323395321446264));
#12449=DIRECTION('center_axis',(-5.3437810557774E-24,1.,5.3437818805713E-24));
#12450=DIRECTION('ref_axis',(-0.444258595114818,0.,0.895898599544953));
#12451=DIRECTION('',(-0.315314292206295,3.38621058707134E-24,-0.948987300826752));
#12452=DIRECTION('center_axis',(-5.3437810557774E-24,1.,5.3437818805713E-24));
#12453=DIRECTION('ref_axis',(-0.893996229898619,0.,-0.448074481450412));
#12454=DIRECTION('',(0.948987300826751,6.75615116170849E-24,-0.315314292206297));
#12455=DIRECTION('center_axis',(5.3437810557774E-24,-1.,-5.3437818805713E-24));
#12456=DIRECTION('ref_axis',(-0.315314292206294,0.,-0.948987300826752));
#12457=DIRECTION('center_axis',(-5.3437810557774E-24,1.,5.3437818805713E-24));
#12458=DIRECTION('ref_axis',(-0.624184599741226,0.,-0.781276894222455));
#12459=DIRECTION('center_axis',(5.3437810557774E-24,-1.,-5.3437818805713E-24));
#12460=DIRECTION('ref_axis',(0.862006704983236,0.,0.506896873697151));
#12461=DIRECTION('',(-2.85560003796034E-47,5.3437818805713E-24,-1.));
#12462=DIRECTION('center_axis',(5.3437810557774E-24,-1.,-5.3437818805713E-24));
#12463=DIRECTION('ref_axis',(0.810960631660467,0.,-0.585100721155646));
#12464=DIRECTION('',(-0.948987300826752,-3.38621046078853E-24,-0.315314292206294));
#12465=DIRECTION('center_axis',(-5.3437810557774E-24,1.,5.3437818805713E-24));
#12466=DIRECTION('ref_axis',(-0.893996229898621,0.,0.448074481450407));
#12467=DIRECTION('',(0.315314292206298,6.75615168435813E-24,-0.948987300826751));
#12468=DIRECTION('center_axis',(-5.3437810557774E-24,1.,5.3437818805713E-24));
#12469=DIRECTION('ref_axis',(-0.444258588868879,0.,-0.895898602642192));
#12470=DIRECTION('',(0.946263947074398,3.32847322462863E-24,0.323395334640406));
#12471=DIRECTION('center_axis',(-5.3437810557774E-24,1.,5.3437818805713E-24));
#12472=DIRECTION('ref_axis',(0.74733163211443,0.,-0.66445122593098));
#12473=DIRECTION('center_axis',(5.3437810557774E-24,-1.,-5.3437818805713E-24));
#12474=DIRECTION('ref_axis',(-0.367882106219333,0.,0.92987244067325));
#12475=DIRECTION('center_axis',(-5.34378115262457E-24,1.,5.34378180626982E-24));
#12476=DIRECTION('ref_axis',(-0.680281821896681,-7.55200548098054E-24,0.732950641446565));
#12477=DIRECTION('',(0.94898730082675,3.38620954436372E-24,0.315314292206299));
#12478=DIRECTION('center_axis',(-5.34378200285392E-24,1.,5.34378474903287E-24));
#12479=DIRECTION('ref_axis',(-0.315314292206299,-6.7561547051185E-24,0.94898730082675));
#12480=DIRECTION('',(0.896861384242854,7.15624834653444E-24,-0.442311719779153));
#12481=DIRECTION('center_axis',(5.34378095537975E-24,-1.,-5.34378159161041E-24));
#12482=DIRECTION('ref_axis',(0.315314292206301,6.75615137848112E-24,-0.948987300826749));
#12483=DIRECTION('',(0.94898730082675,3.38620955678196E-24,0.3153142922063));
#12484=DIRECTION('center_axis',(5.34378095976619E-24,-1.,-5.34378159015296E-24));
#12485=DIRECTION('ref_axis',(1.,5.34378095976619E-24,9.71445146547012E-17));
#12486=DIRECTION('',(-6.95392298489476E-16,-5.34378126198789E-24,1.));
#12487=DIRECTION('center_axis',(5.34378095412702E-24,-1.,-5.3437815843141E-24));
#12488=DIRECTION('ref_axis',(0.315314292206302,-3.38621035264985E-24,0.948987300826749));
#12489=DIRECTION('',(-0.948987300826752,-6.75615086718806E-24,0.315314292206293));
#12490=DIRECTION('center_axis',(5.34378095809957E-24,-1.,-5.34378157936957E-24));
#12491=DIRECTION('ref_axis',(-0.442311719779109,-7.15624829006485E-24,0.896861384242876));
#12492=DIRECTION('',(-0.896861384242876,-2.42901364934743E-24,-0.442311719779107));
#12493=DIRECTION('center_axis',(-5.3437810846109E-24,1.,5.3437818567929E-24));
#12494=DIRECTION('ref_axis',(0.442311719779125,7.15624859483261E-24,-0.896861384242868));
#12495=DIRECTION('',(-0.94898730082675,-6.75615097962217E-24,0.315314292206298));
#12496=DIRECTION('center_axis',(-2.64203165495338E-16,1.,-7.95160410848471E-16));
#12497=DIRECTION('ref_axis',(-0.315314292206296,-8.37904166142206E-16,-0.948987300826751));
#12498=DIRECTION('center_axis',(-2.13031109972027E-24,1.,6.41150189006379E-24));
#12499=DIRECTION('ref_axis',(0.315314292206297,6.75615140948476E-24,-0.948987300826751));
#12500=DIRECTION('',(-0.315314292206298,-6.75615140948476E-24,0.94898730082675));
#12501=DIRECTION('',(-0.948987300826751,0.,-0.315314292206298));
#12502=DIRECTION('',(0.315314292206298,6.75615140948476E-24,-0.948987300826751));
#12503=DIRECTION('',(-0.948987300826751,0.,-0.315314292206298));
#12504=DIRECTION('center_axis',(-0.948987300826751,0.,-0.315314292206298));
#12505=DIRECTION('ref_axis',(-2.13031109972027E-24,1.,6.41150189006379E-24));
#12506=DIRECTION('center_axis',(0.948987300826751,0.,0.315314292206298));
#12507=DIRECTION('ref_axis',(-2.13031109972027E-24,1.,6.41150189006379E-24));
#12508=DIRECTION('center_axis',(-0.948987300826751,0.,-0.315314292206298));
#12509=DIRECTION('ref_axis',(-2.13031109972027E-24,1.,6.41150189006379E-24));
#12510=DIRECTION('',(-0.948987300826751,0.,-0.315314292206298));
#12511=DIRECTION('center_axis',(-0.315314292206298,-6.75615140948476E-24,
0.948987300826751));
#12512=DIRECTION('ref_axis',(-5.34378094703729E-24,1.,5.34378162705257E-24));
#12513=DIRECTION('',(2.13031109972027E-24,-1.,-6.41150189006379E-24));
#12514=DIRECTION('',(0.,1.,0.));
#12515=DIRECTION('',(-0.948987300826751,0.,-0.315314292206298));
#12516=DIRECTION('center_axis',(-0.948987300826751,0.,-0.315314292206298));
#12517=DIRECTION('ref_axis',(-0.315314292206297,-6.75615140948476E-24,0.948987300826751));
#12518=DIRECTION('center_axis',(0.948987300826751,0.,0.315314292206298));
#12519=DIRECTION('ref_axis',(-0.315314292206297,-6.75615140948476E-24,0.948987300826751));
#12520=DIRECTION('center_axis',(-0.948987300826751,0.,-0.315314292206298));
#12521=DIRECTION('ref_axis',(-0.315314292206297,-6.75615140948476E-24,0.948987300826751));
#12522=DIRECTION('',(-0.948987300826751,0.,-0.315314292206298));
#12523=DIRECTION('center_axis',(2.13031109972027E-24,-1.,-6.41150189006379E-24));
#12524=DIRECTION('ref_axis',(-0.315314292206297,-6.75615140948476E-24,0.948987300826751));
#12525=DIRECTION('',(0.315314292206298,6.75615140948476E-24,-0.948987300826751));
#12526=DIRECTION('',(-0.315314292206298,-6.75615140948476E-24,0.948987300826751));
#12527=DIRECTION('',(-0.948987300826751,0.,-0.315314292206298));
#12528=DIRECTION('center_axis',(-0.948987300826751,0.,-0.315314292206298));
#12529=DIRECTION('ref_axis',(2.13031109972027E-24,-1.,-6.41150189006379E-24));
#12530=DIRECTION('center_axis',(0.948987300826751,0.,0.315314292206298));
#12531=DIRECTION('ref_axis',(2.13031109972027E-24,-1.,-6.41150189006379E-24));
#12532=DIRECTION('center_axis',(-0.948987300826751,0.,-0.315314292206298));
#12533=DIRECTION('ref_axis',(2.13031109972027E-24,-1.,-6.41150189006379E-24));
#12534=DIRECTION('',(-0.948987300826751,0.,-0.315314292206298));
#12535=DIRECTION('center_axis',(0.315314292206298,6.75615140948476E-24,
-0.948987300826751));
#12536=DIRECTION('ref_axis',(5.34378094703729E-24,-1.,-5.34378162705257E-24));
#12537=DIRECTION('',(-2.13031109972027E-24,1.,6.41150189006379E-24));
#12538=DIRECTION('',(0.,-1.,0.));
#12539=DIRECTION('',(-0.948987300826751,0.,-0.315314292206298));
#12540=DIRECTION('center_axis',(-0.948987300826751,0.,-0.315314292206298));
#12541=DIRECTION('ref_axis',(0.315314292206297,6.75615140948476E-24,-0.948987300826751));
#12542=DIRECTION('center_axis',(0.948987300826751,0.,0.315314292206298));
#12543=DIRECTION('ref_axis',(0.315314292206297,6.75615140948476E-24,-0.948987300826751));
#12544=DIRECTION('center_axis',(-0.948987300826751,0.,-0.315314292206298));
#12545=DIRECTION('ref_axis',(0.315314292206297,6.75615140948476E-24,-0.948987300826751));
#12546=DIRECTION('center_axis',(-0.948987300826751,0.,-0.315314292206298));
#12547=DIRECTION('ref_axis',(0.315314292206298,6.75615168435813E-24,-0.948987300826751));
#12548=DIRECTION('',(0.,-1.,0.));
#12549=DIRECTION('',(0.,1.,0.));
#12550=DIRECTION('center_axis',(-0.948987300826751,0.,-0.315314292206298));
#12551=DIRECTION('ref_axis',(0.315314292206298,6.75615168435813E-24,-0.948987300826751));
#12552=DIRECTION('',(0.,1.,0.));
#12553=DIRECTION('',(0.,-1.,0.));
#12554=DIRECTION('center_axis',(1.,0.,-6.84310908771195E-15));
#12555=DIRECTION('ref_axis',(1.18329135783152E-28,1.,1.7763568399346E-14));
#12556=DIRECTION('',(1.,0.,-6.84310908771195E-15));
#12557=DIRECTION('center_axis',(-1.,0.,-4.74394995525215E-16));
#12558=DIRECTION('ref_axis',(1.18329135783152E-28,1.,1.7763568399346E-14));
#12559=DIRECTION('',(1.,0.,-6.84310908771195E-15));
#12560=DIRECTION('center_axis',(-6.84310908771195E-15,5.34372969967786E-24,
-1.));
#12561=DIRECTION('ref_axis',(-7.69754630941155E-15,1.,5.34378237482697E-24));
#12562=DIRECTION('',(0.,1.,0.));
#12563=DIRECTION('',(1.,0.,-6.84310908771195E-15));
#12564=DIRECTION('',(2.53503862696664E-39,-1.,-5.34372969967786E-24));
#12565=DIRECTION('center_axis',(1.,0.,-6.84310908771195E-15));
#12566=DIRECTION('ref_axis',(-6.84310908771195E-15,5.34378162705257E-24,
-1.));
#12567=DIRECTION('',(1.,0.,-6.84310908771195E-15));
#12568=DIRECTION('center_axis',(-1.,0.,-4.74394995525215E-16));
#12569=DIRECTION('ref_axis',(-6.84310908771195E-15,5.34378162705257E-24,
-1.));
#12570=DIRECTION('center_axis',(1.,0.,-6.84310908771195E-15));
#12571=DIRECTION('ref_axis',(-1.21558036343749E-28,-1.,-1.77635683993462E-14));
#12572=DIRECTION('',(1.,0.,-6.84310908771195E-15));
#12573=DIRECTION('center_axis',(-1.,0.,-4.74394995525215E-16));
#12574=DIRECTION('ref_axis',(-1.21558036343749E-28,-1.,-1.77635683993462E-14));
#12575=DIRECTION('',(1.,0.,-6.84310908771195E-15));
#12576=DIRECTION('center_axis',(6.84310908771195E-15,-5.92118951810533E-16,
1.));
#12577=DIRECTION('ref_axis',(5.34378404495981E-24,-1.,-5.92118951810533E-16));
#12578=DIRECTION('',(0.,-1.,0.));
#12579=DIRECTION('',(1.,0.,-6.84310908771195E-15));
#12580=DIRECTION('',(-2.80898267494552E-31,1.,5.92118951810533E-16));
#12581=DIRECTION('center_axis',(1.,0.,-6.84310908771195E-15));
#12582=DIRECTION('ref_axis',(6.84310908771195E-15,-5.34378162705219E-24,
1.));
#12583=DIRECTION('',(1.,0.,-6.84310908771195E-15));
#12584=DIRECTION('center_axis',(-1.,0.,-4.74394995525215E-16));
#12585=DIRECTION('ref_axis',(6.84310908771195E-15,-5.34378162705219E-24,
1.));
#12586=DIRECTION('center_axis',(3.65680806148313E-38,1.,5.34378162705253E-24));
#12587=DIRECTION('ref_axis',(7.20257187225569E-15,-5.34378162705253E-24,
1.));
#12588=DIRECTION('center_axis',(3.65680806148313E-38,1.,5.34378162705253E-24));
#12589=DIRECTION('ref_axis',(1.,0.,9.71445146547012E-17));
#12590=DIRECTION('',(4.74394995525215E-16,5.34378162705253E-24,-1.));
#12591=DIRECTION('center_axis',(-3.65680806148313E-38,-1.,-5.34378162705253E-24));
#12592=DIRECTION('ref_axis',(0.315314292206302,0.,0.948987300826749));
#12593=DIRECTION('',(-6.95392298489476E-16,-5.34378162705253E-24,1.));
#12594=DIRECTION('center_axis',(-3.65680806148315E-38,-1.,-5.34378162705257E-24));
#12595=DIRECTION('ref_axis',(-9.71445146547023E-17,5.34378162705257E-24,
-1.));
#12596=DIRECTION('center_axis',(-3.65680806148315E-38,-1.,-5.34378162705257E-24));
#12597=DIRECTION('ref_axis',(1.,0.,9.71445146547012E-17));
#12598=DIRECTION('',(6.95392298489476E-16,5.34378162705257E-24,-1.));
#12599=DIRECTION('center_axis',(3.65680806148315E-38,1.,5.34378162705257E-24));
#12600=DIRECTION('ref_axis',(0.315314292206302,0.,0.948987300826749));
#12601=DIRECTION('',(-4.74394995525215E-16,-5.34378162705257E-24,1.));
#12602=DIRECTION('center_axis',(-1.,0.,-6.95392298489476E-16));
#12603=DIRECTION('ref_axis',(-6.95392298489476E-16,-5.34378126198789E-24,
1.));
#12604=DIRECTION('',(0.,1.,0.));
#12605=DIRECTION('',(0.,1.,0.));
#12606=DIRECTION('center_axis',(-1.,0.,-6.95392298489476E-16));
#12607=DIRECTION('ref_axis',(-6.95392298489476E-16,-5.34378126198789E-24,
1.));
#12608=DIRECTION('',(0.,1.,0.));
#12609=DIRECTION('',(0.,1.,0.));
#12610=DIRECTION('center_axis',(-0.323395334640407,0.,0.946263947074398));
#12611=DIRECTION('ref_axis',(-0.946263947074398,-3.32847322462862E-24,-0.323395334640407));
#12612=DIRECTION('',(0.,-1.,0.));
#12613=DIRECTION('',(0.,-1.,0.));
#12614=DIRECTION('center_axis',(1.06772054390479E-24,1.,3.21347069270985E-24));
#12615=DIRECTION('ref_axis',(-0.315314292206294,3.38621042653605E-24,-0.948987300826752));
#12616=DIRECTION('',(-0.315314292206295,3.38621042653605E-24,-0.948987300826752));
#12617=DIRECTION('',(-0.948987300826752,0.,0.315314292206294));
#12618=DIRECTION('',(0.315314292206295,-3.38621042653605E-24,0.948987300826751));
#12619=DIRECTION('',(-0.948987300826752,0.,0.315314292206294));
#12620=DIRECTION('center_axis',(-0.948987300826752,0.,0.315314292206294));
#12621=DIRECTION('ref_axis',(1.06772054390479E-24,1.,3.21347069270985E-24));
#12622=DIRECTION('center_axis',(-0.948987300826752,0.,0.315314292206295));
#12623=DIRECTION('ref_axis',(1.06772054390479E-24,1.,3.21347069270985E-24));
#12624=DIRECTION('',(-0.948987300826752,0.,0.315314292206294));
#12625=DIRECTION('center_axis',(0.948987300826751,0.,-0.315314292206295));
#12626=DIRECTION('ref_axis',(1.06772054390479E-24,1.,3.21347069270985E-24));
#12627=DIRECTION('center_axis',(0.315314292206294,-5.92118949852961E-16,
0.948987300826752));
#12628=DIRECTION('ref_axis',(1.86703561163319E-16,1.,5.61913366119643E-16));
#12629=DIRECTION('',(0.,1.,0.));
#12630=DIRECTION('',(-0.948987300826752,0.,0.315314292206294));
#12631=DIRECTION('',(-1.86703567574821E-16,-1.,-5.61913363989332E-16));
#12632=DIRECTION('center_axis',(-0.948987300826752,0.,0.315314292206294));
#12633=DIRECTION('ref_axis',(0.315314292206294,8.88178419361523E-15,0.948987300826752));
#12634=DIRECTION('center_axis',(-0.948987300826752,0.,0.315314292206295));
#12635=DIRECTION('ref_axis',(0.315314292206294,8.88178419361523E-15,0.948987300826752));
#12636=DIRECTION('',(-0.948987300826752,0.,0.315314292206294));
#12637=DIRECTION('center_axis',(0.948987300826751,0.,-0.315314292206295));
#12638=DIRECTION('ref_axis',(0.315314292206294,8.88178419361523E-15,0.948987300826752));
#12639=DIRECTION('center_axis',(-1.06772054390479E-24,-1.,-3.21347069270985E-24));
#12640=DIRECTION('ref_axis',(0.315314292206294,-3.38621042653605E-24,0.948987300826752));
#12641=DIRECTION('',(0.315314292206295,-3.38621042653605E-24,0.948987300826752));
#12642=DIRECTION('',(-0.948987300826752,0.,0.315314292206294));
#12643=DIRECTION('',(-0.315314292206295,3.38621042653605E-24,-0.948987300826751));
#12644=DIRECTION('center_axis',(-0.948987300826752,0.,0.315314292206294));
#12645=DIRECTION('ref_axis',(-1.06772054390479E-24,-1.,-3.21347069270985E-24));
#12646=DIRECTION('center_axis',(-0.948987300826752,0.,0.315314292206295));
#12647=DIRECTION('ref_axis',(-1.06772054390479E-24,-1.,-3.21347069270985E-24));
#12648=DIRECTION('',(-0.948987300826752,0.,0.315314292206294));
#12649=DIRECTION('center_axis',(0.948987300826751,0.,-0.315314292206295));
#12650=DIRECTION('ref_axis',(-1.06772054390479E-24,-1.,-3.21347069270985E-24));
#12651=DIRECTION('center_axis',(-0.315314292206294,-1.18423788954729E-15,
-0.948987300826752));
#12652=DIRECTION('ref_axis',(3.7340713835798E-16,-1.,1.12382671620794E-15));
#12653=DIRECTION('',(0.,-1.,0.));
#12654=DIRECTION('',(-0.948987300826752,0.,0.315314292206294));
#12655=DIRECTION('',(-3.7340713194648E-16,1.,-1.12382671833825E-15));
#12656=DIRECTION('center_axis',(-0.948987300826752,0.,0.315314292206294));
#12657=DIRECTION('ref_axis',(-0.315314292206294,3.38621042653605E-24,-0.948987300826752));
#12658=DIRECTION('center_axis',(-0.948987300826752,0.,0.315314292206295));
#12659=DIRECTION('ref_axis',(-0.315314292206294,3.38621042653605E-24,-0.948987300826752));
#12660=DIRECTION('center_axis',(0.948987300826751,0.,-0.315314292206295));
#12661=DIRECTION('ref_axis',(-0.315314292206294,3.38621042653605E-24,-0.948987300826752));
#12662=DIRECTION('center_axis',(-0.948987300826752,0.,0.315314292206295));
#12663=DIRECTION('ref_axis',(-0.315314292206295,3.38621058707134E-24,-0.948987300826752));
#12664=DIRECTION('',(0.,-1.,0.));
#12665=DIRECTION('',(0.,1.,0.));
#12666=DIRECTION('center_axis',(-0.948987300826752,0.,0.315314292206295));
#12667=DIRECTION('ref_axis',(-0.315314292206295,3.38621058707134E-24,-0.948987300826752));
#12668=DIRECTION('',(0.,1.,0.));
#12669=DIRECTION('',(0.,-1.,0.));
#12670=DIRECTION('center_axis',(0.,1.,0.));
#12671=DIRECTION('ref_axis',(-0.808128794908811,0.,-0.589005815624288));
#12672=DIRECTION('',(0.,-1.,0.));
#12673=DIRECTION('',(0.,1.,0.));
#12674=DIRECTION('center_axis',(0.,-1.,0.));
#12675=DIRECTION('ref_axis',(0.997649313084761,0.,-0.0685262584817359));
#12676=DIRECTION('',(0.,1.,0.));
#12677=DIRECTION('center_axis',(0.,-1.,0.));
#12678=DIRECTION('ref_axis',(0.74733163211443,0.,-0.66445122593098));
#12679=DIRECTION('',(0.,-1.,0.));
#12680=DIRECTION('',(0.,1.,0.));
#12681=DIRECTION('center_axis',(0.323395334640406,0.,-0.946263947074398));
#12682=DIRECTION('ref_axis',(0.946263947074398,3.32847322462863E-24,0.323395334640406));
#12683=DIRECTION('',(0.,1.,0.));
#12684=DIRECTION('center_axis',(0.,-1.,0.));
#12685=DIRECTION('ref_axis',(-0.367882106219333,0.,0.92987244067325));
#12686=DIRECTION('',(0.,1.,0.));
#12687=DIRECTION('center_axis',(0.,-1.,0.));
#12688=DIRECTION('ref_axis',(-0.444258588868879,0.,-0.895898602642192));
#12689=DIRECTION('center_axis',(0.,-1.,0.));
#12690=DIRECTION('ref_axis',(-0.893996229898621,0.,0.448074481450407));
#12691=DIRECTION('',(0.,-1.,0.));
#12692=DIRECTION('center_axis',(0.315314292206294,0.,-0.948987300826752));
#12693=DIRECTION('ref_axis',(-0.948987300826752,-3.38621046078853E-24,-0.315314292206294));
#12694=DIRECTION('',(0.,1.,0.));
#12695=DIRECTION('center_axis',(0.,-1.,0.));
#12696=DIRECTION('ref_axis',(-0.893996229898619,0.,-0.448074481450412));
#12697=DIRECTION('',(0.,1.,0.));
#12698=DIRECTION('center_axis',(0.,-1.,0.));
#12699=DIRECTION('ref_axis',(-0.444258595114818,0.,0.895898599544953));
#12700=DIRECTION('',(0.,-1.,0.));
#12701=DIRECTION('center_axis',(0.323395321446264,0.,0.946263951583631));
#12702=DIRECTION('ref_axis',(-0.946263951583631,-6.78478143724375E-24,0.323395321446264));
#12703=DIRECTION('center_axis',(0.,1.,0.));
#12704=DIRECTION('ref_axis',(-2.22044604925031E-15,0.,-1.));
#12705=DIRECTION('',(0.,1.,0.));
#12706=DIRECTION('',(0.,-1.,0.));
#12707=DIRECTION('center_axis',(-1.3064159150815E-15,0.,-1.));
#12708=DIRECTION('ref_axis',(-1.,-5.34378107477815E-24,1.3064159150815E-15));
#12709=DIRECTION('',(0.,1.,0.));
#12710=DIRECTION('center_axis',(0.,1.,0.));
#12711=DIRECTION('ref_axis',(0.94898730082675,0.,0.315314292206299));
#12712=DIRECTION('',(0.,1.,0.));
#12713=DIRECTION('',(0.,-1.,0.));
#12714=DIRECTION('center_axis',(-0.94898730082675,0.,-0.315314292206298));
#12715=DIRECTION('ref_axis',(0.315314292206298,6.75615168435813E-24,-0.948987300826751));
#12716=DIRECTION('',(0.,-1.,0.));
#12717=DIRECTION('center_axis',(0.,1.,0.));
#12718=DIRECTION('ref_axis',(-1.,0.,0.));
#12719=DIRECTION('',(0.,1.,0.));
#12720=DIRECTION('',(0.,-1.,0.));
#12721=DIRECTION('center_axis',(1.,0.,-2.85560003796034E-47));
#12722=DIRECTION('ref_axis',(2.85560003796034E-47,-5.3437818805713E-24,
1.));
#12723=DIRECTION('',(0.,-1.,0.));
#12724=DIRECTION('center_axis',(0.,1.,0.));
#12725=DIRECTION('ref_axis',(0.323395321446272,0.,0.946263951583628));
#12726=DIRECTION('',(0.,1.,0.));
#12727=DIRECTION('',(0.,-1.,0.));
#12728=DIRECTION('center_axis',(-0.948987300826752,0.,0.315314292206294));
#12729=DIRECTION('ref_axis',(-0.315314292206294,3.38621060174241E-24,-0.948987300826752));
#12730=DIRECTION('',(0.,-1.,0.));
#12731=DIRECTION('center_axis',(0.,-1.,0.));
#12732=DIRECTION('ref_axis',(1.,0.,1.41547880095496E-56));
#12733=DIRECTION('',(0.,-1.,0.));
#12734=DIRECTION('center_axis',(-0.323395321446264,0.,-0.946263951583631));
#12735=DIRECTION('ref_axis',(0.946263951583631,6.78478144122729E-24,-0.323395321446264));
#12736=DIRECTION('',(0.,-1.,0.));
#12737=DIRECTION('center_axis',(0.,-1.,0.));
#12738=DIRECTION('ref_axis',(-0.323395321446265,0.,-0.94626395158363));
#12739=DIRECTION('center_axis',(0.,-1.,0.));
#12740=DIRECTION('ref_axis',(-0.948987300826751,0.,-0.315314292206297));
#12741=DIRECTION('center_axis',(0.,-1.,0.));
#12742=DIRECTION('ref_axis',(-0.323395334640406,0.,0.946263947074398));
#12743=DIRECTION('',(0.,-1.,0.));
#12744=DIRECTION('center_axis',(1.,0.,-2.85560003796034E-47));
#12745=DIRECTION('ref_axis',(2.85560003796034E-47,-5.3437818805713E-24,
1.));
#12746=DIRECTION('center_axis',(0.,-1.,0.));
#12747=DIRECTION('ref_axis',(0.810960631660467,0.,-0.585100721155646));
#12748=DIRECTION('',(0.,-1.,0.));
#12749=DIRECTION('center_axis',(0.,1.,0.));
#12750=DIRECTION('ref_axis',(0.862006704983236,0.,0.506896873697151));
#12751=DIRECTION('',(0.,-1.,0.));
#12752=DIRECTION('',(0.,1.,0.));
#12753=DIRECTION('center_axis',(0.,1.,0.));
#12754=DIRECTION('ref_axis',(-0.624184599741226,0.,-0.781276894222455));
#12755=DIRECTION('',(0.,1.,0.));
#12756=DIRECTION('center_axis',(0.,1.,0.));
#12757=DIRECTION('ref_axis',(-0.315314292206294,0.,-0.948987300826752));
#12758=DIRECTION('',(0.,-1.,0.));
#12759=DIRECTION('center_axis',(0.315314292206294,0.,0.948987300826752));
#12760=DIRECTION('ref_axis',(0.948987300826752,6.75615054215584E-24,-0.315314292206294));
#12761=DIRECTION('center_axis',(-1.,0.,2.85560003796034E-47));
#12762=DIRECTION('ref_axis',(-2.85560003796034E-47,5.3437818805713E-24,
-1.));
#12763=DIRECTION('center_axis',(0.,1.,0.));
#12764=DIRECTION('ref_axis',(-1.,0.,-9.71445146547012E-17));
#12765=DIRECTION('',(0.,-1.,0.));
#12766=DIRECTION('center_axis',(0.,1.,0.));
#12767=DIRECTION('ref_axis',(-1.,0.,-9.71445146547012E-17));
#12768=DIRECTION('',(0.,-1.,0.));
#12769=DIRECTION('center_axis',(0.,1.,0.));
#12770=DIRECTION('ref_axis',(-1.,0.,-9.71445146547012E-17));
#12771=DIRECTION('',(0.,-1.,0.));
#12772=DIRECTION('center_axis',(0.,1.,0.));
#12773=DIRECTION('ref_axis',(-0.315314292206296,0.,-0.948987300826751));
#12774=DIRECTION('',(0.,1.,0.));
#12775=DIRECTION('center_axis',(-0.315314292206298,0.,-0.94898730082675));
#12776=DIRECTION('ref_axis',(-0.948987300826751,-6.75615097962217E-24,0.315314292206298));
#12777=DIRECTION('',(0.,1.,0.));
#12778=DIRECTION('center_axis',(0.,1.,0.));
#12779=DIRECTION('ref_axis',(0.442311719779125,0.,-0.896861384242868));
#12780=DIRECTION('',(0.,1.,0.));
#12781=DIRECTION('center_axis',(0.442311719779107,0.,-0.896861384242876));
#12782=DIRECTION('ref_axis',(-0.896861384242876,-2.42901364934743E-24,-0.442311719779107));
#12783=DIRECTION('',(0.,1.,0.));
#12784=DIRECTION('center_axis',(0.,1.,0.));
#12785=DIRECTION('ref_axis',(-0.442311719779109,0.,0.896861384242876));
#12786=DIRECTION('',(0.,1.,0.));
#12787=DIRECTION('center_axis',(-0.315314292206293,0.,-0.948987300826752));
#12788=DIRECTION('ref_axis',(-0.948987300826752,-6.75615086718806E-24,0.315314292206293));
#12789=DIRECTION('',(0.,1.,0.));
#12790=DIRECTION('center_axis',(0.,1.,0.));
#12791=DIRECTION('ref_axis',(0.315314292206302,0.,0.948987300826749));
#12792=DIRECTION('center_axis',(0.,1.,0.));
#12793=DIRECTION('ref_axis',(1.,0.,9.71445146547012E-17));
#12794=DIRECTION('',(0.,1.,0.));
#12795=DIRECTION('center_axis',(-0.3153142922063,0.,0.94898730082675));
#12796=DIRECTION('ref_axis',(0.94898730082675,3.38620955678196E-24,0.3153142922063));
#12797=DIRECTION('',(0.,1.,0.));
#12798=DIRECTION('center_axis',(0.,1.,0.));
#12799=DIRECTION('ref_axis',(0.315314292206301,0.,-0.948987300826749));
#12800=DIRECTION('',(0.,1.,0.));
#12801=DIRECTION('center_axis',(0.442311719779153,0.,0.896861384242854));
#12802=DIRECTION('ref_axis',(0.896861384242854,7.15624834653444E-24,-0.442311719779153));
#12803=DIRECTION('',(0.,1.,0.));
#12804=DIRECTION('center_axis',(0.,1.,0.));
#12805=DIRECTION('ref_axis',(-0.315314292206299,0.,0.94898730082675));
#12806=DIRECTION('',(0.,1.,0.));
#12807=DIRECTION('center_axis',(-0.315314292206299,0.,0.94898730082675));
#12808=DIRECTION('ref_axis',(0.94898730082675,3.38620954436372E-24,0.315314292206299));
#12809=DIRECTION('',(0.,1.,0.));
#12810=DIRECTION('center_axis',(0.,1.,0.));
#12811=DIRECTION('ref_axis',(-0.680281821896681,0.,0.732950641446565));
#12812=DIRECTION('center_axis',(0.,1.,0.));
#12813=DIRECTION('ref_axis',(-1.,0.,-9.71445146547012E-17));
#12814=DIRECTION('',(0.,-1.,0.));
#12815=DIRECTION('center_axis',(0.32339533464041,0.,-0.946263947074397));
#12816=DIRECTION('ref_axis',(-0.946263947074397,-3.32847322194422E-24,-0.32339533464041));
#12817=DIRECTION('',(0.,1.,0.));
#12818=DIRECTION('center_axis',(0.,1.,0.));
#12819=DIRECTION('ref_axis',(1.,0.,1.36597082851202E-15));
#12820=DIRECTION('',(0.,1.,0.));
#12821=DIRECTION('center_axis',(1.,0.,4.74394995525215E-16));
#12822=DIRECTION('ref_axis',(4.74394995525215E-16,5.34378160653904E-24,
-1.));
#12823=DIRECTION('',(0.,1.,0.));
#12824=DIRECTION('center_axis',(0.,1.,0.));
#12825=DIRECTION('ref_axis',(-9.71445146547012E-17,0.,1.));
#12826=DIRECTION('',(0.,1.,0.));
#12827=DIRECTION('center_axis',(5.51709717084458E-15,0.,1.));
#12828=DIRECTION('ref_axis',(1.,1.4035604267186E-15,-5.51709717084458E-15));
#12829=DIRECTION('center_axis',(0.323395321446271,0.,0.946263951583628));
#12830=DIRECTION('ref_axis',(0.946263951583628,6.78478148201976E-24,-0.323395321446271));
#12831=DIRECTION('',(0.,1.,0.));
#12832=DIRECTION('center_axis',(0.,1.,0.));
#12833=DIRECTION('ref_axis',(-0.948987300826758,0.,0.315314292206276));
#12834=DIRECTION('',(0.,1.,0.));
#12835=DIRECTION('center_axis',(-0.948987300826751,0.,0.315314292206295));
#12836=DIRECTION('ref_axis',(0.315314292206295,-3.38621038742595E-24,0.948987300826751));
#12837=DIRECTION('',(0.,1.,0.));
#12838=DIRECTION('center_axis',(0.,1.,0.));
#12839=DIRECTION('ref_axis',(-0.94898730082675,0.,-0.315314292206298));
#12840=DIRECTION('',(0.,1.,0.));
#12841=DIRECTION('center_axis',(-0.948987300826751,0.,-0.315314292206298));
#12842=DIRECTION('ref_axis',(-0.315314292206298,-6.75615140767112E-24,0.948987300826751));
#12843=DIRECTION('',(0.,1.,0.));
#12844=DIRECTION('center_axis',(0.,1.,0.));
#12845=DIRECTION('ref_axis',(0.3233953346404,0.,-0.946263947074401));
#12846=DIRECTION('axis',(0.,0.,1.));
#12847=DIRECTION('refdir',(1.,0.,0.));
#12848=DIRECTION('center_axis',(0.323395334640407,0.,-0.946263947074398));
#12849=DIRECTION('ref_axis',(-0.946263947074398,-3.32847321865214E-24,-0.323395334640407));
#12850=DIRECTION('',(-0.946263947074398,-3.32847321865214E-24,-0.323395334640407));
#12851=DIRECTION('',(0.,1.,0.));
#12852=DIRECTION('',(-0.946263947074398,-3.32847321865214E-24,-0.323395334640407));
#12853=DIRECTION('',(0.,1.,0.));
#12854=DIRECTION('center_axis',(-5.34378076197972E-24,1.,5.34378156170342E-24));
#12855=DIRECTION('ref_axis',(-1.,-5.34378076197972E-24,-9.71445146547012E-17));
#12856=DIRECTION('center_axis',(5.34378075621877E-24,-1.,-5.34378155739527E-24));
#12857=DIRECTION('ref_axis',(-0.948987300826751,-3.38620937657883E-24,-0.315314292206297));
#12858=DIRECTION('',(0.315314292206298,6.7561500750385E-24,-0.948987300826751));
#12859=DIRECTION('center_axis',(-5.34378127616232E-24,1.,5.34378142830266E-24));
#12860=DIRECTION('ref_axis',(0.94898730082675,3.38620991070337E-24,0.3153142922063));
#12861=DIRECTION('',(-0.946263947074398,-3.32847312130834E-24,-0.323395334640406));
#12862=DIRECTION('center_axis',(-5.34378098830123E-24,1.,5.34378198969603E-24));
#12863=DIRECTION('ref_axis',(0.323395334640401,6.78478207883155E-24,-0.9462639470744));
#12864=DIRECTION('',(-0.315314292206299,-6.75615137539962E-24,0.94898730082675));
#12865=DIRECTION('center_axis',(-5.34378097502967E-24,1.,5.34378153836327E-24));
#12866=DIRECTION('ref_axis',(-0.948987300826751,-3.38620959022866E-24,-0.315314292206296));
#12867=DIRECTION('',(0.315314292206295,-3.38621041628683E-24,0.948987300826751));
#12868=DIRECTION('center_axis',(-5.34378369005315E-24,1.,5.34378252459699E-24));
#12869=DIRECTION('ref_axis',(-0.948987300826758,-6.75615386467316E-24,0.315314292206275));
#12870=DIRECTION('',(0.946263951583628,6.78478136380755E-24,-0.323395321446272));
#12871=DIRECTION('center_axis',(-5.34378058917141E-24,1.,5.34378195263239E-24));
#12872=DIRECTION('ref_axis',(0.323395321446275,-3.32847458552574E-24,0.946263951583627));
#12873=DIRECTION('',(-0.315314292206295,3.38621132585833E-24,-0.948987300826752));
#12874=DIRECTION('center_axis',(5.34378079654281E-24,-1.,-5.34378165443614E-24));
#12875=DIRECTION('ref_axis',(-0.323395321446261,3.32847423629054E-24,-0.946263951583632));
#12876=DIRECTION('',(0.946263951583631,6.78478112501574E-24,-0.323395321446263));
#12877=DIRECTION('center_axis',(5.34378084021238E-24,-1.,-5.34378155171175E-24));
#12878=DIRECTION('ref_axis',(1.,5.34378084021241E-24,-5.82404495001276E-15));
#12879=DIRECTION('',(-9.71445146547012E-17,-5.34378116668833E-24,1.));
#12880=DIRECTION('center_axis',(-5.34378129216394E-24,1.,5.34378153061484E-24));
#12881=DIRECTION('ref_axis',(-1.,-5.34378129216399E-24,8.78463968234639E-15));
#12882=DIRECTION('',(1.,5.34378096203152E-24,-1.17971316969099E-14));
#12883=DIRECTION('center_axis',(-5.34378084842968E-24,1.,5.34378182863207E-24));
#12884=DIRECTION('ref_axis',(-9.71445146547012E-17,-5.34378182863208E-24,
1.));
#12885=DIRECTION('',(7.57332856178099E-16,5.34378161258249E-24,-1.));
#12886=DIRECTION('center_axis',(-5.34378270084413E-24,1.,5.34378158042789E-24));
#12887=DIRECTION('ref_axis',(1.,5.34378270084412E-24,1.36597082851202E-15));
#12888=DIRECTION('',(-1.,-5.34378096203147E-24,2.87642454787724E-15));
#12889=DIRECTION('center_axis',(-5.34378091490845E-24,1.,5.34378215438937E-24));
#12890=DIRECTION('ref_axis',(-4.34374758384589E-15,5.34378215438935E-24,
-1.));
#12891=DIRECTION('',(1.29795220976916E-15,-5.34378178623572E-24,1.));
#12892=DIRECTION('center_axis',(5.34378087468784E-24,-1.,-5.34378161913873E-24));
#12893=DIRECTION('ref_axis',(-0.323395334640408,-6.78478169144452E-24,0.946263947074398));
#12894=DIRECTION('center_axis',(5.343780795702E-24,-1.,-5.34378154924884E-24));
#12895=DIRECTION('ref_axis',(1.,5.343780795702E-24,9.71445146547012E-17));
#12896=DIRECTION('',(-1.29364008232425E-15,-5.3437811443678E-24,1.));
#12897=DIRECTION('center_axis',(5.34378089114938E-24,-1.,-5.34378155969487E-24));
#12898=DIRECTION('ref_axis',(0.315314292206305,-3.38621034914424E-24,0.948987300826748));
#12899=DIRECTION('',(-0.948987300826752,-6.75615075905589E-24,0.315314292206292));
#12900=DIRECTION('center_axis',(5.3437808971616E-24,-1.,-5.34378187741968E-24));
#12901=DIRECTION('ref_axis',(-0.442311719779114,-7.15624853042092E-24,0.896861384242873));
#12902=DIRECTION('',(-0.896861384242877,-2.42901352874325E-24,-0.442311719779107));
#12903=DIRECTION('center_axis',(-5.34378104544126E-24,1.,5.34378197990201E-24));
#12904=DIRECTION('ref_axis',(0.442311719779127,7.15624868791923E-24,-0.896861384242867));
#12905=DIRECTION('',(-0.948987300826751,-6.75615089763258E-24,0.315314292206297));
#12906=DIRECTION('center_axis',(-5.34378054233498E-24,1.,5.34378250166738E-24));
#12907=DIRECTION('ref_axis',(-0.315314292206297,3.38621135305041E-24,-0.948987300826751));
#12908=DIRECTION('center_axis',(-5.34378020163725E-24,1.,5.3437824012015E-24));
#12909=DIRECTION('ref_axis',(-0.517920146002916,1.80357485202832E-24,-0.855428969794873));
#12910=DIRECTION('center_axis',(5.34378116045208E-24,-1.,-5.34378117092991E-24));
#12911=DIRECTION('ref_axis',(0.323395321446277,-3.32847366107935E-24,0.946263951583626));
#12912=DIRECTION('',(-0.946263951583631,-6.7847810858395E-24,0.323395321446262));
#12913=DIRECTION('center_axis',(5.34378086602173E-24,-1.,-5.34378158627309E-24));
#12914=DIRECTION('ref_axis',(-0.948987300826753,-6.75615088883631E-24,0.31531429220629));
#12915=DIRECTION('',(-0.315314292206295,3.38621030897954E-24,-0.948987300826751));
#12916=DIRECTION('center_axis',(5.34378084592576E-24,-1.,-5.34378158796379E-24));
#12917=DIRECTION('ref_axis',(-0.315314292206294,3.38621039023082E-24,-0.948987300826752));
#12918=DIRECTION('',(0.948987300826751,6.75615081053812E-24,-0.315314292206295));
#12919=DIRECTION('center_axis',(-5.34377921488844E-24,1.,5.34378650121217E-24));
#12920=DIRECTION('ref_axis',(0.315314292206293,-3.38621556713052E-24,0.948987300826752));
#12921=DIRECTION('center_axis',(5.34378085453681E-24,-1.,-5.34378157426885E-24));
#12922=DIRECTION('ref_axis',(-0.486111118872104,2.07224343747783E-24,-0.873897007723971));
#12923=DIRECTION('center_axis',(-5.34378143232206E-24,1.,5.34377986187614E-24));
#12924=DIRECTION('ref_axis',(0.486111118872097,-2.07224166015519E-24,0.873897007723976));
#12925=DIRECTION('',(9.71445146547012E-17,5.34378349216655E-24,-1.));
#12926=DIRECTION('center_axis',(-5.34378129216394E-24,1.,5.34378181814206E-24));
#12927=DIRECTION('ref_axis',(1.,5.34378129216399E-24,-8.78463968234649E-15));
#12928=DIRECTION('',(-0.948987300826752,-3.38620946689956E-24,-0.315314292206293));
#12929=DIRECTION('center_axis',(5.34378086975512E-24,-1.,-5.34378157334221E-24));
#12930=DIRECTION('ref_axis',(-0.94898730082675,-3.38620947929508E-24,-0.315314292206298));
#12931=DIRECTION('',(0.315314292206298,6.75615124552978E-24,-0.94898730082675));
#12932=DIRECTION('center_axis',(5.34378086302206E-24,-1.,-5.34378162312563E-24));
#12933=DIRECTION('ref_axis',(0.323395334640408,6.78478169144452E-24,-0.946263947074398));
#12934=DIRECTION('',(0.946263947074398,3.32847313854525E-24,0.323395334640407));
#12935=DIRECTION('center_axis',(5.34378088962399E-24,-1.,-5.34378158929593E-24));
#12936=DIRECTION('ref_axis',(0.977604115908281,6.34871359747975E-24,-0.210452352230117));
#12937=DIRECTION('center_axis',(-5.34378176163784E-24,1.,5.34378193123578E-24));
#12938=DIRECTION('ref_axis',(-0.97760411590828,-6.34871452192614E-24,0.210452352230121));
#12939=DIRECTION('center_axis',(-5.34378087291845E-24,1.,5.34378164232662E-24));
#12940=DIRECTION('ref_axis',(-0.367882106219334,-6.93491664087899E-24,0.92987244067325));
#12941=DIRECTION('',(0.948987300826751,3.38620945195504E-24,0.315314292206298));
#12942=DIRECTION('center_axis',(-5.34378215695373E-24,1.,5.3437855186341E-24));
#12943=DIRECTION('ref_axis',(-0.315314292206301,-6.75615548405017E-24,0.94898730082675));
#12944=DIRECTION('',(0.896861384242854,7.15624826175912E-24,-0.442311719779153));
#12945=DIRECTION('center_axis',(5.34378090929834E-24,-1.,-5.34378101919055E-24));
#12946=DIRECTION('ref_axis',(0.315314292206313,6.75615082073184E-24,-0.948987300826746));
#12947=DIRECTION('',(0.94898730082675,3.38620958840727E-24,0.315314292206299));
#12948=DIRECTION('center_axis',(-5.34378076197972E-24,1.,5.34378156170342E-24));
#12949=DIRECTION('ref_axis',(-1.,0.,-9.71445146547012E-17));
#12950=DIRECTION('center_axis',(-5.34378076197972E-24,1.,5.34378156170342E-24));
#12951=DIRECTION('ref_axis',(-1.,0.,-9.71445146547012E-17));
#12952=DIRECTION('center_axis',(-5.34378076197972E-24,1.,5.34378156170342E-24));
#12953=DIRECTION('ref_axis',(-1.,0.,-9.71445146547012E-17));
#12954=DIRECTION('center_axis',(-5.34378076197972E-24,1.,5.34378156170342E-24));
#12955=DIRECTION('ref_axis',(-1.,0.,-9.71445146547012E-17));
#12956=DIRECTION('center_axis',(-0.315314292206299,0.,0.94898730082675));
#12957=DIRECTION('ref_axis',(0.94898730082675,3.38620958840727E-24,0.315314292206299));
#12958=DIRECTION('',(0.94898730082675,3.38620958840727E-24,0.315314292206299));
#12959=DIRECTION('',(0.,1.,0.));
#12960=DIRECTION('',(0.,1.,0.));
#12961=DIRECTION('center_axis',(0.,1.,0.));
#12962=DIRECTION('ref_axis',(0.315314292206313,0.,-0.948987300826746));
#12963=DIRECTION('center_axis',(5.34378090929834E-24,-1.,-5.34378101919055E-24));
#12964=DIRECTION('ref_axis',(0.315314292206313,6.75615082073184E-24,-0.948987300826746));
#12965=DIRECTION('',(0.,1.,0.));
#12966=DIRECTION('center_axis',(0.442311719779153,0.,0.896861384242854));
#12967=DIRECTION('ref_axis',(0.896861384242854,7.15624826175912E-24,-0.442311719779153));
#12968=DIRECTION('',(0.896861384242854,7.15624826175912E-24,-0.442311719779153));
#12969=DIRECTION('',(0.,1.,0.));
#12970=DIRECTION('center_axis',(0.,1.,0.));
#12971=DIRECTION('ref_axis',(-0.315314292206301,0.,0.94898730082675));
#12972=DIRECTION('center_axis',(-5.34378215695373E-24,1.,5.3437855186341E-24));
#12973=DIRECTION('ref_axis',(-0.315314292206301,-6.75615548405017E-24,0.94898730082675));
#12974=DIRECTION('',(0.,1.,0.));
#12975=DIRECTION('center_axis',(-0.315314292206298,0.,0.948987300826751));
#12976=DIRECTION('ref_axis',(0.948987300826751,3.38620945195504E-24,0.315314292206298));
#12977=DIRECTION('',(0.948987300826751,3.38620945195504E-24,0.315314292206298));
#12978=DIRECTION('',(0.,1.,0.));
#12979=DIRECTION('center_axis',(0.,1.,0.));
#12980=DIRECTION('ref_axis',(-0.367882106219334,0.,0.92987244067325));
#12981=DIRECTION('center_axis',(-5.34378087291845E-24,1.,5.34378164232662E-24));
#12982=DIRECTION('ref_axis',(-0.367882106219334,-6.93491664087899E-24,0.92987244067325));
#12983=DIRECTION('',(0.,1.,0.));
#12984=DIRECTION('center_axis',(0.,1.,0.));
#12985=DIRECTION('ref_axis',(-0.97760411590828,0.,0.210452352230121));
#12986=DIRECTION('center_axis',(-5.34378176163784E-24,1.,5.34378193123578E-24));
#12987=DIRECTION('ref_axis',(-0.97760411590828,-6.34871452192614E-24,0.210452352230121));
#12988=DIRECTION('',(0.,1.,0.));
#12989=DIRECTION('center_axis',(0.,1.,0.));
#12990=DIRECTION('ref_axis',(0.977604115908281,0.,-0.210452352230117));
#12991=DIRECTION('center_axis',(5.34378088962399E-24,-1.,-5.34378158929593E-24));
#12992=DIRECTION('ref_axis',(0.977604115908281,6.34871359747975E-24,-0.210452352230117));
#12993=DIRECTION('',(0.,1.,0.));
#12994=DIRECTION('center_axis',(-0.323395334640407,0.,0.946263947074398));
#12995=DIRECTION('ref_axis',(0.946263947074398,3.32847313854525E-24,0.323395334640407));
#12996=DIRECTION('',(0.946263947074398,3.32847313854525E-24,0.323395334640407));
#12997=DIRECTION('',(0.,1.,0.));
#12998=DIRECTION('center_axis',(0.,1.,0.));
#12999=DIRECTION('ref_axis',(0.323395334640408,0.,-0.946263947074398));
#13000=DIRECTION('center_axis',(5.34378086302206E-24,-1.,-5.34378162312563E-24));
#13001=DIRECTION('ref_axis',(0.323395334640408,6.78478169144452E-24,-0.946263947074398));
#13002=DIRECTION('',(0.,1.,0.));
#13003=DIRECTION('center_axis',(0.94898730082675,0.,0.315314292206298));
#13004=DIRECTION('ref_axis',(0.315314292206298,6.75615124552978E-24,-0.94898730082675));
#13005=DIRECTION('',(0.315314292206298,6.75615124552978E-24,-0.94898730082675));
#13006=DIRECTION('',(0.,1.,0.));
#13007=DIRECTION('center_axis',(0.,1.,0.));
#13008=DIRECTION('ref_axis',(-0.94898730082675,0.,-0.315314292206298));
#13009=DIRECTION('center_axis',(5.34378086975512E-24,-1.,-5.34378157334221E-24));
#13010=DIRECTION('ref_axis',(-0.94898730082675,-3.38620947929508E-24,-0.315314292206298));
#13011=DIRECTION('',(0.,1.,0.));
#13012=DIRECTION('center_axis',(0.315314292206293,0.,-0.948987300826752));
#13013=DIRECTION('ref_axis',(-0.948987300826752,-3.38620946689956E-24,-0.315314292206293));
#13014=DIRECTION('',(-0.948987300826752,-3.38620946689956E-24,-0.315314292206293));
#13015=DIRECTION('',(0.,1.,0.));
#13016=DIRECTION('center_axis',(0.,1.,0.));
#13017=DIRECTION('ref_axis',(1.,0.,-8.78463968234649E-15));
#13018=DIRECTION('center_axis',(-5.34378129216394E-24,1.,5.34378181814206E-24));
#13019=DIRECTION('ref_axis',(1.,5.34378129216399E-24,-8.78463968234649E-15));
#13020=DIRECTION('',(0.,1.,0.));
#13021=DIRECTION('center_axis',(1.,0.,9.71445146547012E-17));
#13022=DIRECTION('ref_axis',(9.71445146547012E-17,5.34378349216655E-24,
-1.));
#13023=DIRECTION('',(9.71445146547012E-17,5.34378349216655E-24,-1.));
#13024=DIRECTION('',(0.,1.,0.));
#13025=DIRECTION('center_axis',(0.,1.,0.));
#13026=DIRECTION('ref_axis',(0.486111118872097,0.,0.873897007723976));
#13027=DIRECTION('center_axis',(-5.34378143232206E-24,1.,5.34377986187614E-24));
#13028=DIRECTION('ref_axis',(0.486111118872097,-2.07224166015519E-24,0.873897007723976));
#13029=DIRECTION('',(0.,1.,0.));
#13030=DIRECTION('center_axis',(0.,1.,0.));
#13031=DIRECTION('ref_axis',(-0.486111118872104,0.,-0.873897007723971));
#13032=DIRECTION('center_axis',(5.34378085453681E-24,-1.,-5.34378157426885E-24));
#13033=DIRECTION('ref_axis',(-0.486111118872104,2.07224343747783E-24,-0.873897007723971));
#13034=DIRECTION('',(0.,1.,0.));
#13035=DIRECTION('center_axis',(0.,1.,0.));
#13036=DIRECTION('ref_axis',(0.315314292206293,0.,0.948987300826752));
#13037=DIRECTION('center_axis',(-5.34377921488844E-24,1.,5.34378650121217E-24));
#13038=DIRECTION('ref_axis',(0.315314292206293,-3.38621556713052E-24,0.948987300826752));
#13039=DIRECTION('',(0.,1.,0.));
#13040=DIRECTION('center_axis',(0.315314292206295,0.,0.948987300826751));
#13041=DIRECTION('ref_axis',(0.948987300826751,6.75615081053812E-24,-0.315314292206295));
#13042=DIRECTION('',(0.948987300826751,6.75615081053812E-24,-0.315314292206295));
#13043=DIRECTION('',(0.,1.,0.));
#13044=DIRECTION('center_axis',(0.,1.,0.));
#13045=DIRECTION('ref_axis',(-0.315314292206294,0.,-0.948987300826752));
#13046=DIRECTION('center_axis',(5.34378084592576E-24,-1.,-5.34378158796379E-24));
#13047=DIRECTION('ref_axis',(-0.315314292206294,3.38621039023082E-24,-0.948987300826752));
#13048=DIRECTION('',(0.,1.,0.));
#13049=DIRECTION('center_axis',(0.948987300826751,0.,-0.315314292206295));
#13050=DIRECTION('ref_axis',(-0.315314292206295,3.38621030897954E-24,-0.948987300826751));
#13051=DIRECTION('',(-0.315314292206295,3.38621030897954E-24,-0.948987300826751));
#13052=DIRECTION('',(0.,1.,0.));
#13053=DIRECTION('center_axis',(0.,1.,0.));
#13054=DIRECTION('ref_axis',(-0.948987300826753,0.,0.31531429220629));
#13055=DIRECTION('center_axis',(5.34378086602173E-24,-1.,-5.34378158627309E-24));
#13056=DIRECTION('ref_axis',(-0.948987300826753,-6.75615088883631E-24,0.31531429220629));
#13057=DIRECTION('',(0.,1.,0.));
#13058=DIRECTION('center_axis',(-0.323395321446262,0.,-0.946263951583631));
#13059=DIRECTION('ref_axis',(-0.946263951583631,-6.7847810858395E-24,0.323395321446262));
#13060=DIRECTION('',(-0.946263951583631,-6.7847810858395E-24,0.323395321446262));
#13061=DIRECTION('',(0.,1.,0.));
#13062=DIRECTION('center_axis',(0.,1.,0.));
#13063=DIRECTION('ref_axis',(0.323395321446277,0.,0.946263951583626));
#13064=DIRECTION('center_axis',(5.34378116045208E-24,-1.,-5.34378117092991E-24));
#13065=DIRECTION('ref_axis',(0.323395321446277,-3.32847366107935E-24,0.946263951583626));
#13066=DIRECTION('',(0.,1.,0.));
#13067=DIRECTION('center_axis',(0.,1.,0.));
#13068=DIRECTION('ref_axis',(-0.517920146002916,0.,-0.855428969794873));
#13069=DIRECTION('center_axis',(-5.34378020163725E-24,1.,5.3437824012015E-24));
#13070=DIRECTION('ref_axis',(-0.517920146002916,1.80357485202832E-24,-0.855428969794873));
#13071=DIRECTION('',(0.,1.,0.));
#13072=DIRECTION('center_axis',(0.,1.,0.));
#13073=DIRECTION('ref_axis',(-0.315314292206297,0.,-0.948987300826751));
#13074=DIRECTION('center_axis',(-5.34378054233498E-24,1.,5.34378250166738E-24));
#13075=DIRECTION('ref_axis',(-0.315314292206297,3.38621135305041E-24,-0.948987300826751));
#13076=DIRECTION('',(0.,1.,0.));
#13077=DIRECTION('center_axis',(-0.315314292206297,0.,-0.948987300826751));
#13078=DIRECTION('ref_axis',(-0.948987300826751,-6.75615089763258E-24,0.315314292206297));
#13079=DIRECTION('',(-0.948987300826751,-6.75615089763258E-24,0.315314292206297));
#13080=DIRECTION('',(0.,1.,0.));
#13081=DIRECTION('center_axis',(0.,1.,0.));
#13082=DIRECTION('ref_axis',(0.442311719779127,0.,-0.896861384242867));
#13083=DIRECTION('center_axis',(-5.34378104544126E-24,1.,5.34378197990201E-24));
#13084=DIRECTION('ref_axis',(0.442311719779127,7.15624868791923E-24,-0.896861384242867));
#13085=DIRECTION('',(0.,1.,0.));
#13086=DIRECTION('center_axis',(0.442311719779107,0.,-0.896861384242877));
#13087=DIRECTION('ref_axis',(-0.896861384242877,-2.42901352874325E-24,-0.442311719779107));
#13088=DIRECTION('',(-0.896861384242877,-2.42901352874325E-24,-0.442311719779107));
#13089=DIRECTION('',(0.,1.,0.));
#13090=DIRECTION('center_axis',(0.,1.,0.));
#13091=DIRECTION('ref_axis',(-0.442311719779114,0.,0.896861384242873));
#13092=DIRECTION('center_axis',(5.3437808971616E-24,-1.,-5.34378187741968E-24));
#13093=DIRECTION('ref_axis',(-0.442311719779114,-7.15624853042092E-24,0.896861384242873));
#13094=DIRECTION('',(0.,1.,0.));
#13095=DIRECTION('center_axis',(-0.315314292206292,0.,-0.948987300826753));
#13096=DIRECTION('ref_axis',(-0.948987300826752,-6.75615075905589E-24,0.315314292206292));
#13097=DIRECTION('',(-0.948987300826752,-6.75615075905589E-24,0.315314292206292));
#13098=DIRECTION('',(0.,1.,0.));
#13099=DIRECTION('center_axis',(0.,1.,0.));
#13100=DIRECTION('ref_axis',(0.315314292206305,0.,0.948987300826748));
#13101=DIRECTION('center_axis',(5.34378089114938E-24,-1.,-5.34378155969487E-24));
#13102=DIRECTION('ref_axis',(0.315314292206305,-3.38621034914424E-24,0.948987300826748));
#13103=DIRECTION('',(0.,1.,0.));
#13104=DIRECTION('center_axis',(-1.,0.,-1.29364008232425E-15));
#13105=DIRECTION('ref_axis',(-1.29364008232425E-15,-5.3437811443678E-24,
1.));
#13106=DIRECTION('',(-1.29364008232425E-15,-5.3437811443678E-24,1.));
#13107=DIRECTION('',(0.,1.,0.));
#13108=DIRECTION('center_axis',(0.,1.,0.));
#13109=DIRECTION('ref_axis',(1.,0.,9.71445146547012E-17));
#13110=DIRECTION('center_axis',(5.343780795702E-24,-1.,-5.34378154924884E-24));
#13111=DIRECTION('ref_axis',(1.,5.343780795702E-24,9.71445146547012E-17));
#13112=DIRECTION('center_axis',(0.,1.,0.));
#13113=DIRECTION('ref_axis',(-1.,0.,-9.71445146547012E-17));
#13114=DIRECTION('',(0.,-1.,0.));
#13115=DIRECTION('center_axis',(-5.34378076197972E-24,1.,5.34378156170342E-24));
#13116=DIRECTION('ref_axis',(-1.,0.,-9.71445146547012E-17));
#13117=DIRECTION('center_axis',(0.,1.,0.));
#13118=DIRECTION('ref_axis',(-1.,0.,-9.71445146547012E-17));
#13119=DIRECTION('',(0.,-1.,0.));
#13120=DIRECTION('center_axis',(-5.34378076197972E-24,1.,5.34378156170342E-24));
#13121=DIRECTION('ref_axis',(-1.,0.,-9.71445146547012E-17));
#13122=DIRECTION('center_axis',(0.,1.,0.));
#13123=DIRECTION('ref_axis',(-1.,0.,-9.71445146547012E-17));
#13124=DIRECTION('',(0.,-1.,0.));
#13125=DIRECTION('center_axis',(-5.34378076197972E-24,1.,5.34378156170342E-24));
#13126=DIRECTION('ref_axis',(-1.,0.,-9.71445146547012E-17));
#13127=DIRECTION('center_axis',(0.,1.,0.));
#13128=DIRECTION('ref_axis',(-1.,0.,-9.71445146547012E-17));
#13129=DIRECTION('',(0.,-1.,0.));
#13130=DIRECTION('center_axis',(-5.34378076197972E-24,1.,5.34378156170342E-24));
#13131=DIRECTION('ref_axis',(-1.,0.,-9.71445146547012E-17));
#13132=DIRECTION('center_axis',(0.,1.,0.));
#13133=DIRECTION('ref_axis',(-0.323395334640408,0.,0.946263947074398));
#13134=DIRECTION('center_axis',(-5.34378087468784E-24,1.,5.34378161913873E-24));
#13135=DIRECTION('ref_axis',(-0.323395334640408,-6.78478169144452E-24,0.946263947074398));
#13136=DIRECTION('',(0.,1.,0.));
#13137=DIRECTION('center_axis',(-1.,0.,1.29795220976916E-15));
#13138=DIRECTION('ref_axis',(1.29795220976916E-15,-5.34378178623572E-24,
1.));
#13139=DIRECTION('',(1.29795220976916E-15,-5.34378178623572E-24,1.));
#13140=DIRECTION('',(0.,1.,0.));
#13141=DIRECTION('center_axis',(0.,1.,0.));
#13142=DIRECTION('ref_axis',(-4.34374758384589E-15,0.,-1.));
#13143=DIRECTION('center_axis',(-5.34378091490845E-24,1.,5.34378215438937E-24));
#13144=DIRECTION('ref_axis',(-4.34374758384589E-15,5.34378215438935E-24,
-1.));
#13145=DIRECTION('',(0.,1.,0.));
#13146=DIRECTION('center_axis',(-2.87642454787724E-15,0.,-1.));
#13147=DIRECTION('ref_axis',(-1.,-5.34378096203147E-24,2.87642454787724E-15));
#13148=DIRECTION('',(-1.,-5.34378096203147E-24,2.87642454787724E-15));
#13149=DIRECTION('',(0.,1.,0.));
#13150=DIRECTION('center_axis',(0.,1.,0.));
#13151=DIRECTION('ref_axis',(1.,0.,1.36597082851202E-15));
#13152=DIRECTION('center_axis',(-5.34378270084413E-24,1.,5.34378158042789E-24));
#13153=DIRECTION('ref_axis',(1.,5.34378270084412E-24,1.36597082851202E-15));
#13154=DIRECTION('',(0.,1.,0.));
#13155=DIRECTION('center_axis',(1.,0.,7.57332856178099E-16));
#13156=DIRECTION('ref_axis',(7.57332856178099E-16,5.34378161258249E-24,
-1.));
#13157=DIRECTION('',(7.57332856178099E-16,5.34378161258249E-24,-1.));
#13158=DIRECTION('',(0.,1.,0.));
#13159=DIRECTION('center_axis',(0.,1.,0.));
#13160=DIRECTION('ref_axis',(-9.71445146547012E-17,0.,1.));
#13161=DIRECTION('center_axis',(-5.34378084842968E-24,1.,5.34378182863207E-24));
#13162=DIRECTION('ref_axis',(-9.71445146547012E-17,-5.34378182863208E-24,
1.));
#13163=DIRECTION('',(0.,1.,0.));
#13164=DIRECTION('center_axis',(1.17971316969099E-14,0.,1.));
#13165=DIRECTION('ref_axis',(1.,5.34378096203152E-24,-1.17971316969099E-14));
#13166=DIRECTION('',(1.,5.34378096203152E-24,-1.17971316969099E-14));
#13167=DIRECTION('',(0.,1.,0.));
#13168=DIRECTION('center_axis',(0.,1.,0.));
#13169=DIRECTION('ref_axis',(-1.,0.,8.78463968234639E-15));
#13170=DIRECTION('center_axis',(-5.34378129216394E-24,1.,5.34378153061484E-24));
#13171=DIRECTION('ref_axis',(-1.,-5.34378129216399E-24,8.78463968234639E-15));
#13172=DIRECTION('',(0.,1.,0.));
#13173=DIRECTION('center_axis',(-1.,0.,-9.71445146547012E-17));
#13174=DIRECTION('ref_axis',(-9.71445146547012E-17,-5.34378116668833E-24,
1.));
#13175=DIRECTION('',(-9.71445146547012E-17,-5.34378116668833E-24,1.));
#13176=DIRECTION('',(0.,1.,0.));
#13177=DIRECTION('center_axis',(0.,1.,0.));
#13178=DIRECTION('ref_axis',(1.,0.,-5.82404495001276E-15));
#13179=DIRECTION('center_axis',(-5.34378084021238E-24,1.,5.34378155171175E-24));
#13180=DIRECTION('ref_axis',(1.,5.34378084021241E-24,-5.82404495001276E-15));
#13181=DIRECTION('',(0.,1.,0.));
#13182=DIRECTION('center_axis',(0.323395321446263,0.,0.946263951583631));
#13183=DIRECTION('ref_axis',(0.946263951583631,6.78478112501574E-24,-0.323395321446263));
#13184=DIRECTION('',(0.946263951583631,6.78478112501574E-24,-0.323395321446263));
#13185=DIRECTION('',(0.,1.,0.));
#13186=DIRECTION('center_axis',(0.,1.,0.));
#13187=DIRECTION('ref_axis',(-0.323395321446261,0.,-0.946263951583632));
#13188=DIRECTION('center_axis',(-5.34378079654281E-24,1.,5.34378165443614E-24));
#13189=DIRECTION('ref_axis',(-0.323395321446261,3.32847423629054E-24,-0.946263951583632));
#13190=DIRECTION('',(0.,1.,0.));
#13191=DIRECTION('center_axis',(0.948987300826752,0.,-0.315314292206295));
#13192=DIRECTION('ref_axis',(-0.315314292206295,3.38621132585833E-24,-0.948987300826752));
#13193=DIRECTION('',(-0.315314292206295,3.38621132585833E-24,-0.948987300826752));
#13194=DIRECTION('',(0.,1.,0.));
#13195=DIRECTION('center_axis',(0.,1.,0.));
#13196=DIRECTION('ref_axis',(0.323395321446275,0.,0.946263951583627));
#13197=DIRECTION('center_axis',(-5.34378058917141E-24,1.,5.34378195263239E-24));
#13198=DIRECTION('ref_axis',(0.323395321446275,-3.32847458552574E-24,0.946263951583627));
#13199=DIRECTION('',(0.,1.,0.));
#13200=DIRECTION('center_axis',(0.323395321446272,0.,0.946263951583628));
#13201=DIRECTION('ref_axis',(0.946263951583628,6.78478136380755E-24,-0.323395321446272));
#13202=DIRECTION('',(0.946263951583628,6.78478136380755E-24,-0.323395321446272));
#13203=DIRECTION('',(0.,1.,0.));
#13204=DIRECTION('center_axis',(0.,1.,0.));
#13205=DIRECTION('ref_axis',(-0.948987300826758,0.,0.315314292206275));
#13206=DIRECTION('center_axis',(-5.34378369005315E-24,1.,5.34378252459699E-24));
#13207=DIRECTION('ref_axis',(-0.948987300826758,-6.75615386467316E-24,0.315314292206275));
#13208=DIRECTION('',(0.,1.,0.));
#13209=DIRECTION('center_axis',(-0.948987300826751,0.,0.315314292206295));
#13210=DIRECTION('ref_axis',(0.315314292206295,-3.38621041628683E-24,0.948987300826751));
#13211=DIRECTION('',(0.315314292206295,-3.38621041628683E-24,0.948987300826751));
#13212=DIRECTION('',(0.,1.,0.));
#13213=DIRECTION('center_axis',(0.,1.,0.));
#13214=DIRECTION('ref_axis',(-0.948987300826751,0.,-0.315314292206296));
#13215=DIRECTION('center_axis',(-5.34378097502967E-24,1.,5.34378153836327E-24));
#13216=DIRECTION('ref_axis',(-0.948987300826751,-3.38620959022866E-24,-0.315314292206296));
#13217=DIRECTION('',(0.,1.,0.));
#13218=DIRECTION('center_axis',(-0.94898730082675,0.,-0.315314292206299));
#13219=DIRECTION('ref_axis',(-0.315314292206299,-6.75615137539962E-24,0.94898730082675));
#13220=DIRECTION('',(-0.315314292206299,-6.75615137539962E-24,0.94898730082675));
#13221=DIRECTION('',(0.,1.,0.));
#13222=DIRECTION('center_axis',(0.,1.,0.));
#13223=DIRECTION('ref_axis',(0.323395334640401,0.,-0.9462639470744));
#13224=DIRECTION('center_axis',(-5.34378098830123E-24,1.,5.34378198969603E-24));
#13225=DIRECTION('ref_axis',(0.323395334640401,6.78478207883155E-24,-0.9462639470744));
#13226=DIRECTION('',(0.,1.,0.));
#13227=DIRECTION('center_axis',(0.323395334640406,0.,-0.946263947074398));
#13228=DIRECTION('ref_axis',(-0.946263947074398,-3.32847312130834E-24,-0.323395334640406));
#13229=DIRECTION('',(-0.946263947074398,-3.32847312130834E-24,-0.323395334640406));
#13230=DIRECTION('',(0.,1.,0.));
#13231=DIRECTION('center_axis',(0.,1.,0.));
#13232=DIRECTION('ref_axis',(0.94898730082675,0.,0.3153142922063));
#13233=DIRECTION('center_axis',(-5.34378127616232E-24,1.,5.34378142830266E-24));
#13234=DIRECTION('ref_axis',(0.94898730082675,3.38620991070337E-24,0.3153142922063));
#13235=DIRECTION('',(0.,1.,0.));
#13236=DIRECTION('center_axis',(0.948987300826751,0.,0.315314292206298));
#13237=DIRECTION('ref_axis',(0.315314292206298,6.7561500750385E-24,-0.948987300826751));
#13238=DIRECTION('',(0.315314292206298,6.7561500750385E-24,-0.948987300826751));
#13239=DIRECTION('',(0.,1.,0.));
#13240=DIRECTION('center_axis',(0.,1.,0.));
#13241=DIRECTION('ref_axis',(-0.948987300826751,0.,-0.315314292206297));
#13242=DIRECTION('center_axis',(-5.34378075621877E-24,1.,5.34378155739527E-24));
#13243=DIRECTION('ref_axis',(-0.948987300826751,-3.38620937657883E-24,-0.315314292206297));
#13244=DIRECTION('center_axis',(-5.34378076197972E-24,1.,5.34378156170342E-24));
#13245=DIRECTION('ref_axis',(-1.,-5.34378076197972E-24,-9.71445146547012E-17));
#13246=DIRECTION('axis',(0.,0.,1.));
#13247=DIRECTION('refdir',(1.,0.,0.));
#13248=DIRECTION('center_axis',(0.323395334640406,0.,-0.946263947074398));
#13249=DIRECTION('ref_axis',(-0.946263947074398,-3.32847321614923E-24,-0.323395334640406));
#13250=DIRECTION('',(-0.946263947074398,-3.32847321614923E-24,-0.323395334640406));
#13251=DIRECTION('',(0.,1.,0.));
#13252=DIRECTION('',(-0.946263947074398,-3.32847321614923E-24,-0.323395334640406));
#13253=DIRECTION('',(0.,1.,0.));
#13254=DIRECTION('center_axis',(-5.34378084842967E-24,1.,5.34378158042789E-24));
#13255=DIRECTION('ref_axis',(-1.,-5.34378084842967E-24,-9.71445146547012E-17));
#13256=DIRECTION('center_axis',(5.34378084842967E-24,-1.,-5.34378158042788E-24));
#13257=DIRECTION('ref_axis',(-0.948987300826751,-3.38620945682329E-24,-0.315314292206297));
#13258=DIRECTION('',(0.315314292206298,6.7561500282362E-24,-0.948987300826751));
#13259=DIRECTION('center_axis',(-5.34378125874626E-24,1.,5.34378144409446E-24));
#13260=DIRECTION('ref_axis',(0.948987300826749,3.38620988919637E-24,0.315314292206302));
#13261=DIRECTION('',(-0.946263947074399,-3.32847309502426E-24,-0.323395334640406));
#13262=DIRECTION('center_axis',(-5.34378098715719E-24,1.,5.34378198634855E-24));
#13263=DIRECTION('ref_axis',(0.323395334640403,6.78478207529398E-24,-0.9462639470744));
#13264=DIRECTION('',(-0.315314292206299,-6.756151375475E-24,0.94898730082675));
#13265=DIRECTION('center_axis',(-5.34378097819754E-24,1.,5.3437815373107E-24));
#13266=DIRECTION('ref_axis',(-0.948987300826751,-3.38620959356683E-24,-0.315314292206295));
#13267=DIRECTION('',(0.315314292206296,-3.38621043280271E-24,0.948987300826751));
#13268=DIRECTION('center_axis',(-5.34378370336599E-24,1.,5.34378252902037E-24));
#13269=DIRECTION('ref_axis',(-0.948987300826758,-6.75615387870162E-24,0.315314292206274));
#13270=DIRECTION('',(0.946263951583626,6.78478142975121E-24,-0.323395321446276));
#13271=DIRECTION('center_axis',(-5.34378074162688E-24,1.,5.3437818929359E-24));
#13272=DIRECTION('ref_axis',(0.323395321446276,-3.32847447973371E-24,0.946263951583626));
#13273=DIRECTION('',(-0.315314292206296,3.3862111271357E-24,-0.948987300826751));
#13274=DIRECTION('center_axis',(5.34378084842967E-24,-1.,-5.34378158042788E-24));
#13275=DIRECTION('ref_axis',(-0.323395321446265,3.3284741494792E-24,-0.94626395158363));
#13276=DIRECTION('',(0.946263951583631,6.78478112590033E-24,-0.323395321446263));
#13277=DIRECTION('center_axis',(5.34378084842967E-24,-1.,-5.34378158042788E-24));
#13278=DIRECTION('ref_axis',(1.,5.34378084842974E-24,-1.17452344146802E-14));
#13279=DIRECTION('',(-1.49224123065693E-15,-5.34378116223339E-24,1.));
#13280=DIRECTION('center_axis',(-5.34378145763675E-24,1.,5.34378158042789E-24));
#13281=DIRECTION('ref_axis',(-1.,-5.3437814576368E-24,8.78463968234636E-15));
#13282=DIRECTION('',(1.,5.34378091804402E-24,-5.84999359112762E-15));
#13283=DIRECTION('center_axis',(-5.34378084842968E-24,1.,5.34378185514616E-24));
#13284=DIRECTION('ref_axis',(-1.36597082851201E-15,-5.34378185514617E-24,
1.));
#13285=DIRECTION('',(6.63020235960471E-16,5.34378161341092E-24,-1.));
#13286=DIRECTION('center_axis',(-5.3437826908592E-24,1.,5.34378158042789E-24));
#13287=DIRECTION('ref_axis',(1.,5.34378269085919E-24,1.36597082851201E-15));
#13288=DIRECTION('',(-1.,-5.34378097025475E-24,4.3632090791432E-15));
#13289=DIRECTION('center_axis',(-5.34378084842967E-24,1.,5.34378213915926E-24));
#13290=DIRECTION('ref_axis',(-4.34374758384588E-15,5.34378213915924E-24,
-1.));
#13291=DIRECTION('',(4.08814565861687E-15,-5.3437818592242E-24,1.));
#13292=DIRECTION('center_axis',(5.34378086302206E-24,-1.,-5.34378162312563E-24));
#13293=DIRECTION('ref_axis',(-0.323395334640408,-6.78478169144452E-24,0.946263947074398));
#13294=DIRECTION('center_axis',(-5.34378084842967E-24,1.,5.34378158042789E-24));
#13295=DIRECTION('ref_axis',(-1.,0.,-9.71445146547012E-17));
#13296=DIRECTION('center_axis',(-5.34378084842967E-24,1.,5.34378158042789E-24));
#13297=DIRECTION('ref_axis',(-1.,0.,-9.71445146547012E-17));
#13298=DIRECTION('center_axis',(-5.34378084842967E-24,1.,5.34378158042789E-24));
#13299=DIRECTION('ref_axis',(-1.,0.,-9.71445146547012E-17));
#13300=DIRECTION('center_axis',(-5.34378084842967E-24,1.,5.34378158042789E-24));
#13301=DIRECTION('ref_axis',(-1.,0.,-9.71445146547012E-17));
#13302=DIRECTION('center_axis',(0.,1.,0.));
#13303=DIRECTION('ref_axis',(-1.,0.,-9.71445146547012E-17));
#13304=DIRECTION('',(0.,-1.,0.));
#13305=DIRECTION('center_axis',(-5.34378084842967E-24,1.,5.34378158042789E-24));
#13306=DIRECTION('ref_axis',(-1.,0.,-9.71445146547012E-17));
#13307=DIRECTION('center_axis',(0.,1.,0.));
#13308=DIRECTION('ref_axis',(-1.,0.,-9.71445146547012E-17));
#13309=DIRECTION('',(0.,-1.,0.));
#13310=DIRECTION('center_axis',(-5.34378084842967E-24,1.,5.34378158042789E-24));
#13311=DIRECTION('ref_axis',(-1.,0.,-9.71445146547012E-17));
#13312=DIRECTION('center_axis',(0.,1.,0.));
#13313=DIRECTION('ref_axis',(-1.,0.,-9.71445146547012E-17));
#13314=DIRECTION('',(0.,-1.,0.));
#13315=DIRECTION('center_axis',(-5.34378084842967E-24,1.,5.34378158042789E-24));
#13316=DIRECTION('ref_axis',(-1.,0.,-9.71445146547012E-17));
#13317=DIRECTION('center_axis',(0.,1.,0.));
#13318=DIRECTION('ref_axis',(-1.,0.,-9.71445146547012E-17));
#13319=DIRECTION('',(0.,-1.,0.));
#13320=DIRECTION('center_axis',(-5.34378084842967E-24,1.,5.34378158042789E-24));
#13321=DIRECTION('ref_axis',(-1.,0.,-9.71445146547012E-17));
#13322=DIRECTION('center_axis',(0.,1.,0.));
#13323=DIRECTION('ref_axis',(-0.323395334640408,0.,0.946263947074398));
#13324=DIRECTION('center_axis',(-5.34378086302206E-24,1.,5.34378162312563E-24));
#13325=DIRECTION('ref_axis',(-0.323395334640408,-6.78478169144452E-24,0.946263947074398));
#13326=DIRECTION('',(0.,1.,0.));
#13327=DIRECTION('center_axis',(-1.,0.,4.08814565861687E-15));
#13328=DIRECTION('ref_axis',(4.08814565861687E-15,-5.3437818592242E-24,
1.));
#13329=DIRECTION('',(4.08814565861687E-15,-5.3437818592242E-24,1.));
#13330=DIRECTION('',(0.,1.,0.));
#13331=DIRECTION('center_axis',(0.,1.,0.));
#13332=DIRECTION('ref_axis',(-4.34374758384588E-15,0.,-1.));
#13333=DIRECTION('center_axis',(-5.34378084842967E-24,1.,5.34378213915926E-24));
#13334=DIRECTION('ref_axis',(-4.34374758384588E-15,5.34378213915924E-24,
-1.));
#13335=DIRECTION('',(0.,1.,0.));
#13336=DIRECTION('center_axis',(-4.3632090791432E-15,0.,-1.));
#13337=DIRECTION('ref_axis',(-1.,-5.34378097025475E-24,4.3632090791432E-15));
#13338=DIRECTION('',(-1.,-5.34378097025475E-24,4.3632090791432E-15));
#13339=DIRECTION('',(0.,1.,0.));
#13340=DIRECTION('center_axis',(0.,1.,0.));
#13341=DIRECTION('ref_axis',(1.,0.,1.36597082851201E-15));
#13342=DIRECTION('center_axis',(-5.3437826908592E-24,1.,5.34378158042789E-24));
#13343=DIRECTION('ref_axis',(1.,5.34378269085919E-24,1.36597082851201E-15));
#13344=DIRECTION('',(0.,1.,0.));
#13345=DIRECTION('center_axis',(1.,0.,6.63020235960471E-16));
#13346=DIRECTION('ref_axis',(6.63020235960471E-16,5.34378161341092E-24,
-1.));
#13347=DIRECTION('',(6.63020235960471E-16,5.34378161341092E-24,-1.));
#13348=DIRECTION('',(0.,1.,0.));
#13349=DIRECTION('center_axis',(0.,1.,0.));
#13350=DIRECTION('ref_axis',(-1.36597082851201E-15,0.,1.));
#13351=DIRECTION('center_axis',(-5.34378084842968E-24,1.,5.34378185514616E-24));
#13352=DIRECTION('ref_axis',(-1.36597082851201E-15,-5.34378185514617E-24,
1.));
#13353=DIRECTION('',(0.,1.,0.));
#13354=DIRECTION('center_axis',(5.84999359112762E-15,0.,1.));
#13355=DIRECTION('ref_axis',(1.,5.34378091804402E-24,-5.84999359112762E-15));
#13356=DIRECTION('',(1.,5.34378091804402E-24,-5.84999359112762E-15));
#13357=DIRECTION('',(0.,1.,0.));
#13358=DIRECTION('center_axis',(0.,1.,0.));
#13359=DIRECTION('ref_axis',(-1.,0.,8.78463968234636E-15));
#13360=DIRECTION('center_axis',(-5.34378145763675E-24,1.,5.34378158042789E-24));
#13361=DIRECTION('ref_axis',(-1.,-5.3437814576368E-24,8.78463968234636E-15));
#13362=DIRECTION('',(0.,1.,0.));
#13363=DIRECTION('center_axis',(-1.,0.,-1.49224123065693E-15));
#13364=DIRECTION('ref_axis',(-1.49224123065693E-15,-5.34378116223339E-24,
1.));
#13365=DIRECTION('',(-1.49224123065693E-15,-5.34378116223339E-24,1.));
#13366=DIRECTION('',(0.,1.,0.));
#13367=DIRECTION('center_axis',(0.,1.,0.));
#13368=DIRECTION('ref_axis',(1.,0.,-1.17452344146802E-14));
#13369=DIRECTION('center_axis',(-5.34378084842967E-24,1.,5.34378158042788E-24));
#13370=DIRECTION('ref_axis',(1.,5.34378084842974E-24,-1.17452344146802E-14));
#13371=DIRECTION('',(0.,1.,0.));
#13372=DIRECTION('center_axis',(0.323395321446263,0.,0.946263951583631));
#13373=DIRECTION('ref_axis',(0.946263951583631,6.78478112590033E-24,-0.323395321446263));
#13374=DIRECTION('',(0.946263951583631,6.78478112590033E-24,-0.323395321446263));
#13375=DIRECTION('',(0.,1.,0.));
#13376=DIRECTION('center_axis',(0.,1.,0.));
#13377=DIRECTION('ref_axis',(-0.323395321446265,0.,-0.94626395158363));
#13378=DIRECTION('center_axis',(-5.34378084842967E-24,1.,5.34378158042788E-24));
#13379=DIRECTION('ref_axis',(-0.323395321446265,3.3284741494792E-24,-0.94626395158363));
#13380=DIRECTION('',(0.,1.,0.));
#13381=DIRECTION('center_axis',(0.948987300826751,0.,-0.315314292206296));
#13382=DIRECTION('ref_axis',(-0.315314292206296,3.3862111271357E-24,-0.948987300826751));
#13383=DIRECTION('',(-0.315314292206296,3.3862111271357E-24,-0.948987300826751));
#13384=DIRECTION('',(0.,1.,0.));
#13385=DIRECTION('center_axis',(0.,1.,0.));
#13386=DIRECTION('ref_axis',(0.323395321446276,0.,0.946263951583626));
#13387=DIRECTION('center_axis',(-5.34378074162688E-24,1.,5.3437818929359E-24));
#13388=DIRECTION('ref_axis',(0.323395321446276,-3.32847447973371E-24,0.946263951583626));
#13389=DIRECTION('',(0.,1.,0.));
#13390=DIRECTION('center_axis',(0.323395321446276,0.,0.946263951583626));
#13391=DIRECTION('ref_axis',(0.946263951583626,6.78478142975121E-24,-0.323395321446276));
#13392=DIRECTION('',(0.946263951583626,6.78478142975121E-24,-0.323395321446276));
#13393=DIRECTION('',(0.,1.,0.));
#13394=DIRECTION('center_axis',(0.,1.,0.));
#13395=DIRECTION('ref_axis',(-0.948987300826758,0.,0.315314292206274));
#13396=DIRECTION('center_axis',(-5.34378370336599E-24,1.,5.34378252902037E-24));
#13397=DIRECTION('ref_axis',(-0.948987300826758,-6.75615387870162E-24,0.315314292206274));
#13398=DIRECTION('',(0.,1.,0.));
#13399=DIRECTION('center_axis',(-0.948987300826751,0.,0.315314292206296));
#13400=DIRECTION('ref_axis',(0.315314292206296,-3.38621043280271E-24,0.948987300826751));
#13401=DIRECTION('',(0.315314292206296,-3.38621043280271E-24,0.948987300826751));
#13402=DIRECTION('',(0.,1.,0.));
#13403=DIRECTION('center_axis',(0.,1.,0.));
#13404=DIRECTION('ref_axis',(-0.948987300826751,0.,-0.315314292206295));
#13405=DIRECTION('center_axis',(-5.34378097819754E-24,1.,5.3437815373107E-24));
#13406=DIRECTION('ref_axis',(-0.948987300826751,-3.38620959356683E-24,-0.315314292206295));
#13407=DIRECTION('',(0.,1.,0.));
#13408=DIRECTION('center_axis',(-0.94898730082675,0.,-0.315314292206299));
#13409=DIRECTION('ref_axis',(-0.315314292206299,-6.756151375475E-24,0.94898730082675));
#13410=DIRECTION('',(-0.315314292206299,-6.756151375475E-24,0.94898730082675));
#13411=DIRECTION('',(0.,1.,0.));
#13412=DIRECTION('center_axis',(0.,1.,0.));
#13413=DIRECTION('ref_axis',(0.323395334640403,0.,-0.9462639470744));
#13414=DIRECTION('center_axis',(-5.34378098715719E-24,1.,5.34378198634855E-24));
#13415=DIRECTION('ref_axis',(0.323395334640403,6.78478207529398E-24,-0.9462639470744));
#13416=DIRECTION('',(0.,1.,0.));
#13417=DIRECTION('center_axis',(0.323395334640406,0.,-0.946263947074399));
#13418=DIRECTION('ref_axis',(-0.946263947074399,-3.32847309502426E-24,-0.323395334640406));
#13419=DIRECTION('',(-0.946263947074399,-3.32847309502426E-24,-0.323395334640406));
#13420=DIRECTION('',(0.,1.,0.));
#13421=DIRECTION('center_axis',(0.,1.,0.));
#13422=DIRECTION('ref_axis',(0.948987300826749,0.,0.315314292206302));
#13423=DIRECTION('center_axis',(-5.34378125874626E-24,1.,5.34378144409446E-24));
#13424=DIRECTION('ref_axis',(0.948987300826749,3.38620988919637E-24,0.315314292206302));
#13425=DIRECTION('',(0.,1.,0.));
#13426=DIRECTION('center_axis',(0.948987300826751,0.,0.315314292206298));
#13427=DIRECTION('ref_axis',(0.315314292206298,6.7561500282362E-24,-0.948987300826751));
#13428=DIRECTION('',(0.315314292206298,6.7561500282362E-24,-0.948987300826751));
#13429=DIRECTION('',(0.,1.,0.));
#13430=DIRECTION('center_axis',(0.,1.,0.));
#13431=DIRECTION('ref_axis',(-0.948987300826751,0.,-0.315314292206297));
#13432=DIRECTION('center_axis',(-5.34378084842967E-24,1.,5.34378158042788E-24));
#13433=DIRECTION('ref_axis',(-0.948987300826751,-3.38620945682329E-24,-0.315314292206297));
#13434=DIRECTION('center_axis',(-5.34378084842967E-24,1.,5.34378158042789E-24));
#13435=DIRECTION('ref_axis',(-1.,-5.34378084842967E-24,-9.71445146547012E-17));
#13436=DIRECTION('axis',(0.,0.,1.));
#13437=DIRECTION('refdir',(1.,0.,0.));
#13438=DIRECTION('axis',(0.,0.,1.));
#13439=DIRECTION('refdir',(1.,0.,0.));
#13440=DIRECTION('center_axis',(0.,1.,0.));
#13441=DIRECTION('ref_axis',(1.,0.,-3.04739212899307E-15));
#13442=DIRECTION('center_axis',(0.,1.,0.));
#13443=DIRECTION('ref_axis',(0.,0.,1.));
#13444=DIRECTION('',(0.,1.,0.));
#13445=DIRECTION('center_axis',(0.,1.,0.));
#13446=DIRECTION('ref_axis',(0.,0.,-1.));
#13447=DIRECTION('',(0.,-1.,0.));
#13448=DIRECTION('center_axis',(0.,1.,0.));
#13449=DIRECTION('ref_axis',(-1.,0.,1.59265981952815E-15));
#13450=DIRECTION('center_axis',(0.,1.,0.));
#13451=DIRECTION('ref_axis',(0.,0.,1.));
#13452=DIRECTION('',(0.,1.,0.));
#13453=DIRECTION('center_axis',(0.,1.,0.));
#13454=DIRECTION('ref_axis',(0.,0.,1.));
#13455=DIRECTION('',(0.,-1.,0.));
#13456=DIRECTION('center_axis',(0.,1.,0.));
#13457=DIRECTION('ref_axis',(0.,0.,1.));
#13458=DIRECTION('center_axis',(0.,1.,0.));
#13459=DIRECTION('ref_axis',(0.,0.,1.));
#13460=DIRECTION('',(0.,1.,0.));
#13461=DIRECTION('center_axis',(0.,1.,0.));
#13462=DIRECTION('ref_axis',(0.,0.,1.));
#13463=DIRECTION('center_axis',(0.,1.,0.));
#13464=DIRECTION('ref_axis',(1.,0.,0.));
#13465=DIRECTION('center_axis',(0.,-1.,0.));
#13466=DIRECTION('ref_axis',(0.,0.,1.));
#13467=DIRECTION('center_axis',(0.524343647286047,-4.54795617213207E-15,
-0.851506746626687));
#13468=DIRECTION('ref_axis',(-0.851506746626687,3.94430452610506E-31,-0.524343647286047));
#13469=DIRECTION('center_axis',(0.,1.,0.));
#13470=DIRECTION('ref_axis',(0.,0.,1.));
#13471=DIRECTION('center_axis',(-0.524343647286048,1.84641092915745E-15,
-0.851506746626687));
#13472=DIRECTION('ref_axis',(-0.851506746626686,9.86076131526265E-32,0.524343647286048));
#13473=DIRECTION('center_axis',(0.,-1.,0.));
#13474=DIRECTION('ref_axis',(1.,0.,-5.0532154980743E-16));
#13475=DIRECTION('',(0.,-1.,0.));
#13476=DIRECTION('center_axis',(0.,1.,0.));
#13477=DIRECTION('ref_axis',(0.,0.,1.));
#13478=DIRECTION('center_axis',(0.,1.,0.));
#13479=DIRECTION('ref_axis',(0.,0.,1.));
#13480=DIRECTION('center_axis',(0.,1.,0.));
#13481=DIRECTION('ref_axis',(0.,0.,1.));
#13482=DIRECTION('center_axis',(0.,1.,0.));
#13483=DIRECTION('ref_axis',(0.,0.,1.));
#13484=DIRECTION('',(0.,1.,0.));
#13485=DIRECTION('center_axis',(-1.,0.,0.));
#13486=DIRECTION('ref_axis',(0.,0.,1.));
#13487=DIRECTION('',(0.,1.,0.));
#13488=DIRECTION('',(0.,0.,-1.));
#13489=DIRECTION('',(0.,-1.,0.));
#13490=DIRECTION('',(0.,0.,-1.));
#13491=DIRECTION('center_axis',(0.,0.,-1.));
#13492=DIRECTION('ref_axis',(-1.,0.,0.));
#13493=DIRECTION('center_axis',(3.46944695195361E-16,0.,1.));
#13494=DIRECTION('ref_axis',(-1.,0.,3.46944695195361E-16));
#13495=DIRECTION('',(0.,0.,1.));
#13496=DIRECTION('center_axis',(0.707106781186549,-8.89065298846321E-15,
-0.707106781186546));
#13497=DIRECTION('ref_axis',(0.707106781186546,7.28522123189684E-13,0.707106781186549));
#13498=DIRECTION('center_axis',(1.,0.,0.));
#13499=DIRECTION('ref_axis',(0.,0.,-1.));
#13500=DIRECTION('',(0.,1.,0.));
#13501=DIRECTION('',(0.,0.,1.));
#13502=DIRECTION('',(0.,-1.,0.));
#13503=DIRECTION('',(0.,0.,1.));
#13504=DIRECTION('center_axis',(0.,0.,1.));
#13505=DIRECTION('ref_axis',(1.,0.,0.));
#13506=DIRECTION('center_axis',(-3.46944695195362E-16,0.,1.));
#13507=DIRECTION('ref_axis',(-1.,0.,-3.46944695195362E-16));
#13508=DIRECTION('center_axis',(0.707106781186566,3.79562492969014E-14,
0.707106781186529));
#13509=DIRECTION('ref_axis',(0.707106781186529,-9.5024738295516E-13,-0.707106781186567));
#13510=DIRECTION('',(0.,0.,-1.));
#13511=DIRECTION('center_axis',(0.,-1.,0.));
#13512=DIRECTION('ref_axis',(0.,0.,-1.));
#13513=DIRECTION('center_axis',(0.,1.,0.));
#13514=DIRECTION('ref_axis',(0.,0.,-1.));
#13515=DIRECTION('',(0.,0.,-1.));
#13516=DIRECTION('',(1.,0.,0.));
#13517=DIRECTION('center_axis',(0.,-1.,0.));
#13518=DIRECTION('ref_axis',(0.,0.,-1.));
#13519=DIRECTION('center_axis',(0.,1.,0.));
#13520=DIRECTION('ref_axis',(0.,0.,-1.));
#13521=DIRECTION('',(-1.,0.,0.));
#13522=DIRECTION('',(0.,0.,-1.));
#13523=DIRECTION('center_axis',(-1.,0.,0.));
#13524=DIRECTION('ref_axis',(0.,0.,1.));
#13525=DIRECTION('',(0.,0.,-1.));
#13526=DIRECTION('',(0.,1.,0.));
#13527=DIRECTION('',(0.,0.,-1.));
#13528=DIRECTION('',(0.,-1.,0.));
#13529=DIRECTION('center_axis',(-1.,0.,0.));
#13530=DIRECTION('ref_axis',(0.,0.,1.));
#13531=DIRECTION('',(0.,0.,-1.));
#13532=DIRECTION('',(0.,-1.,0.));
#13533=DIRECTION('',(0.,0.,1.));
#13534=DIRECTION('',(0.,1.,0.));
#13535=DIRECTION('center_axis',(0.,0.,-1.));
#13536=DIRECTION('ref_axis',(-1.,0.,0.));
#13537=DIRECTION('',(0.,1.,0.));
#13538=DIRECTION('',(-1.,0.,0.));
#13539=DIRECTION('',(-1.,0.,0.));
#13540=DIRECTION('',(0.,-1.,0.));
#13541=DIRECTION('',(-1.,0.,0.));
#13542=DIRECTION('',(0.,-1.,0.));
#13543=DIRECTION('',(-1.,0.,0.));
#13544=DIRECTION('',(0.,-1.,0.));
#13545=DIRECTION('',(-1.,0.,0.));
#13546=DIRECTION('',(0.,1.,0.));
#13547=DIRECTION('',(-1.,0.,0.));
#13548=DIRECTION('',(0.,-1.,0.));
#13549=DIRECTION('',(-1.,0.,0.));
#13550=DIRECTION('center_axis',(0.,0.,-1.));
#13551=DIRECTION('ref_axis',(-1.,0.,0.));
#13552=DIRECTION('',(0.,1.,0.));
#13553=DIRECTION('',(1.,0.,0.));
#13554=DIRECTION('',(1.,0.,0.));
#13555=DIRECTION('',(0.,-1.,0.));
#13556=DIRECTION('',(1.,0.,0.));
#13557=DIRECTION('',(1.,0.,0.));
#13558=DIRECTION('',(0.,-1.,0.));
#13559=DIRECTION('',(1.,0.,0.));
#13560=DIRECTION('',(0.,1.,0.));
#13561=DIRECTION('',(1.,0.,0.));
#13562=DIRECTION('',(1.,0.,0.));
#13563=DIRECTION('center_axis',(-1.,0.,0.));
#13564=DIRECTION('ref_axis',(0.,0.,1.));
#13565=DIRECTION('',(0.,1.,0.));
#13566=DIRECTION('',(0.,0.,-1.));
#13567=DIRECTION('',(0.,-1.,0.));
#13568=DIRECTION('',(0.,0.,-1.));
#13569=DIRECTION('center_axis',(-1.,0.,0.));
#13570=DIRECTION('ref_axis',(0.,0.,1.));
#13571=DIRECTION('',(0.,1.,0.));
#13572=DIRECTION('',(0.,0.,1.));
#13573=DIRECTION('',(0.,0.,1.));
#13574=DIRECTION('',(0.,-1.,0.));
#13575=DIRECTION('',(0.,0.,-1.));
#13576=DIRECTION('center_axis',(0.,-1.,0.));
#13577=DIRECTION('ref_axis',(0.,0.,-1.));
#13578=DIRECTION('',(-1.,0.,0.));
#13579=DIRECTION('center_axis',(0.,1.,0.));
#13580=DIRECTION('ref_axis',(0.,0.,-1.));
#13581=DIRECTION('',(0.,0.,1.));
#13582=DIRECTION('center_axis',(0.,1.,0.));
#13583=DIRECTION('ref_axis',(0.,0.,-1.));
#13584=DIRECTION('',(1.,0.,0.));
#13585=DIRECTION('center_axis',(0.,1.,0.));
#13586=DIRECTION('ref_axis',(-6.93889390390723E-15,0.,-1.));
#13587=DIRECTION('center_axis',(0.,1.,0.));
#13588=DIRECTION('ref_axis',(0.,0.,1.));
#13589=DIRECTION('center_axis',(0.,1.,0.));
#13590=DIRECTION('ref_axis',(5.20417042793042E-15,0.,-1.));
#13591=DIRECTION('center_axis',(1.,0.,0.));
#13592=DIRECTION('ref_axis',(0.,0.,-1.));
#13593=DIRECTION('',(0.,1.,0.));
#13594=DIRECTION('',(0.,0.,1.));
#13595=DIRECTION('',(0.,0.,1.));
#13596=DIRECTION('center_axis',(0.,1.,0.));
#13597=DIRECTION('ref_axis',(0.,0.,1.));
#13598=DIRECTION('',(-1.,0.,-3.46944695195362E-16));
#13599=DIRECTION('',(-1.,0.,0.));
#13600=DIRECTION('',(1.,0.,0.));
#13601=DIRECTION('',(0.,0.,-1.));
#13602=DIRECTION('',(1.,0.,0.));
#13603=DIRECTION('center_axis',(0.,1.,0.));
#13604=DIRECTION('ref_axis',(0.,0.,1.));
#13605=DIRECTION('',(-1.,0.,-3.46944695195362E-16));
#13606=DIRECTION('',(1.,0.,0.));
#13607=DIRECTION('center_axis',(0.,1.,0.));
#13608=DIRECTION('ref_axis',(0.,0.,1.));
#13609=DIRECTION('center_axis',(0.,1.,0.));
#13610=DIRECTION('ref_axis',(0.,0.,1.));
#13611=DIRECTION('center_axis',(-1.,0.,0.));
#13612=DIRECTION('ref_axis',(0.,0.,1.));
#13613=DIRECTION('',(0.,1.,0.));
#13614=DIRECTION('',(0.,0.,-1.));
#13615=DIRECTION('',(0.,0.,-1.));
#13616=DIRECTION('center_axis',(0.,1.,0.));
#13617=DIRECTION('ref_axis',(0.,0.,1.));
#13618=DIRECTION('',(-1.,0.,3.46944695195361E-16));
#13619=DIRECTION('',(1.,0.,-3.46944695195361E-16));
#13620=DIRECTION('',(0.,0.,1.));
#13621=DIRECTION('',(1.,0.,0.));
#13622=DIRECTION('',(-1.,0.,0.));
#13623=DIRECTION('center_axis',(0.,1.,0.));
#13624=DIRECTION('ref_axis',(0.,0.,1.));
#13625=DIRECTION('',(-1.,0.,3.46944695195361E-16));
#13626=DIRECTION('center_axis',(0.,1.,0.));
#13627=DIRECTION('ref_axis',(0.,0.,1.));
#13628=DIRECTION('center_axis',(0.,1.,0.));
#13629=DIRECTION('ref_axis',(0.,0.,1.));
#13630=DIRECTION('',(1.,0.,-3.46944695195361E-16));
#13631=DIRECTION('center_axis',(0.,-1.,0.));
#13632=DIRECTION('ref_axis',(0.,0.,-1.));
#13633=DIRECTION('center_axis',(0.,-1.,0.));
#13634=DIRECTION('ref_axis',(0.,0.,-1.));
#13635=DIRECTION('center_axis',(0.,-1.,0.));
#13636=DIRECTION('ref_axis',(0.,0.,-1.));
#13637=DIRECTION('center_axis',(0.,-1.,0.));
#13638=DIRECTION('ref_axis',(0.,0.,-1.));
#13639=DIRECTION('center_axis',(0.,-1.,0.));
#13640=DIRECTION('ref_axis',(0.,0.,-1.));
#13641=DIRECTION('',(6.8873498661989E-17,0.,-1.));
#13642=DIRECTION('center_axis',(0.,1.,0.));
#13643=DIRECTION('ref_axis',(0.,0.,-1.));
#13644=DIRECTION('',(-1.,0.,-3.74279146403682E-17));
#13645=DIRECTION('center_axis',(0.,1.,0.));
#13646=DIRECTION('ref_axis',(0.,0.,-1.));
#13647=DIRECTION('',(0.,0.,1.));
#13648=DIRECTION('',(1.,0.,0.));
#13649=DIRECTION('',(0.,0.,1.));
#13650=DIRECTION('',(1.,0.,0.));
#13651=DIRECTION('',(0.,0.,1.));
#13652=DIRECTION('center_axis',(0.,1.,0.));
#13653=DIRECTION('ref_axis',(0.,0.,-1.));
#13654=DIRECTION('',(1.,0.,0.));
#13655=DIRECTION('center_axis',(0.,1.,0.));
#13656=DIRECTION('ref_axis',(0.,0.,-1.));
#13657=DIRECTION('center_axis',(0.,0.,-1.));
#13658=DIRECTION('ref_axis',(-1.,0.,0.));
#13659=DIRECTION('',(1.,0.,0.));
#13660=DIRECTION('',(0.,1.,0.));
#13661=DIRECTION('',(0.,-1.,0.));
#13662=DIRECTION('center_axis',(-1.,0.,-6.8873498661989E-17));
#13663=DIRECTION('ref_axis',(-6.8873498661989E-17,0.,1.));
#13664=DIRECTION('',(6.8873498661989E-17,0.,-1.));
#13665=DIRECTION('',(0.,1.,0.));
#13666=DIRECTION('',(0.,-1.,0.));
#13667=DIRECTION('center_axis',(-3.74279146403682E-17,0.,1.));
#13668=DIRECTION('ref_axis',(1.,0.,3.74279146403682E-17));
#13669=DIRECTION('',(-1.,0.,-3.74279146403682E-17));
#13670=DIRECTION('',(0.,1.,0.));
#13671=DIRECTION('',(0.,-1.,0.));
#13672=DIRECTION('center_axis',(1.,0.,0.));
#13673=DIRECTION('ref_axis',(0.,0.,-1.));
#13674=DIRECTION('',(0.,-1.,0.));
#13675=DIRECTION('',(0.,0.,1.));
#13676=DIRECTION('',(0.,1.,0.));
#13677=DIRECTION('',(0.,1.,-1.41034428941204E-15));
#13678=DIRECTION('',(0.,0.,-1.));
#13679=DIRECTION('',(0.,-1.,-7.0517214470602E-16));
#13680=DIRECTION('center_axis',(0.,-1.,0.));
#13681=DIRECTION('ref_axis',(0.,0.,-1.));
#13682=DIRECTION('center_axis',(0.,-1.,0.));
#13683=DIRECTION('ref_axis',(0.,0.,-1.));
#13684=DIRECTION('center_axis',(0.,-1.,0.));
#13685=DIRECTION('ref_axis',(0.,0.,-1.));
#13686=DIRECTION('center_axis',(0.,-1.,0.));
#13687=DIRECTION('ref_axis',(0.,0.,-1.));
#13688=DIRECTION('center_axis',(0.,-1.,0.));
#13689=DIRECTION('ref_axis',(0.,0.,-1.));
#13690=DIRECTION('center_axis',(0.,-7.05172144706019E-16,1.));
#13691=DIRECTION('ref_axis',(0.,-1.,-7.05172144706019E-16));
#13692=DIRECTION('',(1.,0.,0.));
#13693=DIRECTION('',(0.,-1.,-7.0517214470602E-16));
#13694=DIRECTION('center_axis',(0.,-1.41034428941204E-15,-1.));
#13695=DIRECTION('ref_axis',(0.,1.,-1.41034428941204E-15));
#13696=DIRECTION('',(0.,1.,-1.41034428941204E-15));
#13697=DIRECTION('',(1.,0.,0.));
#13698=DIRECTION('center_axis',(0.,-1.,0.));
#13699=DIRECTION('ref_axis',(0.,0.,-1.));
#13700=DIRECTION('',(0.,0.,-1.));
#13701=DIRECTION('center_axis',(1.,0.,0.));
#13702=DIRECTION('ref_axis',(0.,0.,-1.));
#13703=DIRECTION('center_axis',(0.,1.,0.));
#13704=DIRECTION('ref_axis',(0.,0.,1.));
#13705=DIRECTION('center_axis',(0.,1.,0.));
#13706=DIRECTION('ref_axis',(0.,0.,1.));
#13707=DIRECTION('center_axis',(0.,-1.,0.));
#13708=DIRECTION('ref_axis',(0.,0.,1.));
#13709=DIRECTION('center_axis',(0.,-1.,0.));
#13710=DIRECTION('ref_axis',(0.,0.,1.));
#13711=DIRECTION('center_axis',(0.,-1.,0.));
#13712=DIRECTION('ref_axis',(0.,0.,-1.));
#13713=DIRECTION('',(0.,1.,0.));
#13714=DIRECTION('center_axis',(0.,-1.,0.));
#13715=DIRECTION('ref_axis',(0.,0.,1.));
#13716=DIRECTION('',(0.,-1.,0.));
#13717=DIRECTION('center_axis',(0.,-1.,0.));
#13718=DIRECTION('ref_axis',(0.,0.,-1.));
#13719=DIRECTION('center_axis',(0.,-1.,0.));
#13720=DIRECTION('ref_axis',(0.,0.,-1.));
#13721=DIRECTION('center_axis',(0.,-1.,0.));
#13722=DIRECTION('ref_axis',(0.,0.,-1.));
#13723=DIRECTION('center_axis',(0.,-1.,0.));
#13724=DIRECTION('ref_axis',(0.,0.,-1.));
#13725=DIRECTION('center_axis',(0.,1.,0.));
#13726=DIRECTION('ref_axis',(0.,0.,1.));
#13727=DIRECTION('center_axis',(0.,-1.,0.));
#13728=DIRECTION('ref_axis',(0.,0.,-1.));
#13729=DIRECTION('center_axis',(0.707106781186556,-0.707106781186539,-7.3518861250754E-15));
#13730=DIRECTION('ref_axis',(0.707106781186539,0.707106781186556,1.79260331305315E-12));
#13731=DIRECTION('center_axis',(0.,-1.,0.));
#13732=DIRECTION('ref_axis',(0.,0.,-1.));
#13733=DIRECTION('center_axis',(0.,-1.,0.));
#13734=DIRECTION('ref_axis',(0.,0.,-1.));
#13735=DIRECTION('center_axis',(0.707106781186556,-0.707106781186539,7.4373731730415E-15));
#13736=DIRECTION('ref_axis',(0.707106781186539,0.707106781186556,-6.32736280884255E-13));
#13737=DIRECTION('center_axis',(1.,0.,0.));
#13738=DIRECTION('ref_axis',(0.,0.,-1.));
#13739=DIRECTION('center_axis',(1.,0.,0.));
#13740=DIRECTION('ref_axis',(0.,0.,-1.));
#13741=DIRECTION('center_axis',(0.707106781186562,2.49622180060705E-14,
-0.707106781186533));
#13742=DIRECTION('ref_axis',(0.707106781186533,-2.29754733910081E-12,0.707106781186562));
#13743=DIRECTION('center_axis',(0.,0.,1.));
#13744=DIRECTION('ref_axis',(1.,0.,0.));
#13745=DIRECTION('center_axis',(0.,0.,-1.));
#13746=DIRECTION('ref_axis',(1.,0.,0.));
#13747=DIRECTION('center_axis',(0.,1.,0.));
#13748=DIRECTION('ref_axis',(0.,0.,1.));
#13749=DIRECTION('center_axis',(0.,-1.,0.));
#13750=DIRECTION('ref_axis',(0.,0.,-1.));
#13751=DIRECTION('center_axis',(-0.707106781186542,-0.707106781186553,-1.77813059769265E-14));
#13752=DIRECTION('ref_axis',(0.707106781186553,-0.707106781186542,1.48145676904705E-13));
#13753=DIRECTION('center_axis',(1.,0.,0.));
#13754=DIRECTION('ref_axis',(0.,0.,-1.));
#13755=DIRECTION('center_axis',(-0.707106781186545,-4.10337830236767E-15,
-0.70710678118655));
#13756=DIRECTION('ref_axis',(0.70710678118655,1.22099084530688E-12,-0.707106781186545));
#13757=DIRECTION('center_axis',(0.,0.,-1.));
#13758=DIRECTION('ref_axis',(-1.,0.,0.));
#13759=DIRECTION('center_axis',(-3.46944695195361E-16,0.,-1.));
#13760=DIRECTION('ref_axis',(1.,0.,-3.46944695195361E-16));
#13761=DIRECTION('center_axis',(0.,-1.,0.));
#13762=DIRECTION('ref_axis',(0.,0.,-1.));
#13763=DIRECTION('center_axis',(0.,-1.,0.));
#13764=DIRECTION('ref_axis',(0.,0.,-1.));
#13765=DIRECTION('center_axis',(-0.707106781186541,-0.707106781186554,1.83797153126881E-14));
#13766=DIRECTION('ref_axis',(0.707106781186554,-0.707106781186541,-3.58028718076152E-13));
#13767=DIRECTION('center_axis',(1.,0.,0.));
#13768=DIRECTION('ref_axis',(0.,0.,-1.));
#13769=DIRECTION('center_axis',(0.,1.,0.));
#13770=DIRECTION('ref_axis',(0.,0.,1.));
#13771=DIRECTION('center_axis',(0.,-1.,0.));
#13772=DIRECTION('ref_axis',(0.,0.,-1.));
#13773=DIRECTION('center_axis',(0.,-1.,0.));
#13774=DIRECTION('ref_axis',(0.,0.,-1.));
#13775=DIRECTION('center_axis',(0.,1.,0.));
#13776=DIRECTION('ref_axis',(0.,0.,1.));
#13777=DIRECTION('center_axis',(0.,1.,0.));
#13778=DIRECTION('ref_axis',(0.,0.,1.));
#13779=DIRECTION('center_axis',(0.,1.,0.));
#13780=DIRECTION('ref_axis',(0.,0.,1.));
#13781=DIRECTION('center_axis',(0.,-1.,0.));
#13782=DIRECTION('ref_axis',(0.,0.,-1.));
#13783=DIRECTION('center_axis',(0.,1.,0.));
#13784=DIRECTION('ref_axis',(0.,0.,1.));
#13785=DIRECTION('center_axis',(0.,1.,0.));
#13786=DIRECTION('ref_axis',(0.,0.,1.));
#13787=DIRECTION('center_axis',(-0.993853971980091,0.,0.110699062233592));
#13788=DIRECTION('ref_axis',(0.110699062233592,0.,0.993853971980091));
#13789=DIRECTION('center_axis',(0.,1.,0.));
#13790=DIRECTION('ref_axis',(0.,0.,1.));
#13791=DIRECTION('center_axis',(0.993853971980091,0.,0.110699062233592));
#13792=DIRECTION('ref_axis',(0.110699062233592,0.,-0.993853971980091));
#13793=DIRECTION('center_axis',(0.,1.,0.));
#13794=DIRECTION('ref_axis',(0.,0.,1.));
#13795=DIRECTION('center_axis',(-1.,1.08420217248551E-15,0.));
#13796=DIRECTION('ref_axis',(-1.08420217248551E-15,-1.,0.));
#13797=DIRECTION('center_axis',(-1.,0.,0.));
#13798=DIRECTION('ref_axis',(0.,0.,1.));
#13799=DIRECTION('center_axis',(-1.,0.,0.));
#13800=DIRECTION('ref_axis',(0.,0.,1.));
#13801=DIRECTION('center_axis',(0.,0.,1.));
#13802=DIRECTION('ref_axis',(1.,0.,0.));
#13803=DIRECTION('center_axis',(-1.,1.08420217248551E-15,0.));
#13804=DIRECTION('ref_axis',(-1.08420217248551E-15,-1.,0.));
#13805=DIRECTION('center_axis',(0.,0.,1.));
#13806=DIRECTION('ref_axis',(1.,0.,0.));
#13807=DIRECTION('center_axis',(0.,0.,1.));
#13808=DIRECTION('ref_axis',(1.,0.,0.));
#13809=DIRECTION('center_axis',(1.,0.,0.));
#13810=DIRECTION('ref_axis',(0.,0.,-1.));
#13811=DIRECTION('center_axis',(-1.,0.,0.));
#13812=DIRECTION('ref_axis',(0.,0.,1.));
#13813=DIRECTION('center_axis',(0.,2.16840434497102E-15,-1.));
#13814=DIRECTION('ref_axis',(0.,1.,2.16840434497102E-15));
#13815=DIRECTION('center_axis',(0.,0.,-1.));
#13816=DIRECTION('ref_axis',(-1.,0.,0.));
#13817=DIRECTION('center_axis',(0.,0.,-1.));
#13818=DIRECTION('ref_axis',(-1.,0.,0.));
#13819=DIRECTION('center_axis',(-1.,0.,0.));
#13820=DIRECTION('ref_axis',(0.,0.,1.));
#13821=DIRECTION('center_axis',(-1.,0.,0.));
#13822=DIRECTION('ref_axis',(0.,0.,1.));
#13823=DIRECTION('center_axis',(-1.,0.,0.));
#13824=DIRECTION('ref_axis',(0.,0.,1.));
#13825=DIRECTION('center_axis',(1.,1.08420217248551E-15,0.));
#13826=DIRECTION('ref_axis',(-1.08420217248551E-15,1.,0.));
#13827=DIRECTION('center_axis',(1.,0.,0.));
#13828=DIRECTION('ref_axis',(0.,0.,-1.));
#13829=DIRECTION('center_axis',(1.,0.,0.));
#13830=DIRECTION('ref_axis',(0.,0.,-1.));
#13831=DIRECTION('center_axis',(0.,0.,-1.));
#13832=DIRECTION('ref_axis',(-1.,0.,0.));
#13833=DIRECTION('center_axis',(0.,0.,1.));
#13834=DIRECTION('ref_axis',(1.,0.,0.));
#13835=DIRECTION('center_axis',(0.,0.,-1.));
#13836=DIRECTION('ref_axis',(-1.,0.,0.));
#13837=DIRECTION('center_axis',(0.,1.,0.));
#13838=DIRECTION('ref_axis',(0.,0.,1.));
#13839=DIRECTION('center_axis',(0.,0.,1.));
#13840=DIRECTION('ref_axis',(1.,0.,0.));
#13841=DIRECTION('center_axis',(3.46944695195362E-16,0.,-1.));
#13842=DIRECTION('ref_axis',(-1.,0.,-3.46944695195362E-16));
#13843=DIRECTION('center_axis',(3.46944695195361E-16,0.,1.));
#13844=DIRECTION('ref_axis',(1.,0.,-3.46944695195361E-16));
#13845=DIRECTION('center_axis',(-3.46944695195361E-16,0.,-1.));
#13846=DIRECTION('ref_axis',(-1.,0.,3.46944695195361E-16));
#13847=DIRECTION('axis',(0.,0.,1.));
#13848=DIRECTION('refdir',(1.,0.,0.));
#13849=DIRECTION('center_axis',(0.,1.,0.));
#13850=DIRECTION('ref_axis',(0.,0.,1.));
#13851=DIRECTION('center_axis',(0.,1.,0.));
#13852=DIRECTION('ref_axis',(0.,0.,1.));
#13853=DIRECTION('',(0.,1.,0.));
#13854=DIRECTION('center_axis',(0.,1.,0.));
#13855=DIRECTION('ref_axis',(0.,0.,1.));
#13856=DIRECTION('center_axis',(0.,-1.,0.));
#13857=DIRECTION('ref_axis',(0.,0.,-1.));
#13858=DIRECTION('center_axis',(0.,1.,0.));
#13859=DIRECTION('ref_axis',(0.,0.,1.));
#13860=DIRECTION('',(0.,1.,0.));
#13861=DIRECTION('center_axis',(0.,1.,0.));
#13862=DIRECTION('ref_axis',(0.,0.,1.));
#13863=DIRECTION('center_axis',(0.,1.,0.));
#13864=DIRECTION('ref_axis',(0.,0.,1.));
#13865=DIRECTION('center_axis',(0.,1.,0.));
#13866=DIRECTION('ref_axis',(0.,0.,1.));
#13867=DIRECTION('center_axis',(0.,1.,0.));
#13868=DIRECTION('ref_axis',(0.,0.,1.));
#13869=DIRECTION('center_axis',(0.,1.,0.));
#13870=DIRECTION('ref_axis',(0.,0.,1.));
#13871=DIRECTION('center_axis',(0.,1.,0.));
#13872=DIRECTION('ref_axis',(0.,0.,1.));
#13873=DIRECTION('center_axis',(0.,1.,0.));
#13874=DIRECTION('ref_axis',(0.,0.,1.));
#13875=DIRECTION('center_axis',(0.,1.,0.));
#13876=DIRECTION('ref_axis',(0.,0.,1.));
#13877=DIRECTION('center_axis',(0.,1.,0.));
#13878=DIRECTION('ref_axis',(0.,0.,1.));
#13879=DIRECTION('center_axis',(0.,1.,0.));
#13880=DIRECTION('ref_axis',(0.,0.,1.));
#13881=DIRECTION('center_axis',(0.,1.,0.));
#13882=DIRECTION('ref_axis',(0.,0.,1.));
#13883=DIRECTION('center_axis',(0.,1.,0.));
#13884=DIRECTION('ref_axis',(0.,0.,1.));
#13885=DIRECTION('center_axis',(0.,1.,0.));
#13886=DIRECTION('ref_axis',(0.,0.,1.));
#13887=DIRECTION('center_axis',(0.,1.,0.));
#13888=DIRECTION('ref_axis',(0.,0.,1.));
#13889=DIRECTION('center_axis',(0.,1.,0.));
#13890=DIRECTION('ref_axis',(0.,0.,1.));
#13891=DIRECTION('center_axis',(0.,1.,0.));
#13892=DIRECTION('ref_axis',(0.,0.,1.));
#13893=DIRECTION('center_axis',(0.,1.,0.));
#13894=DIRECTION('ref_axis',(0.,0.,1.));
#13895=DIRECTION('center_axis',(0.,1.,0.));
#13896=DIRECTION('ref_axis',(0.,0.,1.));
#13897=DIRECTION('center_axis',(0.,1.,0.));
#13898=DIRECTION('ref_axis',(0.,0.,1.));
#13899=DIRECTION('center_axis',(0.,1.,0.));
#13900=DIRECTION('ref_axis',(0.,0.,1.));
#13901=DIRECTION('center_axis',(0.,1.,0.));
#13902=DIRECTION('ref_axis',(0.,0.,1.));
#13903=DIRECTION('center_axis',(0.,1.,0.));
#13904=DIRECTION('ref_axis',(0.,0.,1.));
#13905=DIRECTION('center_axis',(0.,1.,0.));
#13906=DIRECTION('ref_axis',(0.,0.,1.));
#13907=DIRECTION('center_axis',(0.,1.,0.));
#13908=DIRECTION('ref_axis',(0.,0.,1.));
#13909=DIRECTION('center_axis',(0.,1.,0.));
#13910=DIRECTION('ref_axis',(0.,0.,1.));
#13911=DIRECTION('center_axis',(0.,1.,0.));
#13912=DIRECTION('ref_axis',(0.,0.,1.));
#13913=DIRECTION('center_axis',(0.,1.,0.));
#13914=DIRECTION('ref_axis',(0.,0.,1.));
#13915=DIRECTION('center_axis',(0.,1.,0.));
#13916=DIRECTION('ref_axis',(0.,0.,1.));
#13917=DIRECTION('center_axis',(0.,1.,0.));
#13918=DIRECTION('ref_axis',(0.,0.,1.));
#13919=DIRECTION('center_axis',(0.,1.,0.));
#13920=DIRECTION('ref_axis',(0.,0.,1.));
#13921=DIRECTION('center_axis',(0.,1.,0.));
#13922=DIRECTION('ref_axis',(0.,0.,1.));
#13923=DIRECTION('center_axis',(0.,1.,0.));
#13924=DIRECTION('ref_axis',(0.,0.,1.));
#13925=DIRECTION('center_axis',(0.,1.,0.));
#13926=DIRECTION('ref_axis',(0.,0.,1.));
#13927=DIRECTION('center_axis',(0.,1.,0.));
#13928=DIRECTION('ref_axis',(0.,0.,1.));
#13929=DIRECTION('center_axis',(0.,1.,0.));
#13930=DIRECTION('ref_axis',(0.,0.,1.));
#13931=DIRECTION('center_axis',(0.,1.,0.));
#13932=DIRECTION('ref_axis',(0.,0.,1.));
#13933=DIRECTION('center_axis',(0.,1.,0.));
#13934=DIRECTION('ref_axis',(0.,0.,1.));
#13935=DIRECTION('center_axis',(0.,1.,0.));
#13936=DIRECTION('ref_axis',(0.,0.,1.));
#13937=DIRECTION('center_axis',(0.,1.,0.));
#13938=DIRECTION('ref_axis',(0.,0.,1.));
#13939=DIRECTION('center_axis',(0.,1.,0.));
#13940=DIRECTION('ref_axis',(0.,0.,1.));
#13941=DIRECTION('center_axis',(0.,1.,0.));
#13942=DIRECTION('ref_axis',(0.,0.,1.));
#13943=DIRECTION('center_axis',(0.,-1.,0.));
#13944=DIRECTION('ref_axis',(0.,0.,-1.));
#13945=DIRECTION('center_axis',(0.,1.,0.));
#13946=DIRECTION('ref_axis',(0.,0.,1.));
#13947=DIRECTION('',(0.,1.,0.));
#13948=DIRECTION('center_axis',(0.,1.,0.));
#13949=DIRECTION('ref_axis',(0.,0.,1.));
#13950=DIRECTION('center_axis',(0.,-1.,0.));
#13951=DIRECTION('ref_axis',(0.,0.,-1.));
#13952=DIRECTION('center_axis',(0.,1.,0.));
#13953=DIRECTION('ref_axis',(0.,0.,1.));
#13954=DIRECTION('',(0.,1.,0.));
#13955=DIRECTION('center_axis',(0.,1.,0.));
#13956=DIRECTION('ref_axis',(0.,0.,1.));
#13957=DIRECTION('',(0.,1.,0.));
#13958=DIRECTION('center_axis',(0.,1.,0.));
#13959=DIRECTION('ref_axis',(0.,0.,1.));
#13960=DIRECTION('',(0.738456872362867,0.,-0.674300710113857));
#13961=DIRECTION('',(-0.111466674772264,0.,0.993768172369801));
#13962=DIRECTION('center_axis',(0.,-1.,0.));
#13963=DIRECTION('ref_axis',(0.,0.,-1.));
#13964=DIRECTION('center_axis',(0.,1.,0.));
#13965=DIRECTION('ref_axis',(0.,0.,1.));
#13966=DIRECTION('',(0.,1.,0.));
#13967=DIRECTION('center_axis',(0.,1.,0.));
#13968=DIRECTION('ref_axis',(0.,0.,1.));
#13969=DIRECTION('',(0.,1.,0.));
#13970=DIRECTION('center_axis',(0.,1.,0.));
#13971=DIRECTION('ref_axis',(0.,0.,1.));
#13972=DIRECTION('',(0.91068459920792,0.,-0.413102361123136));
#13973=DIRECTION('',(-0.413102361123116,0.,0.910684599207929));
#13974=DIRECTION('center_axis',(0.,-1.,0.));
#13975=DIRECTION('ref_axis',(0.,0.,-1.));
#13976=DIRECTION('center_axis',(0.,1.,0.));
#13977=DIRECTION('ref_axis',(0.,0.,1.));
#13978=DIRECTION('',(0.,1.,0.));
#13979=DIRECTION('center_axis',(0.,1.,0.));
#13980=DIRECTION('ref_axis',(0.,0.,1.));
#13981=DIRECTION('',(0.,1.,0.));
#13982=DIRECTION('center_axis',(0.,1.,0.));
#13983=DIRECTION('ref_axis',(0.,0.,1.));
#13984=DIRECTION('',(0.993768172369798,0.,-0.111466674772287));
#13985=DIRECTION('',(-0.674300710113841,0.,0.738456872362882));
#13986=DIRECTION('center_axis',(0.,-1.,0.));
#13987=DIRECTION('ref_axis',(0.,0.,-1.));
#13988=DIRECTION('center_axis',(0.,1.,0.));
#13989=DIRECTION('ref_axis',(0.,0.,1.));
#13990=DIRECTION('',(0.,1.,0.));
#13991=DIRECTION('center_axis',(0.,1.,0.));
#13992=DIRECTION('ref_axis',(0.,0.,1.));
#13993=DIRECTION('',(0.,1.,0.));
#13994=DIRECTION('center_axis',(0.,1.,0.));
#13995=DIRECTION('ref_axis',(0.,0.,1.));
#13996=DIRECTION('',(0.979574792830124,0.,0.201080146339265));
#13997=DIRECTION('',(-0.86949380746932,0.,0.493943841719384));
#13998=DIRECTION('center_axis',(0.,-1.,0.));
#13999=DIRECTION('ref_axis',(0.,0.,-1.));
#14000=DIRECTION('center_axis',(0.,1.,0.));
#14001=DIRECTION('ref_axis',(0.,0.,1.));
#14002=DIRECTION('',(0.,1.,0.));
#14003=DIRECTION('center_axis',(0.,1.,0.));
#14004=DIRECTION('ref_axis',(0.,0.,1.));
#14005=DIRECTION('',(0.,1.,0.));
#14006=DIRECTION('center_axis',(0.,1.,0.));
#14007=DIRECTION('ref_axis',(0.,0.,1.));
#14008=DIRECTION('',(0.869493807469329,0.,0.493943841719368));
#14009=DIRECTION('',(-0.97957479283012,0.,0.201080146339283));
#14010=DIRECTION('center_axis',(0.,-1.,0.));
#14011=DIRECTION('ref_axis',(0.,0.,-1.));
#14012=DIRECTION('center_axis',(0.,1.,0.));
#14013=DIRECTION('ref_axis',(0.,0.,1.));
#14014=DIRECTION('',(0.,1.,0.));
#14015=DIRECTION('center_axis',(0.,1.,0.));
#14016=DIRECTION('ref_axis',(0.,0.,1.));
#14017=DIRECTION('',(0.,1.,0.));
#14018=DIRECTION('center_axis',(0.,1.,0.));
#14019=DIRECTION('ref_axis',(0.,0.,1.));
#14020=DIRECTION('',(0.674300710113855,0.,0.738456872362869));
#14021=DIRECTION('',(-0.993768172369801,0.,-0.111466674772268));
#14022=DIRECTION('center_axis',(0.,-1.,0.));
#14023=DIRECTION('ref_axis',(0.,0.,-1.));
#14024=DIRECTION('center_axis',(0.,1.,0.));
#14025=DIRECTION('ref_axis',(0.,0.,1.));
#14026=DIRECTION('',(0.,1.,0.));
#14027=DIRECTION('center_axis',(0.,1.,0.));
#14028=DIRECTION('ref_axis',(0.,0.,1.));
#14029=DIRECTION('',(0.,1.,0.));
#14030=DIRECTION('center_axis',(0.,1.,0.));
#14031=DIRECTION('ref_axis',(0.,0.,1.));
#14032=DIRECTION('',(0.413102361123133,0.,0.910684599207921));
#14033=DIRECTION('',(-0.910684599207928,0.,-0.413102361123119));
#14034=DIRECTION('center_axis',(0.,-1.,0.));
#14035=DIRECTION('ref_axis',(0.,0.,-1.));
#14036=DIRECTION('center_axis',(0.,1.,0.));
#14037=DIRECTION('ref_axis',(0.,0.,1.));
#14038=DIRECTION('',(0.,1.,0.));
#14039=DIRECTION('center_axis',(0.,1.,0.));
#14040=DIRECTION('ref_axis',(0.,0.,1.));
#14041=DIRECTION('',(0.,1.,0.));
#14042=DIRECTION('center_axis',(0.,1.,0.));
#14043=DIRECTION('ref_axis',(0.,0.,1.));
#14044=DIRECTION('',(0.111466674772283,0.,0.993768172369799));
#14045=DIRECTION('',(-0.738456872362879,0.,-0.674300710113844));
#14046=DIRECTION('center_axis',(0.,-1.,0.));
#14047=DIRECTION('ref_axis',(0.,0.,-1.));
#14048=DIRECTION('center_axis',(0.,1.,0.));
#14049=DIRECTION('ref_axis',(0.,0.,1.));
#14050=DIRECTION('',(0.,1.,0.));
#14051=DIRECTION('center_axis',(0.,1.,0.));
#14052=DIRECTION('ref_axis',(0.,0.,1.));
#14053=DIRECTION('',(0.,1.,0.));
#14054=DIRECTION('center_axis',(0.,1.,0.));
#14055=DIRECTION('ref_axis',(0.,0.,1.));
#14056=DIRECTION('',(-0.201080146339268,0.,0.979574792830123));
#14057=DIRECTION('',(-0.493943841719382,0.,-0.869493807469322));
#14058=DIRECTION('center_axis',(0.,-1.,0.));
#14059=DIRECTION('ref_axis',(0.,0.,-1.));
#14060=DIRECTION('center_axis',(0.,1.,0.));
#14061=DIRECTION('ref_axis',(0.,0.,1.));
#14062=DIRECTION('',(0.,1.,0.));
#14063=DIRECTION('center_axis',(0.,1.,0.));
#14064=DIRECTION('ref_axis',(0.,0.,1.));
#14065=DIRECTION('',(0.,1.,0.));
#14066=DIRECTION('center_axis',(0.,1.,0.));
#14067=DIRECTION('ref_axis',(0.,0.,1.));
#14068=DIRECTION('',(-0.493943841719371,0.,0.869493807469328));
#14069=DIRECTION('',(-0.20108014633928,0.,-0.979574792830121));
#14070=DIRECTION('center_axis',(0.,-1.,0.));
#14071=DIRECTION('ref_axis',(0.,0.,-1.));
#14072=DIRECTION('center_axis',(0.,1.,0.));
#14073=DIRECTION('ref_axis',(0.,0.,1.));
#14074=DIRECTION('',(0.,1.,0.));
#14075=DIRECTION('center_axis',(0.,1.,0.));
#14076=DIRECTION('ref_axis',(0.,0.,1.));
#14077=DIRECTION('',(0.,1.,0.));
#14078=DIRECTION('center_axis',(0.,1.,0.));
#14079=DIRECTION('ref_axis',(0.,0.,1.));
#14080=DIRECTION('',(-0.738456872362871,0.,0.674300710113853));
#14081=DIRECTION('',(0.111466674772271,0.,-0.9937681723698));
#14082=DIRECTION('center_axis',(0.,-1.,0.));
#14083=DIRECTION('ref_axis',(0.,0.,-1.));
#14084=DIRECTION('center_axis',(0.,1.,0.));
#14085=DIRECTION('ref_axis',(0.,0.,1.));
#14086=DIRECTION('',(0.,1.,0.));
#14087=DIRECTION('center_axis',(0.,1.,0.));
#14088=DIRECTION('ref_axis',(0.,0.,1.));
#14089=DIRECTION('',(0.,1.,0.));
#14090=DIRECTION('center_axis',(0.,1.,0.));
#14091=DIRECTION('ref_axis',(0.,0.,1.));
#14092=DIRECTION('',(-0.910684599207923,0.,0.41310236112313));
#14093=DIRECTION('',(0.413102361123122,0.,-0.910684599207926));
#14094=DIRECTION('center_axis',(0.,-1.,0.));
#14095=DIRECTION('ref_axis',(0.,0.,-1.));
#14096=DIRECTION('center_axis',(0.,1.,0.));
#14097=DIRECTION('ref_axis',(0.,0.,1.));
#14098=DIRECTION('',(0.,1.,0.));
#14099=DIRECTION('center_axis',(0.,1.,0.));
#14100=DIRECTION('ref_axis',(0.,0.,1.));
#14101=DIRECTION('',(0.,1.,0.));
#14102=DIRECTION('center_axis',(0.,1.,0.));
#14103=DIRECTION('ref_axis',(0.,0.,1.));
#14104=DIRECTION('',(-0.993768172369799,0.,0.111466674772279));
#14105=DIRECTION('',(0.674300710113846,0.,-0.738456872362877));
#14106=DIRECTION('center_axis',(0.,-1.,0.));
#14107=DIRECTION('ref_axis',(0.,0.,-1.));
#14108=DIRECTION('center_axis',(0.,1.,0.));
#14109=DIRECTION('ref_axis',(0.,0.,1.));
#14110=DIRECTION('',(0.,1.,0.));
#14111=DIRECTION('center_axis',(0.,1.,0.));
#14112=DIRECTION('ref_axis',(0.,0.,1.));
#14113=DIRECTION('',(0.,1.,0.));
#14114=DIRECTION('center_axis',(0.,1.,0.));
#14115=DIRECTION('ref_axis',(0.,0.,1.));
#14116=DIRECTION('',(-0.979574792830122,0.,-0.201080146339271));
#14117=DIRECTION('',(0.869493807469324,0.,-0.493943841719379));
#14118=DIRECTION('center_axis',(0.,-1.,0.));
#14119=DIRECTION('ref_axis',(0.,0.,-1.));
#14120=DIRECTION('center_axis',(0.,1.,0.));
#14121=DIRECTION('ref_axis',(0.,0.,1.));
#14122=DIRECTION('',(0.,1.,0.));
#14123=DIRECTION('center_axis',(0.,1.,0.));
#14124=DIRECTION('ref_axis',(0.,0.,1.));
#14125=DIRECTION('',(0.,1.,0.));
#14126=DIRECTION('center_axis',(0.,1.,0.));
#14127=DIRECTION('ref_axis',(0.,0.,1.));
#14128=DIRECTION('',(-0.869493807469326,0.,-0.493943841719374));
#14129=DIRECTION('',(0.979574792830121,0.,-0.201080146339277));
#14130=DIRECTION('center_axis',(0.,-1.,0.));
#14131=DIRECTION('ref_axis',(0.,0.,-1.));
#14132=DIRECTION('center_axis',(0.,1.,0.));
#14133=DIRECTION('ref_axis',(0.,0.,1.));
#14134=DIRECTION('',(0.,1.,0.));
#14135=DIRECTION('center_axis',(0.,1.,0.));
#14136=DIRECTION('ref_axis',(0.,0.,1.));
#14137=DIRECTION('',(0.,1.,0.));
#14138=DIRECTION('center_axis',(0.,1.,0.));
#14139=DIRECTION('ref_axis',(0.,0.,1.));
#14140=DIRECTION('',(-0.67430071011385,0.,-0.738456872362873));
#14141=DIRECTION('',(0.9937681723698,0.,0.111466674772274));
#14142=DIRECTION('center_axis',(0.,-1.,0.));
#14143=DIRECTION('ref_axis',(0.,0.,-1.));
#14144=DIRECTION('center_axis',(0.,1.,0.));
#14145=DIRECTION('ref_axis',(0.,0.,1.));
#14146=DIRECTION('',(0.,1.,0.));
#14147=DIRECTION('center_axis',(0.,1.,0.));
#14148=DIRECTION('ref_axis',(0.,0.,1.));
#14149=DIRECTION('',(0.,1.,0.));
#14150=DIRECTION('center_axis',(0.,1.,0.));
#14151=DIRECTION('ref_axis',(0.,0.,1.));
#14152=DIRECTION('',(-0.413102361123127,0.,-0.910684599207924));
#14153=DIRECTION('',(0.910684599207925,0.,0.413102361123125));
#14154=DIRECTION('center_axis',(0.,-1.,0.));
#14155=DIRECTION('ref_axis',(0.,0.,-1.));
#14156=DIRECTION('center_axis',(0.,1.,0.));
#14157=DIRECTION('ref_axis',(0.,0.,1.));
#14158=DIRECTION('',(0.,1.,0.));
#14159=DIRECTION('center_axis',(0.,1.,0.));
#14160=DIRECTION('ref_axis',(0.,0.,1.));
#14161=DIRECTION('',(0.,1.,0.));
#14162=DIRECTION('center_axis',(0.,1.,0.));
#14163=DIRECTION('ref_axis',(0.,0.,1.));
#14164=DIRECTION('',(-0.111466674772276,0.,-0.9937681723698));
#14165=DIRECTION('',(0.738456872362875,0.,0.674300710113849));
#14166=DIRECTION('center_axis',(0.,-1.,0.));
#14167=DIRECTION('ref_axis',(0.,0.,-1.));
#14168=DIRECTION('center_axis',(0.,1.,0.));
#14169=DIRECTION('ref_axis',(0.,0.,1.));
#14170=DIRECTION('',(0.,1.,0.));
#14171=DIRECTION('center_axis',(0.,1.,0.));
#14172=DIRECTION('ref_axis',(0.,0.,1.));
#14173=DIRECTION('',(0.,1.,0.));
#14174=DIRECTION('center_axis',(0.,1.,0.));
#14175=DIRECTION('ref_axis',(0.,0.,1.));
#14176=DIRECTION('',(0.201080146339275,0.,-0.979574792830122));
#14177=DIRECTION('',(0.493943841719376,0.,0.869493807469325));
#14178=DIRECTION('center_axis',(0.,1.,0.));
#14179=DIRECTION('ref_axis',(0.,0.,1.));
#14180=DIRECTION('center_axis',(0.,1.,0.));
#14181=DIRECTION('ref_axis',(0.,0.,1.));
#14182=DIRECTION('center_axis',(0.,-1.,0.));
#14183=DIRECTION('ref_axis',(0.,0.,-1.));
#14184=DIRECTION('center_axis',(0.,1.,0.));
#14185=DIRECTION('ref_axis',(0.,0.,1.));
#14186=DIRECTION('',(0.,1.,0.));
#14187=DIRECTION('center_axis',(0.,1.,0.));
#14188=DIRECTION('ref_axis',(0.,0.,1.));
#14189=DIRECTION('',(0.,1.,0.));
#14190=DIRECTION('center_axis',(0.,1.,0.));
#14191=DIRECTION('ref_axis',(0.,0.,1.));
#14192=DIRECTION('',(0.738456872362867,0.,-0.674300710113857));
#14193=DIRECTION('',(0.201080146339286,0.,0.979574792830119));
#14194=DIRECTION('',(0.493943841719377,0.,-0.869493807469325));
#14195=DIRECTION('',(0.493943841719376,0.,0.869493807469325));
#14196=DIRECTION('',(0.201080146339275,0.,-0.979574792830122));
#14197=DIRECTION('',(0.738456872362875,0.,0.674300710113849));
#14198=DIRECTION('',(-0.111466674772276,0.,-0.993768172369799));
#14199=DIRECTION('',(0.910684599207925,0.,0.413102361123125));
#14200=DIRECTION('',(-0.413102361123127,0.,-0.910684599207924));
#14201=DIRECTION('',(0.9937681723698,0.,0.111466674772274));
#14202=DIRECTION('',(-0.67430071011385,0.,-0.738456872362873));
#14203=DIRECTION('',(0.979574792830121,0.,-0.201080146339277));
#14204=DIRECTION('',(-0.869493807469326,0.,-0.493943841719374));
#14205=DIRECTION('',(0.869493807469324,0.,-0.493943841719379));
#14206=DIRECTION('',(-0.979574792830122,0.,-0.201080146339271));
#14207=DIRECTION('',(0.674300710113846,0.,-0.738456872362877));
#14208=DIRECTION('',(-0.993768172369799,0.,0.111466674772279));
#14209=DIRECTION('',(0.413102361123122,0.,-0.910684599207926));
#14210=DIRECTION('',(-0.910684599207923,0.,0.41310236112313));
#14211=DIRECTION('',(0.111466674772271,0.,-0.9937681723698));
#14212=DIRECTION('',(-0.738456872362871,0.,0.674300710113853));
#14213=DIRECTION('',(-0.20108014633928,0.,-0.979574792830121));
#14214=DIRECTION('',(-0.493943841719371,0.,0.869493807469328));
#14215=DIRECTION('',(-0.493943841719382,0.,-0.869493807469322));
#14216=DIRECTION('',(-0.201080146339268,0.,0.979574792830123));
#14217=DIRECTION('',(-0.738456872362879,0.,-0.674300710113844));
#14218=DIRECTION('',(0.111466674772283,0.,0.993768172369799));
#14219=DIRECTION('',(-0.910684599207928,0.,-0.413102361123119));
#14220=DIRECTION('',(0.413102361123133,0.,0.910684599207921));
#14221=DIRECTION('',(-0.993768172369801,0.,-0.111466674772268));
#14222=DIRECTION('',(0.674300710113855,0.,0.738456872362869));
#14223=DIRECTION('',(-0.97957479283012,0.,0.201080146339283));
#14224=DIRECTION('',(0.869493807469329,0.,0.493943841719368));
#14225=DIRECTION('',(-0.86949380746932,0.,0.493943841719384));
#14226=DIRECTION('',(0.979574792830124,0.,0.201080146339265));
#14227=DIRECTION('',(-0.674300710113841,0.,0.738456872362882));
#14228=DIRECTION('',(0.993768172369798,0.,-0.111466674772287));
#14229=DIRECTION('',(-0.413102361123116,0.,0.910684599207929));
#14230=DIRECTION('',(0.91068459920792,0.,-0.413102361123136));
#14231=DIRECTION('',(-0.111466674772264,0.,0.993768172369801));
#14232=DIRECTION('center_axis',(0.,1.,0.));
#14233=DIRECTION('ref_axis',(0.,0.,1.));
#14234=DIRECTION('',(0.201080146339286,0.,0.979574792830119));
#14235=DIRECTION('',(0.493943841719377,0.,-0.869493807469325));
#14236=DIRECTION('center_axis',(0.,1.,0.));
#14237=DIRECTION('ref_axis',(0.,0.,1.));
#14238=DIRECTION('center_axis',(0.,1.,0.));
#14239=DIRECTION('ref_axis',(0.,0.,1.));
#14240=DIRECTION('',(0.493943841719376,0.,0.869493807469325));
#14241=DIRECTION('',(0.493943841719377,0.,-0.869493807469325));
#14242=DIRECTION('center_axis',(0.869493807469325,0.,0.493943841719377));
#14243=DIRECTION('ref_axis',(0.493943841719377,0.,-0.869493807469325));
#14244=DIRECTION('',(0.,1.,0.));
#14245=DIRECTION('center_axis',(-0.869493807469325,0.,0.493943841719376));
#14246=DIRECTION('ref_axis',(0.493943841719376,0.,0.869493807469325));
#14247=DIRECTION('center_axis',(0.,1.,0.));
#14248=DIRECTION('ref_axis',(0.309016994374948,0.,0.951056516295153));
#14249=DIRECTION('',(0.738456872362875,0.,0.674300710113849));
#14250=DIRECTION('',(0.201080146339275,0.,-0.979574792830122));
#14251=DIRECTION('center_axis',(0.979574792830122,0.,0.201080146339275));
#14252=DIRECTION('ref_axis',(0.201080146339275,0.,-0.979574792830122));
#14253=DIRECTION('',(0.,1.,0.));
#14254=DIRECTION('center_axis',(-0.674300710113849,0.,0.738456872362875));
#14255=DIRECTION('ref_axis',(0.738456872362875,0.,0.674300710113849));
#14256=DIRECTION('center_axis',(0.,1.,0.));
#14257=DIRECTION('ref_axis',(0.587785252292474,0.,0.809016994374947));
#14258=DIRECTION('',(0.910684599207925,0.,0.413102361123125));
#14259=DIRECTION('',(-0.111466674772276,0.,-0.993768172369799));
#14260=DIRECTION('center_axis',(0.9937681723698,0.,-0.111466674772276));
#14261=DIRECTION('ref_axis',(-0.111466674772276,0.,-0.9937681723698));
#14262=DIRECTION('',(0.,1.,0.));
#14263=DIRECTION('center_axis',(-0.413102361123125,0.,0.910684599207925));
#14264=DIRECTION('ref_axis',(0.910684599207925,0.,0.413102361123125));
#14265=DIRECTION('center_axis',(0.,1.,0.));
#14266=DIRECTION('ref_axis',(0.809016994374949,0.,0.587785252292472));
#14267=DIRECTION('',(0.9937681723698,0.,0.111466674772274));
#14268=DIRECTION('',(-0.413102361123127,0.,-0.910684599207924));
#14269=DIRECTION('center_axis',(0.910684599207924,0.,-0.413102361123127));
#14270=DIRECTION('ref_axis',(-0.413102361123127,0.,-0.910684599207924));
#14271=DIRECTION('',(0.,1.,0.));
#14272=DIRECTION('center_axis',(-0.111466674772274,0.,0.9937681723698));
#14273=DIRECTION('ref_axis',(0.9937681723698,0.,0.111466674772274));
#14274=DIRECTION('center_axis',(0.,1.,0.));
#14275=DIRECTION('ref_axis',(0.951056516295154,0.,0.309016994374945));
#14276=DIRECTION('',(0.979574792830121,0.,-0.201080146339277));
#14277=DIRECTION('',(-0.67430071011385,0.,-0.738456872362873));
#14278=DIRECTION('center_axis',(0.738456872362873,0.,-0.67430071011385));
#14279=DIRECTION('ref_axis',(-0.67430071011385,0.,-0.738456872362873));
#14280=DIRECTION('',(0.,1.,0.));
#14281=DIRECTION('center_axis',(0.201080146339277,0.,0.979574792830121));
#14282=DIRECTION('ref_axis',(0.979574792830121,0.,-0.201080146339277));
#14283=DIRECTION('center_axis',(0.,1.,0.));
#14284=DIRECTION('ref_axis',(1.,0.,-3.2694367339181E-15));
#14285=DIRECTION('',(0.869493807469324,0.,-0.493943841719379));
#14286=DIRECTION('',(-0.869493807469326,0.,-0.493943841719374));
#14287=DIRECTION('center_axis',(0.493943841719374,0.,-0.869493807469326));
#14288=DIRECTION('ref_axis',(-0.869493807469326,0.,-0.493943841719374));
#14289=DIRECTION('',(0.,1.,0.));
#14290=DIRECTION('center_axis',(0.493943841719379,0.,0.869493807469324));
#14291=DIRECTION('ref_axis',(0.869493807469324,0.,-0.493943841719379));
#14292=DIRECTION('center_axis',(0.,1.,0.));
#14293=DIRECTION('ref_axis',(0.951056516295152,0.,-0.309016994374951));
#14294=DIRECTION('',(0.674300710113846,0.,-0.738456872362877));
#14295=DIRECTION('',(-0.979574792830122,0.,-0.201080146339271));
#14296=DIRECTION('center_axis',(0.201080146339271,0.,-0.979574792830122));
#14297=DIRECTION('ref_axis',(-0.979574792830122,0.,-0.201080146339271));
#14298=DIRECTION('',(0.,1.,0.));
#14299=DIRECTION('center_axis',(0.738456872362877,0.,0.674300710113846));
#14300=DIRECTION('ref_axis',(0.674300710113846,0.,-0.738456872362877));
#14301=DIRECTION('center_axis',(0.,1.,0.));
#14302=DIRECTION('ref_axis',(0.809016994374945,0.,-0.587785252292477));
#14303=DIRECTION('',(0.413102361123122,0.,-0.910684599207926));
#14304=DIRECTION('',(-0.993768172369799,0.,0.111466674772279));
#14305=DIRECTION('center_axis',(-0.111466674772279,0.,-0.993768172369799));
#14306=DIRECTION('ref_axis',(-0.993768172369799,0.,0.111466674772279));
#14307=DIRECTION('',(0.,1.,0.));
#14308=DIRECTION('center_axis',(0.910684599207927,0.,0.413102361123122));
#14309=DIRECTION('ref_axis',(0.413102361123122,0.,-0.910684599207927));
#14310=DIRECTION('center_axis',(0.,1.,0.));
#14311=DIRECTION('ref_axis',(0.587785252292469,0.,-0.80901699437495));
#14312=DIRECTION('',(0.111466674772271,0.,-0.9937681723698));
#14313=DIRECTION('',(-0.910684599207923,0.,0.41310236112313));
#14314=DIRECTION('center_axis',(-0.41310236112313,0.,-0.910684599207923));
#14315=DIRECTION('ref_axis',(-0.910684599207923,0.,0.41310236112313));
#14316=DIRECTION('',(0.,1.,0.));
#14317=DIRECTION('center_axis',(0.9937681723698,0.,0.111466674772271));
#14318=DIRECTION('ref_axis',(0.111466674772271,0.,-0.9937681723698));
#14319=DIRECTION('center_axis',(0.,1.,0.));
#14320=DIRECTION('ref_axis',(0.309016994374942,0.,-0.951056516295155));
#14321=DIRECTION('',(-0.20108014633928,0.,-0.979574792830121));
#14322=DIRECTION('',(-0.738456872362871,0.,0.674300710113853));
#14323=DIRECTION('center_axis',(-0.674300710113853,0.,-0.738456872362871));
#14324=DIRECTION('ref_axis',(-0.738456872362871,0.,0.674300710113853));
#14325=DIRECTION('',(0.,1.,0.));
#14326=DIRECTION('center_axis',(0.979574792830121,0.,-0.20108014633928));
#14327=DIRECTION('ref_axis',(-0.20108014633928,0.,-0.979574792830121));
#14328=DIRECTION('center_axis',(0.,1.,0.));
#14329=DIRECTION('ref_axis',(-6.53887346783621E-15,0.,-1.));
#14330=DIRECTION('',(-0.493943841719381,0.,-0.869493807469322));
#14331=DIRECTION('',(-0.493943841719371,0.,0.869493807469328));
#14332=DIRECTION('center_axis',(-0.869493807469328,0.,-0.493943841719371));
#14333=DIRECTION('ref_axis',(-0.493943841719371,0.,0.869493807469328));
#14334=DIRECTION('',(0.,1.,0.));
#14335=DIRECTION('center_axis',(0.869493807469322,0.,-0.493943841719381));
#14336=DIRECTION('ref_axis',(-0.493943841719381,0.,-0.869493807469322));
#14337=DIRECTION('center_axis',(0.,1.,0.));
#14338=DIRECTION('ref_axis',(-0.309016994374954,0.,-0.951056516295151));
#14339=DIRECTION('',(-0.738456872362879,0.,-0.674300710113844));
#14340=DIRECTION('',(-0.201080146339268,0.,0.979574792830123));
#14341=DIRECTION('center_axis',(-0.979574792830123,0.,-0.201080146339268));
#14342=DIRECTION('ref_axis',(-0.201080146339268,0.,0.979574792830123));
#14343=DIRECTION('',(0.,1.,0.));
#14344=DIRECTION('center_axis',(0.674300710113844,0.,-0.738456872362879));
#14345=DIRECTION('ref_axis',(-0.738456872362879,0.,-0.674300710113844));
#14346=DIRECTION('center_axis',(0.,1.,0.));
#14347=DIRECTION('ref_axis',(-0.587785252292479,0.,-0.809016994374943));
#14348=DIRECTION('',(-0.910684599207928,0.,-0.413102361123119));
#14349=DIRECTION('',(0.111466674772283,0.,0.993768172369799));
#14350=DIRECTION('center_axis',(-0.993768172369799,0.,0.111466674772283));
#14351=DIRECTION('ref_axis',(0.111466674772283,0.,0.993768172369799));
#14352=DIRECTION('',(0.,1.,0.));
#14353=DIRECTION('center_axis',(0.413102361123119,0.,-0.910684599207928));
#14354=DIRECTION('ref_axis',(-0.910684599207928,0.,-0.413102361123119));
#14355=DIRECTION('center_axis',(0.,1.,0.));
#14356=DIRECTION('ref_axis',(-0.809016994374953,0.,-0.587785252292466));
#14357=DIRECTION('',(-0.993768172369801,0.,-0.111466674772268));
#14358=DIRECTION('',(0.413102361123133,0.,0.910684599207921));
#14359=DIRECTION('center_axis',(-0.910684599207921,0.,0.413102361123133));
#14360=DIRECTION('ref_axis',(0.413102361123133,0.,0.910684599207921));
#14361=DIRECTION('',(0.,1.,0.));
#14362=DIRECTION('center_axis',(0.111466674772268,0.,-0.993768172369801));
#14363=DIRECTION('ref_axis',(-0.993768172369801,0.,-0.111466674772268));
#14364=DIRECTION('center_axis',(0.,1.,0.));
#14365=DIRECTION('ref_axis',(-0.951056516295156,0.,-0.309016994374939));
#14366=DIRECTION('',(-0.97957479283012,0.,0.201080146339283));
#14367=DIRECTION('',(0.674300710113855,0.,0.738456872362869));
#14368=DIRECTION('center_axis',(-0.738456872362869,0.,0.674300710113855));
#14369=DIRECTION('ref_axis',(0.674300710113855,0.,0.738456872362869));
#14370=DIRECTION('',(0.,1.,0.));
#14371=DIRECTION('center_axis',(-0.201080146339283,0.,-0.97957479283012));
#14372=DIRECTION('ref_axis',(-0.97957479283012,0.,0.201080146339283));
#14373=DIRECTION('center_axis',(0.,1.,0.));
#14374=DIRECTION('ref_axis',(-1.,0.,9.58626559682928E-15));
#14375=DIRECTION('',(-0.86949380746932,0.,0.493943841719384));
#14376=DIRECTION('',(0.869493807469329,0.,0.493943841719368));
#14377=DIRECTION('center_axis',(-0.493943841719369,0.,0.86949380746933));
#14378=DIRECTION('ref_axis',(0.86949380746933,0.,0.493943841719368));
#14379=DIRECTION('',(0.,1.,0.));
#14380=DIRECTION('center_axis',(-0.493943841719384,0.,-0.869493807469321));
#14381=DIRECTION('ref_axis',(-0.869493807469321,0.,0.493943841719384));
#14382=DIRECTION('center_axis',(0.,1.,0.));
#14383=DIRECTION('ref_axis',(-0.95105651629515,0.,0.309016994374957));
#14384=DIRECTION('',(-0.674300710113841,0.,0.738456872362882));
#14385=DIRECTION('',(0.979574792830124,0.,0.201080146339265));
#14386=DIRECTION('center_axis',(-0.201080146339265,0.,0.979574792830124));
#14387=DIRECTION('ref_axis',(0.979574792830124,0.,0.201080146339265));
#14388=DIRECTION('',(0.,1.,0.));
#14389=DIRECTION('center_axis',(-0.738456872362882,0.,-0.674300710113841));
#14390=DIRECTION('ref_axis',(-0.674300710113841,0.,0.738456872362882));
#14391=DIRECTION('center_axis',(0.,1.,0.));
#14392=DIRECTION('ref_axis',(-0.809016994374941,0.,0.587785252292482));
#14393=DIRECTION('',(-0.413102361123116,0.,0.910684599207929));
#14394=DIRECTION('',(0.993768172369798,0.,-0.111466674772287));
#14395=DIRECTION('center_axis',(0.111466674772287,0.,0.993768172369798));
#14396=DIRECTION('ref_axis',(0.993768172369798,0.,-0.111466674772287));
#14397=DIRECTION('',(0.,1.,0.));
#14398=DIRECTION('center_axis',(-0.910684599207929,0.,-0.413102361123116));
#14399=DIRECTION('ref_axis',(-0.413102361123116,0.,0.910684599207929));
#14400=DIRECTION('center_axis',(0.,1.,0.));
#14401=DIRECTION('ref_axis',(-0.587785252292463,0.,0.809016994374955));
#14402=DIRECTION('',(-0.111466674772264,0.,0.993768172369801));
#14403=DIRECTION('',(0.91068459920792,0.,-0.413102361123136));
#14404=DIRECTION('center_axis',(0.413102361123136,0.,0.91068459920792));
#14405=DIRECTION('ref_axis',(0.91068459920792,0.,-0.413102361123136));
#14406=DIRECTION('',(0.,1.,0.));
#14407=DIRECTION('center_axis',(-0.993768172369801,0.,-0.111466674772264));
#14408=DIRECTION('ref_axis',(-0.111466674772264,0.,0.993768172369801));
#14409=DIRECTION('center_axis',(0.,1.,0.));
#14410=DIRECTION('ref_axis',(-0.309016994374936,0.,0.951056516295157));
#14411=DIRECTION('',(0.201080146339286,0.,0.979574792830119));
#14412=DIRECTION('',(0.738456872362867,0.,-0.674300710113857));
#14413=DIRECTION('center_axis',(0.674300710113858,0.,0.738456872362867));
#14414=DIRECTION('ref_axis',(0.738456872362867,0.,-0.674300710113857));
#14415=DIRECTION('',(0.,1.,0.));
#14416=DIRECTION('center_axis',(-0.979574792830119,0.,0.201080146339286));
#14417=DIRECTION('ref_axis',(0.201080146339286,0.,0.979574792830119));
#14418=DIRECTION('',(0.,3.08148791101958E-33,1.));
#14419=DIRECTION('',(1.,1.46618940180324E-32,0.));
#14420=DIRECTION('',(-0.616971508551343,-3.08148791101958E-32,0.786985487563704));
#14421=DIRECTION('',(0.786985487563704,3.38963670212153E-32,0.616971508551343));
#14422=DIRECTION('',(1.,-3.6342151584101E-17,1.196959198424E-16));
#14423=DIRECTION('',(1.196959198424E-16,-2.40404890625297E-17,-1.));
#14424=DIRECTION('',(1.,-3.63421515840755E-17,9.71661986981508E-16));
#14425=DIRECTION('',(1.48514013587064E-15,-2.44194651191072E-15,-1.));
#14426=DIRECTION('',(-2.16840434497126E-19,-1.17347658614235E-32,1.));
#14427=DIRECTION('',(1.,-4.93038065763132E-32,2.16840434497002E-19));
#14428=DIRECTION('',(-2.16840434497126E-19,-1.17347658614235E-32,1.));
#14429=DIRECTION('',(1.,-4.93038065763132E-32,2.16840434497002E-19));
#14430=DIRECTION('',(-2.16840434497126E-19,-1.17347658614235E-32,1.));
#14431=DIRECTION('',(1.,-4.93038065763132E-32,2.16840434497002E-19));
#14432=DIRECTION('',(-2.16840434497126E-19,-1.17347658614235E-32,1.));
#14433=DIRECTION('',(1.,-4.93038065763132E-32,2.16840434497002E-19));
#14434=DIRECTION('',(8.17914105685628E-5,-2.40434614579575E-17,-0.999999996655082));
#14435=DIRECTION('',(-0.999999996655082,-1.10164983820237E-16,-8.17914105686602E-5));
#14436=DIRECTION('center_axis',(0.,0.,1.));
#14437=DIRECTION('ref_axis',(1.,0.,0.));
#14438=CARTESIAN_POINT('',(0.,0.,0.));
#14439=CARTESIAN_POINT('',(0.,0.,0.));
#14440=CARTESIAN_POINT('Origin',(0.248102275252107,-0.765,3.94666658191207));
#14441=CARTESIAN_POINT('',(3.00591056551957,-0.765,0.0851104853967816));
#14442=CARTESIAN_POINT('',(3.38156729738279,-0.765,-0.50750493860595));
#14443=CARTESIAN_POINT('Origin',(3.80098649705819,-0.765,0.173734765862047));
#14444=CARTESIAN_POINT('',(-3.00690594484761,-0.765,0.0846186886512649));
#14445=CARTESIAN_POINT('Origin',(-0.000470300610865306,-0.765,-0.250000075112489));
#14446=CARTESIAN_POINT('',(-3.3824657299821,-0.765,-0.508058178410246));
#14447=CARTESIAN_POINT('Origin',(-3.80199636315815,-0.765,0.173112907167302));
#14448=CARTESIAN_POINT('Origin',(-9.93927163854463E-14,-0.765,-6.0000000558792));
#14449=CARTESIAN_POINT('',(2.59999999999991,-0.765000000000001,-6.00000005587919));
#14450=CARTESIAN_POINT('Origin',(-9.21762667253827E-14,-0.765,-6.00000005587919));
#14451=CARTESIAN_POINT('Origin',(0.000701361345528506,-6.36500000000004,
-14.5750000271965));
#14452=CARTESIAN_POINT('',(-0.749298638654472,-6.36500000000004,-14.5750000271965));
#14453=CARTESIAN_POINT('Origin',(0.000701361345528506,-6.36500000000004,
-14.5750000271965));
#14454=CARTESIAN_POINT('',(-0.749298638654472,-4.36500000000004,-14.5750000271965));
#14455=CARTESIAN_POINT('',(-0.749298638654472,-6.36500000000004,-14.5750000271965));
#14456=CARTESIAN_POINT('Origin',(0.000701361345528506,-4.36500000000004,
-14.5750000271965));
#14457=CARTESIAN_POINT('Origin',(0.000701361345528506,-4.36500000000004,
-14.5750000271965));
#14458=CARTESIAN_POINT('Origin',(-0.00153972330404921,-6.36500000000004,
12.8249998811527));
#14459=CARTESIAN_POINT('',(-0.751539723304049,-6.36500000000004,12.8249998811527));
#14460=CARTESIAN_POINT('Origin',(-0.00153972330404921,-6.36500000000004,
12.8249998811527));
#14461=CARTESIAN_POINT('',(-0.751539723304049,-4.36500000000004,12.8249998811527));
#14462=CARTESIAN_POINT('',(-0.751539723304049,-6.36500000000004,12.8249998811527));
#14463=CARTESIAN_POINT('Origin',(-0.00153972330404921,-4.36500000000004,
12.8249998811527));
#14464=CARTESIAN_POINT('Origin',(-0.00153972330404914,-4.36500000000004,
12.8249998811527));
#14465=CARTESIAN_POINT('Origin',(0.000701361345524342,-6.36500000000004,
-14.5750000271965));
#14466=CARTESIAN_POINT('',(-1.57657146103142,-6.36500000000007,-35.2650405253315));
#14467=CARTESIAN_POINT('',(1.57657146103155,-6.36500000000007,-35.2650405253315));
#14468=CARTESIAN_POINT('Origin',(7.105427357601E-14,-6.36500000000004,-30.5201040211978));
#14469=CARTESIAN_POINT('',(38.0533252144702,-6.36500000000003,-23.1451293508313));
#14470=CARTESIAN_POINT('',(5.47220956441948,-6.36500000000006,-33.9706603263641));
#14471=CARTESIAN_POINT('',(40.2616490065085,-6.36500000000002,-18.6917901266963));
#14472=CARTESIAN_POINT('Origin',(36.9497251917481,-6.36500000000004,-19.8236737979377));
#14473=CARTESIAN_POINT('',(39.2917794906826,-6.36500000000002,-15.8539243386415));
#14474=CARTESIAN_POINT('',(34.3561258861693,-6.36500000000001,-1.41206151340323));
#14475=CARTESIAN_POINT('',(40.0756238177955,-6.36500000000002,-13.542555420018));
#14476=CARTESIAN_POINT('Origin',(41.1843073848314,-6.36500000000004,-15.2071336693607));
#14477=CARTESIAN_POINT('',(36.4292605553883,-6.36500000000001,-2.87319280540514));
#14478=CARTESIAN_POINT('Origin',(36.8432568781024,-6.36500000000004,-8.68947753405962));
#14479=CARTESIAN_POINT('',(34.3947342655221,-6.36500000000001,-1.52503072947777));
#14480=CARTESIAN_POINT('Origin',(36.2872621596709,-6.36500000000004,-0.878240060196955));
#14481=CARTESIAN_POINT('',(28.2702751733981,-6.36500000000001,16.3953107641711));
#14482=CARTESIAN_POINT('',(28.8453817728284,-6.36500000000001,14.7125324972223));
#14483=CARTESIAN_POINT('',(29.0541167994104,-6.365,18.7066778837376));
#14484=CARTESIAN_POINT('Origin',(30.1628030675469,-6.36500000000004,17.0421014334519));
#14485=CARTESIAN_POINT('',(28.2207425579237,-6.365,28.8743058806263));
#14486=CARTESIAN_POINT('Origin',(25.8217686514206,-6.36500000000004,23.5597104871915));
#14487=CARTESIAN_POINT('',(27.0435838194418,-6.365,30.6971970617842));
#14488=CARTESIAN_POINT('Origin',(29.0435838194418,-6.36500000000004,30.6971970617842));
#14489=CARTESIAN_POINT('',(27.0435838194418,-6.36499999999999,33.8612162264847));
#14490=CARTESIAN_POINT('',(27.0435838194418,-6.36500000000001,11.3541164062819));
#14491=CARTESIAN_POINT('',(23.5435838194418,-6.36499999999999,37.3612162264847));
#14492=CARTESIAN_POINT('Origin',(23.5435838194418,-6.36500000000004,33.8612162264847));
#14493=CARTESIAN_POINT('',(-23.5433499149107,-6.36500000000003,37.3612162264847));
#14494=CARTESIAN_POINT('',(13.5218445520992,-6.365,37.3612162264847));
#14495=CARTESIAN_POINT('',(-27.0433499149107,-6.36500000000004,33.8612162264847));
#14496=CARTESIAN_POINT('Origin',(-23.5433499149107,-6.36500000000004,33.8612162264847));
#14497=CARTESIAN_POINT('',(-27.0433499149107,-6.36500000000004,30.6971970429353));
#14498=CARTESIAN_POINT('',(-27.0433499149107,-6.36500000000005,19.0736925636476));
#14499=CARTESIAN_POINT('',(-28.220508633089,-6.36500000000004,28.8743058709424));
#14500=CARTESIAN_POINT('Origin',(-29.0433499149107,-6.36500000000004,30.6971970429353));
#14501=CARTESIAN_POINT('',(-29.0538827477132,-6.36500000000005,18.7066778557039));
#14502=CARTESIAN_POINT('Origin',(-25.8215346673912,-6.36500000000004,23.5597105042278));
#14503=CARTESIAN_POINT('',(-28.2700410894726,-6.36500000000005,16.3953107470668));
#14504=CARTESIAN_POINT('Origin',(-30.1625689926398,-6.36500000000004,17.0421013899594));
#14505=CARTESIAN_POINT('',(-34.3945237959058,-6.36500000000007,-1.52510065924971));
#14506=CARTESIAN_POINT('',(-32.5772305167831,-6.36500000000007,3.79235140467786));
#14507=CARTESIAN_POINT('',(-36.429050066974,-6.36500000000008,-2.8732627635453));
#14508=CARTESIAN_POINT('Origin',(-36.287051699073,-6.36500000000004,-0.878310016357174));
#14509=CARTESIAN_POINT('',(-40.0754131806141,-6.36500000000009,-13.5426254290009));
#14510=CARTESIAN_POINT('Origin',(-36.8430463085893,-6.36500000000004,-8.68954749797229));
#14511=CARTESIAN_POINT('',(-39.2915688212728,-6.36500000000009,-15.8539943366948));
#14512=CARTESIAN_POINT('Origin',(-41.1840967244401,-6.36500000000004,-15.2072036938023));
#14513=CARTESIAN_POINT('',(-40.2614383131354,-6.36500000000009,-18.6918601839372));
#14514=CARTESIAN_POINT('',(-35.7465522910166,-6.36500000000008,-5.48117467020237));
#14515=CARTESIAN_POINT('',(-38.0531145053147,-6.36500000000009,-23.1451993618927));
#14516=CARTESIAN_POINT('Origin',(-36.9495144825927,-6.36500000000004,-19.8237438089991));
#14517=CARTESIAN_POINT('',(-27.5643794601197,-6.36500000000009,-26.6302281541998));
#14518=CARTESIAN_POINT('',(3.38156729738279,-6.36500000000004,-0.507504938605949));
#14519=CARTESIAN_POINT('',(-3.3824657299821,-6.36500000000004,-0.508058178410247));
#14520=CARTESIAN_POINT('Origin',(-9.93927163854463E-14,-6.36500000000004,
-6.0000000558792));
#14521=CARTESIAN_POINT('',(-3.00690594484761,-6.36500000000004,0.0846186886512656));
#14522=CARTESIAN_POINT('Origin',(-3.80199636315815,-6.36500000000004,0.173112907167302));
#14523=CARTESIAN_POINT('',(3.00591056551957,-6.36500000000004,0.0851104853967799));
#14524=CARTESIAN_POINT('Origin',(-0.000470300610865306,-6.36500000000004,
-0.250000075112489));
#14525=CARTESIAN_POINT('Origin',(3.80098649705819,-6.36500000000004,0.173734765862047));
#14526=CARTESIAN_POINT('',(-27.4215346673912,-6.36500000000005,23.5597105042277));
#14527=CARTESIAN_POINT('Origin',(-25.8215346673912,-6.36500000000005,23.5597105042277));
#14528=CARTESIAN_POINT('',(24.2217686514206,-6.36500000000001,23.5597104871915));
#14529=CARTESIAN_POINT('Origin',(25.8217686514206,-6.365,23.5597104871915));
#14530=CARTESIAN_POINT('',(-31.2191954211556,-6.36500000000008,-17.1206277920109));
#14531=CARTESIAN_POINT('Origin',(-29.0691954211556,-6.36500000000008,-17.1206277920109));
#14532=CARTESIAN_POINT('',(26.9191954211556,-6.36500000000003,-17.1206277920109));
#14533=CARTESIAN_POINT('Origin',(29.0691954211556,-6.36500000000003,-17.1206277920109));
#14534=CARTESIAN_POINT('',(-38.4430463085893,-6.36500000000008,-8.68954749797227));
#14535=CARTESIAN_POINT('Origin',(-36.8430463085893,-6.36500000000008,-8.68954749797227));
#14536=CARTESIAN_POINT('',(11.1534808108408,-6.36500000000001,30.3287372493266));
#14537=CARTESIAN_POINT('Origin',(13.3034808108408,-6.36500000000001,30.3287372493266));
#14538=CARTESIAN_POINT('',(-15.4534808108408,-6.36500000000004,30.3287372493266));
#14539=CARTESIAN_POINT('Origin',(-13.3034808108408,-6.36500000000003,30.3287372493266));
#14540=CARTESIAN_POINT('',(35.2432568781023,-6.36500000000002,-8.6894775340596));
#14541=CARTESIAN_POINT('Origin',(36.8432568781023,-6.36500000000002,-8.6894775340596));
#14542=CARTESIAN_POINT('Origin',(27.0435838194418,-3.,37.3612162264847));
#14543=CARTESIAN_POINT('',(23.5435838194418,-1.365,37.3612162264847));
#14544=CARTESIAN_POINT('',(23.5435838194418,-4.36499999999999,37.3612162264847));
#14545=CARTESIAN_POINT('',(-23.5433499149107,-1.365,37.3612162264847));
#14546=CARTESIAN_POINT('',(-27.0433499149107,-1.365,37.3612162264847));
#14547=CARTESIAN_POINT('',(-23.5433499149107,-4.36500000000003,37.3612162264847));
#14548=CARTESIAN_POINT('Origin',(38.6219312186246,-3.,-13.8939292429688));
#14549=CARTESIAN_POINT('',(40.2616490065085,-1.365,-18.6917901266963));
#14550=CARTESIAN_POINT('',(40.2616490065085,-4.36500000000002,-18.6917901266963));
#14551=CARTESIAN_POINT('',(39.2917794906826,-1.365,-15.8539243386415));
#14552=CARTESIAN_POINT('',(34.355920264174,-1.365,-1.41145985759654));
#14553=CARTESIAN_POINT('',(39.2917794906826,-4.36500000000002,-15.8539243386415));
#14554=CARTESIAN_POINT('Origin',(27.6004429919428,-3.,18.3552587782823));
#14555=CARTESIAN_POINT('',(34.3947342655221,-1.365,-1.52503072947777));
#14556=CARTESIAN_POINT('',(34.3947342655221,-4.36500000000001,-1.52503072947777));
#14557=CARTESIAN_POINT('',(28.2702751733981,-1.365,16.3953107641711));
#14558=CARTESIAN_POINT('',(28.8451761508331,-1.365,14.713134153029));
#14559=CARTESIAN_POINT('',(28.2702751733981,-4.36500000000001,16.3953107641711));
#14560=CARTESIAN_POINT('Origin',(41.1843073848314,-3.,-15.2071336693607));
#14561=CARTESIAN_POINT('',(40.0756238177955,-1.365,-13.542555420018));
#14562=CARTESIAN_POINT('Origin',(41.1843073848314,-1.365,-15.2071336693607));
#14563=CARTESIAN_POINT('',(40.0756238177955,-4.36500000000002,-13.542555420018));
#14564=CARTESIAN_POINT('Origin',(36.8432568781024,-3.,-8.68947753405962));
#14565=CARTESIAN_POINT('',(36.4292605553883,-1.365,-2.87319280540514));
#14566=CARTESIAN_POINT('Origin',(36.8432568781024,-1.365,-8.68947753405962));
#14567=CARTESIAN_POINT('',(36.4292605553883,-4.36500000000001,-2.87319280540514));
#14568=CARTESIAN_POINT('Origin',(36.2872621596709,-3.,-0.878240060196955));
#14569=CARTESIAN_POINT('Origin',(36.2872621596709,-1.365,-0.878240060196955));
#14570=CARTESIAN_POINT('Origin',(29.0435838194418,-3.,30.6971970617842));
#14571=CARTESIAN_POINT('',(28.2207425579237,-1.365,28.8743058806263));
#14572=CARTESIAN_POINT('',(28.2207425579237,-4.365,28.8743058806263));
#14573=CARTESIAN_POINT('',(27.0435838194418,-1.365,30.6971970617842));
#14574=CARTESIAN_POINT('Origin',(29.0435838194418,-1.365,30.6971970617842));
#14575=CARTESIAN_POINT('',(27.0435838194418,-4.365,30.6971970617842));
#14576=CARTESIAN_POINT('Origin',(25.8217686514206,-3.,23.5597104871915));
#14577=CARTESIAN_POINT('',(29.0541167994104,-1.365,18.7066778837376));
#14578=CARTESIAN_POINT('',(29.0541167994104,-4.365,18.7066778837376));
#14579=CARTESIAN_POINT('Origin',(25.8217686514206,-1.365,23.5597104871915));
#14580=CARTESIAN_POINT('Origin',(30.1628030675469,-3.,17.0421014334519));
#14581=CARTESIAN_POINT('Origin',(30.1628030675469,-1.365,17.0421014334519));
#14582=CARTESIAN_POINT('Origin',(-29.0433499149107,-3.,30.6971970429353));
#14583=CARTESIAN_POINT('',(-27.0433499149107,-1.365,30.6971970429353));
#14584=CARTESIAN_POINT('',(-27.0433499149107,-4.36500000000004,30.6971970429353));
#14585=CARTESIAN_POINT('',(-28.220508633089,-1.365,28.8743058709424));
#14586=CARTESIAN_POINT('Origin',(-29.0433499149107,-1.365,30.6971970429353));
#14587=CARTESIAN_POINT('',(-28.220508633089,-4.36500000000004,28.8743058709424));
#14588=CARTESIAN_POINT('Origin',(36.9497251917481,-3.,-19.8236737979377));
#14589=CARTESIAN_POINT('',(38.0533252144702,-1.365,-23.1451293508313));
#14590=CARTESIAN_POINT('',(38.0533252144702,-4.36500000000003,-23.1451293508313));
#14591=CARTESIAN_POINT('Origin',(36.9497251917481,-1.365,-19.8236737979377));
#14592=CARTESIAN_POINT('Origin',(-27.0433499149107,-3.,37.3612162264847));
#14593=CARTESIAN_POINT('',(-27.0433499149107,-1.365,33.8612162264847));
#14594=CARTESIAN_POINT('',(-27.0433499149107,-4.36500000000004,33.8612162264847));
#14595=CARTESIAN_POINT('',(-27.0433499149107,-1.365,18.9468028621676));
#14596=CARTESIAN_POINT('Origin',(-23.5433499149107,-3.,33.8612162264847));
#14597=CARTESIAN_POINT('Origin',(-23.5433499149107,-1.365,33.8612162264847));
#14598=CARTESIAN_POINT('Origin',(27.0435838194418,-3.,21.9220639117532));
#14599=CARTESIAN_POINT('',(27.0435838194418,-1.365,33.8612162264847));
#14600=CARTESIAN_POINT('',(27.0435838194418,-1.365,19.7438159768865));
#14601=CARTESIAN_POINT('',(27.0435838194418,-4.36499999999999,33.8612162264847));
#14602=CARTESIAN_POINT('Origin',(23.5435838194418,-3.,33.8612162264847));
#14603=CARTESIAN_POINT('Origin',(23.5435838194418,-1.365,33.8612162264847));
#14604=CARTESIAN_POINT('Origin',(0.,-3.,-35.7888784248637));
#14605=CARTESIAN_POINT('',(1.57657146103155,-1.365,-35.2650405253315));
#14606=CARTESIAN_POINT('',(1.57657146103155,-3.,-35.2650405253315));
#14607=CARTESIAN_POINT('',(44.184740074456,-1.365,-21.1078810808963));
#14608=CARTESIAN_POINT('Origin',(-25.8215346673912,-3.,23.5597105042278));
#14609=CARTESIAN_POINT('',(-29.0538827477132,-1.365,18.7066778557039));
#14610=CARTESIAN_POINT('Origin',(-25.8215346673912,-1.365,23.5597105042278));
#14611=CARTESIAN_POINT('',(-29.0538827477132,-4.36500000000005,18.7066778557039));
#14612=CARTESIAN_POINT('Origin',(-30.1625689926398,-3.,17.0421013899594));
#14613=CARTESIAN_POINT('',(-28.2700410894726,-1.365,16.3953107470669));
#14614=CARTESIAN_POINT('Origin',(-30.1625689926398,-1.365,17.0421013899594));
#14615=CARTESIAN_POINT('',(-28.2700410894726,-4.36500000000005,16.3953107470668));
#14616=CARTESIAN_POINT('Origin',(-35.0643720406348,-3.,-3.48509576426233));
#14617=CARTESIAN_POINT('',(-34.3945237959058,-1.365,-1.52510065924971));
#14618=CARTESIAN_POINT('',(-32.5770248906377,-1.365,3.79295307265506));
#14619=CARTESIAN_POINT('',(-34.3945237959058,-4.36500000000007,-1.52510065924971));
#14620=CARTESIAN_POINT('Origin',(-36.287051699073,-3.,-0.878310016357174));
#14621=CARTESIAN_POINT('',(-36.429050066974,-1.365,-2.8732627635453));
#14622=CARTESIAN_POINT('Origin',(-36.287051699073,-1.365,-0.878310016357174));
#14623=CARTESIAN_POINT('',(-36.429050066974,-4.36500000000007,-2.8732627635453));
#14624=CARTESIAN_POINT('Origin',(-36.8430463085893,-3.,-8.68954749797229));
#14625=CARTESIAN_POINT('',(-40.0754131806141,-1.365,-13.5426254290009));
#14626=CARTESIAN_POINT('Origin',(-36.8430463085893,-1.365,-8.68954749797229));
#14627=CARTESIAN_POINT('',(-40.0754131806141,-4.36500000000009,-13.5426254290009));
#14628=CARTESIAN_POINT('Origin',(-41.1840967244401,-3.,-15.2072036938023));
#14629=CARTESIAN_POINT('',(-39.2915688212728,-1.365,-15.8539943366949));
#14630=CARTESIAN_POINT('Origin',(-41.1840967244401,-1.365,-15.2072036938023));
#14631=CARTESIAN_POINT('',(-39.2915688212728,-5.20000000000008,-15.8539943366948));
#14632=CARTESIAN_POINT('Origin',(-41.4030155891018,-3.,-22.0321479140228));
#14633=CARTESIAN_POINT('',(-40.2614383131354,-1.365,-18.6918601839372));
#14634=CARTESIAN_POINT('',(-35.7463466648712,-1.365,-5.48057300222516));
#14635=CARTESIAN_POINT('',(-40.2614383131354,-4.36500000000009,-18.6918601839372));
#14636=CARTESIAN_POINT('Origin',(-36.9495144825927,-3.,-19.8237438089991));
#14637=CARTESIAN_POINT('',(-38.0531145053147,-1.365,-23.1451993618928));
#14638=CARTESIAN_POINT('Origin',(-36.9495144825927,-1.365,-19.8237438089991));
#14639=CARTESIAN_POINT('',(-38.0531145053147,-4.36500000000009,-23.1451993618927));
#14640=CARTESIAN_POINT('Origin',(-25.8215346673912,-6.00000000000005,23.5597105042277));
#14641=CARTESIAN_POINT('',(-27.4215346673912,-1.36500000000001,23.5597105042277));
#14642=CARTESIAN_POINT('',(-27.4215346673912,-6.00000000000005,23.5597105042277));
#14643=CARTESIAN_POINT('Origin',(-25.8215346673912,-1.36500000000001,23.5597105042277));
#14644=CARTESIAN_POINT('Origin',(25.8217686514206,-6.,23.5597104871915));
#14645=CARTESIAN_POINT('',(24.2217686514206,-1.36499999999996,23.5597104871915));
#14646=CARTESIAN_POINT('',(24.2217686514206,-6.,23.5597104871915));
#14647=CARTESIAN_POINT('Origin',(25.8217686514206,-1.36499999999996,23.5597104871915));
#14648=CARTESIAN_POINT('Origin',(-29.0691954211556,-6.00000000000008,-17.1206277920109));
#14649=CARTESIAN_POINT('',(-31.2191954211556,-1.36500000000004,-17.1206277920109));
#14650=CARTESIAN_POINT('',(-31.2191954211556,-6.00000000000008,-17.1206277920109));
#14651=CARTESIAN_POINT('Origin',(-29.0691954211556,-1.36500000000004,-17.1206277920109));
#14652=CARTESIAN_POINT('Origin',(29.0691954211556,-6.00000000000002,-17.1206277920109));
#14653=CARTESIAN_POINT('',(26.9191954211556,-1.36499999999999,-17.1206277920109));
#14654=CARTESIAN_POINT('',(26.9191954211556,-6.00000000000002,-17.1206277920109));
#14655=CARTESIAN_POINT('Origin',(29.0691954211556,-1.36499999999999,-17.1206277920109));
#14656=CARTESIAN_POINT('Origin',(-36.8430463085893,-6.00000000000008,-8.68954749797227));
#14657=CARTESIAN_POINT('',(-38.4430463085893,-1.36500000000004,-8.68954749797227));
#14658=CARTESIAN_POINT('',(-38.4430463085893,-6.00000000000008,-8.68954749797227));
#14659=CARTESIAN_POINT('Origin',(-36.8430463085893,-1.36500000000004,-8.68954749797227));
#14660=CARTESIAN_POINT('Origin',(13.3034808108408,-6.00000000000001,30.3287372493266));
#14661=CARTESIAN_POINT('',(11.1534808108408,-1.36499999999997,30.3287372493266));
#14662=CARTESIAN_POINT('',(11.1534808108408,-6.00000000000001,30.3287372493266));
#14663=CARTESIAN_POINT('Origin',(13.3034808108408,-1.36499999999997,30.3287372493266));
#14664=CARTESIAN_POINT('Origin',(-13.3034808108408,-6.00000000000003,30.3287372493266));
#14665=CARTESIAN_POINT('',(-15.4534808108408,-1.36499999999999,30.3287372493266));
#14666=CARTESIAN_POINT('',(-15.4534808108408,-6.00000000000003,30.3287372493266));
#14667=CARTESIAN_POINT('Origin',(-13.3034808108408,-1.36499999999999,30.3287372493266));
#14668=CARTESIAN_POINT('Origin',(36.8432568781023,-6.00000000000002,-8.6894775340596));
#14669=CARTESIAN_POINT('',(35.2432568781023,-1.36499999999998,-8.6894775340596));
#14670=CARTESIAN_POINT('',(35.2432568781023,-6.00000000000002,-8.6894775340596));
#14671=CARTESIAN_POINT('Origin',(36.8432568781023,-1.36499999999997,-8.6894775340596));
#14672=CARTESIAN_POINT('Origin',(0.000105324508394844,-1.365,0.787512772828864));
#14673=CARTESIAN_POINT('',(-1.57657146103143,-1.365,-35.2650405253315));
#14674=CARTESIAN_POINT('Origin',(7.105427357601E-14,-1.365,-30.5201040211978));
#14675=CARTESIAN_POINT('',(0.,-1.365,-35.7888784248637));
#14676=CARTESIAN_POINT('',(-10.3204074160937,-1.365,-18.5754626530543));
#14677=CARTESIAN_POINT('',(-8.47287134990932,-1.365,-13.0150161145849));
#14678=CARTESIAN_POINT('',(-5.98660628799641,-1.365,-5.53221552938051));
#14679=CARTESIAN_POINT('',(8.8215854976688,-1.365,-12.5711208562406));
#14680=CARTESIAN_POINT('Origin',(-5.55111512312578E-16,-1.365,-6.));
#14681=CARTESIAN_POINT('',(10.816611966598,-1.365,-18.5754626530543));
#14682=CARTESIAN_POINT('',(7.38192224524769,-1.365,-8.23823085479179));
#14683=CARTESIAN_POINT('',(24.1024341781725,-1.365,-14.161062562166));
#14684=CARTESIAN_POINT('Origin',(17.4595230723852,-1.365,-16.3682626076102));
#14685=CARTESIAN_POINT('',(23.8620506434191,-1.365,-13.4375910055409));
#14686=CARTESIAN_POINT('',(20.5475526894437,-1.365,-3.46209498559029));
#14687=CARTESIAN_POINT('',(22.6738490168282,-1.365,-11.4302695922438));
#14688=CARTESIAN_POINT('Origin',(18.642620488872,-1.365,-15.1718196126756));
#14689=CARTESIAN_POINT('',(21.0149570056291,-1.365,-9.64294274539529));
#14690=CARTESIAN_POINT('',(13.5519148527899,-1.365,-1.60209650050347));
#14691=CARTESIAN_POINT('',(19.8267553790381,-1.365,-7.63562133209819));
#14692=CARTESIAN_POINT('Origin',(25.0461855335853,-1.365,-5.9013927249635));
#14693=CARTESIAN_POINT('',(14.658791923809,-1.365,7.91816678144663));
#14694=CARTESIAN_POINT('',(14.9969360288137,-1.365,6.90046961569645));
#14695=CARTESIAN_POINT('',(14.7630437569768,-1.365,9.43341880541747));
#14696=CARTESIAN_POINT('Origin',(16.5567665254625,-1.365,8.54879536585923));
#14697=CARTESIAN_POINT('',(15.2960350590076,-1.365,10.5141482899707));
#14698=CARTESIAN_POINT('',(12.0520953456726,-1.365,3.93651506977283));
#14699=CARTESIAN_POINT('',(15.4002868921754,-1.365,12.0294003139416));
#14700=CARTESIAN_POINT('Origin',(13.5023122905219,-1.365,11.398771729529));
#14701=CARTESIAN_POINT('',(10.6025959547636,-1.365,26.4687958168784));
#14702=CARTESIAN_POINT('',(13.9178253451178,-1.365,16.4910984256187));
#14703=CARTESIAN_POINT('',(3.95968484897635,-1.365,31.2615957714343));
#14704=CARTESIAN_POINT('Origin',(3.95968484897635,-1.365,24.2615957714343));
#14705=CARTESIAN_POINT('',(-3.46348029847217,-1.365,31.2615957714343));
#14706=CARTESIAN_POINT('',(-1.73168748698189,-1.365,31.2615957714343));
#14707=CARTESIAN_POINT('',(-10.1063914042594,-1.365,26.4687958168784));
#14708=CARTESIAN_POINT('Origin',(-3.46348029847217,-1.365,24.2615957714343));
#14709=CARTESIAN_POINT('',(-14.9040823416711,-1.365,12.0294003139415));
#14710=CARTESIAN_POINT('',(-15.9745432000391,-1.365,8.80768221954344));
#14711=CARTESIAN_POINT('',(-14.7998305085034,-1.365,10.5141482899707));
#14712=CARTESIAN_POINT('Origin',(-13.0061077400176,-1.365,11.3987717295289));
#14713=CARTESIAN_POINT('',(-14.2668392064726,-1.365,9.43341880541745));
#14714=CARTESIAN_POINT('',(-11.1563669556878,-1.365,3.12641330739207));
#14715=CARTESIAN_POINT('',(-14.1625873733048,-1.365,7.91816678144661));
#14716=CARTESIAN_POINT('Origin',(-16.0605619749583,-1.365,8.54879536585921));
#14717=CARTESIAN_POINT('',(-19.3305508285339,-1.365,-7.6356213320982));
#14718=CARTESIAN_POINT('',(-17.1093698322692,-1.365,-0.950632384899358));
#14719=CARTESIAN_POINT('',(-20.5187524551249,-1.365,-9.6429427453953));
#14720=CARTESIAN_POINT('Origin',(-24.549980983081,-1.365,-5.90139272496357));
#14721=CARTESIAN_POINT('',(-22.1776444663239,-1.365,-11.4302695922439));
#14722=CARTESIAN_POINT('',(-13.9999251693269,-1.365,-2.61941442696421));
#14723=CARTESIAN_POINT('',(-23.365846092915,-1.365,-13.4375910055409));
#14724=CARTESIAN_POINT('Origin',(-18.1464159383678,-1.365,-15.1718196126756));
#14725=CARTESIAN_POINT('',(-23.6062296276682,-1.365,-14.1610625621661));
#14726=CARTESIAN_POINT('',(-20.1961965326629,-1.365,-3.89803870772692));
#14727=CARTESIAN_POINT('Origin',(-16.963318521881,-1.365,-16.3682626076102));
#14728=CARTESIAN_POINT('Origin',(-44.1845294254392,-3.,-21.1079510719758));
#14729=CARTESIAN_POINT('',(-1.57657146103141,-3.,-35.2650405253315));
#14730=CARTESIAN_POINT('Origin',(7.105427357601E-14,-3.,-30.5201040211978));
#14731=CARTESIAN_POINT('Origin',(17.4595230723852,-1.365,-16.3682626076102));
#14732=CARTESIAN_POINT('',(10.816611966598,-0.365,-18.5754626530543));
#14733=CARTESIAN_POINT('',(10.816611966598,-1.365,-18.5754626530543));
#14734=CARTESIAN_POINT('',(24.1024341781725,-0.365,-14.161062562166));
#14735=CARTESIAN_POINT('Origin',(17.4595230723852,-0.365,-16.3682626076102));
#14736=CARTESIAN_POINT('',(24.1024341781725,-1.365,-14.161062562166));
#14737=CARTESIAN_POINT('Origin',(10.816611966598,-1.365,-18.5754626530543));
#14738=CARTESIAN_POINT('',(8.8215854976688,-0.365,-12.5711208562406));
#14739=CARTESIAN_POINT('',(8.8215854976688,-1.365,-12.5711208562406));
#14740=CARTESIAN_POINT('',(10.816611966598,-0.365,-18.5754626530543));
#14741=CARTESIAN_POINT('Origin',(-1.1379787061199E-15,-1.365,-6.));
#14742=CARTESIAN_POINT('',(-8.47287134990932,-0.365,-13.0150161145849));
#14743=CARTESIAN_POINT('',(-8.47287134990932,-1.365,-13.0150161145849));
#14744=CARTESIAN_POINT('Origin',(-1.1379787061199E-15,-0.365,-6.));
#14745=CARTESIAN_POINT('Origin',(-8.47287134990932,-1.365,-13.0150161145849));
#14746=CARTESIAN_POINT('',(-10.3204074160937,-0.365,-18.5754626530543));
#14747=CARTESIAN_POINT('',(-10.3204074160937,-1.365,-18.5754626530543));
#14748=CARTESIAN_POINT('',(-10.3204074160937,-0.365,-18.5754626530543));
#14749=CARTESIAN_POINT('Origin',(-16.963318521881,-1.365,-16.3682626076102));
#14750=CARTESIAN_POINT('',(-23.6062296276682,-0.365,-14.1610625621661));
#14751=CARTESIAN_POINT('',(-23.6062296276682,-1.365,-14.1610625621661));
#14752=CARTESIAN_POINT('Origin',(-16.963318521881,-0.365,-16.3682626076102));
#14753=CARTESIAN_POINT('Origin',(-23.6062296276682,-1.365,-14.1610625621661));
#14754=CARTESIAN_POINT('',(-23.365846092915,-0.365,-13.4375910055409));
#14755=CARTESIAN_POINT('',(-23.365846092915,-1.365,-13.4375910055409));
#14756=CARTESIAN_POINT('',(-23.365846092915,-0.365,-13.4375910055409));
#14757=CARTESIAN_POINT('Origin',(-18.1464159383678,-1.365,-15.1718196126756));
#14758=CARTESIAN_POINT('',(-22.1776444663239,-0.365,-11.4302695922439));
#14759=CARTESIAN_POINT('',(-22.1776444663239,-1.365,-11.4302695922439));
#14760=CARTESIAN_POINT('Origin',(-18.1464159383678,-0.365,-15.1718196126756));
#14761=CARTESIAN_POINT('Origin',(-22.1776444663239,-1.365,-11.4302695922439));
#14762=CARTESIAN_POINT('',(-20.5187524551249,-0.365,-9.6429427453953));
#14763=CARTESIAN_POINT('',(-20.5187524551249,-1.365,-9.6429427453953));
#14764=CARTESIAN_POINT('',(-22.1776444663239,-0.365,-11.4302695922439));
#14765=CARTESIAN_POINT('Origin',(-24.549980983081,-1.365,-5.90139272496357));
#14766=CARTESIAN_POINT('',(-19.3305508285339,-0.365,-7.6356213320982));
#14767=CARTESIAN_POINT('',(-19.3305508285339,-1.365,-7.6356213320982));
#14768=CARTESIAN_POINT('Origin',(-24.549980983081,-0.365,-5.90139272496357));
#14769=CARTESIAN_POINT('Origin',(-19.3305508285339,-1.365,-7.6356213320982));
#14770=CARTESIAN_POINT('',(-14.1625873733048,-0.365,7.91816678144661));
#14771=CARTESIAN_POINT('',(-14.1625873733048,-1.365,7.91816678144661));
#14772=CARTESIAN_POINT('',(-19.3305508285339,-0.365,-7.6356213320982));
#14773=CARTESIAN_POINT('Origin',(-16.0605619749583,-1.365,8.54879536585921));
#14774=CARTESIAN_POINT('',(-14.2668392064726,-0.365,9.43341880541745));
#14775=CARTESIAN_POINT('',(-14.2668392064726,-1.365,9.43341880541745));
#14776=CARTESIAN_POINT('Origin',(-16.0605619749583,-0.365,8.54879536585921));
#14777=CARTESIAN_POINT('Origin',(-14.2668392064726,-1.365,9.43341880541745));
#14778=CARTESIAN_POINT('',(-14.7998305085034,-0.365,10.5141482899707));
#14779=CARTESIAN_POINT('',(-14.7998305085034,-1.365,10.5141482899707));
#14780=CARTESIAN_POINT('',(-15.1629229624203,-0.365,11.2503792923749));
#14781=CARTESIAN_POINT('Origin',(-3.46348029847217,-1.365,24.2615957714343));
#14782=CARTESIAN_POINT('',(-3.46348029847217,-0.365,31.2615957714343));
#14783=CARTESIAN_POINT('',(-3.46348029847217,-1.365,31.2615957714343));
#14784=CARTESIAN_POINT('',(-10.1063914042594,-0.365,26.4687958168784));
#14785=CARTESIAN_POINT('Origin',(-3.46348029847217,-0.365,24.2615957714343));
#14786=CARTESIAN_POINT('',(-10.1063914042594,-1.365,26.4687958168784));
#14787=CARTESIAN_POINT('Origin',(-3.46348029847217,-1.365,31.2615957714343));
#14788=CARTESIAN_POINT('',(3.95968484897635,-0.365,31.2615957714343));
#14789=CARTESIAN_POINT('',(3.95968484897635,-1.365,31.2615957714343));
#14790=CARTESIAN_POINT('',(3.95968484897635,-0.365,31.2615957714343));
#14791=CARTESIAN_POINT('Origin',(3.95968484897635,-1.365,24.2615957714343));
#14792=CARTESIAN_POINT('',(10.6025959547636,-0.365,26.4687958168784));
#14793=CARTESIAN_POINT('',(10.6025959547636,-1.365,26.4687958168784));
#14794=CARTESIAN_POINT('Origin',(3.95968484897635,-0.365,24.2615957714343));
#14795=CARTESIAN_POINT('Origin',(15.6591275129246,-1.365,11.2503792923749));
#14796=CARTESIAN_POINT('',(15.2960350590076,-0.365,10.5141482899707));
#14797=CARTESIAN_POINT('',(15.2960350590076,-1.365,10.5141482899707));
#14798=CARTESIAN_POINT('',(14.7630437569768,-0.365,9.43341880541747));
#14799=CARTESIAN_POINT('',(14.7630437569768,-1.365,9.43341880541747));
#14800=CARTESIAN_POINT('',(14.7630437569768,-0.365,9.43341880541745));
#14801=CARTESIAN_POINT('Origin',(16.5567665254625,-1.365,8.54879536585923));
#14802=CARTESIAN_POINT('',(14.658791923809,-0.365,7.91816678144663));
#14803=CARTESIAN_POINT('',(14.658791923809,-1.365,7.91816678144663));
#14804=CARTESIAN_POINT('Origin',(16.5567665254625,-0.365,8.54879536585923));
#14805=CARTESIAN_POINT('Origin',(14.658791923809,-1.365,7.91816678144663));
#14806=CARTESIAN_POINT('',(19.8267553790381,-0.365,-7.63562133209819));
#14807=CARTESIAN_POINT('',(19.8267553790381,-1.365,-7.63562133209819));
#14808=CARTESIAN_POINT('',(14.658791923809,-0.365,7.91816678144663));
#14809=CARTESIAN_POINT('Origin',(25.0461855335853,-1.365,-5.9013927249635));
#14810=CARTESIAN_POINT('',(21.0149570056291,-0.365,-9.64294274539529));
#14811=CARTESIAN_POINT('',(21.0149570056291,-1.365,-9.64294274539529));
#14812=CARTESIAN_POINT('Origin',(25.0461855335853,-0.365,-5.9013927249635));
#14813=CARTESIAN_POINT('Origin',(21.0149570056291,-1.365,-9.64294274539529));
#14814=CARTESIAN_POINT('',(22.6738490168282,-0.365,-11.4302695922438));
#14815=CARTESIAN_POINT('',(22.6738490168282,-1.365,-11.4302695922438));
#14816=CARTESIAN_POINT('',(21.0149570056291,-0.365,-9.64294274539529));
#14817=CARTESIAN_POINT('Origin',(18.642620488872,-1.365,-15.1718196126756));
#14818=CARTESIAN_POINT('',(23.8620506434191,-0.365,-13.4375910055409));
#14819=CARTESIAN_POINT('',(23.8620506434191,-1.365,-13.4375910055409));
#14820=CARTESIAN_POINT('Origin',(18.642620488872,-0.365,-15.1718196126756));
#14821=CARTESIAN_POINT('Origin',(23.8620506434191,-1.365,-13.4375910055409));
#14822=CARTESIAN_POINT('',(24.1024341781725,-0.365,-14.161062562166));
#14823=CARTESIAN_POINT('Origin',(-9.21762667253827E-14,-1.365,-6.00000005587919));
#14824=CARTESIAN_POINT('',(2.59999999999991,-0.365000000000001,-6.00000005587919));
#14825=CARTESIAN_POINT('Origin',(-9.21762667253827E-14,-0.365000000000001,
-6.00000005587919));
#14826=CARTESIAN_POINT('',(2.59999999999991,-1.365,-6.00000005587919));
#14827=CARTESIAN_POINT('Origin',(-15.1629229624203,-1.365,11.2503792923749));
#14828=CARTESIAN_POINT('',(-14.9040823416711,-0.365,12.0294003139415));
#14829=CARTESIAN_POINT('',(-14.9040823416711,-1.365,12.0294003139415));
#14830=CARTESIAN_POINT('',(-10.1063914042594,-0.365,26.4687958168784));
#14831=CARTESIAN_POINT('Origin',(-13.0061077400176,-1.365,11.3987717295289));
#14832=CARTESIAN_POINT('Origin',(-13.0061077400176,-0.365,11.3987717295289));
#14833=CARTESIAN_POINT('Origin',(0.248102275252107,-0.365,3.94666658191207));
#14834=CARTESIAN_POINT('',(15.4002868921754,-0.365,12.0294003139416));
#14835=CARTESIAN_POINT('Origin',(13.5023122905219,-0.365,11.398771729529));
#14836=CARTESIAN_POINT('',(15.6591275129246,-0.365,11.2503792923749));
#14837=CARTESIAN_POINT('Origin',(10.6025959547636,-1.365,26.4687958168784));
#14838=CARTESIAN_POINT('',(15.4002868921754,-1.365,12.0294003139416));
#14839=CARTESIAN_POINT('Origin',(13.5023122905219,-1.365,11.398771729529));
#14840=CARTESIAN_POINT('Origin',(-3.80199636315815,-1.365,0.173112907167302));
#14841=CARTESIAN_POINT('',(-3.3824657299821,-1.365,-0.508058178410246));
#14842=CARTESIAN_POINT('',(-3.00690594484761,-1.365,0.0846186886512649));
#14843=CARTESIAN_POINT('Origin',(-0.000470300610865306,-1.365,-0.250000075112489));
#14844=CARTESIAN_POINT('',(3.00591056551957,-1.365,0.0851104853967816));
#14845=CARTESIAN_POINT('Origin',(3.80098649705819,-1.365,0.173734765862047));
#14846=CARTESIAN_POINT('',(3.38156729738279,-1.365,-0.50750493860595));
#14847=CARTESIAN_POINT('Origin',(-9.93927163854463E-14,-1.365,-6.0000000558792));
#14848=CARTESIAN_POINT('',(0.,0.,0.));
#14849=CARTESIAN_POINT('Origin',(1.46510934745381E-6,2.30044737142512,-1.2000001023598));
#14850=CARTESIAN_POINT('',(1.20000146510935,2.10044737142512,-1.2000001023598));
#14851=CARTESIAN_POINT('',(-1.19999853489065,2.10044737142512,-1.2000001023598));
#14852=CARTESIAN_POINT('',(-1.19999853489065,2.10044737142512,-1.2000001023598));
#14853=CARTESIAN_POINT('',(-1.19999853489065,1.90044737142512,-1.2000001023598));
#14854=CARTESIAN_POINT('',(-1.19999853489065,2.30044737142512,-1.2000001023598));
#14855=CARTESIAN_POINT('',(-1.5294305758543E-13,1.90044737142512,-1.20000003412005));
#14856=CARTESIAN_POINT('',(-1.19999853489065,1.90044737142512,-1.2000001023598));
#14857=CARTESIAN_POINT('',(1.20000146510935,1.90044737142512,-1.2000001023598));
#14858=CARTESIAN_POINT('',(-1.19999853489065,1.90044737142512,-1.2000001023598));
#14859=CARTESIAN_POINT('',(1.20000146510935,2.30044737142512,-1.2000001023598));
#14860=CARTESIAN_POINT('Origin',(-1.52100554180536E-13,1.90044737142512,
-5.1179991494843E-8));
#14861=CARTESIAN_POINT('',(-1.1999991860503,1.90044737142512,0.00108262995819994));
#14862=CARTESIAN_POINT('',(-1.19999853489065,1.90044737142512,1.90328652870762));
#14863=CARTESIAN_POINT('',(-1.19999853489065,1.90044737142512,-1.02359806417188E-7));
#14864=CARTESIAN_POINT('Origin',(1.46510934828648E-6,1.90044737142512,-1.02359807296893E-7));
#14865=CARTESIAN_POINT('Origin',(1.46510934828648E-6,1.90044737142512,-1.02359807296893E-7));
#14866=CARTESIAN_POINT('Origin',(-1.52100554149284E-13,1.90044737142512,
-1.77635683942061E-13));
#14867=CARTESIAN_POINT('',(0.000286160273058716,1.90044737142512,1.19999994313336));
#14868=CARTESIAN_POINT('',(-1.19999853489065,1.90044737142512,1.19999989764019));
#14869=CARTESIAN_POINT('',(-1.19999853489065,1.90044737142512,1.19999989764019));
#14870=CARTESIAN_POINT('Origin',(1.46510934828648E-6,1.90044737142512,-1.02359807296893E-7));
#14871=CARTESIAN_POINT('',(-1.19999853489065,1.90044737142512,1.90328652870762));
#14872=CARTESIAN_POINT('Origin',(1.20000146510935,2.30044737142512,1.19999989764019));
#14873=CARTESIAN_POINT('',(-1.19999853489065,2.10044737142512,1.19999989764019));
#14874=CARTESIAN_POINT('',(1.20000146510935,2.10044737142512,1.19999989764019));
#14875=CARTESIAN_POINT('',(-1.19999853489065,2.10044737142512,1.19999989764019));
#14876=CARTESIAN_POINT('',(1.20000146510935,1.90044737142512,1.19999989764019));
#14877=CARTESIAN_POINT('',(1.20000146510935,2.30044737142512,1.19999989764019));
#14878=CARTESIAN_POINT('',(-1.19999853489065,1.90044737142512,1.19999989764019));
#14879=CARTESIAN_POINT('',(-1.19999853489065,2.30044737142512,1.19999989764019));
#14880=CARTESIAN_POINT('Origin',(0.600143812689395,1.90044737142512,0.59999993176007));
#14881=CARTESIAN_POINT('',(1.19999999999985,1.90044737142512,-1.78190795452338E-13));
#14882=CARTESIAN_POINT('',(1.20000146510935,1.90044737142512,-1.90328673342723));
#14883=CARTESIAN_POINT('Origin',(1.46510934828648E-6,1.90044737142512,-1.02359807296893E-7));
#14884=CARTESIAN_POINT('Origin',(0.600000732554597,1.90044737142512,-0.600000051179991));
#14885=CARTESIAN_POINT('Origin',(1.46510934828648E-6,1.90044737142512,-1.02359807296893E-7));
#14886=CARTESIAN_POINT('',(1.20000146510935,1.90044737142512,-1.90328673342723));
#14887=CARTESIAN_POINT('Origin',(-1.52100553844251E-13,2.30044737142512,
-1.7763568481984E-13));
#14888=CARTESIAN_POINT('',(-1.19999899781184,2.30044737142512,1.90328726293491));
#14889=CARTESIAN_POINT('',(-1.19999890545289,2.30044737142512,-1.90328732116644));
#14890=CARTESIAN_POINT('',(-1.19999853489065,2.30044737142512,-0.60000005117999));
#14891=CARTESIAN_POINT('Origin',(-1.52100554373646E-13,2.30044737142512,
-1.77635684836383E-13));
#14892=CARTESIAN_POINT('Origin',(1.27982823011769E-6,2.10044737142512,-1.72500005117999));
#14893=CARTESIAN_POINT('',(-1.19999890545289,2.10044737142512,-1.90328732116644));
#14894=CARTESIAN_POINT('',(1.20000146510935,2.10044737142512,-1.90328570733238));
#14895=CARTESIAN_POINT('Origin',(-1.52100554402906E-13,2.10044737142512,
-1.77635684835416E-13));
#14896=CARTESIAN_POINT('',(-1.19999853489065,2.10044737142512,1.90328652870762));
#14897=CARTESIAN_POINT('',(1.20000146510935,2.10044737142512,-1.90328673342723));
#14898=CARTESIAN_POINT('Origin',(1.20000146510935,2.30044737142512,1.19999989764019));
#14899=CARTESIAN_POINT('',(1.20000146510935,2.30044737142512,-1.90328570733238));
#14900=CARTESIAN_POINT('',(1.20000146510935,2.30044737142512,1.90328570733203));
#14901=CARTESIAN_POINT('',(1.20000146510935,2.30044737142512,0.599999948820007));
#14902=CARTESIAN_POINT('',(1.20000146510935,2.30044737142512,-1.90328570733238));
#14903=CARTESIAN_POINT('',(1.20000146510935,2.10044737142512,1.90328570733203));
#14904=CARTESIAN_POINT('',(1.20000146510935,2.10044737142512,-1.90328673342723));
#14905=CARTESIAN_POINT('',(1.20000146510935,2.30044737142512,1.90328570733203));
#14906=CARTESIAN_POINT('Origin',(-1.19999853489065,2.30044737142512,1.90328652870762));
#14907=CARTESIAN_POINT('',(-1.19999899781184,2.10044737142512,1.90328726293491));
#14908=CARTESIAN_POINT('',(-1.19999899781184,2.30044737142512,1.90328726293491));
#14909=CARTESIAN_POINT('',(-1.19999853489065,2.10044737142512,1.90328652870762));
#14910=CARTESIAN_POINT('',(-1.19999890545289,2.30044737142512,-1.90328732116644));
#14911=CARTESIAN_POINT('Origin',(1.23364875351112E-6,2.10044737142512,1.72499994882001));
#14912=CARTESIAN_POINT('Origin',(-1.52100554402906E-13,2.10044737142512,
-1.77635684835416E-13));
#14913=CARTESIAN_POINT('Origin',(-1.52100553844251E-13,2.30044737142512,
-1.7763568481984E-13));
#14914=CARTESIAN_POINT('',(2.24999999999985,2.30044737142512,-1.78734040299549E-13));
#14915=CARTESIAN_POINT('Origin',(-1.52100554373646E-13,2.30044737142512,
-1.77635684836383E-13));
#14916=CARTESIAN_POINT('Origin',(-1.52100554373646E-13,2.30044737142512,
-1.77635684836383E-13));
#14917=CARTESIAN_POINT('Origin',(-1.52100554373646E-13,17.6004473714251,
-1.77635684849924E-13));
#14918=CARTESIAN_POINT('',(2.24999999999985,17.6004473714251,-1.79285131364877E-13));
#14919=CARTESIAN_POINT('Origin',(-1.52100554373646E-13,17.6004473714251,
-1.77635684849924E-13));
#14920=CARTESIAN_POINT('',(2.24999999999985,17.6004473714251,-1.78734040313089E-13));
#14921=CARTESIAN_POINT('Origin',(1.46510934828648E-6,-1.,-1.02359807296893E-7));
#14922=CARTESIAN_POINT('',(-1.19999853489065,0.3,-1.02359806417188E-7));
#14923=CARTESIAN_POINT('Origin',(1.46510934828648E-6,0.3,-1.02359807296893E-7));
#14924=CARTESIAN_POINT('',(-1.19999853489065,-1.,-1.02359806417188E-7));
#14925=CARTESIAN_POINT('Origin',(1.46510934828648E-6,-1.,-1.02359807296893E-7));
#14926=CARTESIAN_POINT('',(-1.59908943466515,-1.,1.85618100255919));
#14927=CARTESIAN_POINT('Origin',(1.46510934828648E-6,-1.,-1.02359807296893E-7));
#14928=CARTESIAN_POINT('',(-1.59908943466515,0.3,1.85618100255919));
#14929=CARTESIAN_POINT('',(-1.59908943466515,-1.,1.85618100255919));
#14930=CARTESIAN_POINT('Origin',(1.46510934828648E-6,0.3,-1.02359807296893E-7));
#14931=CARTESIAN_POINT('Origin',(1.46510943765943E-6,0.3,-1.02359666298569E-7));
#14932=CARTESIAN_POINT('Origin',(0.,-1.,7.00000004470349));
#14933=CARTESIAN_POINT('',(-0.974996043043571,-1.,22.7222222222222));
#14934=CARTESIAN_POINT('',(-5.84997625826142,-1.,1.33333333333333));
#14935=CARTESIAN_POINT('',(-2.1666578685873,-1.,17.4938271817418));
#14936=CARTESIAN_POINT('',(5.84997625826142,-1.,1.33333333333334));
#14937=CARTESIAN_POINT('Origin',(0.,-1.,0.));
#14938=CARTESIAN_POINT('',(0.974996043043566,-1.,22.7222222222222));
#14939=CARTESIAN_POINT('',(5.091645997718,-1.,4.66049384840845));
#14940=CARTESIAN_POINT('Origin',(-2.22044604925031E-15,-1.,22.5));
#14941=CARTESIAN_POINT('Origin',(-1.9535572138036E-15,17.6004473714251,
8.75));
#14942=CARTESIAN_POINT('',(5.84997625826142,17.6004473714251,1.33333333333333));
#14943=CARTESIAN_POINT('',(0.974996043043566,17.6004473714251,22.7222222222222));
#14944=CARTESIAN_POINT('',(2.46457333102681,17.6004473714251,16.1867283950617));
#14945=CARTESIAN_POINT('',(-5.84997625826142,17.6004473714251,1.33333333333333));
#14946=CARTESIAN_POINT('Origin',(0.,17.6004473714251,0.));
#14947=CARTESIAN_POINT('',(-0.974996043043568,17.6004473714251,22.7222222222222));
#14948=CARTESIAN_POINT('',(-4.90206343863572,17.6004473714251,5.49228395061728));
#14949=CARTESIAN_POINT('Origin',(-2.22044604925031E-15,17.6004473714251,
22.5));
#14950=CARTESIAN_POINT('Origin',(-2.22044604925031E-15,12.,22.5));
#14951=CARTESIAN_POINT('',(0.974996043043566,14.,22.7222222222222));
#14952=CARTESIAN_POINT('',(-0.974996043043571,0.,22.7222222222222));
#14953=CARTESIAN_POINT('Origin',(5.84997625826142,12.,1.33333333333334));
#14954=CARTESIAN_POINT('',(5.84997625826142,0.,1.33333333333333));
#14955=CARTESIAN_POINT('Origin',(-2.30584778601552E-15,12.,27.));
#14956=CARTESIAN_POINT('',(-5.84997625826142,14.,1.33333333333333));
#14957=CARTESIAN_POINT('Origin',(0.,0.,0.));
#14958=CARTESIAN_POINT('',(0.,0.,0.));
#14959=CARTESIAN_POINT('Origin',(-13.3944779584619,-24.355716094742,95.3374522889389));
#14960=CARTESIAN_POINT('',(-13.3944779584619,-24.355716094742,95.3374522889389));
#14961=CARTESIAN_POINT('',(24.5991216670151,-24.355716094742,82.3527535236327));
#14962=CARTESIAN_POINT('',(-2.22485858707361,-24.355716094742,91.520121362407));
#14963=CARTESIAN_POINT('',(-13.3944779584619,-25.355716094742,95.3374522889389));
#14964=CARTESIAN_POINT('',(-13.3944779584619,-24.355716094742,95.3374522889389));
#14965=CARTESIAN_POINT('',(24.5991216670151,-25.355716094742,82.3527535236327));
#14966=CARTESIAN_POINT('',(-2.22485858707361,-25.355716094742,91.520121362407));
#14967=CARTESIAN_POINT('',(24.5991216670151,-24.355716094742,82.3527535236327));
#14968=CARTESIAN_POINT('Origin',(-12.4242919941231,-24.355716094742,98.1762441436898));
#14969=CARTESIAN_POINT('',(-15.2712538966033,-24.355716094742,99.1221870203087));
#14970=CARTESIAN_POINT('Origin',(-12.4242919941231,-24.355716094742,98.1762441436898));
#14971=CARTESIAN_POINT('',(-15.2712538966033,-25.355716094742,99.1221870203087));
#14972=CARTESIAN_POINT('',(-15.2712538966033,-24.355716094742,99.1221870203087));
#14973=CARTESIAN_POINT('Origin',(-12.4242919941231,-25.355716094742,98.1762441436898));
#14974=CARTESIAN_POINT('Origin',(-14.9424834292381,-24.355716094742,100.111672768745));
#14975=CARTESIAN_POINT('',(-14.9424834292381,-24.355716094742,100.111672768745));
#14976=CARTESIAN_POINT('',(-19.6719502049713,-24.355716094742,85.8776084691271));
#14977=CARTESIAN_POINT('',(-14.9424834292381,-25.355716094742,100.111672768745));
#14978=CARTESIAN_POINT('',(-14.9424834292381,-24.355716094742,100.111672768745));
#14979=CARTESIAN_POINT('',(-19.6719502049713,-25.355716094742,85.8776084691271));
#14980=CARTESIAN_POINT('Origin',(-16.8404580308916,-24.355716094742,100.742301353158));
#14981=CARTESIAN_POINT('',(-16.193667387999,-24.355716094742,102.634829256325));
#14982=CARTESIAN_POINT('Origin',(-16.8404580308916,-24.355716094742,100.742301353158));
#14983=CARTESIAN_POINT('',(-16.193667387999,-25.355716094742,102.634829256325));
#14984=CARTESIAN_POINT('',(-16.1936673879991,-24.355716094742,102.634829256325));
#14985=CARTESIAN_POINT('Origin',(-16.8404580308916,-25.355716094742,100.742301353158));
#14986=CARTESIAN_POINT('Origin',(30.5693076313539,-24.355716094742,88.3747598806916));
#14987=CARTESIAN_POINT('',(28.5693076313539,-24.355716094742,88.3747598806916));
#14988=CARTESIAN_POINT('',(30.5693076313539,-24.355716094742,90.3747598806916));
#14989=CARTESIAN_POINT('Origin',(30.5693076313539,-24.355716094742,88.3747598806916));
#14990=CARTESIAN_POINT('',(28.5693076313539,-25.355716094742,88.3747598806916));
#14991=CARTESIAN_POINT('',(28.5693076313539,-24.355716094742,88.3747598806916));
#14992=CARTESIAN_POINT('',(30.5693076313539,-25.355716094742,90.3747598806916));
#14993=CARTESIAN_POINT('Origin',(30.5693076313539,-25.355716094742,88.3747598806916));
#14994=CARTESIAN_POINT('',(30.5693076313539,-24.355716094742,90.3747598806915));
#14995=CARTESIAN_POINT('Origin',(28.5693076313539,-24.355716094742,85.1915453783836));
#14996=CARTESIAN_POINT('',(28.5693076313539,-24.355716094742,85.1915453783836));
#14997=CARTESIAN_POINT('',(28.5693076313539,-24.355716094742,74.2614250297039));
#14998=CARTESIAN_POINT('',(28.5693076313539,-25.355716094742,85.1915453783836));
#14999=CARTESIAN_POINT('',(28.5693076313539,-24.355716094742,85.1915453783836));
#15000=CARTESIAN_POINT('',(28.5693076313539,-25.355716094742,74.2614250297039));
#15001=CARTESIAN_POINT('Origin',(25.5693076313539,-24.355716094742,85.1915453783836));
#15002=CARTESIAN_POINT('Origin',(25.5693076313539,-24.355716094742,85.1915453783836));
#15003=CARTESIAN_POINT('Origin',(25.5693076313539,-25.355716094742,85.1915453783836));
#15004=CARTESIAN_POINT('Origin',(24.5991216371168,-24.355716094742,44.3098324706545));
#15005=CARTESIAN_POINT('',(24.5991216371168,-24.355716094742,44.3098324706545));
#15006=CARTESIAN_POINT('',(-13.3944080024203,-24.355716094742,31.3251570321193));
#15007=CARTESIAN_POINT('',(16.7719449918321,-24.355716094742,41.6348151899926));
#15008=CARTESIAN_POINT('',(24.5991216371168,-25.355716094742,44.3098324706545));
#15009=CARTESIAN_POINT('',(24.5991216371168,-24.355716094742,44.3098324706545));
#15010=CARTESIAN_POINT('',(-13.3944080024203,-25.355716094742,31.3251570321193));
#15011=CARTESIAN_POINT('',(16.7719449918321,-25.355716094742,41.6348151899926));
#15012=CARTESIAN_POINT('',(-13.3944080024203,-24.355716094742,31.3251570321193));
#15013=CARTESIAN_POINT('Origin',(25.569307641038,-24.355716094742,41.4710406294313));
#15014=CARTESIAN_POINT('',(28.569307641038,-24.355716094742,41.4710406294313));
#15015=CARTESIAN_POINT('Origin',(25.569307641038,-24.355716094742,41.4710406294313));
#15016=CARTESIAN_POINT('',(28.569307641038,-25.355716094742,41.4710406294313));
#15017=CARTESIAN_POINT('',(28.569307641038,-24.355716094742,41.4710406294313));
#15018=CARTESIAN_POINT('Origin',(25.569307641038,-25.355716094742,41.4710406294313));
#15019=CARTESIAN_POINT('Origin',(28.569307641038,-24.355716094742,38.2878261463391));
#15020=CARTESIAN_POINT('',(28.569307641038,-24.355716094742,38.2878261463391));
#15021=CARTESIAN_POINT('',(28.569307641038,-24.355716094742,50.8095654136817));
#15022=CARTESIAN_POINT('',(28.569307641038,-25.355716094742,38.2878261463391));
#15023=CARTESIAN_POINT('',(28.569307641038,-24.355716094742,38.2878261463391));
#15024=CARTESIAN_POINT('',(28.569307641038,-25.355716094742,50.8095654136817));
#15025=CARTESIAN_POINT('Origin',(30.569307641038,-24.355716094742,38.287826146339));
#15026=CARTESIAN_POINT('',(30.569307641038,-24.355716094742,36.2878261463391));
#15027=CARTESIAN_POINT('Origin',(30.569307641038,-24.355716094742,38.287826146339));
#15028=CARTESIAN_POINT('',(30.569307641038,-25.355716094742,36.2878261463391));
#15029=CARTESIAN_POINT('',(30.569307641038,-24.355716094742,36.287826146339));
#15030=CARTESIAN_POINT('Origin',(30.569307641038,-25.355716094742,38.287826146339));
#15031=CARTESIAN_POINT('Origin',(-16.8403880132458,-24.355716094742,25.92030791515));
#15032=CARTESIAN_POINT('',(-14.9424134115923,-24.355716094742,26.5509364995626));
#15033=CARTESIAN_POINT('',(-16.1935973439649,-24.355716094742,24.0277800210012));
#15034=CARTESIAN_POINT('Origin',(-16.8403880132458,-24.355716094742,25.92030791515));
#15035=CARTESIAN_POINT('',(-14.9424134115923,-25.355716094742,26.5509364995626));
#15036=CARTESIAN_POINT('',(-14.9424134115923,-24.355716094742,26.5509364995626));
#15037=CARTESIAN_POINT('',(-16.1935973439649,-25.355716094742,24.0277800210012));
#15038=CARTESIAN_POINT('Origin',(-16.8403880132458,-25.355716094742,25.92030791515));
#15039=CARTESIAN_POINT('',(-16.1935973439649,-24.355716094742,24.0277800210012));
#15040=CARTESIAN_POINT('Origin',(-15.2711839009793,-24.355716094742,27.5404223142772));
#15041=CARTESIAN_POINT('',(-15.2711839009793,-24.355716094742,27.5404223142772));
#15042=CARTESIAN_POINT('',(-19.8362689267299,-24.355716094742,41.2797542244124));
#15043=CARTESIAN_POINT('',(-15.2711839009793,-25.355716094742,27.5404223142772));
#15044=CARTESIAN_POINT('',(-15.2711839009793,-24.355716094742,27.5404223142772));
#15045=CARTESIAN_POINT('',(-19.8362689267299,-25.355716094742,41.2797542244124));
#15046=CARTESIAN_POINT('Origin',(-12.424221998499,-24.355716094742,28.4863651908961));
#15047=CARTESIAN_POINT('Origin',(-12.424221998499,-24.355716094742,28.4863651908961));
#15048=CARTESIAN_POINT('Origin',(-12.424221998499,-25.355716094742,28.4863651908961));
#15049=CARTESIAN_POINT('Origin',(0.615557863055127,-25.355716094742,63.3313046810243));
#15050=CARTESIAN_POINT('',(-18.9968584235256,-25.355716094742,103.592848278916));
#15051=CARTESIAN_POINT('',(-18.9968584235256,-25.355716094742,103.592848278916));
#15052=CARTESIAN_POINT('',(-23.4501976014812,-25.355716094742,101.384524471096));
#15053=CARTESIAN_POINT('Origin',(-20.1287420485875,-25.355716094742,100.280924448374));
#15054=CARTESIAN_POINT('',(-35.5700387649199,-25.355716094742,64.9079814268122));
#15055=CARTESIAN_POINT('',(-35.5700387649199,-25.355716094742,64.9079814268122));
#15056=CARTESIAN_POINT('',(-35.5700387649198,-25.355716094742,61.7548385047493));
#15057=CARTESIAN_POINT('Origin',(-30.8251022607861,-25.355716094742,63.3314099657807));
#15058=CARTESIAN_POINT('',(-23.4501275904197,-25.355716094742,25.2780847513106));
#15059=CARTESIAN_POINT('',(-23.4501275904197,-25.355716094742,25.2780847513106));
#15060=CARTESIAN_POINT('',(-18.9967883662847,-25.355716094742,23.0697609592723));
#15061=CARTESIAN_POINT('Origin',(-20.1286720375261,-25.355716094742,26.3816847740327));
#15062=CARTESIAN_POINT('',(-16.1589225782299,-25.355716094742,24.0396304750982));
#15063=CARTESIAN_POINT('',(33.5562179868963,-25.355716094742,36.287826146339));
#15064=CARTESIAN_POINT('',(33.5562179868963,-25.355716094742,36.287826146339));
#15065=CARTESIAN_POINT('',(37.0562179868963,-25.355716094742,39.787826146339));
#15066=CARTESIAN_POINT('Origin',(33.5562179868963,-25.355716094742,39.787826146339));
#15067=CARTESIAN_POINT('',(37.0562179868963,-25.355716094742,86.8747598806915));
#15068=CARTESIAN_POINT('',(37.0562179868963,-25.355716094742,86.8747598806915));
#15069=CARTESIAN_POINT('',(33.5562179868963,-25.355716094742,90.3747598806915));
#15070=CARTESIAN_POINT('Origin',(33.5562179868963,-25.355716094742,86.8747598806915));
#15071=CARTESIAN_POINT('',(30.3921988033469,-25.355716094742,90.3747598806915));
#15072=CARTESIAN_POINT('',(-18.9435237510839,-25.355716094742,52.7045954593482));
#15073=CARTESIAN_POINT('',(-14.4029979433131,-25.355716094742,39.039178327443));
#15074=CARTESIAN_POINT('Origin',(-16.6732608471985,-25.355716094742,45.8718868933956));
#15075=CARTESIAN_POINT('',(-13.2958657566901,-25.355716094742,54.5811087504893));
#15076=CARTESIAN_POINT('',(-13.2958657566901,-25.355716094742,54.5811087504893));
#15077=CARTESIAN_POINT('',(-13.7190870140985,-25.355716094742,71.7261278075956));
#15078=CARTESIAN_POINT('Origin',(-6.30499823958836,-25.355716094742,63.3314099657808));
#15079=CARTESIAN_POINT('',(-18.9435237510839,-25.355716094742,73.4620199217092));
#15080=CARTESIAN_POINT('',(-18.9435237510839,-25.355716094742,73.4620199217092));
#15081=CARTESIAN_POINT('',(-14.4029979433132,-25.355716094742,87.1274370536144));
#15082=CARTESIAN_POINT('Origin',(-16.6732608471985,-25.355716094742,80.2947284876618));
#15083=CARTESIAN_POINT('',(-13.679526386688,-25.355716094742,86.8870535188611));
#15084=CARTESIAN_POINT('',(-13.679526386688,-25.355716094742,86.8870535188611));
#15085=CARTESIAN_POINT('',(-11.5992114674528,-25.355716094742,85.6556445603941));
#15086=CARTESIAN_POINT('Origin',(-15.4768178522637,-25.355716094742,81.4778259041489));
#15087=CARTESIAN_POINT('',(-9.81188462060433,-25.355716094742,83.996752549195));
#15088=CARTESIAN_POINT('',(-9.81188462060433,-25.355716094742,83.996752549195));
#15089=CARTESIAN_POINT('',(-7.8775567132453,-25.355716094742,82.85175825448));
#15090=CARTESIAN_POINT('Origin',(-6.20639096455193,-25.355716094742,87.8813909488618));
#15091=CARTESIAN_POINT('',(7.6762314002995,-25.355716094742,77.683794799251));
#15092=CARTESIAN_POINT('',(7.6762314002995,-25.355716094742,77.683794799251));
#15093=CARTESIAN_POINT('',(9.03995822187326,-25.355716094742,77.777621449102));
#15094=CARTESIAN_POINT('Origin',(8.24379712627084,-25.355716094742,79.3919719407391));
#15095=CARTESIAN_POINT('',(10.194310806667,-25.355716094742,78.3469219965244));
#15096=CARTESIAN_POINT('',(10.9305418090712,-25.355716094742,78.7100144504414));
#15097=CARTESIAN_POINT('',(11.7095628306378,-25.355716094742,78.4511738296922));
#15098=CARTESIAN_POINT('Origin',(11.0789342462252,-25.355716094742,76.5531992280387));
#15099=CARTESIAN_POINT('',(26.2268604357313,-25.355716094742,73.6275988302056));
#15100=CARTESIAN_POINT('',(26.2268604357313,-25.355716094742,73.6275988302056));
#15101=CARTESIAN_POINT('',(31.156597531846,-25.355716094742,66.794890264253));
#15102=CARTESIAN_POINT('Origin',(23.956597531846,-25.355716094742,66.794890264253));
#15103=CARTESIAN_POINT('',(31.156597531846,-25.355716094742,59.3717251168045));
#15104=CARTESIAN_POINT('',(31.156597531846,-25.355716094742,59.3717251168045));
#15105=CARTESIAN_POINT('',(26.2268604357313,-25.355716094742,52.5390165508519));
#15106=CARTESIAN_POINT('Origin',(23.956597531846,-25.355716094742,59.3717251168045));
#15107=CARTESIAN_POINT('',(11.7095628306378,-25.355716094742,47.7154415513652));
#15108=CARTESIAN_POINT('',(10.9305418090712,-25.355716094742,47.4566009306159));
#15109=CARTESIAN_POINT('',(10.1943108066669,-25.355716094742,47.819693384533));
#15110=CARTESIAN_POINT('Origin',(11.0789342462252,-25.355716094742,49.6134161530187));
#15111=CARTESIAN_POINT('',(9.03995822187329,-25.355716094742,48.3889939319555));
#15112=CARTESIAN_POINT('',(9.03995822187329,-25.355716094742,48.3889939319555));
#15113=CARTESIAN_POINT('',(7.67623140029954,-25.355716094742,48.4828205818065));
#15114=CARTESIAN_POINT('Origin',(8.24379712627087,-25.355716094742,46.7746434403183));
#15115=CARTESIAN_POINT('',(-7.87755671324529,-25.355716094742,43.3148571265774));
#15116=CARTESIAN_POINT('',(-7.87755671324529,-25.355716094742,43.3148571265774));
#15117=CARTESIAN_POINT('',(-9.81188462060431,-25.355716094742,42.1698628318624));
#15118=CARTESIAN_POINT('Origin',(-6.20639096455186,-25.355716094742,38.2852244321955));
#15119=CARTESIAN_POINT('',(-11.5992114674528,-25.355716094742,40.5109708206633));
#15120=CARTESIAN_POINT('',(-11.5992114674528,-25.355716094742,40.5109708206633));
#15121=CARTESIAN_POINT('',(-13.6795263866879,-25.355716094742,39.2795618621963));
#15122=CARTESIAN_POINT('Origin',(-15.4768178522639,-25.355716094742,44.6887894769088));
#15123=CARTESIAN_POINT('',(-14.4029979433131,-25.355716094742,39.039178327443));
#15124=CARTESIAN_POINT('',(-15.8256260315993,-25.355716094742,34.2622145446252));
#15125=CARTESIAN_POINT('Origin',(-17.4256260315993,-25.355716094742,34.2622145446252));
#15126=CARTESIAN_POINT('',(31.6237390097382,-25.355716094742,50.02792915494));
#15127=CARTESIAN_POINT('Origin',(30.0237390097382,-25.355716094742,50.02792915494));
#15128=CARTESIAN_POINT('',(31.6237390097382,-25.355716094742,76.6348907766216));
#15129=CARTESIAN_POINT('Origin',(30.0237390097382,-25.355716094742,76.6348907766216));
#15130=CARTESIAN_POINT('',(-15.8256260315993,-25.355716094742,92.4006053869364));
#15131=CARTESIAN_POINT('Origin',(-17.4256260315993,-25.355716094742,92.4006053869364));
#15132=CARTESIAN_POINT('Origin',(33.5562179868963,-25.355716094742,36.287826146339));
#15133=CARTESIAN_POINT('',(33.5562179868964,-24.355716094742,36.287826146339));
#15134=CARTESIAN_POINT('',(33.5562179868963,-24.355716094742,36.287826146339));
#15135=CARTESIAN_POINT('',(33.5562179868963,-25.355716094742,36.287826146339));
#15136=CARTESIAN_POINT('Origin',(0.615557863055127,-24.355716094742,63.3313046810243));
#15137=CARTESIAN_POINT('',(33.5562179868963,-24.355716094742,90.3747598806915));
#15138=CARTESIAN_POINT('',(30.3921988033469,-24.355716094742,90.3747598806915));
#15139=CARTESIAN_POINT('',(37.0562179868963,-24.355716094742,86.8747598806915));
#15140=CARTESIAN_POINT('Origin',(33.5562179868963,-24.355716094742,86.8747598806915));
#15141=CARTESIAN_POINT('',(37.0562179868963,-24.355716094742,39.787826146339));
#15142=CARTESIAN_POINT('',(37.0562179868963,-24.355716094742,86.8747598806915));
#15143=CARTESIAN_POINT('Origin',(33.5562179868963,-24.355716094742,39.787826146339));
#15144=CARTESIAN_POINT('',(-18.9967883662847,-24.355716094742,23.0697609592723));
#15145=CARTESIAN_POINT('',(-16.1589225782299,-24.355716094742,24.0396304750982));
#15146=CARTESIAN_POINT('',(-23.4501275904197,-24.355716094742,25.2780847513106));
#15147=CARTESIAN_POINT('Origin',(-20.1286720375261,-24.355716094742,26.3816847740327));
#15148=CARTESIAN_POINT('',(-35.5700387649198,-24.355716094742,61.7548385047493));
#15149=CARTESIAN_POINT('',(-23.4501275904197,-24.355716094742,25.2780847513106));
#15150=CARTESIAN_POINT('',(-35.5700387649199,-24.355716094742,64.9079814268122));
#15151=CARTESIAN_POINT('Origin',(-30.8251022607861,-24.355716094742,63.3314099657807));
#15152=CARTESIAN_POINT('',(-23.4501976014812,-24.355716094742,101.384524471096));
#15153=CARTESIAN_POINT('',(-35.5700387649199,-24.355716094742,64.9079814268122));
#15154=CARTESIAN_POINT('',(-18.9968584235256,-24.355716094742,103.592848278916));
#15155=CARTESIAN_POINT('Origin',(-20.1287420485875,-24.355716094742,100.280924448374));
#15156=CARTESIAN_POINT('',(-18.9968584235256,-24.355716094742,103.592848278916));
#15157=CARTESIAN_POINT('',(-18.9435237510839,-24.355716094742,52.7045954593482));
#15158=CARTESIAN_POINT('',(-14.4029979433131,-24.355716094742,39.039178327443));
#15159=CARTESIAN_POINT('Origin',(-16.6732608471985,-24.355716094742,45.8718868933956));
#15160=CARTESIAN_POINT('',(-13.6795263866879,-24.355716094742,39.2795618621963));
#15161=CARTESIAN_POINT('',(-14.4029979433131,-24.355716094742,39.039178327443));
#15162=CARTESIAN_POINT('',(-11.5992114674528,-24.355716094742,40.5109708206633));
#15163=CARTESIAN_POINT('Origin',(-15.4768178522639,-24.355716094742,44.6887894769088));
#15164=CARTESIAN_POINT('',(-9.81188462060431,-24.355716094742,42.1698628318624));
#15165=CARTESIAN_POINT('',(-11.5992114674528,-24.355716094742,40.5109708206633));
#15166=CARTESIAN_POINT('',(-7.87755671324529,-24.355716094742,43.3148571265774));
#15167=CARTESIAN_POINT('Origin',(-6.20639096455186,-24.355716094742,38.2852244321955));
#15168=CARTESIAN_POINT('',(7.67623140029953,-24.355716094742,48.4828205818065));
#15169=CARTESIAN_POINT('',(-7.87755671324529,-24.355716094742,43.3148571265774));
#15170=CARTESIAN_POINT('',(9.03995822187329,-24.355716094742,48.3889939319555));
#15171=CARTESIAN_POINT('Origin',(8.24379712627087,-24.355716094742,46.7746434403183));
#15172=CARTESIAN_POINT('',(10.1943108066669,-24.355716094742,47.819693384533));
#15173=CARTESIAN_POINT('',(9.03995822187329,-24.355716094742,48.3889939319555));
#15174=CARTESIAN_POINT('',(11.7095628306378,-24.355716094742,47.7154415513652));
#15175=CARTESIAN_POINT('Origin',(11.0789342462252,-24.355716094742,49.6134161530187));
#15176=CARTESIAN_POINT('',(26.2268604357314,-24.355716094742,52.5390165508519));
#15177=CARTESIAN_POINT('',(10.9305418090712,-24.355716094742,47.4566009306159));
#15178=CARTESIAN_POINT('',(31.156597531846,-24.355716094742,59.3717251168045));
#15179=CARTESIAN_POINT('Origin',(23.956597531846,-24.355716094742,59.3717251168045));
#15180=CARTESIAN_POINT('',(31.156597531846,-24.355716094742,66.794890264253));
#15181=CARTESIAN_POINT('',(31.156597531846,-24.355716094742,59.3717251168045));
#15182=CARTESIAN_POINT('',(26.2268604357313,-24.355716094742,73.6275988302056));
#15183=CARTESIAN_POINT('Origin',(23.956597531846,-24.355716094742,66.794890264253));
#15184=CARTESIAN_POINT('',(11.7095628306378,-24.355716094742,78.4511738296922));
#15185=CARTESIAN_POINT('',(26.2268604357313,-24.355716094742,73.6275988302056));
#15186=CARTESIAN_POINT('',(10.194310806667,-24.355716094742,78.3469219965244));
#15187=CARTESIAN_POINT('Origin',(11.0789342462252,-24.355716094742,76.5531992280387));
#15188=CARTESIAN_POINT('',(9.03995822187326,-24.355716094742,77.777621449102));
#15189=CARTESIAN_POINT('',(10.9305418090712,-24.355716094742,78.7100144504414));
#15190=CARTESIAN_POINT('',(7.6762314002995,-24.355716094742,77.683794799251));
#15191=CARTESIAN_POINT('Origin',(8.24379712627084,-24.355716094742,79.3919719407391));
#15192=CARTESIAN_POINT('',(-7.8775567132453,-24.355716094742,82.85175825448));
#15193=CARTESIAN_POINT('',(7.6762314002995,-24.355716094742,77.683794799251));
#15194=CARTESIAN_POINT('',(-9.81188462060432,-24.355716094742,83.996752549195));
#15195=CARTESIAN_POINT('Origin',(-6.20639096455193,-24.355716094742,87.8813909488618));
#15196=CARTESIAN_POINT('',(-11.5992114674528,-24.355716094742,85.6556445603941));
#15197=CARTESIAN_POINT('',(-9.81188462060433,-24.355716094742,83.996752549195));
#15198=CARTESIAN_POINT('',(-13.679526386688,-24.355716094742,86.8870535188611));
#15199=CARTESIAN_POINT('Origin',(-15.4768178522637,-24.355716094742,81.4778259041489));
#15200=CARTESIAN_POINT('',(-14.4029979433132,-24.355716094742,87.1274370536144));
#15201=CARTESIAN_POINT('',(-13.679526386688,-24.355716094742,86.8870535188611));
#15202=CARTESIAN_POINT('',(-18.9435237510839,-24.355716094742,73.4620199217092));
#15203=CARTESIAN_POINT('Origin',(-16.6732608471985,-24.355716094742,80.2947284876618));
#15204=CARTESIAN_POINT('',(-13.7190870140985,-24.355716094742,71.7261278075956));
#15205=CARTESIAN_POINT('',(-18.9435237510839,-24.355716094742,73.4620199217092));
#15206=CARTESIAN_POINT('',(-13.2958657566901,-24.355716094742,54.5811087504893));
#15207=CARTESIAN_POINT('Origin',(-6.30499823958836,-24.355716094742,63.3314099657808));
#15208=CARTESIAN_POINT('',(-13.2958657566901,-24.355716094742,54.5811087504893));
#15209=CARTESIAN_POINT('',(-15.8256260315993,-24.355716094742,34.2622145446252));
#15210=CARTESIAN_POINT('Origin',(-17.4256260315993,-24.355716094742,34.2622145446252));
#15211=CARTESIAN_POINT('',(31.6237390097382,-24.355716094742,50.02792915494));
#15212=CARTESIAN_POINT('Origin',(30.0237390097382,-24.355716094742,50.02792915494));
#15213=CARTESIAN_POINT('',(31.6237390097382,-24.355716094742,76.6348907766216));
#15214=CARTESIAN_POINT('Origin',(30.0237390097382,-24.355716094742,76.6348907766216));
#15215=CARTESIAN_POINT('',(-15.8256260315993,-24.355716094742,92.4006053869364));
#15216=CARTESIAN_POINT('Origin',(-17.4256260315993,-24.355716094742,92.4006053869364));
#15217=CARTESIAN_POINT('Origin',(-16.1589225782299,-25.355716094742,24.0396304750982));
#15218=CARTESIAN_POINT('',(-18.9967883662847,-25.355716094742,23.0697609592723));
#15219=CARTESIAN_POINT('Origin',(11.0789342462252,-25.355716094742,49.6134161530187));
#15220=CARTESIAN_POINT('',(11.7095628306378,-25.355716094742,47.7154415513652));
#15221=CARTESIAN_POINT('',(10.1943108066669,-25.355716094742,47.819693384533));
#15222=CARTESIAN_POINT('Origin',(10.9305418090712,-25.355716094742,47.4566009306159));
#15223=CARTESIAN_POINT('',(26.2268604357313,-25.355716094742,52.5390165508519));
#15224=CARTESIAN_POINT('Origin',(11.0789342462252,-25.355716094742,76.5531992280387));
#15225=CARTESIAN_POINT('',(10.194310806667,-25.355716094742,78.3469219965244));
#15226=CARTESIAN_POINT('',(11.7095628306378,-25.355716094742,78.4511738296922));
#15227=CARTESIAN_POINT('Origin',(10.9305418090712,-25.355716094742,78.7100144504414));
#15228=CARTESIAN_POINT('',(9.03995822187326,-25.355716094742,77.777621449102));
#15229=CARTESIAN_POINT('Origin',(-13.2958657566901,-25.355716094742,54.5811087504893));
#15230=CARTESIAN_POINT('',(-18.9435237510839,-25.355716094742,52.7045954593482));
#15231=CARTESIAN_POINT('',(-13.2958657566901,-25.355716094742,54.5811087504893));
#15232=CARTESIAN_POINT('Origin',(-6.30499823958836,-25.355716094742,63.3314099657808));
#15233=CARTESIAN_POINT('',(-13.7190870140985,-25.355716094742,71.7261278075956));
#15234=CARTESIAN_POINT('Origin',(-18.9435237510839,-25.355716094742,73.4620199217092));
#15235=CARTESIAN_POINT('',(-18.9435237510839,-25.355716094742,73.4620199217092));
#15236=CARTESIAN_POINT('Origin',(-16.6732608471985,-25.355716094742,80.2947284876618));
#15237=CARTESIAN_POINT('',(-14.4029979433132,-25.355716094742,87.1274370536144));
#15238=CARTESIAN_POINT('Origin',(-13.679526386688,-25.355716094742,86.8870535188611));
#15239=CARTESIAN_POINT('',(-13.679526386688,-25.355716094742,86.8870535188611));
#15240=CARTESIAN_POINT('Origin',(-15.4768178522637,-25.355716094742,81.4778259041489));
#15241=CARTESIAN_POINT('',(-11.5992114674528,-25.355716094742,85.6556445603941));
#15242=CARTESIAN_POINT('Origin',(-9.81188462060433,-25.355716094742,83.996752549195));
#15243=CARTESIAN_POINT('',(-9.81188462060433,-25.355716094742,83.996752549195));
#15244=CARTESIAN_POINT('Origin',(-6.20639096455193,-25.355716094742,87.8813909488618));
#15245=CARTESIAN_POINT('',(-7.8775567132453,-25.355716094742,82.85175825448));
#15246=CARTESIAN_POINT('Origin',(7.6762314002995,-25.355716094742,77.683794799251));
#15247=CARTESIAN_POINT('',(7.6762314002995,-25.355716094742,77.683794799251));
#15248=CARTESIAN_POINT('Origin',(8.24379712627084,-25.355716094742,79.3919719407391));
#15249=CARTESIAN_POINT('Origin',(26.2268604357313,-25.355716094742,73.6275988302056));
#15250=CARTESIAN_POINT('',(26.2268604357313,-25.355716094742,73.6275988302056));
#15251=CARTESIAN_POINT('Origin',(23.956597531846,-25.355716094742,66.794890264253));
#15252=CARTESIAN_POINT('',(31.156597531846,-25.355716094742,66.794890264253));
#15253=CARTESIAN_POINT('Origin',(31.156597531846,-25.355716094742,59.3717251168045));
#15254=CARTESIAN_POINT('',(31.156597531846,-25.355716094742,59.3717251168045));
#15255=CARTESIAN_POINT('Origin',(23.956597531846,-25.355716094742,59.3717251168045));
#15256=CARTESIAN_POINT('Origin',(9.03995822187329,-25.355716094742,48.3889939319555));
#15257=CARTESIAN_POINT('',(9.03995822187329,-25.355716094742,48.3889939319555));
#15258=CARTESIAN_POINT('Origin',(8.24379712627087,-25.355716094742,46.7746434403183));
#15259=CARTESIAN_POINT('',(7.67623140029954,-25.355716094742,48.4828205818065));
#15260=CARTESIAN_POINT('Origin',(-7.87755671324529,-25.355716094742,43.3148571265774));
#15261=CARTESIAN_POINT('',(-7.87755671324529,-25.355716094742,43.3148571265774));
#15262=CARTESIAN_POINT('Origin',(-6.20639096455186,-25.355716094742,38.2852244321955));
#15263=CARTESIAN_POINT('',(-9.81188462060431,-25.355716094742,42.1698628318624));
#15264=CARTESIAN_POINT('Origin',(-11.5992114674528,-25.355716094742,40.5109708206633));
#15265=CARTESIAN_POINT('',(-11.5992114674528,-25.355716094742,40.5109708206633));
#15266=CARTESIAN_POINT('Origin',(-15.4768178522639,-25.355716094742,44.6887894769088));
#15267=CARTESIAN_POINT('',(-13.6795263866879,-25.355716094742,39.2795618621963));
#15268=CARTESIAN_POINT('Origin',(-14.4029979433131,-25.355716094742,39.039178327443));
#15269=CARTESIAN_POINT('',(-14.4029979433131,-25.355716094742,39.039178327443));
#15270=CARTESIAN_POINT('Origin',(-16.6732608471985,-25.355716094742,45.8718868933956));
#15271=CARTESIAN_POINT('Origin',(-17.4256260315993,-25.355716094742,34.2622145446252));
#15272=CARTESIAN_POINT('',(-15.8256260315993,-25.355716094742,34.2622145446252));
#15273=CARTESIAN_POINT('Origin',(30.0237390097382,-25.355716094742,50.02792915494));
#15274=CARTESIAN_POINT('',(31.6237390097382,-25.355716094742,50.02792915494));
#15275=CARTESIAN_POINT('Origin',(30.0237390097382,-25.355716094742,76.6348907766216));
#15276=CARTESIAN_POINT('',(31.6237390097382,-25.355716094742,76.6348907766216));
#15277=CARTESIAN_POINT('Origin',(-17.4256260315993,-25.355716094742,92.4006053869364));
#15278=CARTESIAN_POINT('',(-15.8256260315993,-25.355716094742,92.4006053869364));
#15279=CARTESIAN_POINT('Origin',(33.5562179868963,-25.355716094742,39.787826146339));
#15280=CARTESIAN_POINT('',(37.0562179868963,-25.355716094742,39.787826146339));
#15281=CARTESIAN_POINT('Origin',(37.0562179868963,-25.355716094742,86.8747598806915));
#15282=CARTESIAN_POINT('',(37.0562179868963,-25.355716094742,86.8747598806915));
#15283=CARTESIAN_POINT('Origin',(33.5562179868963,-25.355716094742,86.8747598806915));
#15284=CARTESIAN_POINT('',(33.5562179868963,-25.355716094742,90.3747598806915));
#15285=CARTESIAN_POINT('Origin',(30.3921988033469,-25.355716094742,90.3747598806915));
#15286=CARTESIAN_POINT('Origin',(-18.9968584235256,-25.355716094742,103.592848278916));
#15287=CARTESIAN_POINT('',(-18.9968584235256,-25.355716094742,103.592848278916));
#15288=CARTESIAN_POINT('Origin',(-20.1287420485875,-25.355716094742,100.280924448374));
#15289=CARTESIAN_POINT('',(-23.4501976014812,-25.355716094742,101.384524471096));
#15290=CARTESIAN_POINT('Origin',(-35.5700387649199,-25.355716094742,64.9079814268122));
#15291=CARTESIAN_POINT('',(-35.5700387649199,-25.355716094742,64.9079814268122));
#15292=CARTESIAN_POINT('Origin',(-30.8251022607861,-25.355716094742,63.3314099657807));
#15293=CARTESIAN_POINT('',(-35.5700387649198,-25.355716094742,61.7548385047493));
#15294=CARTESIAN_POINT('Origin',(-23.4501275904197,-25.355716094742,25.2780847513106));
#15295=CARTESIAN_POINT('',(-23.4501275904197,-25.355716094742,25.2780847513106));
#15296=CARTESIAN_POINT('Origin',(-20.1286720375261,-25.355716094742,26.3816847740327));
#15297=CARTESIAN_POINT('',(0.,0.,0.));
#15298=CARTESIAN_POINT('Origin',(-25.0605340360679,-15.3557160947421,96.5379670385465));
#15299=CARTESIAN_POINT('',(-25.0605340360679,-13.2057160947421,96.5379670385465));
#15300=CARTESIAN_POINT('Origin',(-25.060534036068,-15.3557160947421,96.5379670385465));
#15301=CARTESIAN_POINT('',(-20.7900911823476,-13.2057160947421,95.1190527236182));
#15302=CARTESIAN_POINT('',(-25.0605340360679,-13.2057160947421,96.5379670385465));
#15303=CARTESIAN_POINT('Origin',(-20.7900911823476,-15.3557160947421,95.1190527236182));
#15304=CARTESIAN_POINT('Origin',(-20.7900911823476,-15.3557160947421,95.1190527236182));
#15305=CARTESIAN_POINT('Origin',(-33.1010484873285,-15.355716094742,72.3387908674643));
#15306=CARTESIAN_POINT('',(-33.1010484873285,-13.205716094742,72.3387908674643));
#15307=CARTESIAN_POINT('Origin',(-33.1010484873284,-15.355716094742,72.3387908674643));
#15308=CARTESIAN_POINT('',(-28.8306056336081,-13.205716094742,70.919876552536));
#15309=CARTESIAN_POINT('',(-33.1010484873285,-13.205716094742,72.3387908674643));
#15310=CARTESIAN_POINT('Origin',(-28.8306056336081,-15.355716094742,70.919876552536));
#15311=CARTESIAN_POINT('Origin',(-28.8306056336081,-15.355716094742,70.919876552536));
#15312=CARTESIAN_POINT('Origin',(-32.9525365121751,-15.3557160947421,53.8770592250357));
#15313=CARTESIAN_POINT('',(-32.9525365121751,-13.2057160947421,53.8770592250357));
#15314=CARTESIAN_POINT('Origin',(-32.952536512175,-15.3557160947421,53.8770592250357));
#15315=CARTESIAN_POINT('',(-28.6820936584547,-13.2057160947421,55.295973539964));
#15316=CARTESIAN_POINT('',(-32.9525365121751,-13.2057160947421,53.8770592250357));
#15317=CARTESIAN_POINT('Origin',(-28.6820936584547,-15.3557160947421,55.295973539964));
#15318=CARTESIAN_POINT('Origin',(-28.6820936584547,-15.3557160947421,55.295973539964));
#15319=CARTESIAN_POINT('Origin',(-24.9120220609145,-15.355716094742,29.6778830539536));
#15320=CARTESIAN_POINT('',(-24.9120220609145,-13.205716094742,29.6778830539536));
#15321=CARTESIAN_POINT('Origin',(-24.9120220609144,-15.355716094742,29.6778830539536));
#15322=CARTESIAN_POINT('',(-20.6415792071941,-13.205716094742,31.0967973688819));
#15323=CARTESIAN_POINT('',(-24.9120220609145,-13.205716094742,29.6778830539536));
#15324=CARTESIAN_POINT('Origin',(-20.6415792071941,-15.355716094742,31.0967973688819));
#15325=CARTESIAN_POINT('Origin',(-20.6415792071941,-15.355716094742,31.0967973688819));
#15326=CARTESIAN_POINT('Origin',(37.0562179868965,-15.355716094742,75.8333076905286));
#15327=CARTESIAN_POINT('',(37.0562179868965,-17.505716094742,75.8333076905286));
#15328=CARTESIAN_POINT('Origin',(37.0562179868964,-15.355716094742,75.8333076905286));
#15329=CARTESIAN_POINT('',(32.5562179868965,-17.505716094742,75.8333076905286));
#15330=CARTESIAN_POINT('',(37.0562179868965,-17.505716094742,75.8333076905286));
#15331=CARTESIAN_POINT('Origin',(32.5562179868965,-15.355716094742,75.8333076905286));
#15332=CARTESIAN_POINT('Origin',(32.5562179868965,-15.355716094742,75.8333076905286));
#15333=CARTESIAN_POINT('Origin',(37.0562179868965,-15.355716094742,50.3333076905286));
#15334=CARTESIAN_POINT('',(37.0562179868965,-17.505716094742,50.3333076905286));
#15335=CARTESIAN_POINT('Origin',(37.0562179868964,-15.355716094742,50.3333076905286));
#15336=CARTESIAN_POINT('',(32.5562179868965,-17.505716094742,50.3333076905286));
#15337=CARTESIAN_POINT('',(37.0562179868965,-17.505716094742,50.3333076905286));
#15338=CARTESIAN_POINT('Origin',(32.5562179868965,-15.355716094742,50.3333076905286));
#15339=CARTESIAN_POINT('Origin',(32.5562179868965,-15.355716094742,50.3333076905286));
#15340=CARTESIAN_POINT('Origin',(0.615557863055123,-24.355716094742,63.3313046810244));
#15341=CARTESIAN_POINT('',(-13.3944080024203,-24.355716094742,31.3251570321193));
#15342=CARTESIAN_POINT('',(24.5991216371168,-24.355716094742,44.3098324706545));
#15343=CARTESIAN_POINT('',(16.7719449918321,-24.355716094742,41.6348151899926));
#15344=CARTESIAN_POINT('',(28.569307641038,-24.355716094742,41.4710406294313));
#15345=CARTESIAN_POINT('Origin',(25.569307641038,-24.355716094742,41.4710406294313));
#15346=CARTESIAN_POINT('',(28.569307641038,-24.355716094742,38.287826146339));
#15347=CARTESIAN_POINT('',(28.569307641038,-24.355716094742,49.2209860444408));
#15348=CARTESIAN_POINT('',(30.569307641038,-24.355716094742,36.287826146339));
#15349=CARTESIAN_POINT('Origin',(30.569307641038,-24.355716094742,38.287826146339));
#15350=CARTESIAN_POINT('',(33.5562179868964,-24.355716094742,36.287826146339));
#15351=CARTESIAN_POINT('',(33.5562179868964,-24.355716094742,36.287826146339));
#15352=CARTESIAN_POINT('',(37.0562179868964,-24.355716094742,39.7878261463391));
#15353=CARTESIAN_POINT('Origin',(33.5562179868964,-24.355716094742,39.787826146339));
#15354=CARTESIAN_POINT('',(37.0562179868964,-24.355716094742,86.8747598806916));
#15355=CARTESIAN_POINT('',(37.0562179868964,-24.355716094742,86.8747598806916));
#15356=CARTESIAN_POINT('',(33.5562179868964,-24.355716094742,90.3747598806916));
#15357=CARTESIAN_POINT('Origin',(33.5562179868964,-24.355716094742,86.8747598806916));
#15358=CARTESIAN_POINT('',(30.5693076313539,-24.355716094742,90.3747598806916));
#15359=CARTESIAN_POINT('',(30.392198803347,-24.355716094742,90.3747598806916));
#15360=CARTESIAN_POINT('',(28.5693076313539,-24.355716094742,88.3747598806916));
#15361=CARTESIAN_POINT('Origin',(30.5693076313539,-24.355716094742,88.3747598806916));
#15362=CARTESIAN_POINT('',(28.5693076313539,-24.355716094742,85.1915453783836));
#15363=CARTESIAN_POINT('',(28.5693076313539,-24.355716094742,74.261425029704));
#15364=CARTESIAN_POINT('',(24.5991216670151,-24.355716094742,82.3527535236327));
#15365=CARTESIAN_POINT('Origin',(25.5693076313539,-24.355716094742,85.1915453783836));
#15366=CARTESIAN_POINT('',(-13.3944779584619,-24.355716094742,95.3374522889389));
#15367=CARTESIAN_POINT('',(-2.2248585870736,-24.355716094742,91.520121362407));
#15368=CARTESIAN_POINT('',(-15.2712538966033,-24.355716094742,99.1221870203087));
#15369=CARTESIAN_POINT('Origin',(-12.4242919941231,-24.355716094742,98.1762441436898));
#15370=CARTESIAN_POINT('',(-14.942483429238,-24.355716094742,100.111672768745));
#15371=CARTESIAN_POINT('',(-19.124520324647,-24.355716094742,87.5251836579521));
#15372=CARTESIAN_POINT('',(-16.193667387999,-24.355716094742,102.634829256325));
#15373=CARTESIAN_POINT('Origin',(-16.8404580308915,-24.355716094742,100.742301353158));
#15374=CARTESIAN_POINT('',(-18.9968584235256,-24.355716094742,103.592848278916));
#15375=CARTESIAN_POINT('',(-18.9968584235256,-24.355716094742,103.592848278916));
#15376=CARTESIAN_POINT('',(-23.4501976014812,-24.355716094742,101.384524471096));
#15377=CARTESIAN_POINT('Origin',(-20.1287420485875,-24.355716094742,100.280924448374));
#15378=CARTESIAN_POINT('',(-35.5700387649199,-24.355716094742,64.9079814268123));
#15379=CARTESIAN_POINT('',(-35.5700387649199,-24.355716094742,64.9079814268123));
#15380=CARTESIAN_POINT('',(-35.5700387649199,-24.355716094742,61.7548385047493));
#15381=CARTESIAN_POINT('Origin',(-30.8251022607862,-24.355716094742,63.3314099657808));
#15382=CARTESIAN_POINT('',(-23.4501275904197,-24.355716094742,25.2780847513106));
#15383=CARTESIAN_POINT('',(-23.4501275904197,-24.355716094742,25.2780847513106));
#15384=CARTESIAN_POINT('',(-18.9967883662847,-24.355716094742,23.0697609592723));
#15385=CARTESIAN_POINT('Origin',(-20.1286720375261,-24.355716094742,26.3816847740327));
#15386=CARTESIAN_POINT('',(-16.1935973439649,-24.355716094742,24.0277800210012));
#15387=CARTESIAN_POINT('',(-16.1589225782299,-24.355716094742,24.0396304750982));
#15388=CARTESIAN_POINT('',(-14.9424134115923,-24.355716094742,26.5509364995626));
#15389=CARTESIAN_POINT('Origin',(-16.8403880132458,-24.355716094742,25.92030791515));
#15390=CARTESIAN_POINT('',(-15.2711839009793,-24.355716094742,27.5404223142772));
#15391=CARTESIAN_POINT('',(-19.8362689267299,-24.355716094742,41.2797542244124));
#15392=CARTESIAN_POINT('Origin',(-12.424221998499,-24.355716094742,28.4863651908961));
#15393=CARTESIAN_POINT('',(-8.95136773836739,-24.355716094742,83.347617408949));
#15394=CARTESIAN_POINT('',(-9.86135534656773,-24.355716094742,84.5961402073487));
#15395=CARTESIAN_POINT('Origin',(-7.91552744636156,-24.355716094742,85.0584753485388));
#15396=CARTESIAN_POINT('',(-7.87755671324533,-24.355716094742,82.8517582544801));
#15397=CARTESIAN_POINT('Origin',(-6.20639096455195,-24.355716094742,87.8813909488619));
#15398=CARTESIAN_POINT('',(7.67623140029951,-24.355716094742,77.683794799251));
#15399=CARTESIAN_POINT('',(7.67623140029951,-24.355716094742,77.683794799251));
#15400=CARTESIAN_POINT('',(9.03995822187328,-24.355716094742,77.777621449102));
#15401=CARTESIAN_POINT('Origin',(8.24379712627085,-24.355716094742,79.3919719407392));
#15402=CARTESIAN_POINT('',(10.194310806667,-24.355716094742,78.3469219965245));
#15403=CARTESIAN_POINT('',(10.194310806667,-24.355716094742,78.3469219965245));
#15404=CARTESIAN_POINT('',(11.7095628306378,-24.355716094742,78.4511738296923));
#15405=CARTESIAN_POINT('Origin',(11.0789342462252,-24.355716094742,76.5531992280387));
#15406=CARTESIAN_POINT('',(26.2268604357314,-24.355716094742,73.6275988302056));
#15407=CARTESIAN_POINT('',(26.2268604357314,-24.355716094742,73.6275988302056));
#15408=CARTESIAN_POINT('',(31.156597531846,-24.355716094742,66.794890264253));
#15409=CARTESIAN_POINT('Origin',(23.956597531846,-24.355716094742,66.794890264253));
#15410=CARTESIAN_POINT('',(31.156597531846,-24.355716094742,59.3717251168045));
#15411=CARTESIAN_POINT('',(31.156597531846,-24.355716094742,59.3717251168045));
#15412=CARTESIAN_POINT('',(26.2268604357314,-24.355716094742,52.5390165508519));
#15413=CARTESIAN_POINT('Origin',(23.956597531846,-24.355716094742,59.3717251168045));
#15414=CARTESIAN_POINT('',(11.7095628306378,-24.355716094742,47.7154415513652));
#15415=CARTESIAN_POINT('',(11.7095628306378,-24.355716094742,47.7154415513652));
#15416=CARTESIAN_POINT('',(10.1943108066669,-24.355716094742,47.819693384533));
#15417=CARTESIAN_POINT('Origin',(11.0789342462252,-24.355716094742,49.6134161530187));
#15418=CARTESIAN_POINT('',(9.03995822187331,-24.355716094742,48.3889939319555));
#15419=CARTESIAN_POINT('',(9.03995822187331,-24.355716094742,48.3889939319555));
#15420=CARTESIAN_POINT('',(7.67623140029955,-24.355716094742,48.4828205818065));
#15421=CARTESIAN_POINT('Origin',(8.24379712627088,-24.355716094742,46.7746434403184));
#15422=CARTESIAN_POINT('',(-7.87755671324532,-24.355716094742,43.3148571265774));
#15423=CARTESIAN_POINT('',(-7.87755671324532,-24.355716094742,43.3148571265774));
#15424=CARTESIAN_POINT('',(-8.15616612751437,-24.355716094742,43.2135483677639));
#15425=CARTESIAN_POINT('Origin',(-6.20639096455187,-24.355716094742,38.2852244321956));
#15426=CARTESIAN_POINT('',(-9.37561014689226,-24.355716094742,41.7747081908776));
#15427=CARTESIAN_POINT('Origin',(-7.4204019150757,-24.355716094742,41.3538034864174));
#15428=CARTESIAN_POINT('',(-10.684027709428,-24.355716094742,40.3030850011891));
#15429=CARTESIAN_POINT('Origin',(-11.3308183787088,-24.355716094742,42.1956128953379));
#15430=CARTESIAN_POINT('',(-18.0986623045063,-24.355716094742,37.769058164887));
#15431=CARTESIAN_POINT('',(-6.76328381323264,-24.355716094742,41.6430391316086));
#15432=CARTESIAN_POINT('',(-20.6434275754406,-24.355716094742,39.0309574746232));
#15433=CARTESIAN_POINT('Origin',(-18.7454529737871,-24.355716094742,39.6615860590357));
#15434=CARTESIAN_POINT('',(-23.9353418412317,-24.355716094742,48.9384843798808));
#15435=CARTESIAN_POINT('',(-25.1835692973589,-24.355716094742,52.6952186405434));
#15436=CARTESIAN_POINT('',(-22.6679958239908,-24.355716094742,51.4670875659469));
#15437=CARTESIAN_POINT('Origin',(-22.0373672395782,-24.355716094742,49.5691129642934));
#15438=CARTESIAN_POINT('',(-9.48968400326124,-24.355716094742,55.845765827086));
#15439=CARTESIAN_POINT('',(-13.2958657566901,-24.355716094742,54.5811087504893));
#15440=CARTESIAN_POINT('',(-8.80499829546753,-24.355716094742,56.7947531279128));
#15441=CARTESIAN_POINT('Origin',(-9.80499829546753,-24.355716094742,56.7947531279128));
#15442=CARTESIAN_POINT('',(-8.80499829546753,-24.355716094742,57.0393515101682));
#15443=CARTESIAN_POINT('',(-8.80499829546753,-24.355716094742,60.4945457452129));
#15444=CARTESIAN_POINT('',(-9.31888717659543,-24.355716094742,57.9132485178922));
#15445=CARTESIAN_POINT('Origin',(-9.80499829546753,-24.355716094742,57.0393515101682));
#15446=CARTESIAN_POINT('',(-9.55495919235775,-24.355716094742,68.6113487727629));
#15447=CARTESIAN_POINT('Origin',(-6.30499823958837,-24.355716094742,63.3314099657808));
#15448=CARTESIAN_POINT('',(-9.76383215059813,-24.355716094742,70.4119391069738));
#15449=CARTESIAN_POINT('Origin',(-10.0791464428044,-24.355716094742,69.462951806147));
#15450=CARTESIAN_POINT('',(-22.8164747439868,-24.355716094742,74.7488620111797));
#15451=CARTESIAN_POINT('',(-11.5060548252963,-24.355716094742,70.9908169371193));
#15452=CARTESIAN_POINT('',(-24.0838207612277,-24.355716094742,77.2774651972458));
#15453=CARTESIAN_POINT('Origin',(-22.1858461595742,-24.355716094742,76.6468366128332));
#15454=CARTESIAN_POINT('',(-20.7914858032798,-24.355716094742,87.1862582408431));
#15455=CARTESIAN_POINT('',(-22.9783437910649,-24.355716094742,80.6045697147745));
#15456=CARTESIAN_POINT('',(-18.2467205587338,-24.355716094742,88.4481575595978));
#15457=CARTESIAN_POINT('Origin',(-18.8935112016263,-24.355716094742,86.5556296564305));
#15458=CARTESIAN_POINT('',(-11.1603926038814,-24.355716094742,86.0263329693258));
#15459=CARTESIAN_POINT('',(-3.65220843924726,-24.355716094742,83.4603347324322));
#15460=CARTESIAN_POINT('Origin',(-11.8071832467739,-24.355716094742,84.1338050661586));
#15461=CARTESIAN_POINT('',(-15.8256260315993,-24.355716094742,34.2622145446252));
#15462=CARTESIAN_POINT('Origin',(-17.4256260315993,-24.355716094742,34.2622145446252));
#15463=CARTESIAN_POINT('',(31.6237390097383,-24.355716094742,50.0279291549401));
#15464=CARTESIAN_POINT('Origin',(30.0237390097383,-24.355716094742,50.0279291549401));
#15465=CARTESIAN_POINT('',(-15.8256260315993,-24.355716094742,92.4006053869365));
#15466=CARTESIAN_POINT('Origin',(-17.4256260315993,-24.355716094742,92.4006053869365));
#15467=CARTESIAN_POINT('',(31.6237390097383,-24.355716094742,76.6348907766217));
#15468=CARTESIAN_POINT('Origin',(30.0237390097383,-24.355716094742,76.6348907766217));
#15469=CARTESIAN_POINT('Origin',(0.615557863055123,-6.35571609474203,63.3313046810244));
#15470=CARTESIAN_POINT('',(24.5991216371168,-6.35571609474203,44.3098324706545));
#15471=CARTESIAN_POINT('',(-13.3944080024203,-6.35571609474203,31.3251570321193));
#15472=CARTESIAN_POINT('',(16.7719449918321,-6.35571609474203,41.6348151899926));
#15473=CARTESIAN_POINT('',(-15.2711839009793,-6.35571609474203,27.5404223142772));
#15474=CARTESIAN_POINT('Origin',(-12.424221998499,-6.35571609474203,28.4863651908961));
#15475=CARTESIAN_POINT('',(-14.9424134115923,-6.35571609474203,26.5509364995626));
#15476=CARTESIAN_POINT('',(-19.8362689267299,-6.35571609474203,41.2797542244124));
#15477=CARTESIAN_POINT('',(-16.1935973439649,-6.35571609474203,24.0277800210012));
#15478=CARTESIAN_POINT('Origin',(-16.8403880132458,-6.35571609474203,25.92030791515));
#15479=CARTESIAN_POINT('',(-18.9967883662847,-6.35571609474203,23.0697609592723));
#15480=CARTESIAN_POINT('',(-16.1589225782299,-6.35571609474203,24.0396304750982));
#15481=CARTESIAN_POINT('',(-23.4501275904197,-6.35571609474203,25.2780847513106));
#15482=CARTESIAN_POINT('Origin',(-20.1286720375261,-6.35571609474203,26.3816847740327));
#15483=CARTESIAN_POINT('',(-35.5700387649199,-6.35571609474203,61.7548385047493));
#15484=CARTESIAN_POINT('',(-23.4501275904197,-6.35571609474203,25.2780847513106));
#15485=CARTESIAN_POINT('',(-35.5700387649199,-6.35571609474203,64.9079814268123));
#15486=CARTESIAN_POINT('Origin',(-30.8251022607862,-6.35571609474203,63.3314099657808));
#15487=CARTESIAN_POINT('',(-23.4501976014812,-6.35571609474203,101.384524471096));
#15488=CARTESIAN_POINT('',(-35.5700387649199,-6.35571609474203,64.9079814268123));
#15489=CARTESIAN_POINT('',(-18.9968584235256,-6.35571609474203,103.592848278916));
#15490=CARTESIAN_POINT('Origin',(-20.1287420485875,-6.35571609474203,100.280924448374));
#15491=CARTESIAN_POINT('',(-16.193667387999,-6.35571609474203,102.634829256325));
#15492=CARTESIAN_POINT('',(-18.9968584235256,-6.35571609474203,103.592848278916));
#15493=CARTESIAN_POINT('',(-14.942483429238,-6.35571609474203,100.111672768745));
#15494=CARTESIAN_POINT('Origin',(-16.8404580308915,-6.35571609474203,100.742301353158));
#15495=CARTESIAN_POINT('',(-15.2712538966033,-6.35571609474203,99.1221870203087));
#15496=CARTESIAN_POINT('',(-19.124520324647,-6.35571609474203,87.5251836579521));
#15497=CARTESIAN_POINT('',(-13.3944779584619,-6.35571609474203,95.3374522889389));
#15498=CARTESIAN_POINT('Origin',(-12.4242919941231,-6.35571609474203,98.1762441436898));
#15499=CARTESIAN_POINT('',(24.5991216670151,-6.35571609474203,82.3527535236327));
#15500=CARTESIAN_POINT('',(-2.2248585870736,-6.35571609474203,91.520121362407));
#15501=CARTESIAN_POINT('',(28.5693076313539,-6.35571609474203,85.1915453783836));
#15502=CARTESIAN_POINT('Origin',(25.5693076313539,-6.35571609474203,85.1915453783836));
#15503=CARTESIAN_POINT('',(28.5693076313539,-6.35571609474203,88.3747598806916));
#15504=CARTESIAN_POINT('',(28.5693076313539,-6.35571609474203,74.261425029704));
#15505=CARTESIAN_POINT('',(30.5693076313539,-6.35571609474203,90.3747598806916));
#15506=CARTESIAN_POINT('Origin',(30.5693076313539,-6.35571609474203,88.3747598806916));
#15507=CARTESIAN_POINT('',(33.5562179868964,-6.35571609474203,90.3747598806916));
#15508=CARTESIAN_POINT('',(30.392198803347,-6.35571609474203,90.3747598806916));
#15509=CARTESIAN_POINT('',(37.0562179868964,-6.35571609474203,86.8747598806916));
#15510=CARTESIAN_POINT('Origin',(33.5562179868964,-6.35571609474203,86.8747598806916));
#15511=CARTESIAN_POINT('',(37.0562179868964,-6.35571609474203,39.7878261463391));
#15512=CARTESIAN_POINT('',(37.0562179868964,-6.35571609474203,86.8747598806916));
#15513=CARTESIAN_POINT('',(33.5562179868964,-6.35571609474203,36.287826146339));
#15514=CARTESIAN_POINT('Origin',(33.5562179868964,-6.35571609474203,39.787826146339));
#15515=CARTESIAN_POINT('',(30.569307641038,-6.35571609474203,36.287826146339));
#15516=CARTESIAN_POINT('',(33.5562179868964,-6.35571609474203,36.287826146339));
#15517=CARTESIAN_POINT('',(28.569307641038,-6.35571609474203,38.287826146339));
#15518=CARTESIAN_POINT('Origin',(30.569307641038,-6.35571609474203,38.287826146339));
#15519=CARTESIAN_POINT('',(28.569307641038,-6.35571609474203,41.4710406294313));
#15520=CARTESIAN_POINT('',(28.569307641038,-6.35571609474203,49.2209860444408));
#15521=CARTESIAN_POINT('Origin',(25.569307641038,-6.35571609474203,41.4710406294313));
#15522=CARTESIAN_POINT('',(-15.8256260315993,-6.35571609474203,34.2622145446252));
#15523=CARTESIAN_POINT('Origin',(-17.4256260315993,-6.35571609474203,34.2622145446252));
#15524=CARTESIAN_POINT('',(31.6237390097383,-6.35571609474203,50.0279291549401));
#15525=CARTESIAN_POINT('Origin',(30.0237390097383,-6.35571609474203,50.0279291549401));
#15526=CARTESIAN_POINT('',(-15.8256260315993,-6.35571609474203,92.4006053869365));
#15527=CARTESIAN_POINT('Origin',(-17.4256260315993,-6.35571609474203,92.4006053869365));
#15528=CARTESIAN_POINT('',(31.6237390097383,-6.35571609474203,76.6348907766217));
#15529=CARTESIAN_POINT('Origin',(30.0237390097383,-6.35571609474203,76.6348907766217));
#15530=CARTESIAN_POINT('',(-9.86135534656773,-6.35571609474203,84.5961402073487));
#15531=CARTESIAN_POINT('',(-8.95136773836739,-6.35571609474203,83.347617408949));
#15532=CARTESIAN_POINT('Origin',(-7.91552744636156,-6.35571609474203,85.0584753485388));
#15533=CARTESIAN_POINT('',(-11.1603926038814,-6.35571609474203,86.0263329693258));
#15534=CARTESIAN_POINT('Origin',(-11.8071832467739,-6.35571609474203,84.1338050661586));
#15535=CARTESIAN_POINT('',(-18.2467205587338,-6.35571609474203,88.4481575595978));
#15536=CARTESIAN_POINT('',(-1.50139163343932,-6.35571609474203,82.7252712323145));
#15537=CARTESIAN_POINT('',(-20.7914858032798,-6.35571609474203,87.1862582408431));
#15538=CARTESIAN_POINT('Origin',(-18.8935112016263,-6.35571609474203,86.5556296564305));
#15539=CARTESIAN_POINT('',(-24.0838207612277,-6.35571609474203,77.2774651972458));
#15540=CARTESIAN_POINT('',(-20.155456404497,-6.35571609474203,89.1004874315786));
#15541=CARTESIAN_POINT('',(-22.8164747439868,-6.35571609474203,74.7488620111797));
#15542=CARTESIAN_POINT('Origin',(-22.1858461595742,-6.35571609474203,76.6468366128332));
#15543=CARTESIAN_POINT('',(-9.76383215059813,-6.35571609474203,70.4119391069738));
#15544=CARTESIAN_POINT('',(-11.5060548252963,-6.35571609474203,70.9908169371193));
#15545=CARTESIAN_POINT('',(-9.55495919235775,-6.35571609474203,68.6113487727629));
#15546=CARTESIAN_POINT('Origin',(-10.0791464428044,-6.35571609474203,69.462951806147));
#15547=CARTESIAN_POINT('',(-9.31888717659543,-6.35571609474203,57.9132485178922));
#15548=CARTESIAN_POINT('Origin',(-6.30499823958837,-6.35571609474203,63.3314099657808));
#15549=CARTESIAN_POINT('',(-8.80499829546753,-6.35571609474203,57.0393515101682));
#15550=CARTESIAN_POINT('Origin',(-9.80499829546753,-6.35571609474203,57.0393515101682));
#15551=CARTESIAN_POINT('',(-8.80499829546753,-6.35571609474203,56.7947531279128));
#15552=CARTESIAN_POINT('',(-8.80499829546753,-6.35571609474203,60.4945457452129));
#15553=CARTESIAN_POINT('',(-9.48968400326124,-6.35571609474203,55.845765827086));
#15554=CARTESIAN_POINT('Origin',(-9.80499829546753,-6.35571609474203,56.7947531279128));
#15555=CARTESIAN_POINT('',(-22.6679958239908,-6.35571609474203,51.4670875659469));
#15556=CARTESIAN_POINT('',(-13.2958657566901,-6.35571609474203,54.5811087504893));
#15557=CARTESIAN_POINT('',(-23.9353418412317,-6.35571609474203,48.9384843798808));
#15558=CARTESIAN_POINT('Origin',(-22.0373672395782,-6.35571609474203,49.5691129642934));
#15559=CARTESIAN_POINT('',(-20.6434275754406,-6.35571609474203,39.0309574746232));
#15560=CARTESIAN_POINT('',(-24.5659704256443,-6.35571609474203,50.8364589815343));
#15561=CARTESIAN_POINT('',(-18.0986623045063,-6.35571609474203,37.769058164887));
#15562=CARTESIAN_POINT('Origin',(-18.7454529737871,-6.35571609474203,39.6615860590357));
#15563=CARTESIAN_POINT('',(-10.684027709428,-6.35571609474203,40.3030850011891));
#15564=CARTESIAN_POINT('',(-6.76328381323264,-6.35571609474203,41.6430391316086));
#15565=CARTESIAN_POINT('',(-9.37561014689226,-6.35571609474203,41.7747081908776));
#15566=CARTESIAN_POINT('Origin',(-11.3308183787088,-6.35571609474203,42.1956128953379));
#15567=CARTESIAN_POINT('',(-8.15616612751437,-6.35571609474203,43.2135483677639));
#15568=CARTESIAN_POINT('Origin',(-7.4204019150757,-6.35571609474203,41.3538034864174));
#15569=CARTESIAN_POINT('',(-7.87755671324532,-6.35571609474203,43.3148571265774));
#15570=CARTESIAN_POINT('Origin',(-6.20639096455187,-6.35571609474203,38.2852244321956));
#15571=CARTESIAN_POINT('',(7.67623140029955,-6.35571609474203,48.4828205818065));
#15572=CARTESIAN_POINT('',(-7.87755671324532,-6.35571609474203,43.3148571265774));
#15573=CARTESIAN_POINT('',(9.03995822187331,-6.35571609474203,48.3889939319555));
#15574=CARTESIAN_POINT('Origin',(8.24379712627088,-6.35571609474203,46.7746434403184));
#15575=CARTESIAN_POINT('',(10.1943108066669,-6.35571609474203,47.819693384533));
#15576=CARTESIAN_POINT('',(9.03995822187331,-6.35571609474203,48.3889939319555));
#15577=CARTESIAN_POINT('',(11.7095628306378,-6.35571609474203,47.7154415513652));
#15578=CARTESIAN_POINT('Origin',(11.0789342462252,-6.35571609474203,49.6134161530187));
#15579=CARTESIAN_POINT('',(26.2268604357314,-6.35571609474203,52.5390165508519));
#15580=CARTESIAN_POINT('',(11.7095628306378,-6.35571609474203,47.7154415513652));
#15581=CARTESIAN_POINT('',(31.156597531846,-6.35571609474203,59.3717251168045));
#15582=CARTESIAN_POINT('Origin',(23.956597531846,-6.35571609474203,59.3717251168045));
#15583=CARTESIAN_POINT('',(31.156597531846,-6.35571609474203,66.794890264253));
#15584=CARTESIAN_POINT('',(31.156597531846,-6.35571609474203,59.3717251168045));
#15585=CARTESIAN_POINT('',(26.2268604357314,-6.35571609474203,73.6275988302056));
#15586=CARTESIAN_POINT('Origin',(23.956597531846,-6.35571609474203,66.794890264253));
#15587=CARTESIAN_POINT('',(11.7095628306378,-6.35571609474203,78.4511738296923));
#15588=CARTESIAN_POINT('',(26.2268604357314,-6.35571609474203,73.6275988302056));
#15589=CARTESIAN_POINT('',(10.194310806667,-6.35571609474203,78.3469219965245));
#15590=CARTESIAN_POINT('Origin',(11.0789342462252,-6.35571609474203,76.5531992280387));
#15591=CARTESIAN_POINT('',(9.03995822187328,-6.35571609474203,77.777621449102));
#15592=CARTESIAN_POINT('',(10.194310806667,-6.35571609474203,78.3469219965245));
#15593=CARTESIAN_POINT('',(7.67623140029951,-6.35571609474203,77.683794799251));
#15594=CARTESIAN_POINT('Origin',(8.24379712627085,-6.35571609474203,79.3919719407392));
#15595=CARTESIAN_POINT('',(-7.87755671324533,-6.35571609474203,82.8517582544801));
#15596=CARTESIAN_POINT('',(7.67623140029951,-6.35571609474203,77.683794799251));
#15597=CARTESIAN_POINT('Origin',(-6.20639096455195,-6.35571609474203,87.8813909488619));
#15598=CARTESIAN_POINT('Origin',(-23.7776846951286,-7.35571609474203,48.4639907294674));
#15599=CARTESIAN_POINT('',(-27.443995827331,-7.35571609474203,37.2982510795924));
#15600=CARTESIAN_POINT('',(-30.4205958009158,-7.35571609474203,46.2567906840234));
#15601=CARTESIAN_POINT('',(-26.9353616956678,-7.35571609474203,35.767437717667));
#15602=CARTESIAN_POINT('',(-20.8010847215438,-7.35571609474203,39.5054511250365));
#15603=CARTESIAN_POINT('',(-20.8010847215438,-7.35571609474203,39.5054511250365));
#15604=CARTESIAN_POINT('',(-23.7776846951286,-7.35571609474203,48.4639907294674));
#15605=CARTESIAN_POINT('',(-24.1718275603864,-7.35571609474203,49.6502248555009));
#15606=CARTESIAN_POINT('',(-23.7776846951286,-7.35571609474203,48.4639907294674));
#15607=CARTESIAN_POINT('Origin',(-23.7776846951286,-7.85571609474203,48.4639907294674));
#15608=CARTESIAN_POINT('',(-30.578252947019,-7.85571609474203,46.7312843344367));
#15609=CARTESIAN_POINT('Origin',(-30.4205958009158,-7.85571609474203,46.2567906840234));
#15610=CARTESIAN_POINT('',(-23.9353418412318,-7.85571609474203,48.9384843798808));
#15611=CARTESIAN_POINT('Origin',(-23.7776846951286,-7.85571609474203,48.4639907294674));
#15612=CARTESIAN_POINT('',(-23.9353418412318,-7.85571609474203,48.9384843798808));
#15613=CARTESIAN_POINT('Origin',(-23.9353418412318,-22.855716094742,48.9384843798808));
#15614=CARTESIAN_POINT('',(-30.578252947019,-22.855716094742,46.7312843344367));
#15615=CARTESIAN_POINT('',(-30.578252947019,-23.605716094742,46.7312843344368));
#15616=CARTESIAN_POINT('',(-23.9353418412318,-22.855716094742,48.9384843798808));
#15617=CARTESIAN_POINT('',(-23.9353418412317,-15.355716094742,48.9384843798808));
#15618=CARTESIAN_POINT('',(-23.9353418412318,-22.855716094742,48.9384843798808));
#15619=CARTESIAN_POINT('Origin',(-23.7776846951286,-22.855716094742,48.4639907294674));
#15620=CARTESIAN_POINT('',(-30.4205958009158,-23.355716094742,46.2567906840234));
#15621=CARTESIAN_POINT('Origin',(-30.4205958009158,-22.855716094742,46.2567906840234));
#15622=CARTESIAN_POINT('',(-23.7776846951286,-23.355716094742,48.4639907294674));
#15623=CARTESIAN_POINT('Origin',(-23.7776846951286,-22.855716094742,48.4639907294674));
#15624=CARTESIAN_POINT('',(-23.7776846951286,-23.355716094742,48.4639907294674));
#15625=CARTESIAN_POINT('Origin',(-20.8010847215438,-23.355716094742,39.5054511250365));
#15626=CARTESIAN_POINT('',(-27.443995827331,-23.355716094742,37.2982510795924));
#15627=CARTESIAN_POINT('',(-25.4470617088754,-23.355716094742,31.2881679154515));
#15628=CARTESIAN_POINT('',(-20.8010847215438,-23.355716094742,39.5054511250365));
#15629=CARTESIAN_POINT('',(-22.683527573594,-23.355716094742,45.1709550532854));
#15630=CARTESIAN_POINT('',(-20.8010847215438,-23.355716094742,39.5054511250365));
#15631=CARTESIAN_POINT('Origin',(-20.8010847215438,-22.855716094742,39.5054511250365));
#15632=CARTESIAN_POINT('',(-27.2863386812279,-22.855716094742,36.8237574291791));
#15633=CARTESIAN_POINT('Origin',(-27.443995827331,-22.855716094742,37.2982510795924));
#15634=CARTESIAN_POINT('',(-20.6434275754407,-22.855716094742,39.0309574746232));
#15635=CARTESIAN_POINT('Origin',(-20.8010847215438,-22.855716094742,39.5054511250365));
#15636=CARTESIAN_POINT('',(-20.6434275754407,-22.855716094742,39.0309574746232));
#15637=CARTESIAN_POINT('Origin',(-20.6434275754407,-7.85571609474203,39.0309574746232));
#15638=CARTESIAN_POINT('',(-27.2863386812279,-7.85571609474203,36.8237574291791));
#15639=CARTESIAN_POINT('',(-27.2863386812279,-16.105716094742,36.8237574291791));
#15640=CARTESIAN_POINT('',(-20.6434275754407,-7.85571609474203,39.0309574746232));
#15641=CARTESIAN_POINT('',(-20.6434275754406,-6.35571609474203,39.0309574746232));
#15642=CARTESIAN_POINT('',(-20.6434275754407,-7.85571609474203,39.0309574746232));
#15643=CARTESIAN_POINT('Origin',(-20.8010847215438,-7.85571609474203,39.5054511250365));
#15644=CARTESIAN_POINT('Origin',(-27.443995827331,-7.85571609474203,37.2982510795924));
#15645=CARTESIAN_POINT('Origin',(-20.8010847215438,-7.85571609474203,39.5054511250365));
#15646=CARTESIAN_POINT('Origin',(-24.5659704256443,-6.35571609474203,50.8364589815343));
#15647=CARTESIAN_POINT('',(-20.6434275754406,-6.35571609474203,39.0309574746232));
#15648=CARTESIAN_POINT('',(-23.9353418412317,-15.355716094742,48.9384843798808));
#15649=CARTESIAN_POINT('Origin',(-24.5659704256443,-6.35571609474203,50.8364589815343));
#15650=CARTESIAN_POINT('',(-23.9353418412317,-15.355716094742,48.9384843798808));
#15651=CARTESIAN_POINT('',(-20.6434275754406,-6.35571609474203,39.0309574746232));
#15652=CARTESIAN_POINT('Origin',(31.1565975318461,-7.85571609474203,58.0833076905288));
#15653=CARTESIAN_POINT('',(30.930947903701,-7.85571609474203,57.5833076905288));
#15654=CARTESIAN_POINT('',(31.0403804573505,-7.35571609474203,58.0833076905288));
#15655=CARTESIAN_POINT('Ctrl Pts',(30.930947903701,-7.85571609474203,57.5833076905288));
#15656=CARTESIAN_POINT('Ctrl Pts',(30.930947903701,-7.79255074531181,57.5833076905288));
#15657=CARTESIAN_POINT('Ctrl Pts',(30.934243798847,-7.72536167408686,57.5960142666955));
#15658=CARTESIAN_POINT('Ctrl Pts',(30.9470732365457,-7.60220551096523,57.6472118907014));
#15659=CARTESIAN_POINT('Ctrl Pts',(30.9565499237387,-7.54622708933313,57.6856899147511));
#15660=CARTESIAN_POINT('Ctrl Pts',(30.9773009585688,-7.45763207652045,57.7742849275638));
#15661=CARTESIAN_POINT('Ctrl Pts',(30.9899919139892,-7.41921261442755,57.8305180524399));
#15662=CARTESIAN_POINT('Ctrl Pts',(31.0158426140248,-7.36825360345415,57.9536226453758));
#15663=CARTESIAN_POINT('Ctrl Pts',(31.0289576172352,-7.35571609474203,58.0205043489101));
#15664=CARTESIAN_POINT('Ctrl Pts',(31.0403804573505,-7.35571609474203,58.0833076905288));
#15665=CARTESIAN_POINT('',(37.0562179868964,-7.85571609474203,57.5833076905287));
#15666=CARTESIAN_POINT('',(31.1565975318461,-7.85571609474203,57.5833076905288));
#15667=CARTESIAN_POINT('',(37.0562179868964,-7.35571609474203,58.0833076905287));
#15668=CARTESIAN_POINT('Origin',(37.0562179868962,-7.85571609474203,58.0833076905287));
#15669=CARTESIAN_POINT('',(31.1565975318461,-7.35571609474203,58.0833076905288));
#15670=CARTESIAN_POINT('Origin',(31.1565975318462,-22.855716094742,57.5833076905288));
#15671=CARTESIAN_POINT('',(30.930947903701,-22.855716094742,57.5833076905288));
#15672=CARTESIAN_POINT('',(30.930947903701,-24.355716094742,57.5833076905288));
#15673=CARTESIAN_POINT('',(37.0562179868964,-22.855716094742,57.5833076905287));
#15674=CARTESIAN_POINT('',(31.1565975318462,-22.855716094742,57.5833076905288));
#15675=CARTESIAN_POINT('',(37.0562179868964,-23.605716094742,57.5833076905287));
#15676=CARTESIAN_POINT('Origin',(31.1565975318462,-22.855716094742,58.0833076905288));
#15677=CARTESIAN_POINT('',(31.0403804573505,-23.355716094742,58.0833076905288));
#15678=CARTESIAN_POINT('Ctrl Pts',(31.0403804573505,-23.355716094742,58.0833076905288));
#15679=CARTESIAN_POINT('Ctrl Pts',(31.0288898636026,-23.355716094742,58.0201318360772));
#15680=CARTESIAN_POINT('Ctrl Pts',(31.0156958628041,-23.3430308343345,57.9528793446804));
#15681=CARTESIAN_POINT('Ctrl Pts',(30.9897070982349,-23.2915142170838,57.8292069163725));
#15682=CARTESIAN_POINT('Ctrl Pts',(30.9769580425486,-23.2526849459236,57.7727765099236));
#15683=CARTESIAN_POINT('Ctrl Pts',(30.956277171038,-23.1636870831991,57.6845703731672));
#15684=CARTESIAN_POINT('Ctrl Pts',(30.9468968569993,-23.1079030276019,57.6465014603663));
#15685=CARTESIAN_POINT('Ctrl Pts',(30.9342043738835,-22.9853162325612,57.5958636122453));
#15686=CARTESIAN_POINT('Ctrl Pts',(30.930947903701,-22.9185023574221,57.5833076905288));
#15687=CARTESIAN_POINT('Ctrl Pts',(30.930947903701,-22.855716094742,57.5833076905288));
#15688=CARTESIAN_POINT('',(37.0562179868964,-23.355716094742,58.0833076905287));
#15689=CARTESIAN_POINT('',(31.1565975318462,-23.355716094742,58.0833076905288));
#15690=CARTESIAN_POINT('Origin',(37.0562179868962,-22.855716094742,58.0833076905287));
#15691=CARTESIAN_POINT('Origin',(31.1565975318462,-22.855716094742,68.0833076905288));
#15692=CARTESIAN_POINT('',(30.930947903701,-22.855716094742,68.5833076905288));
#15693=CARTESIAN_POINT('',(31.0403804573505,-23.355716094742,68.0833076905288));
#15694=CARTESIAN_POINT('Ctrl Pts',(30.930947903701,-22.855716094742,68.5833076905288));
#15695=CARTESIAN_POINT('Ctrl Pts',(30.930947903701,-22.9185023574221,68.5833076905288));
#15696=CARTESIAN_POINT('Ctrl Pts',(30.9342043738835,-22.9853162325612,68.5707517688122));
#15697=CARTESIAN_POINT('Ctrl Pts',(30.9468968569993,-23.1079030276019,68.5201139206912));
#15698=CARTESIAN_POINT('Ctrl Pts',(30.956277171038,-23.1636870831991,68.4820450078904));
#15699=CARTESIAN_POINT('Ctrl Pts',(30.9769580425486,-23.2526849459236,68.393838871134));
#15700=CARTESIAN_POINT('Ctrl Pts',(30.9897070982349,-23.2915142170838,68.337408464685));
#15701=CARTESIAN_POINT('Ctrl Pts',(31.0156958628041,-23.3430308343345,68.2137360363772));
#15702=CARTESIAN_POINT('Ctrl Pts',(31.0288898636026,-23.355716094742,68.1464835449803));
#15703=CARTESIAN_POINT('Ctrl Pts',(31.0403804573505,-23.355716094742,68.0833076905288));
#15704=CARTESIAN_POINT('',(37.0562179868964,-22.855716094742,68.5833076905287));
#15705=CARTESIAN_POINT('',(31.1565975318462,-22.855716094742,68.5833076905288));
#15706=CARTESIAN_POINT('',(37.0562179868964,-23.355716094742,68.0833076905287));
#15707=CARTESIAN_POINT('Origin',(37.0562179868963,-22.855716094742,68.0833076905287));
#15708=CARTESIAN_POINT('',(31.1565975318462,-23.355716094742,68.0833076905288));
#15709=CARTESIAN_POINT('Origin',(31.1565975318462,-7.85571609474203,68.5833076905288));
#15710=CARTESIAN_POINT('',(30.930947903701,-7.85571609474203,68.5833076905288));
#15711=CARTESIAN_POINT('',(30.930947903701,-24.355716094742,68.5833076905288));
#15712=CARTESIAN_POINT('',(37.0562179868964,-7.85571609474203,68.5833076905287));
#15713=CARTESIAN_POINT('',(31.1565975318462,-7.85571609474203,68.5833076905288));
#15714=CARTESIAN_POINT('',(37.0562179868964,-16.105716094742,68.5833076905287));
#15715=CARTESIAN_POINT('Origin',(31.1565975318461,-7.85571609474203,68.0833076905288));
#15716=CARTESIAN_POINT('',(31.0403804573505,-7.35571609474203,68.0833076905288));
#15717=CARTESIAN_POINT('Ctrl Pts',(31.0403804573505,-7.35571609474203,68.0833076905288));
#15718=CARTESIAN_POINT('Ctrl Pts',(31.0288898636026,-7.35571609474203,68.1464835449803));
#15719=CARTESIAN_POINT('Ctrl Pts',(31.0156958628041,-7.36840135514951,68.2137360363772));
#15720=CARTESIAN_POINT('Ctrl Pts',(30.9897070982349,-7.41991797240027,68.337408464685));
#15721=CARTESIAN_POINT('Ctrl Pts',(30.9769580425486,-7.45874724356045,68.393838871134));
#15722=CARTESIAN_POINT('Ctrl Pts',(30.956277171038,-7.54774510628496,68.4820450078904));
#15723=CARTESIAN_POINT('Ctrl Pts',(30.9468968569993,-7.60352916188212,68.5201139206912));
#15724=CARTESIAN_POINT('Ctrl Pts',(30.9342043738835,-7.72611595692286,68.5707517688122));
#15725=CARTESIAN_POINT('Ctrl Pts',(30.930947903701,-7.79292983206195,68.5833076905288));
#15726=CARTESIAN_POINT('Ctrl Pts',(30.930947903701,-7.85571609474203,68.5833076905288));
#15727=CARTESIAN_POINT('',(37.0562179868964,-7.35571609474203,68.0833076905287));
#15728=CARTESIAN_POINT('',(31.1565975318461,-7.35571609474203,68.0833076905288));
#15729=CARTESIAN_POINT('Origin',(37.0562179868963,-7.85571609474203,68.0833076905287));
#15730=CARTESIAN_POINT('Origin',(31.1565975318461,-7.35571609474203,58.0833076905288));
#15731=CARTESIAN_POINT('',(31.156597531846,-7.35571609474203,59.3717251168045));
#15732=CARTESIAN_POINT('Origin',(23.956597531846,-7.35571609474203,59.3717251168045));
#15733=CARTESIAN_POINT('',(37.0562179868964,-7.35571609474203,72.4790337856102));
#15734=CARTESIAN_POINT('',(31.1565975318461,-7.35571609474203,66.794890264253));
#15735=CARTESIAN_POINT('Origin',(23.956597531846,-7.35571609474203,66.794890264253));
#15736=CARTESIAN_POINT('',(31.156597531846,-7.35571609474203,58.7275164036666));
#15737=CARTESIAN_POINT('Origin',(31.1565975318462,-23.355716094742,68.0833076905288));
#15738=CARTESIAN_POINT('',(31.156597531846,-23.355716094742,59.3717251168045));
#15739=CARTESIAN_POINT('Origin',(23.956597531846,-23.355716094742,59.3717251168045));
#15740=CARTESIAN_POINT('',(31.1565975318462,-23.355716094742,66.794890264253));
#15741=CARTESIAN_POINT('',(31.156597531846,-23.355716094742,63.7275164036666));
#15742=CARTESIAN_POINT('Origin',(23.956597531846,-23.355716094742,66.794890264253));
#15743=CARTESIAN_POINT('',(37.0562179868964,-23.355716094742,77.4790337856102));
#15744=CARTESIAN_POINT('Origin',(31.156597531846,-24.355716094742,59.3717251168045));
#15745=CARTESIAN_POINT('',(31.156597531846,-24.355716094742,59.3717251168045));
#15746=CARTESIAN_POINT('',(31.156597531846,-24.355716094742,66.794890264253));
#15747=CARTESIAN_POINT('Origin',(31.156597531846,-24.355716094742,59.3717251168045));
#15748=CARTESIAN_POINT('',(31.156597531846,-24.355716094742,66.794890264253));
#15749=CARTESIAN_POINT('',(31.156597531846,-24.355716094742,59.3717251168045));
#15750=CARTESIAN_POINT('Origin',(24.5991216371168,-6.35571609474203,44.3098324706545));
#15751=CARTESIAN_POINT('',(-13.3944080024203,-6.35571609474203,31.3251570321193));
#15752=CARTESIAN_POINT('',(24.5991216371168,-6.35571609474203,44.3098324706545));
#15753=CARTESIAN_POINT('Origin',(-20.949142949383,-7.35571609474203,86.7117645904298));
#15754=CARTESIAN_POINT('',(-20.949142949383,-7.35571609474203,86.7117645904298));
#15755=CARTESIAN_POINT('',(-23.9261636151246,-7.35571609474203,77.7519588476592));
#15756=CARTESIAN_POINT('',(-20.55229967694,-7.35571609474203,87.9061260110041));
#15757=CARTESIAN_POINT('',(-27.5920540551703,-7.35571609474203,88.9189646358738));
#15758=CARTESIAN_POINT('',(-20.949142949383,-7.35571609474203,86.7117645904298));
#15759=CARTESIAN_POINT('',(-30.5690747209119,-7.35571609474203,79.9591588931033));
#15760=CARTESIAN_POINT('',(-31.5810464100451,-7.35571609474203,76.913473031343));
#15761=CARTESIAN_POINT('',(-23.9261636151246,-7.35571609474203,77.7519588476592));
#15762=CARTESIAN_POINT('Origin',(-20.949142949383,-7.85571609474203,86.7117645904298));
#15763=CARTESIAN_POINT('',(-20.7914858032799,-7.85571609474203,87.1862582408431));
#15764=CARTESIAN_POINT('Origin',(-20.949142949383,-7.85571609474203,86.7117645904297));
#15765=CARTESIAN_POINT('',(-27.4343969090672,-7.85571609474203,89.3934582862872));
#15766=CARTESIAN_POINT('',(-20.7914858032799,-7.85571609474203,87.1862582408431));
#15767=CARTESIAN_POINT('Origin',(-27.5920540551703,-7.85571609474203,88.9189646358738));
#15768=CARTESIAN_POINT('Origin',(-20.7914858032799,-22.855716094742,87.1862582408431));
#15769=CARTESIAN_POINT('',(-20.7914858032799,-22.855716094742,87.1862582408431));
#15770=CARTESIAN_POINT('',(-20.7914858032798,-6.35571609474203,87.1862582408431));
#15771=CARTESIAN_POINT('',(-27.4343969090672,-22.855716094742,89.3934582862872));
#15772=CARTESIAN_POINT('',(-20.7914858032799,-22.855716094742,87.1862582408431));
#15773=CARTESIAN_POINT('',(-27.4343969090671,-23.605716094742,89.3934582862872));
#15774=CARTESIAN_POINT('Origin',(-20.949142949383,-22.855716094742,86.7117645904298));
#15775=CARTESIAN_POINT('',(-20.949142949383,-23.355716094742,86.7117645904298));
#15776=CARTESIAN_POINT('Origin',(-20.949142949383,-22.855716094742,86.7117645904297));
#15777=CARTESIAN_POINT('',(-27.5920540551703,-23.355716094742,88.9189646358738));
#15778=CARTESIAN_POINT('',(-20.949142949383,-23.355716094742,86.7117645904298));
#15779=CARTESIAN_POINT('Origin',(-27.5920540551703,-22.855716094742,88.9189646358738));
#15780=CARTESIAN_POINT('Origin',(-23.9261636151246,-23.355716094742,77.7519588476592));
#15781=CARTESIAN_POINT('',(-23.9261636151246,-23.355716094742,77.7519588476592));
#15782=CARTESIAN_POINT('',(-22.0408100098108,-23.355716094742,83.4262231396189));
#15783=CARTESIAN_POINT('',(-30.5690747209119,-23.355716094742,79.9591588931033));
#15784=CARTESIAN_POINT('',(-23.9261636151246,-23.355716094742,77.7519588476592));
#15785=CARTESIAN_POINT('',(-33.0695567429159,-23.355716094742,72.4335701599578));
#15786=CARTESIAN_POINT('Origin',(-23.9261636151246,-22.855716094742,77.7519588476592));
#15787=CARTESIAN_POINT('',(-24.0838207612278,-22.855716094742,77.2774651972458));
#15788=CARTESIAN_POINT('Origin',(-23.9261636151246,-22.855716094742,77.7519588476592));
#15789=CARTESIAN_POINT('',(-30.726731867015,-22.855716094742,79.4846652426899));
#15790=CARTESIAN_POINT('',(-24.0838207612278,-22.855716094742,77.2774651972458));
#15791=CARTESIAN_POINT('Origin',(-30.5690747209119,-22.855716094742,79.9591588931032));
#15792=CARTESIAN_POINT('Origin',(-24.0838207612278,-7.85571609474203,77.2774651972458));
#15793=CARTESIAN_POINT('',(-24.0838207612278,-7.85571609474203,77.2774651972458));
#15794=CARTESIAN_POINT('',(-24.0838207612277,-15.355716094742,77.2774651972458));
#15795=CARTESIAN_POINT('',(-30.726731867015,-7.85571609474203,79.4846652426899));
#15796=CARTESIAN_POINT('',(-24.0838207612278,-7.85571609474203,77.2774651972458));
#15797=CARTESIAN_POINT('',(-30.726731867015,-16.105716094742,79.4846652426899));
#15798=CARTESIAN_POINT('Origin',(-23.9261636151246,-7.85571609474203,77.7519588476592));
#15799=CARTESIAN_POINT('Origin',(-23.9261636151246,-7.85571609474203,77.7519588476592));
#15800=CARTESIAN_POINT('Origin',(-30.5690747209119,-7.85571609474203,79.9591588931032));
#15801=CARTESIAN_POINT('Origin',(-20.155456404497,-6.35571609474203,89.1004874315786));
#15802=CARTESIAN_POINT('',(-24.0838207612277,-15.355716094742,77.2774651972458));
#15803=CARTESIAN_POINT('',(-20.7914858032798,-6.35571609474203,87.1862582408431));
#15804=CARTESIAN_POINT('Origin',(-20.155456404497,-6.35571609474203,89.1004874315786));
#15805=CARTESIAN_POINT('',(-20.7914858032798,-6.35571609474203,87.1862582408431));
#15806=CARTESIAN_POINT('',(-24.0838207612277,-15.355716094742,77.2774651972458));
#15807=CARTESIAN_POINT('Origin',(-7.91552744636156,-24.355716094742,85.0584753485388));
#15808=CARTESIAN_POINT('',(-8.95136773836739,-24.355716094742,83.347617408949));
#15809=CARTESIAN_POINT('',(-9.86135534656773,-24.355716094742,84.5961402073487));
#15810=CARTESIAN_POINT('Origin',(-11.8071832467739,-24.355716094742,84.1338050661586));
#15811=CARTESIAN_POINT('',(-11.1603926038814,-24.355716094742,86.0263329693258));
#15812=CARTESIAN_POINT('Origin',(-11.3308183787088,-6.35571609474203,42.1956128953379));
#15813=CARTESIAN_POINT('',(-10.684027709428,-6.35571609474203,40.3030850011891));
#15814=CARTESIAN_POINT('',(-9.37561014689226,-6.35571609474203,41.7747081908776));
#15815=CARTESIAN_POINT('Origin',(-20.007398167789,-6.35571609474203,37.1167282571958));
#15816=CARTESIAN_POINT('',(-18.0986623045063,-6.35571609474203,37.769058164887));
#15817=CARTESIAN_POINT('Origin',(-7.4204019150757,-6.35571609474203,41.3538034864174));
#15818=CARTESIAN_POINT('',(-8.15616612751437,-6.35571609474203,43.2135483677639));
#15819=CARTESIAN_POINT('Origin',(-18.7454529737871,-6.35571609474203,39.6615860590357));
#15820=CARTESIAN_POINT('Origin',(-22.0373672395782,-15.355716094742,49.5691129642934));
#15821=CARTESIAN_POINT('',(-22.6679958239908,-15.355716094742,51.4670875659469));
#15822=CARTESIAN_POINT('Origin',(-13.2958657566901,-24.355716094742,54.5811087504893));
#15823=CARTESIAN_POINT('',(-9.48968400326124,-15.355716094742,55.845765827086));
#15824=CARTESIAN_POINT('Origin',(-22.1858461595742,-15.355716094742,76.6468366128332));
#15825=CARTESIAN_POINT('',(-22.8164747439868,-15.355716094742,74.7488620111797));
#15826=CARTESIAN_POINT('Origin',(-18.8935112016263,-6.35571609474203,86.5556296564305));
#15827=CARTESIAN_POINT('',(-18.2467205587338,-6.35571609474203,88.4481575595978));
#15828=CARTESIAN_POINT('Origin',(-9.33183090861942,-6.35571609474203,85.4014034280135));
#15829=CARTESIAN_POINT('Origin',(30.569307641038,-24.355716094742,38.287826146339));
#15830=CARTESIAN_POINT('',(28.569307641038,-24.355716094742,38.287826146339));
#15831=CARTESIAN_POINT('',(30.569307641038,-24.355716094742,36.287826146339));
#15832=CARTESIAN_POINT('Origin',(33.5562179868964,-24.355716094742,36.287826146339));
#15833=CARTESIAN_POINT('',(33.5562179868964,-24.355716094742,36.287826146339));
#15834=CARTESIAN_POINT('Origin',(-16.8403880132458,-6.35571609474203,25.92030791515));
#15835=CARTESIAN_POINT('',(-16.1935973439649,-6.35571609474203,24.0277800210012));
#15836=CARTESIAN_POINT('',(-14.9424134115923,-6.35571609474203,26.5509364995626));
#15837=CARTESIAN_POINT('Origin',(-15.2711839009793,-6.35571609474203,27.5404223142772));
#15838=CARTESIAN_POINT('',(-15.2711839009793,-6.35571609474203,27.5404223142772));
#15839=CARTESIAN_POINT('Origin',(30.5693076313539,-6.35571609474203,88.3747598806916));
#15840=CARTESIAN_POINT('',(30.5693076313539,-6.35571609474203,90.3747598806916));
#15841=CARTESIAN_POINT('',(28.5693076313539,-6.35571609474203,88.3747598806916));
#15842=CARTESIAN_POINT('Origin',(28.5693076313539,-6.35571609474203,85.1915453783836));
#15843=CARTESIAN_POINT('',(28.5693076313539,-6.35571609474203,85.1915453783836));
#15844=CARTESIAN_POINT('Origin',(-16.8404580308915,-24.355716094742,100.742301353158));
#15845=CARTESIAN_POINT('',(-14.942483429238,-24.355716094742,100.111672768745));
#15846=CARTESIAN_POINT('',(-16.193667387999,-24.355716094742,102.634829256325));
#15847=CARTESIAN_POINT('Origin',(-13.8476236685893,-6.35571609474203,103.406823146395));
#15848=CARTESIAN_POINT('',(-15.2712538966033,-6.35571609474203,99.1221870203087));
#15849=CARTESIAN_POINT('Origin',(25.5693076313539,-6.35571609474203,85.1915453783836));
#15850=CARTESIAN_POINT('',(24.5991216670151,-6.35571609474203,82.3527535236327));
#15851=CARTESIAN_POINT('Origin',(-13.3944779584619,-6.35571609474203,95.3374522889389));
#15852=CARTESIAN_POINT('',(-13.3944779584619,-6.35571609474203,95.3374522889389));
#15853=CARTESIAN_POINT('Origin',(-12.4242919941231,-6.35571609474203,98.1762441436898));
#15854=CARTESIAN_POINT('Origin',(-12.424221998499,-6.35571609474203,28.4863651908961));
#15855=CARTESIAN_POINT('Origin',(25.569307641038,-6.35571609474203,41.4710406294313));
#15856=CARTESIAN_POINT('',(28.569307641038,-6.35571609474203,41.4710406294313));
#15857=CARTESIAN_POINT('Origin',(28.569307641038,-6.35571609474203,35.1106674078571));
#15858=CARTESIAN_POINT('Origin',(-9.80499829546753,-15.355716094742,56.7947531279128));
#15859=CARTESIAN_POINT('',(-8.80499829546753,-15.355716094742,56.7947531279128));
#15860=CARTESIAN_POINT('Origin',(-9.80499829546753,-24.355716094742,57.0393515101682));
#15861=CARTESIAN_POINT('',(-9.31888717659543,-24.355716094742,57.9132485178922));
#15862=CARTESIAN_POINT('',(-8.80499829546753,-24.355716094742,57.0393515101682));
#15863=CARTESIAN_POINT('Origin',(-6.30499823958837,-24.355716094742,63.3314099657808));
#15864=CARTESIAN_POINT('',(-9.55495919235775,-24.355716094742,68.6113487727628));
#15865=CARTESIAN_POINT('Origin',(-10.0791464428044,-24.355716094742,69.462951806147));
#15866=CARTESIAN_POINT('',(-9.76383215059813,-24.355716094742,70.4119391069738));
#15867=CARTESIAN_POINT('Origin',(-18.9435237510839,-24.355716094742,73.4620199217092));
#15868=CARTESIAN_POINT('Origin',(-8.80499829546753,-6.35571609474203,57.6577868094015));
#15869=CARTESIAN_POINT('Origin',(30.0237390097383,-24.355716094742,76.6348907766217));
#15870=CARTESIAN_POINT('',(31.6237390097383,-24.355716094742,76.6348907766217));
#15871=CARTESIAN_POINT('Origin',(-17.4256260315993,-24.355716094742,92.4006053869365));
#15872=CARTESIAN_POINT('',(-15.8256260315993,-24.355716094742,92.4006053869365));
#15873=CARTESIAN_POINT('Origin',(30.0237390097383,-24.355716094742,50.0279291549401));
#15874=CARTESIAN_POINT('',(31.6237390097383,-24.355716094742,50.0279291549401));
#15875=CARTESIAN_POINT('Origin',(-6.20639096455195,-24.355716094742,87.8813909488619));
#15876=CARTESIAN_POINT('',(-7.87755671324533,-24.355716094742,82.8517582544801));
#15877=CARTESIAN_POINT('Origin',(7.67623140029951,-24.355716094742,77.683794799251));
#15878=CARTESIAN_POINT('',(7.67623140029951,-24.355716094742,77.683794799251));
#15879=CARTESIAN_POINT('Origin',(8.24379712627085,-24.355716094742,79.3919719407392));
#15880=CARTESIAN_POINT('',(9.03995822187328,-24.355716094742,77.777621449102));
#15881=CARTESIAN_POINT('Origin',(10.194310806667,-24.355716094742,78.3469219965245));
#15882=CARTESIAN_POINT('',(10.194310806667,-24.355716094742,78.3469219965245));
#15883=CARTESIAN_POINT('Origin',(11.0789342462252,-24.355716094742,76.5531992280387));
#15884=CARTESIAN_POINT('',(11.7095628306378,-24.355716094742,78.4511738296923));
#15885=CARTESIAN_POINT('Origin',(26.2268604357314,-24.355716094742,73.6275988302056));
#15886=CARTESIAN_POINT('',(26.2268604357314,-24.355716094742,73.6275988302056));
#15887=CARTESIAN_POINT('Origin',(23.956597531846,-24.355716094742,66.794890264253));
#15888=CARTESIAN_POINT('Origin',(23.956597531846,-24.355716094742,59.3717251168045));
#15889=CARTESIAN_POINT('',(26.2268604357314,-24.355716094742,52.5390165508519));
#15890=CARTESIAN_POINT('Origin',(11.7095628306378,-24.355716094742,47.7154415513652));
#15891=CARTESIAN_POINT('',(11.7095628306378,-24.355716094742,47.7154415513652));
#15892=CARTESIAN_POINT('Origin',(11.0789342462252,-24.355716094742,49.6134161530187));
#15893=CARTESIAN_POINT('',(10.1943108066669,-24.355716094742,47.819693384533));
#15894=CARTESIAN_POINT('Origin',(9.03995822187331,-24.355716094742,48.3889939319555));
#15895=CARTESIAN_POINT('',(9.03995822187331,-24.355716094742,48.3889939319555));
#15896=CARTESIAN_POINT('Origin',(8.24379712627088,-24.355716094742,46.7746434403184));
#15897=CARTESIAN_POINT('',(7.67623140029955,-24.355716094742,48.4828205818065));
#15898=CARTESIAN_POINT('Origin',(-7.87755671324532,-24.355716094742,43.3148571265774));
#15899=CARTESIAN_POINT('',(-7.87755671324532,-24.355716094742,43.3148571265774));
#15900=CARTESIAN_POINT('Origin',(-6.20639096455187,-24.355716094742,38.2852244321956));
#15901=CARTESIAN_POINT('Origin',(-17.4256260315993,-24.355716094742,34.2622145446252));
#15902=CARTESIAN_POINT('',(-15.8256260315993,-24.355716094742,34.2622145446252));
#15903=CARTESIAN_POINT('Origin',(-16.1589225782299,-24.355716094742,24.0396304750982));
#15904=CARTESIAN_POINT('',(-18.9967883662847,-24.355716094742,23.0697609592723));
#15905=CARTESIAN_POINT('Origin',(33.5562179868964,-24.355716094742,39.787826146339));
#15906=CARTESIAN_POINT('',(37.0562179868964,-24.355716094742,39.7878261463391));
#15907=CARTESIAN_POINT('Origin',(37.0562179868964,-24.355716094742,86.8747598806916));
#15908=CARTESIAN_POINT('',(37.0562179868964,-24.355716094742,86.8747598806916));
#15909=CARTESIAN_POINT('Origin',(33.5562179868964,-24.355716094742,86.8747598806916));
#15910=CARTESIAN_POINT('',(33.5562179868964,-24.355716094742,90.3747598806916));
#15911=CARTESIAN_POINT('Origin',(30.392198803347,-24.355716094742,90.3747598806916));
#15912=CARTESIAN_POINT('Origin',(-18.9968584235256,-24.355716094742,103.592848278916));
#15913=CARTESIAN_POINT('',(-18.9968584235256,-24.355716094742,103.592848278916));
#15914=CARTESIAN_POINT('Origin',(-20.1287420485875,-24.355716094742,100.280924448374));
#15915=CARTESIAN_POINT('',(-23.4501976014812,-24.355716094742,101.384524471096));
#15916=CARTESIAN_POINT('Origin',(-35.5700387649199,-24.355716094742,64.9079814268123));
#15917=CARTESIAN_POINT('',(-35.5700387649199,-24.355716094742,64.9079814268123));
#15918=CARTESIAN_POINT('Origin',(-30.8251022607862,-24.355716094742,63.3314099657808));
#15919=CARTESIAN_POINT('',(-35.5700387649199,-24.355716094742,61.7548385047493));
#15920=CARTESIAN_POINT('Origin',(-23.4501275904197,-24.355716094742,25.2780847513106));
#15921=CARTESIAN_POINT('',(-23.4501275904197,-24.355716094742,25.2780847513106));
#15922=CARTESIAN_POINT('Origin',(-20.1286720375261,-24.355716094742,26.3816847740327));
#15923=CARTESIAN_POINT('',(0.,0.,0.));
#15924=CARTESIAN_POINT('Origin',(2.46573926782354,-6.35571609474204,36.7455237804928));
#15925=CARTESIAN_POINT('',(24.5991216371168,-6.35571609474204,44.3098324706546));
#15926=CARTESIAN_POINT('',(-13.3944080024203,-6.35571609474204,31.3251570321193));
#15927=CARTESIAN_POINT('',(2.46573926782354,-6.35571609474204,36.7455237804928));
#15928=CARTESIAN_POINT('',(-13.3944080024203,-5.35571609474204,31.3251570321193));
#15929=CARTESIAN_POINT('',(-13.3944080024203,-6.35571609474204,31.3251570321193));
#15930=CARTESIAN_POINT('',(24.5991216371168,-5.35571609474204,44.3098324706546));
#15931=CARTESIAN_POINT('',(2.46573926782354,-5.35571609474204,36.7455237804928));
#15932=CARTESIAN_POINT('',(24.5991216371168,-6.35571609474204,44.3098324706546));
#15933=CARTESIAN_POINT('Origin',(0.615557863055123,-5.35571609474204,63.3313046112033));
#15934=CARTESIAN_POINT('',(-15.2711839009793,-5.35571609474204,27.5404223142773));
#15935=CARTESIAN_POINT('Origin',(-12.4242219984991,-5.35571609474204,28.4863651908961));
#15936=CARTESIAN_POINT('',(-14.9424134115923,-5.35571609474204,26.5509364995626));
#15937=CARTESIAN_POINT('',(-15.2711839009793,-5.35571609474204,27.5404223142773));
#15938=CARTESIAN_POINT('',(-16.193597343965,-5.35571609474204,24.0277800210012));
#15939=CARTESIAN_POINT('Origin',(-16.8403880132458,-5.35571609474204,25.92030791515));
#15940=CARTESIAN_POINT('',(-18.9967883662847,-5.35571609474204,23.0697609592724));
#15941=CARTESIAN_POINT('',(-16.193597343965,-5.35571609474204,24.0277800210012));
#15942=CARTESIAN_POINT('',(-23.4501275904198,-5.35571609474204,25.2780847513106));
#15943=CARTESIAN_POINT('Origin',(-20.1286720375262,-5.35571609474204,26.3816847740327));
#15944=CARTESIAN_POINT('',(-35.57003876492,-5.35571609474204,61.7548385047494));
#15945=CARTESIAN_POINT('',(-23.4501275904198,-5.35571609474204,25.2780847513106));
#15946=CARTESIAN_POINT('',(-35.57003876492,-5.35571609474204,64.9079814268123));
#15947=CARTESIAN_POINT('Origin',(-30.8251022607862,-5.35571609474204,63.3314099657808));
#15948=CARTESIAN_POINT('',(-23.4501976014813,-5.35571609474204,101.384524471096));
#15949=CARTESIAN_POINT('',(-35.57003876492,-5.35571609474204,64.9079814268123));
#15950=CARTESIAN_POINT('',(-18.9968584235257,-5.35571609474204,103.592848278916));
#15951=CARTESIAN_POINT('Origin',(-20.1287420485876,-5.35571609474204,100.280924448374));
#15952=CARTESIAN_POINT('',(-16.193667387999,-5.35571609474204,102.634829256325));
#15953=CARTESIAN_POINT('',(-18.9968584235257,-5.35571609474204,103.592848278916));
#15954=CARTESIAN_POINT('',(-14.9424834292381,-5.35571609474204,100.111672768745));
#15955=CARTESIAN_POINT('Origin',(-16.8404580308916,-5.35571609474204,100.742301353158));
#15956=CARTESIAN_POINT('',(-15.2712538966034,-5.35571609474204,99.1221870203088));
#15957=CARTESIAN_POINT('',(-14.9424834292381,-5.35571609474204,100.111672768745));
#15958=CARTESIAN_POINT('',(-13.3944779584619,-5.35571609474204,95.337452288939));
#15959=CARTESIAN_POINT('Origin',(-12.4242919941231,-5.35571609474204,98.1762441436899));
#15960=CARTESIAN_POINT('',(24.5991216670152,-5.35571609474204,82.3527535236327));
#15961=CARTESIAN_POINT('',(-13.3944779584619,-5.35571609474204,95.337452288939));
#15962=CARTESIAN_POINT('',(28.569307631354,-5.35571609474204,85.1915453783836));
#15963=CARTESIAN_POINT('Origin',(25.569307631354,-5.35571609474204,85.1915453783837));
#15964=CARTESIAN_POINT('',(28.569307631354,-5.35571609474204,88.3747598806917));
#15965=CARTESIAN_POINT('',(28.569307631354,-5.35571609474204,85.1915453783836));
#15966=CARTESIAN_POINT('',(30.569307631354,-5.35571609474204,90.3747598806917));
#15967=CARTESIAN_POINT('Origin',(30.569307631354,-5.35571609474204,88.3747598806917));
#15968=CARTESIAN_POINT('',(33.5562179868965,-5.35571609474204,90.3747598806917));
#15969=CARTESIAN_POINT('',(30.569307631354,-5.35571609474204,90.3747598806917));
#15970=CARTESIAN_POINT('',(37.0562179868965,-5.35571609474204,86.8747598806917));
#15971=CARTESIAN_POINT('Origin',(33.5562179868965,-5.35571609474204,86.8747598806917));
#15972=CARTESIAN_POINT('',(37.0562179868965,-5.35571609474204,39.7878261463391));
#15973=CARTESIAN_POINT('',(37.0562179868965,-5.35571609474204,86.8747598806917));
#15974=CARTESIAN_POINT('',(33.5562179868965,-5.35571609474204,36.2878261463391));
#15975=CARTESIAN_POINT('Origin',(33.5562179868965,-5.35571609474204,39.7878261463391));
#15976=CARTESIAN_POINT('',(30.5693076410381,-5.35571609474204,36.2878261463391));
#15977=CARTESIAN_POINT('',(33.5562179868965,-5.35571609474204,36.2878261463391));
#15978=CARTESIAN_POINT('',(28.569307641038,-5.35571609474204,38.2878261463391));
#15979=CARTESIAN_POINT('Origin',(30.5693076410381,-5.35571609474204,38.2878261463391));
#15980=CARTESIAN_POINT('',(28.5693076410381,-5.35571609474204,41.4710406294314));
#15981=CARTESIAN_POINT('',(28.569307641038,-5.35571609474204,38.2878261463391));
#15982=CARTESIAN_POINT('Origin',(25.5693076410381,-5.35571609474204,41.4710406294314));
#15983=CARTESIAN_POINT('',(26.2268604357315,-5.35571609474204,52.539016550852));
#15984=CARTESIAN_POINT('',(31.1565975318461,-5.35571609474204,59.3717251168046));
#15985=CARTESIAN_POINT('Origin',(23.9565975318461,-5.35571609474204,59.3717251168046));
#15986=CARTESIAN_POINT('',(31.1565975318461,-5.35571609474204,66.7948902642531));
#15987=CARTESIAN_POINT('',(31.1565975318461,-5.35571609474204,59.3717251168046));
#15988=CARTESIAN_POINT('',(26.2268604357314,-5.35571609474204,73.6275988302057));
#15989=CARTESIAN_POINT('Origin',(23.956597531846,-5.35571609474204,66.794890264253));
#15990=CARTESIAN_POINT('',(11.7095628306378,-5.35571609474204,78.4511738296923));
#15991=CARTESIAN_POINT('',(26.2268604357314,-5.35571609474204,73.6275988302057));
#15992=CARTESIAN_POINT('',(10.194310806667,-5.35571609474204,78.3469219965246));
#15993=CARTESIAN_POINT('Origin',(11.0789342462252,-5.35571609474204,76.5531992280388));
#15994=CARTESIAN_POINT('',(9.03995822187329,-5.35571609474204,77.7776214491021));
#15995=CARTESIAN_POINT('',(10.194310806667,-5.35571609474204,78.3469219965246));
#15996=CARTESIAN_POINT('',(7.67623140029952,-5.35571609474204,77.6837947992511));
#15997=CARTESIAN_POINT('Origin',(8.24379712627086,-5.35571609474204,79.3919719407393));
#15998=CARTESIAN_POINT('',(-7.87755671324536,-5.35571609474204,82.8517582544802));
#15999=CARTESIAN_POINT('',(7.67623140029952,-5.35571609474204,77.6837947992511));
#16000=CARTESIAN_POINT('',(-8.95136773836742,-5.35571609474204,83.3476174089491));
#16001=CARTESIAN_POINT('Origin',(-6.20639096455198,-5.35571609474204,87.881390948862));
#16002=CARTESIAN_POINT('',(-9.86135534656775,-5.35571609474204,84.5961402073487));
#16003=CARTESIAN_POINT('Origin',(-7.91552744636154,-5.35571609474204,85.0584753485389));
#16004=CARTESIAN_POINT('',(-11.1603926038814,-5.35571609474204,86.0263329693259));
#16005=CARTESIAN_POINT('Origin',(-11.807183246774,-5.35571609474204,84.1338050661586));
#16006=CARTESIAN_POINT('',(-18.2467205587338,-5.35571609474204,88.4481575595979));
#16007=CARTESIAN_POINT('',(-11.1603926038814,-5.35571609474204,86.0263329693259));
#16008=CARTESIAN_POINT('',(-20.7914858032799,-5.35571609474204,87.1862582408432));
#16009=CARTESIAN_POINT('Origin',(-18.8935112016264,-5.35571609474204,86.5556296564306));
#16010=CARTESIAN_POINT('',(-24.0838207612278,-5.35571609474204,77.2774651972459));
#16011=CARTESIAN_POINT('',(-20.7914858032799,-5.35571609474204,87.1862582408432));
#16012=CARTESIAN_POINT('',(-22.8164747439869,-5.35571609474204,74.7488620111798));
#16013=CARTESIAN_POINT('Origin',(-22.1858461595743,-5.35571609474204,76.6468366128333));
#16014=CARTESIAN_POINT('',(-9.76383215059816,-5.35571609474204,70.4119391069739));
#16015=CARTESIAN_POINT('',(-22.8164747439869,-5.35571609474204,74.7488620111798));
#16016=CARTESIAN_POINT('',(-9.55495919235779,-5.35571609474204,68.6113487727629));
#16017=CARTESIAN_POINT('Origin',(-10.0791464428044,-5.35571609474204,69.4629518061471));
#16018=CARTESIAN_POINT('',(-9.31888717659546,-5.35571609474204,57.9132485178923));
#16019=CARTESIAN_POINT('Origin',(-6.3049982395884,-5.35571609474204,63.3314099657809));
#16020=CARTESIAN_POINT('',(-8.80499829546756,-5.35571609474204,57.0393515101683));
#16021=CARTESIAN_POINT('Origin',(-9.80499829546754,-5.35571609474204,57.0393515101683));
#16022=CARTESIAN_POINT('',(-8.80499829546756,-5.35571609474204,56.7947531279128));
#16023=CARTESIAN_POINT('',(-8.80499829546756,-5.35571609474204,57.0393515101683));
#16024=CARTESIAN_POINT('',(-9.48968400326126,-5.35571609474204,55.8457658270861));
#16025=CARTESIAN_POINT('Origin',(-9.80499829546756,-5.35571609474204,56.7947531279128));
#16026=CARTESIAN_POINT('',(-22.6679958239909,-5.35571609474204,51.467087565947));
#16027=CARTESIAN_POINT('',(-9.48968400326126,-5.35571609474204,55.8457658270861));
#16028=CARTESIAN_POINT('',(-23.9353418412318,-5.35571609474204,48.9384843798809));
#16029=CARTESIAN_POINT('Origin',(-22.0373672395783,-5.35571609474204,49.5691129642935));
#16030=CARTESIAN_POINT('',(-20.6434275754407,-5.35571609474204,39.0309574746232));
#16031=CARTESIAN_POINT('',(-23.9353418412318,-5.35571609474204,48.9384843798809));
#16032=CARTESIAN_POINT('',(-18.0986623045063,-5.35571609474204,37.769058164887));
#16033=CARTESIAN_POINT('Origin',(-18.7454529737872,-5.35571609474204,39.6615860590358));
#16034=CARTESIAN_POINT('',(-10.684027709428,-5.35571609474204,40.3030850011891));
#16035=CARTESIAN_POINT('',(-18.0986623045063,-5.35571609474204,37.769058164887));
#16036=CARTESIAN_POINT('',(-9.37561014689228,-5.35571609474204,41.7747081908777));
#16037=CARTESIAN_POINT('Origin',(-11.3308183787088,-5.35571609474204,42.1956128953379));
#16038=CARTESIAN_POINT('',(-8.15616612751439,-5.35571609474204,43.2135483677639));
#16039=CARTESIAN_POINT('Origin',(-7.42040191507572,-5.35571609474204,41.3538034864174));
#16040=CARTESIAN_POINT('',(-7.87755671324534,-5.35571609474204,43.3148571265775));
#16041=CARTESIAN_POINT('Origin',(-6.20639096455189,-5.35571609474204,38.2852244321956));
#16042=CARTESIAN_POINT('',(7.67623140029956,-5.35571609474204,48.4828205818065));
#16043=CARTESIAN_POINT('',(-7.87755671324534,-5.35571609474204,43.3148571265775));
#16044=CARTESIAN_POINT('',(9.03995822187332,-5.35571609474204,48.3889939319556));
#16045=CARTESIAN_POINT('Origin',(8.2437971262709,-5.35571609474204,46.7746434403184));
#16046=CARTESIAN_POINT('',(10.194310806667,-5.35571609474204,47.819693384533));
#16047=CARTESIAN_POINT('',(9.03995822187332,-5.35571609474204,48.3889939319556));
#16048=CARTESIAN_POINT('',(11.7095628306379,-5.35571609474204,47.7154415513652));
#16049=CARTESIAN_POINT('Origin',(11.0789342462253,-5.35571609474204,49.6134161530187));
#16050=CARTESIAN_POINT('',(11.7095628306379,-5.35571609474204,47.7154415513652));
#16051=CARTESIAN_POINT('',(31.6237390097384,-5.35571609474204,76.6348907766218));
#16052=CARTESIAN_POINT('Origin',(30.0237390097384,-5.35571609474204,76.6348907766218));
#16053=CARTESIAN_POINT('',(31.6237390097384,-5.35571609474204,50.0279291549401));
#16054=CARTESIAN_POINT('Origin',(30.0237390097384,-5.35571609474204,50.0279291549401));
#16055=CARTESIAN_POINT('',(-15.8256260315994,-5.35571609474204,92.4006053869366));
#16056=CARTESIAN_POINT('Origin',(-17.4256260315994,-5.35571609474204,92.4006053869366));
#16057=CARTESIAN_POINT('',(-15.8256260315993,-5.35571609474204,34.2622145446253));
#16058=CARTESIAN_POINT('Origin',(-17.4256260315993,-5.35571609474204,34.2622145446253));
#16059=CARTESIAN_POINT('Origin',(11.7095628306379,-6.35571609474204,47.7154415513652));
#16060=CARTESIAN_POINT('',(11.7095628306379,-6.35571609474204,47.7154415513652));
#16061=CARTESIAN_POINT('',(26.2268604357315,-6.35571609474204,52.539016550852));
#16062=CARTESIAN_POINT('',(11.7095628306379,-6.35571609474204,47.7154415513652));
#16063=CARTESIAN_POINT('',(26.2268604357315,-6.35571609474204,52.539016550852));
#16064=CARTESIAN_POINT('',(11.7095628306379,-6.35571609474204,47.7154415513652));
#16065=CARTESIAN_POINT('Origin',(11.0789342462253,-6.35571609474204,49.6134161530187));
#16066=CARTESIAN_POINT('',(10.194310806667,-6.35571609474204,47.819693384533));
#16067=CARTESIAN_POINT('Origin',(11.0789342462253,-6.35571609474204,49.6134161530187));
#16068=CARTESIAN_POINT('',(10.194310806667,-6.35571609474204,47.819693384533));
#16069=CARTESIAN_POINT('Origin',(9.03995822187332,-6.35571609474204,48.3889939319556));
#16070=CARTESIAN_POINT('',(9.03995822187332,-6.35571609474204,48.3889939319556));
#16071=CARTESIAN_POINT('',(9.03995822187332,-6.35571609474204,48.3889939319556));
#16072=CARTESIAN_POINT('',(9.03995822187332,-6.35571609474204,48.3889939319556));
#16073=CARTESIAN_POINT('Origin',(8.2437971262709,-6.35571609474204,46.7746434403184));
#16074=CARTESIAN_POINT('',(7.67623140029956,-6.35571609474204,48.4828205818065));
#16075=CARTESIAN_POINT('Origin',(8.2437971262709,-6.35571609474204,46.7746434403184));
#16076=CARTESIAN_POINT('',(7.67623140029956,-6.35571609474204,48.4828205818065));
#16077=CARTESIAN_POINT('Origin',(-7.87755671324534,-6.35571609474204,43.3148571265775));
#16078=CARTESIAN_POINT('',(-7.87755671324534,-6.35571609474204,43.3148571265775));
#16079=CARTESIAN_POINT('',(-7.87755671324534,-6.35571609474204,43.3148571265775));
#16080=CARTESIAN_POINT('',(-7.87755671324534,-6.35571609474204,43.3148571265775));
#16081=CARTESIAN_POINT('Origin',(-6.20639096455189,-6.35571609474204,38.2852244321956));
#16082=CARTESIAN_POINT('',(-8.15616612751439,-6.35571609474204,43.2135483677639));
#16083=CARTESIAN_POINT('Origin',(-6.20639096455189,-6.35571609474204,38.2852244321956));
#16084=CARTESIAN_POINT('',(-8.15616612751439,-6.35571609474204,43.2135483677639));
#16085=CARTESIAN_POINT('Origin',(-7.42040191507572,-6.35571609474204,41.3538034864174));
#16086=CARTESIAN_POINT('',(-9.37561014689228,-6.35571609474204,41.7747081908777));
#16087=CARTESIAN_POINT('Origin',(-7.42040191507572,-6.35571609474204,41.3538034864174));
#16088=CARTESIAN_POINT('',(-9.37561014689228,-6.35571609474204,41.7747081908777));
#16089=CARTESIAN_POINT('Origin',(-11.3308183787088,-6.35571609474204,42.1956128953379));
#16090=CARTESIAN_POINT('',(-10.684027709428,-6.35571609474204,40.3030850011891));
#16091=CARTESIAN_POINT('Origin',(-11.3308183787088,-6.35571609474204,42.1956128953379));
#16092=CARTESIAN_POINT('',(-10.684027709428,-6.35571609474204,40.3030850011891));
#16093=CARTESIAN_POINT('Origin',(-18.0986623045063,-6.35571609474204,37.769058164887));
#16094=CARTESIAN_POINT('',(-18.0986623045063,-6.35571609474204,37.769058164887));
#16095=CARTESIAN_POINT('',(-18.0986623045063,-6.35571609474204,37.769058164887));
#16096=CARTESIAN_POINT('',(-18.0986623045063,-6.35571609474204,37.769058164887));
#16097=CARTESIAN_POINT('Origin',(-18.7454529737872,-6.35571609474204,39.6615860590358));
#16098=CARTESIAN_POINT('',(-20.6434275754407,-6.35571609474204,39.0309574746232));
#16099=CARTESIAN_POINT('Origin',(-18.7454529737872,-6.35571609474204,39.6615860590358));
#16100=CARTESIAN_POINT('',(-20.6434275754407,-6.35571609474204,39.0309574746232));
#16101=CARTESIAN_POINT('Origin',(-23.9353418412318,-6.35571609474204,48.9384843798809));
#16102=CARTESIAN_POINT('',(-23.9353418412318,-6.35571609474204,48.9384843798809));
#16103=CARTESIAN_POINT('',(-23.9353418412318,-6.35571609474204,48.9384843798809));
#16104=CARTESIAN_POINT('',(-23.9353418412318,-6.35571609474204,48.9384843798809));
#16105=CARTESIAN_POINT('Origin',(-22.0373672395783,-6.35571609474204,49.5691129642935));
#16106=CARTESIAN_POINT('',(-22.6679958239909,-6.35571609474204,51.467087565947));
#16107=CARTESIAN_POINT('Origin',(-22.0373672395783,-6.35571609474204,49.5691129642935));
#16108=CARTESIAN_POINT('',(-22.6679958239909,-6.35571609474204,51.467087565947));
#16109=CARTESIAN_POINT('Origin',(-9.48968400326126,-6.35571609474204,55.8457658270861));
#16110=CARTESIAN_POINT('',(-9.48968400326126,-6.35571609474204,55.8457658270861));
#16111=CARTESIAN_POINT('',(-9.48968400326126,-6.35571609474204,55.8457658270861));
#16112=CARTESIAN_POINT('',(-9.48968400326126,-6.35571609474204,55.8457658270861));
#16113=CARTESIAN_POINT('Origin',(-9.80499829546756,-6.35571609474204,56.7947531279128));
#16114=CARTESIAN_POINT('',(-8.80499829546756,-6.35571609474204,56.7947531279128));
#16115=CARTESIAN_POINT('Origin',(-9.80499829546756,-6.35571609474204,56.7947531279128));
#16116=CARTESIAN_POINT('',(-8.80499829546756,-6.35571609474204,56.7947531279128));
#16117=CARTESIAN_POINT('Origin',(-8.80499829546756,-6.35571609474204,57.0393515101683));
#16118=CARTESIAN_POINT('',(-8.80499829546756,-6.35571609474204,57.0393515101683));
#16119=CARTESIAN_POINT('',(-8.80499829546756,-6.35571609474204,57.0393515101683));
#16120=CARTESIAN_POINT('',(-8.80499829546756,-6.35571609474204,57.0393515101683));
#16121=CARTESIAN_POINT('Origin',(-9.80499829546754,-6.35571609474204,57.0393515101683));
#16122=CARTESIAN_POINT('',(-9.31888717659546,-6.35571609474204,57.9132485178923));
#16123=CARTESIAN_POINT('Origin',(-9.80499829546754,-6.35571609474204,57.0393515101683));
#16124=CARTESIAN_POINT('',(-9.31888717659546,-6.35571609474204,57.9132485178923));
#16125=CARTESIAN_POINT('Origin',(-6.3049982395884,-6.35571609474204,63.3314099657809));
#16126=CARTESIAN_POINT('',(-9.55495919235779,-6.35571609474204,68.6113487727629));
#16127=CARTESIAN_POINT('Origin',(-6.3049982395884,-6.35571609474204,63.3314099657809));
#16128=CARTESIAN_POINT('',(-9.55495919235779,-6.35571609474204,68.6113487727629));
#16129=CARTESIAN_POINT('Origin',(-10.0791464428044,-6.35571609474204,69.4629518061471));
#16130=CARTESIAN_POINT('',(-9.76383215059816,-6.35571609474204,70.4119391069739));
#16131=CARTESIAN_POINT('Origin',(-10.0791464428044,-6.35571609474204,69.4629518061471));
#16132=CARTESIAN_POINT('',(-9.76383215059816,-6.35571609474204,70.4119391069739));
#16133=CARTESIAN_POINT('Origin',(-22.8164747439869,-6.35571609474204,74.7488620111798));
#16134=CARTESIAN_POINT('',(-22.8164747439869,-6.35571609474204,74.7488620111798));
#16135=CARTESIAN_POINT('',(-22.8164747439869,-6.35571609474204,74.7488620111798));
#16136=CARTESIAN_POINT('',(-22.8164747439869,-6.35571609474204,74.7488620111798));
#16137=CARTESIAN_POINT('Origin',(-22.1858461595743,-6.35571609474204,76.6468366128333));
#16138=CARTESIAN_POINT('',(-24.0838207612278,-6.35571609474204,77.2774651972459));
#16139=CARTESIAN_POINT('Origin',(-22.1858461595743,-6.35571609474204,76.6468366128333));
#16140=CARTESIAN_POINT('',(-24.0838207612278,-6.35571609474204,77.2774651972459));
#16141=CARTESIAN_POINT('Origin',(-20.7914858032799,-6.35571609474204,87.1862582408432));
#16142=CARTESIAN_POINT('',(-20.7914858032799,-6.35571609474204,87.1862582408432));
#16143=CARTESIAN_POINT('',(-20.7914858032799,-6.35571609474204,87.1862582408432));
#16144=CARTESIAN_POINT('',(-20.7914858032799,-6.35571609474204,87.1862582408432));
#16145=CARTESIAN_POINT('Origin',(-18.8935112016264,-6.35571609474204,86.5556296564306));
#16146=CARTESIAN_POINT('',(-18.2467205587338,-6.35571609474204,88.4481575595979));
#16147=CARTESIAN_POINT('Origin',(-18.8935112016264,-6.35571609474204,86.5556296564306));
#16148=CARTESIAN_POINT('',(-18.2467205587338,-6.35571609474204,88.4481575595979));
#16149=CARTESIAN_POINT('Origin',(-11.1603926038814,-6.35571609474204,86.0263329693259));
#16150=CARTESIAN_POINT('',(-11.1603926038814,-6.35571609474204,86.0263329693259));
#16151=CARTESIAN_POINT('',(-11.1603926038814,-6.35571609474204,86.0263329693259));
#16152=CARTESIAN_POINT('',(-11.1603926038814,-6.35571609474204,86.0263329693259));
#16153=CARTESIAN_POINT('Origin',(-11.807183246774,-6.35571609474204,84.1338050661586));
#16154=CARTESIAN_POINT('',(-9.86135534656775,-6.35571609474204,84.5961402073487));
#16155=CARTESIAN_POINT('Origin',(-11.807183246774,-6.35571609474204,84.1338050661586));
#16156=CARTESIAN_POINT('',(-9.86135534656775,-6.35571609474204,84.5961402073487));
#16157=CARTESIAN_POINT('Origin',(-7.91552744636154,-6.35571609474204,85.0584753485389));
#16158=CARTESIAN_POINT('',(-8.95136773836742,-6.35571609474204,83.3476174089491));
#16159=CARTESIAN_POINT('Origin',(-7.91552744636154,-6.35571609474204,85.0584753485389));
#16160=CARTESIAN_POINT('',(-8.95136773836742,-6.35571609474204,83.3476174089491));
#16161=CARTESIAN_POINT('Origin',(-6.20639096455198,-6.35571609474204,87.881390948862));
#16162=CARTESIAN_POINT('',(-7.87755671324536,-6.35571609474204,82.8517582544802));
#16163=CARTESIAN_POINT('Origin',(-6.20639096455198,-6.35571609474204,87.881390948862));
#16164=CARTESIAN_POINT('',(-7.87755671324536,-6.35571609474204,82.8517582544802));
#16165=CARTESIAN_POINT('Origin',(7.67623140029952,-6.35571609474204,77.6837947992511));
#16166=CARTESIAN_POINT('',(7.67623140029952,-6.35571609474204,77.6837947992511));
#16167=CARTESIAN_POINT('',(7.67623140029952,-6.35571609474204,77.6837947992511));
#16168=CARTESIAN_POINT('',(7.67623140029952,-6.35571609474204,77.6837947992511));
#16169=CARTESIAN_POINT('Origin',(8.24379712627086,-6.35571609474204,79.3919719407393));
#16170=CARTESIAN_POINT('',(9.03995822187329,-6.35571609474204,77.7776214491021));
#16171=CARTESIAN_POINT('Origin',(8.24379712627086,-6.35571609474204,79.3919719407393));
#16172=CARTESIAN_POINT('',(9.03995822187329,-6.35571609474204,77.7776214491021));
#16173=CARTESIAN_POINT('Origin',(10.194310806667,-6.35571609474204,78.3469219965246));
#16174=CARTESIAN_POINT('',(10.194310806667,-6.35571609474204,78.3469219965246));
#16175=CARTESIAN_POINT('',(10.194310806667,-6.35571609474204,78.3469219965246));
#16176=CARTESIAN_POINT('',(10.194310806667,-6.35571609474204,78.3469219965246));
#16177=CARTESIAN_POINT('Origin',(11.0789342462252,-6.35571609474204,76.5531992280388));
#16178=CARTESIAN_POINT('',(11.7095628306378,-6.35571609474204,78.4511738296923));
#16179=CARTESIAN_POINT('Origin',(11.0789342462252,-6.35571609474204,76.5531992280388));
#16180=CARTESIAN_POINT('',(11.7095628306378,-6.35571609474204,78.4511738296923));
#16181=CARTESIAN_POINT('Origin',(26.2268604357314,-6.35571609474204,73.6275988302057));
#16182=CARTESIAN_POINT('',(26.2268604357314,-6.35571609474204,73.6275988302057));
#16183=CARTESIAN_POINT('',(26.2268604357314,-6.35571609474204,73.6275988302057));
#16184=CARTESIAN_POINT('',(26.2268604357314,-6.35571609474204,73.6275988302057));
#16185=CARTESIAN_POINT('Origin',(23.956597531846,-6.35571609474204,66.794890264253));
#16186=CARTESIAN_POINT('',(31.1565975318461,-6.35571609474204,66.7948902642531));
#16187=CARTESIAN_POINT('Origin',(23.956597531846,-6.35571609474204,66.794890264253));
#16188=CARTESIAN_POINT('',(31.1565975318461,-6.35571609474204,66.7948902642531));
#16189=CARTESIAN_POINT('Origin',(31.1565975318461,-6.35571609474204,59.3717251168046));
#16190=CARTESIAN_POINT('',(31.1565975318461,-6.35571609474204,59.3717251168046));
#16191=CARTESIAN_POINT('',(31.1565975318461,-6.35571609474204,59.3717251168046));
#16192=CARTESIAN_POINT('',(31.1565975318461,-6.35571609474204,59.3717251168046));
#16193=CARTESIAN_POINT('Origin',(23.9565975318461,-6.35571609474204,59.3717251168046));
#16194=CARTESIAN_POINT('Origin',(23.9565975318461,-6.35571609474204,59.3717251168046));
#16195=CARTESIAN_POINT('Origin',(30.0237390097384,-6.35571609474204,76.6348907766218));
#16196=CARTESIAN_POINT('',(31.6237390097384,-6.35571609474204,76.6348907766218));
#16197=CARTESIAN_POINT('',(31.6237390097384,-6.35571609474204,76.6348907766218));
#16198=CARTESIAN_POINT('Origin',(30.0237390097384,-6.35571609474204,76.6348907766218));
#16199=CARTESIAN_POINT('Origin',(30.0237390097384,-6.35571609474204,50.0279291549401));
#16200=CARTESIAN_POINT('',(31.6237390097384,-6.35571609474204,50.0279291549401));
#16201=CARTESIAN_POINT('',(31.6237390097384,-6.35571609474204,50.0279291549401));
#16202=CARTESIAN_POINT('Origin',(30.0237390097384,-6.35571609474204,50.0279291549401));
#16203=CARTESIAN_POINT('Origin',(-17.4256260315994,-6.35571609474204,92.4006053869366));
#16204=CARTESIAN_POINT('',(-15.8256260315994,-6.35571609474204,92.4006053869366));
#16205=CARTESIAN_POINT('',(-15.8256260315994,-6.35571609474204,92.4006053869366));
#16206=CARTESIAN_POINT('Origin',(-17.4256260315994,-6.35571609474204,92.4006053869366));
#16207=CARTESIAN_POINT('Origin',(-17.4256260315993,-6.35571609474204,34.2622145446253));
#16208=CARTESIAN_POINT('',(-15.8256260315993,-6.35571609474204,34.2622145446253));
#16209=CARTESIAN_POINT('',(-15.8256260315993,-6.35571609474204,34.2622145446253));
#16210=CARTESIAN_POINT('Origin',(-17.4256260315993,-6.35571609474204,34.2622145446253));
#16211=CARTESIAN_POINT('Origin',(25.5693076410381,-6.35571609474204,41.4710406294314));
#16212=CARTESIAN_POINT('',(28.5693076410381,-6.35571609474204,41.4710406294314));
#16213=CARTESIAN_POINT('Origin',(25.5693076410381,-6.35571609474204,41.4710406294314));
#16214=CARTESIAN_POINT('',(28.5693076410381,-6.35571609474204,41.4710406294314));
#16215=CARTESIAN_POINT('Origin',(28.569307641038,-6.35571609474204,38.2878261463391));
#16216=CARTESIAN_POINT('',(28.569307641038,-6.35571609474204,38.2878261463391));
#16217=CARTESIAN_POINT('',(28.569307641038,-6.35571609474204,38.2878261463391));
#16218=CARTESIAN_POINT('',(28.569307641038,-6.35571609474204,38.2878261463391));
#16219=CARTESIAN_POINT('Origin',(30.5693076410381,-6.35571609474204,38.2878261463391));
#16220=CARTESIAN_POINT('',(30.5693076410381,-6.35571609474204,36.2878261463391));
#16221=CARTESIAN_POINT('Origin',(30.5693076410381,-6.35571609474204,38.2878261463391));
#16222=CARTESIAN_POINT('',(30.5693076410381,-6.35571609474204,36.2878261463391));
#16223=CARTESIAN_POINT('Origin',(33.5562179868965,-6.35571609474204,36.2878261463391));
#16224=CARTESIAN_POINT('',(33.5562179868965,-6.35571609474204,36.2878261463391));
#16225=CARTESIAN_POINT('',(33.5562179868965,-6.35571609474204,36.2878261463391));
#16226=CARTESIAN_POINT('',(33.5562179868965,-6.35571609474204,36.2878261463391));
#16227=CARTESIAN_POINT('Origin',(33.5562179868965,-6.35571609474204,39.7878261463391));
#16228=CARTESIAN_POINT('',(37.0562179868965,-6.35571609474204,39.7878261463391));
#16229=CARTESIAN_POINT('Origin',(33.5562179868965,-6.35571609474204,39.7878261463391));
#16230=CARTESIAN_POINT('',(37.0562179868965,-6.35571609474204,39.7878261463391));
#16231=CARTESIAN_POINT('Origin',(37.0562179868965,-6.35571609474204,86.8747598806917));
#16232=CARTESIAN_POINT('',(37.0562179868965,-6.35571609474204,86.8747598806917));
#16233=CARTESIAN_POINT('',(37.0562179868965,-6.35571609474204,86.8747598806917));
#16234=CARTESIAN_POINT('',(37.0562179868965,-6.35571609474204,86.8747598806917));
#16235=CARTESIAN_POINT('Origin',(33.5562179868965,-6.35571609474204,86.8747598806917));
#16236=CARTESIAN_POINT('',(33.5562179868965,-6.35571609474204,90.3747598806917));
#16237=CARTESIAN_POINT('Origin',(33.5562179868965,-6.35571609474204,86.8747598806917));
#16238=CARTESIAN_POINT('',(33.5562179868965,-6.35571609474204,90.3747598806917));
#16239=CARTESIAN_POINT('Origin',(30.569307631354,-6.35571609474204,90.3747598806917));
#16240=CARTESIAN_POINT('',(30.569307631354,-6.35571609474204,90.3747598806917));
#16241=CARTESIAN_POINT('',(30.569307631354,-6.35571609474204,90.3747598806917));
#16242=CARTESIAN_POINT('',(30.569307631354,-6.35571609474204,90.3747598806917));
#16243=CARTESIAN_POINT('Origin',(30.569307631354,-6.35571609474204,88.3747598806917));
#16244=CARTESIAN_POINT('',(28.569307631354,-6.35571609474204,88.3747598806917));
#16245=CARTESIAN_POINT('Origin',(30.569307631354,-6.35571609474204,88.3747598806917));
#16246=CARTESIAN_POINT('',(28.569307631354,-6.35571609474204,88.3747598806917));
#16247=CARTESIAN_POINT('Origin',(28.569307631354,-6.35571609474204,85.1915453783836));
#16248=CARTESIAN_POINT('',(28.569307631354,-6.35571609474204,85.1915453783836));
#16249=CARTESIAN_POINT('',(28.569307631354,-6.35571609474204,85.1915453783836));
#16250=CARTESIAN_POINT('',(28.569307631354,-6.35571609474204,85.1915453783836));
#16251=CARTESIAN_POINT('Origin',(25.569307631354,-6.35571609474204,85.1915453783837));
#16252=CARTESIAN_POINT('',(24.5991216670152,-6.35571609474204,82.3527535236327));
#16253=CARTESIAN_POINT('Origin',(25.569307631354,-6.35571609474204,85.1915453783837));
#16254=CARTESIAN_POINT('',(24.5991216670152,-6.35571609474204,82.3527535236327));
#16255=CARTESIAN_POINT('Origin',(-13.3944779584619,-6.35571609474204,95.337452288939));
#16256=CARTESIAN_POINT('',(-13.3944779584619,-6.35571609474204,95.337452288939));
#16257=CARTESIAN_POINT('',(-13.3944779584619,-6.35571609474204,95.337452288939));
#16258=CARTESIAN_POINT('',(-13.3944779584619,-6.35571609474204,95.337452288939));
#16259=CARTESIAN_POINT('Origin',(-12.4242919941231,-6.35571609474204,98.1762441436899));
#16260=CARTESIAN_POINT('',(-15.2712538966034,-6.35571609474204,99.1221870203088));
#16261=CARTESIAN_POINT('Origin',(-12.4242919941231,-6.35571609474204,98.1762441436899));
#16262=CARTESIAN_POINT('',(-15.2712538966034,-6.35571609474204,99.1221870203088));
#16263=CARTESIAN_POINT('Origin',(-14.9424834292381,-6.35571609474204,100.111672768745));
#16264=CARTESIAN_POINT('',(-14.9424834292381,-6.35571609474204,100.111672768745));
#16265=CARTESIAN_POINT('',(-14.9424834292381,-6.35571609474204,100.111672768745));
#16266=CARTESIAN_POINT('',(-14.9424834292381,-6.35571609474204,100.111672768745));
#16267=CARTESIAN_POINT('Origin',(-16.8404580308916,-6.35571609474204,100.742301353158));
#16268=CARTESIAN_POINT('',(-16.193667387999,-6.35571609474204,102.634829256325));
#16269=CARTESIAN_POINT('Origin',(-16.8404580308916,-6.35571609474204,100.742301353158));
#16270=CARTESIAN_POINT('',(-16.193667387999,-6.35571609474204,102.634829256325));
#16271=CARTESIAN_POINT('Origin',(-18.9968584235257,-6.35571609474204,103.592848278916));
#16272=CARTESIAN_POINT('',(-18.9968584235257,-6.35571609474204,103.592848278916));
#16273=CARTESIAN_POINT('',(-18.9968584235257,-6.35571609474204,103.592848278916));
#16274=CARTESIAN_POINT('',(-18.9968584235257,-6.35571609474204,103.592848278916));
#16275=CARTESIAN_POINT('Origin',(-20.1287420485876,-6.35571609474204,100.280924448374));
#16276=CARTESIAN_POINT('',(-23.4501976014813,-6.35571609474204,101.384524471096));
#16277=CARTESIAN_POINT('Origin',(-20.1287420485876,-6.35571609474204,100.280924448374));
#16278=CARTESIAN_POINT('',(-23.4501976014813,-6.35571609474204,101.384524471096));
#16279=CARTESIAN_POINT('Origin',(-35.57003876492,-6.35571609474204,64.9079814268123));
#16280=CARTESIAN_POINT('',(-35.57003876492,-6.35571609474204,64.9079814268123));
#16281=CARTESIAN_POINT('',(-35.57003876492,-6.35571609474204,64.9079814268123));
#16282=CARTESIAN_POINT('',(-35.57003876492,-6.35571609474204,64.9079814268123));
#16283=CARTESIAN_POINT('Origin',(-30.8251022607862,-6.35571609474204,63.3314099657808));
#16284=CARTESIAN_POINT('',(-35.57003876492,-6.35571609474204,61.7548385047494));
#16285=CARTESIAN_POINT('Origin',(-30.8251022607862,-6.35571609474204,63.3314099657808));
#16286=CARTESIAN_POINT('',(-35.57003876492,-6.35571609474204,61.7548385047494));
#16287=CARTESIAN_POINT('Origin',(-23.4501275904198,-6.35571609474204,25.2780847513106));
#16288=CARTESIAN_POINT('',(-23.4501275904198,-6.35571609474204,25.2780847513106));
#16289=CARTESIAN_POINT('',(-23.4501275904198,-6.35571609474204,25.2780847513106));
#16290=CARTESIAN_POINT('',(-23.4501275904198,-6.35571609474204,25.2780847513106));
#16291=CARTESIAN_POINT('Origin',(-20.1286720375262,-6.35571609474204,26.3816847740327));
#16292=CARTESIAN_POINT('',(-18.9967883662847,-6.35571609474204,23.0697609592724));
#16293=CARTESIAN_POINT('Origin',(-20.1286720375262,-6.35571609474204,26.3816847740327));
#16294=CARTESIAN_POINT('',(-18.9967883662847,-6.35571609474204,23.0697609592724));
#16295=CARTESIAN_POINT('Origin',(-16.193597343965,-6.35571609474204,24.0277800210012));
#16296=CARTESIAN_POINT('',(-16.193597343965,-6.35571609474204,24.0277800210012));
#16297=CARTESIAN_POINT('',(-16.193597343965,-6.35571609474204,24.0277800210012));
#16298=CARTESIAN_POINT('',(-16.193597343965,-6.35571609474204,24.0277800210012));
#16299=CARTESIAN_POINT('Origin',(-16.8403880132458,-6.35571609474204,25.92030791515));
#16300=CARTESIAN_POINT('',(-14.9424134115923,-6.35571609474204,26.5509364995626));
#16301=CARTESIAN_POINT('Origin',(-16.8403880132458,-6.35571609474204,25.92030791515));
#16302=CARTESIAN_POINT('',(-14.9424134115923,-6.35571609474204,26.5509364995626));
#16303=CARTESIAN_POINT('Origin',(-15.2711839009793,-6.35571609474204,27.5404223142773));
#16304=CARTESIAN_POINT('',(-15.2711839009793,-6.35571609474204,27.5404223142773));
#16305=CARTESIAN_POINT('',(-15.2711839009793,-6.35571609474204,27.5404223142773));
#16306=CARTESIAN_POINT('',(-15.2711839009793,-6.35571609474204,27.5404223142773));
#16307=CARTESIAN_POINT('Origin',(-12.4242219984991,-6.35571609474204,28.4863651908961));
#16308=CARTESIAN_POINT('Origin',(-12.4242219984991,-6.35571609474204,28.4863651908961));
#16309=CARTESIAN_POINT('Origin',(0.615557863055123,-6.35571609474204,63.3313046112033));
#16310=CARTESIAN_POINT('',(0.,0.,0.));
#16311=CARTESIAN_POINT('Origin',(2.46573926782354,-5.35571609474205,36.7455237804928));
#16312=CARTESIAN_POINT('',(24.5991216371169,-5.35571609474205,44.3098324706546));
#16313=CARTESIAN_POINT('',(-13.3944080024203,-5.35571609474205,31.3251570321194));
#16314=CARTESIAN_POINT('',(2.46573926782354,-5.35571609474205,36.7455237804928));
#16315=CARTESIAN_POINT('',(-13.3944080024203,-3.35571609474205,31.3251570321194));
#16316=CARTESIAN_POINT('',(-13.3944080024203,-5.35571609474205,31.3251570321194));
#16317=CARTESIAN_POINT('',(24.5991216371169,-3.35571609474205,44.3098324706546));
#16318=CARTESIAN_POINT('',(2.46573926782354,-3.35571609474205,36.7455237804928));
#16319=CARTESIAN_POINT('',(24.5991216371169,-5.35571609474205,44.3098324706546));
#16320=CARTESIAN_POINT('Origin',(0.615557863055123,-3.35571609474205,63.3313046112033));
#16321=CARTESIAN_POINT('',(-15.2711839009794,-3.35571609474205,27.5404223142773));
#16322=CARTESIAN_POINT('Origin',(-12.4242219984991,-3.35571609474205,28.4863651908962));
#16323=CARTESIAN_POINT('',(-14.9424134115923,-3.35571609474205,26.5509364995627));
#16324=CARTESIAN_POINT('',(-15.2711839009794,-3.35571609474205,27.5404223142773));
#16325=CARTESIAN_POINT('',(-16.193597343965,-3.35571609474205,24.0277800210013));
#16326=CARTESIAN_POINT('Origin',(-16.8403880132458,-3.35571609474205,25.9203079151501));
#16327=CARTESIAN_POINT('',(-18.9967883662848,-3.35571609474205,23.0697609592724));
#16328=CARTESIAN_POINT('',(-16.193597343965,-3.35571609474205,24.0277800210013));
#16329=CARTESIAN_POINT('',(-23.4501275904198,-3.35571609474205,25.2780847513107));
#16330=CARTESIAN_POINT('Origin',(-20.1286720375262,-3.35571609474205,26.3816847740328));
#16331=CARTESIAN_POINT('',(-35.5700387649201,-3.35571609474205,61.7548385047494));
#16332=CARTESIAN_POINT('',(-23.4501275904198,-3.35571609474205,25.2780847513107));
#16333=CARTESIAN_POINT('',(-35.5700387649201,-3.35571609474205,64.9079814268124));
#16334=CARTESIAN_POINT('Origin',(-30.8251022607863,-3.35571609474205,63.3314099657809));
#16335=CARTESIAN_POINT('',(-23.4501976014814,-3.35571609474205,101.384524471096));
#16336=CARTESIAN_POINT('',(-35.5700387649201,-3.35571609474205,64.9079814268124));
#16337=CARTESIAN_POINT('',(-18.9968584235257,-3.35571609474205,103.592848278917));
#16338=CARTESIAN_POINT('Origin',(-20.1287420485876,-3.35571609474205,100.280924448374));
#16339=CARTESIAN_POINT('',(-16.1936673879991,-3.35571609474205,102.634829256325));
#16340=CARTESIAN_POINT('',(-18.9968584235257,-3.35571609474205,103.592848278917));
#16341=CARTESIAN_POINT('',(-14.9424834292381,-3.35571609474205,100.111672768746));
#16342=CARTESIAN_POINT('Origin',(-16.8404580308916,-3.35571609474205,100.742301353158));
#16343=CARTESIAN_POINT('',(-15.2712538966034,-3.35571609474205,99.1221870203088));
#16344=CARTESIAN_POINT('',(-14.9424834292381,-3.35571609474205,100.111672768746));
#16345=CARTESIAN_POINT('',(-13.3944779584619,-3.35571609474205,95.3374522889391));
#16346=CARTESIAN_POINT('Origin',(-12.4242919941231,-3.35571609474205,98.17624414369));
#16347=CARTESIAN_POINT('',(24.5991216670152,-3.35571609474205,82.3527535236328));
#16348=CARTESIAN_POINT('',(-13.3944779584619,-3.35571609474205,95.3374522889391));
#16349=CARTESIAN_POINT('',(28.569307631354,-3.35571609474205,85.1915453783837));
#16350=CARTESIAN_POINT('Origin',(25.569307631354,-3.35571609474205,85.1915453783838));
#16351=CARTESIAN_POINT('',(28.569307631354,-3.35571609474205,88.3747598806918));
#16352=CARTESIAN_POINT('',(28.569307631354,-3.35571609474205,85.1915453783837));
#16353=CARTESIAN_POINT('',(30.5693076313541,-3.35571609474205,90.3747598806918));
#16354=CARTESIAN_POINT('Origin',(30.5693076313541,-3.35571609474205,88.3747598806917));
#16355=CARTESIAN_POINT('',(33.5562179868965,-3.35571609474205,90.3747598806918));
#16356=CARTESIAN_POINT('',(30.5693076313541,-3.35571609474205,90.3747598806918));
#16357=CARTESIAN_POINT('',(37.0562179868966,-3.35571609474205,86.8747598806917));
#16358=CARTESIAN_POINT('Origin',(33.5562179868965,-3.35571609474205,86.8747598806917));
#16359=CARTESIAN_POINT('',(37.0562179868966,-3.35571609474205,39.7878261463391));
#16360=CARTESIAN_POINT('',(37.0562179868966,-3.35571609474205,86.8747598806917));
#16361=CARTESIAN_POINT('',(33.5562179868966,-3.35571609474205,36.2878261463391));
#16362=CARTESIAN_POINT('Origin',(33.5562179868966,-3.35571609474205,39.7878261463391));
#16363=CARTESIAN_POINT('',(30.5693076410381,-3.35571609474205,36.2878261463391));
#16364=CARTESIAN_POINT('',(33.5562179868966,-3.35571609474205,36.2878261463391));
#16365=CARTESIAN_POINT('',(28.5693076410381,-3.35571609474205,38.2878261463391));
#16366=CARTESIAN_POINT('Origin',(30.5693076410381,-3.35571609474205,38.2878261463391));
#16367=CARTESIAN_POINT('',(28.5693076410381,-3.35571609474205,41.4710406294314));
#16368=CARTESIAN_POINT('',(28.5693076410381,-3.35571609474205,38.2878261463391));
#16369=CARTESIAN_POINT('Origin',(25.5693076410381,-3.35571609474205,41.4710406294314));
#16370=CARTESIAN_POINT('',(-15.8256260315994,-3.35571609474205,34.2622145446253));
#16371=CARTESIAN_POINT('Origin',(-17.4256260315994,-3.35571609474205,34.2622145446253));
#16372=CARTESIAN_POINT('',(-15.8256260315994,-3.35571609474205,92.4006053869367));
#16373=CARTESIAN_POINT('Origin',(-17.4256260315994,-3.35571609474205,92.4006053869367));
#16374=CARTESIAN_POINT('',(31.6237390097384,-3.35571609474205,50.0279291549401));
#16375=CARTESIAN_POINT('Origin',(30.0237390097384,-3.35571609474205,50.0279291549401));
#16376=CARTESIAN_POINT('',(31.6237390097384,-3.35571609474205,76.6348907766218));
#16377=CARTESIAN_POINT('Origin',(30.0237390097384,-3.35571609474205,76.6348907766218));
#16378=CARTESIAN_POINT('Origin',(-17.4256260315994,-5.35571609474205,34.2622145446253));
#16379=CARTESIAN_POINT('',(-15.8256260315994,-5.35571609474205,34.2622145446253));
#16380=CARTESIAN_POINT('',(-15.8256260315994,-5.35571609474205,34.2622145446253));
#16381=CARTESIAN_POINT('Origin',(-17.4256260315994,-5.35571609474205,34.2622145446253));
#16382=CARTESIAN_POINT('Origin',(-17.4256260315994,-5.35571609474205,92.4006053869367));
#16383=CARTESIAN_POINT('',(-15.8256260315994,-5.35571609474205,92.4006053869367));
#16384=CARTESIAN_POINT('',(-15.8256260315994,-5.35571609474205,92.4006053869367));
#16385=CARTESIAN_POINT('Origin',(-17.4256260315994,-5.35571609474205,92.4006053869367));
#16386=CARTESIAN_POINT('Origin',(30.0237390097384,-5.35571609474205,50.0279291549401));
#16387=CARTESIAN_POINT('',(31.6237390097384,-5.35571609474205,50.0279291549401));
#16388=CARTESIAN_POINT('',(31.6237390097384,-5.35571609474205,50.0279291549401));
#16389=CARTESIAN_POINT('Origin',(30.0237390097384,-5.35571609474205,50.0279291549401));
#16390=CARTESIAN_POINT('Origin',(30.0237390097384,-5.35571609474205,76.6348907766218));
#16391=CARTESIAN_POINT('',(31.6237390097384,-5.35571609474205,76.6348907766218));
#16392=CARTESIAN_POINT('',(31.6237390097384,-5.35571609474205,76.6348907766218));
#16393=CARTESIAN_POINT('Origin',(30.0237390097384,-5.35571609474205,76.6348907766218));
#16394=CARTESIAN_POINT('Origin',(25.5693076410381,-5.35571609474205,41.4710406294314));
#16395=CARTESIAN_POINT('',(28.5693076410381,-5.35571609474205,41.4710406294314));
#16396=CARTESIAN_POINT('Origin',(25.5693076410381,-5.35571609474205,41.4710406294314));
#16397=CARTESIAN_POINT('',(28.5693076410381,-5.35571609474205,41.4710406294314));
#16398=CARTESIAN_POINT('Origin',(28.5693076410381,-5.35571609474205,38.2878261463391));
#16399=CARTESIAN_POINT('',(28.5693076410381,-5.35571609474205,38.2878261463391));
#16400=CARTESIAN_POINT('',(28.5693076410381,-5.35571609474205,38.2878261463391));
#16401=CARTESIAN_POINT('',(28.5693076410381,-5.35571609474205,38.2878261463391));
#16402=CARTESIAN_POINT('Origin',(30.5693076410381,-5.35571609474205,38.2878261463391));
#16403=CARTESIAN_POINT('',(30.5693076410381,-5.35571609474205,36.2878261463391));
#16404=CARTESIAN_POINT('Origin',(30.5693076410381,-5.35571609474205,38.2878261463391));
#16405=CARTESIAN_POINT('',(30.5693076410381,-5.35571609474205,36.2878261463391));
#16406=CARTESIAN_POINT('Origin',(33.5562179868966,-5.35571609474205,36.2878261463391));
#16407=CARTESIAN_POINT('',(33.5562179868966,-5.35571609474205,36.2878261463391));
#16408=CARTESIAN_POINT('',(33.5562179868966,-5.35571609474205,36.2878261463391));
#16409=CARTESIAN_POINT('',(33.5562179868966,-5.35571609474205,36.2878261463391));
#16410=CARTESIAN_POINT('Origin',(33.5562179868966,-5.35571609474205,39.7878261463391));
#16411=CARTESIAN_POINT('',(37.0562179868966,-5.35571609474205,39.7878261463391));
#16412=CARTESIAN_POINT('Origin',(33.5562179868966,-5.35571609474205,39.7878261463391));
#16413=CARTESIAN_POINT('',(37.0562179868966,-5.35571609474205,39.7878261463391));
#16414=CARTESIAN_POINT('Origin',(37.0562179868966,-5.35571609474205,86.8747598806917));
#16415=CARTESIAN_POINT('',(37.0562179868966,-5.35571609474205,86.8747598806917));
#16416=CARTESIAN_POINT('',(37.0562179868966,-5.35571609474205,86.8747598806917));
#16417=CARTESIAN_POINT('',(37.0562179868966,-5.35571609474205,86.8747598806917));
#16418=CARTESIAN_POINT('Origin',(33.5562179868965,-5.35571609474205,86.8747598806917));
#16419=CARTESIAN_POINT('',(33.5562179868965,-5.35571609474205,90.3747598806918));
#16420=CARTESIAN_POINT('Origin',(33.5562179868965,-5.35571609474205,86.8747598806917));
#16421=CARTESIAN_POINT('',(33.5562179868965,-5.35571609474205,90.3747598806918));
#16422=CARTESIAN_POINT('Origin',(30.5693076313541,-5.35571609474205,90.3747598806918));
#16423=CARTESIAN_POINT('',(30.5693076313541,-5.35571609474205,90.3747598806918));
#16424=CARTESIAN_POINT('',(30.5693076313541,-5.35571609474205,90.3747598806918));
#16425=CARTESIAN_POINT('',(30.5693076313541,-5.35571609474205,90.3747598806918));
#16426=CARTESIAN_POINT('Origin',(30.5693076313541,-5.35571609474205,88.3747598806917));
#16427=CARTESIAN_POINT('',(28.569307631354,-5.35571609474205,88.3747598806918));
#16428=CARTESIAN_POINT('Origin',(30.5693076313541,-5.35571609474205,88.3747598806917));
#16429=CARTESIAN_POINT('',(28.569307631354,-5.35571609474205,88.3747598806918));
#16430=CARTESIAN_POINT('Origin',(28.569307631354,-5.35571609474205,85.1915453783837));
#16431=CARTESIAN_POINT('',(28.569307631354,-5.35571609474205,85.1915453783837));
#16432=CARTESIAN_POINT('',(28.569307631354,-5.35571609474205,85.1915453783837));
#16433=CARTESIAN_POINT('',(28.569307631354,-5.35571609474205,85.1915453783837));
#16434=CARTESIAN_POINT('Origin',(25.569307631354,-5.35571609474205,85.1915453783838));
#16435=CARTESIAN_POINT('',(24.5991216670152,-5.35571609474205,82.3527535236328));
#16436=CARTESIAN_POINT('Origin',(25.569307631354,-5.35571609474205,85.1915453783838));
#16437=CARTESIAN_POINT('',(24.5991216670152,-5.35571609474205,82.3527535236328));
#16438=CARTESIAN_POINT('Origin',(-13.3944779584619,-5.35571609474205,95.3374522889391));
#16439=CARTESIAN_POINT('',(-13.3944779584619,-5.35571609474205,95.3374522889391));
#16440=CARTESIAN_POINT('',(-13.3944779584619,-5.35571609474205,95.3374522889391));
#16441=CARTESIAN_POINT('',(-13.3944779584619,-5.35571609474205,95.3374522889391));
#16442=CARTESIAN_POINT('Origin',(-12.4242919941231,-5.35571609474205,98.17624414369));
#16443=CARTESIAN_POINT('',(-15.2712538966034,-5.35571609474205,99.1221870203088));
#16444=CARTESIAN_POINT('Origin',(-12.4242919941231,-5.35571609474205,98.17624414369));
#16445=CARTESIAN_POINT('',(-15.2712538966034,-5.35571609474205,99.1221870203088));
#16446=CARTESIAN_POINT('Origin',(-14.9424834292381,-5.35571609474205,100.111672768746));
#16447=CARTESIAN_POINT('',(-14.9424834292381,-5.35571609474205,100.111672768746));
#16448=CARTESIAN_POINT('',(-14.9424834292381,-5.35571609474205,100.111672768746));
#16449=CARTESIAN_POINT('',(-14.9424834292381,-5.35571609474205,100.111672768746));
#16450=CARTESIAN_POINT('Origin',(-16.8404580308916,-5.35571609474205,100.742301353158));
#16451=CARTESIAN_POINT('',(-16.1936673879991,-5.35571609474205,102.634829256325));
#16452=CARTESIAN_POINT('Origin',(-16.8404580308916,-5.35571609474205,100.742301353158));
#16453=CARTESIAN_POINT('',(-16.1936673879991,-5.35571609474205,102.634829256325));
#16454=CARTESIAN_POINT('Origin',(-18.9968584235257,-5.35571609474205,103.592848278917));
#16455=CARTESIAN_POINT('',(-18.9968584235257,-5.35571609474205,103.592848278917));
#16456=CARTESIAN_POINT('',(-18.9968584235257,-5.35571609474205,103.592848278917));
#16457=CARTESIAN_POINT('',(-18.9968584235257,-5.35571609474205,103.592848278917));
#16458=CARTESIAN_POINT('Origin',(-20.1287420485876,-5.35571609474205,100.280924448374));
#16459=CARTESIAN_POINT('',(-23.4501976014814,-5.35571609474205,101.384524471096));
#16460=CARTESIAN_POINT('Origin',(-20.1287420485876,-5.35571609474205,100.280924448374));
#16461=CARTESIAN_POINT('',(-23.4501976014814,-5.35571609474205,101.384524471096));
#16462=CARTESIAN_POINT('Origin',(-35.5700387649201,-5.35571609474205,64.9079814268124));
#16463=CARTESIAN_POINT('',(-35.5700387649201,-5.35571609474205,64.9079814268124));
#16464=CARTESIAN_POINT('',(-35.5700387649201,-5.35571609474205,64.9079814268124));
#16465=CARTESIAN_POINT('',(-35.5700387649201,-5.35571609474205,64.9079814268124));
#16466=CARTESIAN_POINT('Origin',(-30.8251022607863,-5.35571609474205,63.3314099657809));
#16467=CARTESIAN_POINT('',(-35.5700387649201,-5.35571609474205,61.7548385047494));
#16468=CARTESIAN_POINT('Origin',(-30.8251022607863,-5.35571609474205,63.3314099657809));
#16469=CARTESIAN_POINT('',(-35.5700387649201,-5.35571609474205,61.7548385047494));
#16470=CARTESIAN_POINT('Origin',(-23.4501275904198,-5.35571609474205,25.2780847513107));
#16471=CARTESIAN_POINT('',(-23.4501275904198,-5.35571609474205,25.2780847513107));
#16472=CARTESIAN_POINT('',(-23.4501275904198,-5.35571609474205,25.2780847513107));
#16473=CARTESIAN_POINT('',(-23.4501275904198,-5.35571609474205,25.2780847513107));
#16474=CARTESIAN_POINT('Origin',(-20.1286720375262,-5.35571609474205,26.3816847740328));
#16475=CARTESIAN_POINT('',(-18.9967883662848,-5.35571609474205,23.0697609592724));
#16476=CARTESIAN_POINT('Origin',(-20.1286720375262,-5.35571609474205,26.3816847740328));
#16477=CARTESIAN_POINT('',(-18.9967883662848,-5.35571609474205,23.0697609592724));
#16478=CARTESIAN_POINT('Origin',(-16.193597343965,-5.35571609474205,24.0277800210013));
#16479=CARTESIAN_POINT('',(-16.193597343965,-5.35571609474205,24.0277800210013));
#16480=CARTESIAN_POINT('',(-16.193597343965,-5.35571609474205,24.0277800210013));
#16481=CARTESIAN_POINT('',(-16.193597343965,-5.35571609474205,24.0277800210013));
#16482=CARTESIAN_POINT('Origin',(-16.8403880132458,-5.35571609474205,25.9203079151501));
#16483=CARTESIAN_POINT('',(-14.9424134115923,-5.35571609474205,26.5509364995627));
#16484=CARTESIAN_POINT('Origin',(-16.8403880132458,-5.35571609474205,25.9203079151501));
#16485=CARTESIAN_POINT('',(-14.9424134115923,-5.35571609474205,26.5509364995627));
#16486=CARTESIAN_POINT('Origin',(-15.2711839009794,-5.35571609474205,27.5404223142773));
#16487=CARTESIAN_POINT('',(-15.2711839009794,-5.35571609474205,27.5404223142773));
#16488=CARTESIAN_POINT('',(-15.2711839009794,-5.35571609474205,27.5404223142773));
#16489=CARTESIAN_POINT('',(-15.2711839009794,-5.35571609474205,27.5404223142773));
#16490=CARTESIAN_POINT('Origin',(-12.4242219984991,-5.35571609474205,28.4863651908962));
#16491=CARTESIAN_POINT('Origin',(-12.4242219984991,-5.35571609474205,28.4863651908962));
#16492=CARTESIAN_POINT('Origin',(0.615557863055123,-5.35571609474205,63.3313046112033));
#16493=CARTESIAN_POINT('',(0.,0.,0.));
#16494=CARTESIAN_POINT('',(0.,0.,0.));
#16495=CARTESIAN_POINT('Origin',(-2.32499999999999,0.,-6.25));
#16496=CARTESIAN_POINT('',(-3.06281772816868,18.25,-5.575));
#16497=CARTESIAN_POINT('',(-3.06281772816868,18.25,-6.925));
#16498=CARTESIAN_POINT('Origin',(-2.32499999999999,18.25,-6.25));
#16499=CARTESIAN_POINT('',(-3.06281772816868,20.9,-5.575));
#16500=CARTESIAN_POINT('',(-3.06281772816868,0.,-5.575));
#16501=CARTESIAN_POINT('',(-3.06281772816868,20.9,-6.925));
#16502=CARTESIAN_POINT('Origin',(-2.32499999999999,20.9,-6.25));
#16503=CARTESIAN_POINT('',(-3.06281772816868,0.,-6.925));
#16504=CARTESIAN_POINT('Origin',(25.075,0.,-6.25));
#16505=CARTESIAN_POINT('',(25.8128177281687,18.25,-6.925));
#16506=CARTESIAN_POINT('',(25.8128177281687,18.25,-5.575));
#16507=CARTESIAN_POINT('Origin',(25.075,18.25,-6.25));
#16508=CARTESIAN_POINT('',(25.8128177281687,20.9,-6.925));
#16509=CARTESIAN_POINT('',(25.8128177281687,0.,-6.925));
#16510=CARTESIAN_POINT('',(25.8128177281687,20.9,-5.575));
#16511=CARTESIAN_POINT('Origin',(25.075,20.9,-6.25));
#16512=CARTESIAN_POINT('',(25.8128177281687,0.,-5.575));
#16513=CARTESIAN_POINT('Origin',(16.5,26.5,-6.25));
#16514=CARTESIAN_POINT('',(16.5,26.5,-6.75));
#16515=CARTESIAN_POINT('Origin',(16.5,26.5,-6.25));
#16516=CARTESIAN_POINT('',(16.5,28.5,-6.75));
#16517=CARTESIAN_POINT('',(16.5,26.5,-6.75));
#16518=CARTESIAN_POINT('Origin',(16.5,28.5,-6.25));
#16519=CARTESIAN_POINT('Origin',(16.5,28.3,-6.25));
#16520=CARTESIAN_POINT('',(11.1780828335832,28.3,-9.5271477955378));
#16521=CARTESIAN_POINT('',(11.1780828335832,28.3,-2.9728522044622));
#16522=CARTESIAN_POINT('Origin',(16.5,28.3,-6.25));
#16523=CARTESIAN_POINT('',(11.3483841829085,28.5,-9.42227906608059));
#16524=CARTESIAN_POINT('Origin',(11.3483841829085,28.3,-9.42227906608059));
#16525=CARTESIAN_POINT('',(11.3483841829085,28.5,-3.07772093391941));
#16526=CARTESIAN_POINT('Origin',(16.5,28.5,-6.25));
#16527=CARTESIAN_POINT('Origin',(11.3483841829085,28.3,-3.07772093391941));
#16528=CARTESIAN_POINT('Origin',(16.5,28.5,-6.25));
#16529=CARTESIAN_POINT('',(11.1780828335832,22.75,-2.9728522044622));
#16530=CARTESIAN_POINT('',(11.1780828335832,28.5,-2.9728522044622));
#16531=CARTESIAN_POINT('',(14.9315612858642,22.75,-0.200000000000001));
#16532=CARTESIAN_POINT('Origin',(16.5,22.75,-6.25));
#16533=CARTESIAN_POINT('',(16.5,22.75,8.67361737988404E-16));
#16534=CARTESIAN_POINT('Ctrl Pts',(14.9315612858642,22.75,-0.2));
#16535=CARTESIAN_POINT('Ctrl Pts',(15.0584631262155,22.75,-0.167101196809566));
#16536=CARTESIAN_POINT('Ctrl Pts',(15.1863686343977,22.7500000722776,-0.13820328965578));
#16537=CARTESIAN_POINT('Ctrl Pts',(15.4458315158288,22.749999924083,-0.0881041884641197));
#16538=CARTESIAN_POINT('Ctrl Pts',(15.5773462647379,22.7500013385183,-0.0670443936403609));
#16539=CARTESIAN_POINT('Ctrl Pts',(15.9691520750424,22.7499972303946,-0.0170831415017456));
#16540=CARTESIAN_POINT('Ctrl Pts',(16.2306955315517,22.7498525704119,-0.000317891134777393));
#16541=CARTESIAN_POINT('Ctrl Pts',(16.4950123242571,22.7499971931832,-1.49261454863349E-6));
#16542=CARTESIAN_POINT('Ctrl Pts',(16.4975061621348,22.7499985835305,4.60908213688099E-16));
#16543=CARTESIAN_POINT('Ctrl Pts',(16.5,22.75,4.59701721133854E-16));
#16544=CARTESIAN_POINT('',(18.0684387141358,22.75,-0.2));
#16545=CARTESIAN_POINT('Ctrl Pts',(16.5,22.75,4.25007251614318E-16));
#16546=CARTESIAN_POINT('Ctrl Pts',(16.5024938378653,22.7499985835304,4.24096161800427E-16));
#16547=CARTESIAN_POINT('Ctrl Pts',(16.504987675743,22.7499971931832,-1.49261454871023E-6));
#16548=CARTESIAN_POINT('Ctrl Pts',(16.7693044684505,22.7498525704121,-0.000317891134788663));
#16549=CARTESIAN_POINT('Ctrl Pts',(17.0308479249598,22.7499972303946,-0.017083141502022));
#16550=CARTESIAN_POINT('Ctrl Pts',(17.4226537352621,22.7500013385183,-0.0670443936403558));
#16551=CARTESIAN_POINT('Ctrl Pts',(17.5541684841711,22.749999924083,-0.0881041884641016));
#16552=CARTESIAN_POINT('Ctrl Pts',(17.8136313656023,22.7500000722775,-0.138203289655783));
#16553=CARTESIAN_POINT('Ctrl Pts',(17.9415368737845,22.75,-0.167101196809579));
#16554=CARTESIAN_POINT('Ctrl Pts',(18.0684387141358,22.75,-0.199999999999999));
#16555=CARTESIAN_POINT('',(22.55,22.75,-4.68156128586419));
#16556=CARTESIAN_POINT('Origin',(16.5,22.75,-6.25));
#16557=CARTESIAN_POINT('',(22.75,22.75,-6.25));
#16558=CARTESIAN_POINT('Ctrl Pts',(22.55,22.75,-4.68156128586419));
#16559=CARTESIAN_POINT('Ctrl Pts',(22.5828988031905,22.75,-4.80846312621568));
#16560=CARTESIAN_POINT('Ctrl Pts',(22.6117967103442,22.7500000722775,-4.9363686343978));
#16561=CARTESIAN_POINT('Ctrl Pts',(22.6618958115359,22.749999924083,-5.19583151582887));
#16562=CARTESIAN_POINT('Ctrl Pts',(22.6829556063596,22.7500013385183,-5.3273462647379));
#16563=CARTESIAN_POINT('Ctrl Pts',(22.7329168584756,22.7499972303946,-5.71915207486484));
#16564=CARTESIAN_POINT('Ctrl Pts',(22.7496821088644,22.7498525704278,-5.98069553136836));
#16565=CARTESIAN_POINT('Ctrl Pts',(22.7499985073854,22.7499971931826,-6.24501232424754));
#16566=CARTESIAN_POINT('Ctrl Pts',(22.75,22.7499985835295,-6.24750616212561));
#16567=CARTESIAN_POINT('Ctrl Pts',(22.75,22.75,-6.25));
#16568=CARTESIAN_POINT('',(22.55,22.75,-7.81843871413582));
#16569=CARTESIAN_POINT('Ctrl Pts',(22.75,22.75,-6.25));
#16570=CARTESIAN_POINT('Ctrl Pts',(22.75,22.7499985835295,-6.25249383787068));
#16571=CARTESIAN_POINT('Ctrl Pts',(22.7499985073854,22.7499971931826,-6.25498767575246));
#16572=CARTESIAN_POINT('Ctrl Pts',(22.7496821088644,22.7498525704278,-6.51930446863141));
#16573=CARTESIAN_POINT('Ctrl Pts',(22.7329168584756,22.7499972303946,-6.7808479251349));
#16574=CARTESIAN_POINT('Ctrl Pts',(22.6829556063596,22.7500013385183,-7.17265373526217));
#16575=CARTESIAN_POINT('Ctrl Pts',(22.6618958115359,22.749999924083,-7.30416848417127));
#16576=CARTESIAN_POINT('Ctrl Pts',(22.6117967103442,22.7500000722776,-7.56363136560216));
#16577=CARTESIAN_POINT('Ctrl Pts',(22.5828988031905,22.75,-7.69153687378426));
#16578=CARTESIAN_POINT('Ctrl Pts',(22.55,22.75,-7.81843871413582));
#16579=CARTESIAN_POINT('',(18.0684387141358,22.75,-12.3));
#16580=CARTESIAN_POINT('Origin',(16.5,22.75,-6.25));
#16581=CARTESIAN_POINT('',(16.5,22.75,-12.5));
#16582=CARTESIAN_POINT('Ctrl Pts',(18.0684387141358,22.75,-12.3));
#16583=CARTESIAN_POINT('Ctrl Pts',(17.9415368737845,22.75,-12.3328988031904));
#16584=CARTESIAN_POINT('Ctrl Pts',(17.8136313656023,22.7500000722776,-12.3617967103442));
#16585=CARTESIAN_POINT('Ctrl Pts',(17.5541684841712,22.749999924083,-12.4118958115359));
#16586=CARTESIAN_POINT('Ctrl Pts',(17.4226537352621,22.7500013385183,-12.4329556063596));
#16587=CARTESIAN_POINT('Ctrl Pts',(17.0308479250078,22.7499972303946,-12.4829168584919));
#16588=CARTESIAN_POINT('Ctrl Pts',(16.7693044685001,22.7498525704165,-12.499682108865));
#16589=CARTESIAN_POINT('Ctrl Pts',(16.5049876757456,22.749997193183,-12.4999985073855));
#16590=CARTESIAN_POINT('Ctrl Pts',(16.5024938378663,22.7499985835302,-12.5));
#16591=CARTESIAN_POINT('Ctrl Pts',(16.5,22.75,-12.5));
#16592=CARTESIAN_POINT('',(14.9315612858642,22.75,-12.3));
#16593=CARTESIAN_POINT('Ctrl Pts',(16.5,22.75,-12.5));
#16594=CARTESIAN_POINT('Ctrl Pts',(16.4975061621319,22.7499985835302,-12.5));
#16595=CARTESIAN_POINT('Ctrl Pts',(16.4950123242544,22.749997193183,-12.4999985073855));
#16596=CARTESIAN_POINT('Ctrl Pts',(16.2306955314991,22.7498525704166,-12.499682108865));
#16597=CARTESIAN_POINT('Ctrl Pts',(15.9691520749915,22.7499972303946,-12.4829168584918));
#16598=CARTESIAN_POINT('Ctrl Pts',(15.5773462647379,22.7500013385183,-12.4329556063596));
#16599=CARTESIAN_POINT('Ctrl Pts',(15.4458315158288,22.749999924083,-12.4118958115359));
#16600=CARTESIAN_POINT('Ctrl Pts',(15.1863686343977,22.7500000722776,-12.3617967103442));
#16601=CARTESIAN_POINT('Ctrl Pts',(15.0584631262154,22.75,-12.3328988031904));
#16602=CARTESIAN_POINT('Ctrl Pts',(14.9315612858642,22.75,-12.3));
#16603=CARTESIAN_POINT('',(11.1780828335832,22.75,-9.5271477955378));
#16604=CARTESIAN_POINT('Origin',(16.5,22.75,-6.25));
#16605=CARTESIAN_POINT('',(11.1780828335832,28.5,-9.5271477955378));
#16606=CARTESIAN_POINT('Origin',(-4.65,20.9,0.));
#16607=CARTESIAN_POINT('',(-4.65,18.25,-6.925));
#16608=CARTESIAN_POINT('',(-4.65,20.6,-6.925));
#16609=CARTESIAN_POINT('',(-4.65,0.,-6.925));
#16610=CARTESIAN_POINT('',(-4.65,20.6,-12.5));
#16611=CARTESIAN_POINT('',(-4.65,20.6,0.));
#16612=CARTESIAN_POINT('',(-4.65,18.25,-12.5));
#16613=CARTESIAN_POINT('',(-4.65,20.9,-12.5));
#16614=CARTESIAN_POINT('',(-4.65,18.25,0.));
#16615=CARTESIAN_POINT('Origin',(-4.35,20.6,0.));
#16616=CARTESIAN_POINT('',(-4.35,20.9,-6.925));
#16617=CARTESIAN_POINT('Origin',(-4.35,20.6,-6.925));
#16618=CARTESIAN_POINT('',(-4.35,20.9,-12.2));
#16619=CARTESIAN_POINT('',(-4.35,20.9,0.));
#16620=CARTESIAN_POINT('Origin',(-4.35000000000019,20.6000000000002,-12.2000000000002));
#16621=CARTESIAN_POINT('Origin',(27.4,20.9,0.));
#16622=CARTESIAN_POINT('',(27.4,18.25,-6.925));
#16623=CARTESIAN_POINT('',(27.4,20.6,-6.925));
#16624=CARTESIAN_POINT('',(27.4,0.,-6.925));
#16625=CARTESIAN_POINT('',(27.4,18.25,-12.5));
#16626=CARTESIAN_POINT('',(27.4,18.25,0.));
#16627=CARTESIAN_POINT('',(27.4,20.6,-12.5));
#16628=CARTESIAN_POINT('',(27.4,20.9,-12.5));
#16629=CARTESIAN_POINT('',(27.4,20.6,0.));
#16630=CARTESIAN_POINT('Origin',(27.1,20.6,0.));
#16631=CARTESIAN_POINT('',(27.1,20.9,-6.925));
#16632=CARTESIAN_POINT('Origin',(27.1,20.6,-6.925));
#16633=CARTESIAN_POINT('',(27.1,20.9,-12.2));
#16634=CARTESIAN_POINT('Origin',(27.1000000000003,20.6000000000002,-12.2000000000002));
#16635=CARTESIAN_POINT('',(27.1,20.9,0.));
#16636=CARTESIAN_POINT('Origin',(0.,22.75,0.));
#16637=CARTESIAN_POINT('',(22.45,22.75,-0.2));
#16638=CARTESIAN_POINT('',(22.55,22.75,-0.3));
#16639=CARTESIAN_POINT('Origin',(22.45,22.75,-0.3));
#16640=CARTESIAN_POINT('',(22.55,22.75,0.));
#16641=CARTESIAN_POINT('',(0.,22.75,-0.2));
#16642=CARTESIAN_POINT('Origin',(0.,22.75,0.));
#16643=CARTESIAN_POINT('',(22.55,22.75,-12.2));
#16644=CARTESIAN_POINT('',(22.45,22.75,-12.3));
#16645=CARTESIAN_POINT('Origin',(22.45,22.75,-12.2));
#16646=CARTESIAN_POINT('',(16.5,22.75,-12.3));
#16647=CARTESIAN_POINT('',(22.55,22.75,0.));
#16648=CARTESIAN_POINT('Origin',(0.,22.75,0.));
#16649=CARTESIAN_POINT('',(0.,5.,-0.3));
#16650=CARTESIAN_POINT('',(0.,5.,-12.2));
#16651=CARTESIAN_POINT('',(0.,5.,-12.5));
#16652=CARTESIAN_POINT('',(0.,18.25,-0.3));
#16653=CARTESIAN_POINT('',(0.,18.25,-0.3));
#16654=CARTESIAN_POINT('',(0.,18.25,-12.2));
#16655=CARTESIAN_POINT('',(0.,18.25,0.));
#16656=CARTESIAN_POINT('',(0.,22.75,-12.2));
#16657=CARTESIAN_POINT('Origin',(22.75,22.75,0.));
#16658=CARTESIAN_POINT('',(22.75,18.25,-0.3));
#16659=CARTESIAN_POINT('',(22.75,18.25,-12.2));
#16660=CARTESIAN_POINT('',(22.75,18.25,0.));
#16661=CARTESIAN_POINT('',(22.75,5.,-0.3));
#16662=CARTESIAN_POINT('',(22.75,22.75,-0.3));
#16663=CARTESIAN_POINT('',(22.75,5.,-12.2));
#16664=CARTESIAN_POINT('',(22.75,5.,-12.5));
#16665=CARTESIAN_POINT('',(22.75,18.25,-12.2));
#16666=CARTESIAN_POINT('Origin',(0.,22.75,0.));
#16667=CARTESIAN_POINT('',(22.45,20.6,0.));
#16668=CARTESIAN_POINT('',(22.45,22.55,0.));
#16669=CARTESIAN_POINT('',(22.45,22.75,0.));
#16670=CARTESIAN_POINT('',(18.0684387141358,22.55,0.));
#16671=CARTESIAN_POINT('',(0.,22.55,0.));
#16672=CARTESIAN_POINT('Ctrl Pts',(18.0684387141358,22.55,0.));
#16673=CARTESIAN_POINT('Ctrl Pts',(17.9356497089507,22.5500000245755,0.));
#16674=CARTESIAN_POINT('Ctrl Pts',(17.8038539068987,22.5579777174741,1.09072681658789E-16));
#16675=CARTESIAN_POINT('Ctrl Pts',(17.6726029548427,22.570113268064,-1.66912926350626E-16));
#16676=CARTESIAN_POINT('Ctrl Pts',(17.5413479045416,22.5822491975804,-4.23644493477382E-16));
#16677=CARTESIAN_POINT('Ctrl Pts',(17.4106446912345,22.5987114136201,-1.4504749057515E-15));
#16678=CARTESIAN_POINT('Ctrl Pts',(17.2802447969353,22.6175934268467,-4.4144377376601E-15));
#16679=CARTESIAN_POINT('Ctrl Pts',(17.280214519747,22.6175978110087,-4.4346418067577E-15));
#16680=CARTESIAN_POINT('Ctrl Pts',(17.280184242578,22.6176021953001,-4.43224313311992E-15));
#16681=CARTESIAN_POINT('Ctrl Pts',(17.2801539654282,22.6176065797207,-4.43293194951009E-15));
#16682=CARTESIAN_POINT('Ctrl Pts',(17.1574886440416,22.6353696905342,-7.22361351584309E-15));
#16683=CARTESIAN_POINT('Ctrl Pts',(17.0354485430839,22.6552048354399,-2.45872769186818E-15));
#16684=CARTESIAN_POINT('Ctrl Pts',(16.9133927709608,22.676168940679,-9.02675829550641E-16));
#16685=CARTESIAN_POINT('Ctrl Pts',(16.7759189759406,22.699781221002,8.49935710568433E-16));
#16686=CARTESIAN_POINT('Ctrl Pts',(16.6384268727519,22.7248321062603,4.51811976477101E-16));
#16687=CARTESIAN_POINT('Ctrl Pts',(16.5,22.75,4.57966997657877E-16));
#16688=CARTESIAN_POINT('',(14.9315612858642,22.55,0.));
#16689=CARTESIAN_POINT('Ctrl Pts',(16.5,22.75,4.33680868994202E-16));
#16690=CARTESIAN_POINT('Ctrl Pts',(16.2812571117211,22.7102295590511,4.33680868994202E-16));
#16691=CARTESIAN_POINT('Ctrl Pts',(16.0620198723195,22.6702210691125,-7.65832754217779E-15));
#16692=CARTESIAN_POINT('Ctrl Pts',(15.8421800148795,22.636003343117,-1.33192448658484E-14));
#16693=CARTESIAN_POINT('Ctrl Pts',(15.8014433160497,22.6296627403949,-1.4368222457083E-14));
#16694=CARTESIAN_POINT('Ctrl Pts',(15.7606858908765,22.6235208496632,-1.40639839569522E-14));
#16695=CARTESIAN_POINT('Ctrl Pts',(15.7199070963713,22.6176154485883,-1.16288802765973E-14));
#16696=CARTESIAN_POINT('Ctrl Pts',(15.7198564640773,22.6176081162479,-1.16258567716818E-14));
#16697=CARTESIAN_POINT('Ctrl Pts',(15.7198058317295,22.617600784269,-1.16228338452371E-14));
#16698=CARTESIAN_POINT('Ctrl Pts',(15.7197551993281,22.6175934526517,-1.16198114975909E-14));
#16699=CARTESIAN_POINT('Ctrl Pts',(15.5893552945158,22.5987114290786,-3.83598464813812E-15));
#16700=CARTESIAN_POINT('Ctrl Pts',(15.4586520863891,22.5822492059733,-1.123485930241E-15));
#16701=CARTESIAN_POINT('Ctrl Pts',(15.3273970447098,22.570113272904,-4.03798917802327E-16));
#16702=CARTESIAN_POINT('Ctrl Pts',(15.1961460931631,22.5579777180113,3.15865667952563E-16));
#16703=CARTESIAN_POINT('Ctrl Pts',(15.0643502951555,22.5500000245755,0.));
#16704=CARTESIAN_POINT('Ctrl Pts',(14.9315612858642,22.55,0.));
#16705=CARTESIAN_POINT('',(0.3,22.55,0.));
#16706=CARTESIAN_POINT('',(0.,22.55,0.));
#16707=CARTESIAN_POINT('',(0.3,20.6,0.));
#16708=CARTESIAN_POINT('',(0.3,20.9,0.));
#16709=CARTESIAN_POINT('',(-4.65,20.6,0.));
#16710=CARTESIAN_POINT('',(-4.65,20.6,0.));
#16711=CARTESIAN_POINT('',(-4.65,18.25,0.));
#16712=CARTESIAN_POINT('',(-4.65,20.9,0.));
#16713=CARTESIAN_POINT('',(0.300000000000002,18.25,0.));
#16714=CARTESIAN_POINT('',(27.4,18.25,0.));
#16715=CARTESIAN_POINT('',(0.300000000000002,5.,0.));
#16716=CARTESIAN_POINT('',(0.3,5.,0.));
#16717=CARTESIAN_POINT('',(22.45,5.,0.));
#16718=CARTESIAN_POINT('',(22.75,5.,0.));
#16719=CARTESIAN_POINT('',(22.45,18.25,0.));
#16720=CARTESIAN_POINT('',(22.45,22.75,0.));
#16721=CARTESIAN_POINT('',(27.4,18.25,0.));
#16722=CARTESIAN_POINT('',(27.4,18.25,0.));
#16723=CARTESIAN_POINT('',(27.4,20.6,0.));
#16724=CARTESIAN_POINT('',(27.4,20.9,0.));
#16725=CARTESIAN_POINT('',(22.75,20.6,0.));
#16726=CARTESIAN_POINT('Origin',(0.,22.75,-12.5));
#16727=CARTESIAN_POINT('',(0.3,20.6,-12.5));
#16728=CARTESIAN_POINT('',(0.3,22.55,-12.5));
#16729=CARTESIAN_POINT('',(0.3,22.75,-12.5));
#16730=CARTESIAN_POINT('',(14.9315612858642,22.55,-12.5));
#16731=CARTESIAN_POINT('',(16.5,22.55,-12.5));
#16732=CARTESIAN_POINT('Ctrl Pts',(14.9315612858642,22.55,-12.5));
#16733=CARTESIAN_POINT('Ctrl Pts',(15.0643502910492,22.5500000245755,-12.5));
#16734=CARTESIAN_POINT('Ctrl Pts',(15.1961460931016,22.5579777174741,-12.5));
#16735=CARTESIAN_POINT('Ctrl Pts',(15.3273970451573,22.570113268064,-12.5));
#16736=CARTESIAN_POINT('Ctrl Pts',(15.4586520954583,22.5822491975804,-12.5));
#16737=CARTESIAN_POINT('Ctrl Pts',(15.5893553087654,22.5987114136198,-12.5));
#16738=CARTESIAN_POINT('Ctrl Pts',(15.7197552030648,22.6175934268465,-12.5));
#16739=CARTESIAN_POINT('Ctrl Pts',(15.719785480253,22.6175978110085,-12.5));
#16740=CARTESIAN_POINT('Ctrl Pts',(15.719815757422,22.6176021952999,-12.5));
#16741=CARTESIAN_POINT('Ctrl Pts',(15.7198460345718,22.6176065797205,-12.5));
#16742=CARTESIAN_POINT('Ctrl Pts',(15.8425113556345,22.6353696904873,-12.5));
#16743=CARTESIAN_POINT('Ctrl Pts',(15.9645514562716,22.6552048353358,-12.5));
#16744=CARTESIAN_POINT('Ctrl Pts',(16.0866072280724,22.6761689405138,-12.5));
#16745=CARTESIAN_POINT('Ctrl Pts',(16.2240810234146,22.6997812208857,-12.5));
#16746=CARTESIAN_POINT('Ctrl Pts',(16.3615731269235,22.7248321062023,-12.5));
#16747=CARTESIAN_POINT('Ctrl Pts',(16.5,22.75,-12.5));
#16748=CARTESIAN_POINT('',(18.0684387141358,22.55,-12.5));
#16749=CARTESIAN_POINT('Ctrl Pts',(16.5,22.75,-12.5));
#16750=CARTESIAN_POINT('Ctrl Pts',(16.7187428931279,22.7102295581712,-12.5));
#16751=CARTESIAN_POINT('Ctrl Pts',(16.9379801373999,22.6702210673397,-12.5));
#16752=CARTESIAN_POINT('Ctrl Pts',(17.1578199997396,22.6360033408416,-12.5));
#16753=CARTESIAN_POINT('Ctrl Pts',(17.1985566937013,22.6296627389254,-12.5));
#16754=CARTESIAN_POINT('Ctrl Pts',(17.2393141140016,22.6235208489567,-12.5));
#16755=CARTESIAN_POINT('Ctrl Pts',(17.2800929036286,22.6176154485881,-12.5));
#16756=CARTESIAN_POINT('Ctrl Pts',(17.2801435359227,22.6176081162477,-12.5));
#16757=CARTESIAN_POINT('Ctrl Pts',(17.2801941682704,22.6176007842688,-12.5));
#16758=CARTESIAN_POINT('Ctrl Pts',(17.2802448006718,22.6175934526515,-12.5));
#16759=CARTESIAN_POINT('Ctrl Pts',(17.4106447054842,22.5987114290783,-12.5));
#16760=CARTESIAN_POINT('Ctrl Pts',(17.5413479136109,22.582249205973,-12.5));
#16761=CARTESIAN_POINT('Ctrl Pts',(17.6726029552902,22.570113272904,-12.5));
#16762=CARTESIAN_POINT('Ctrl Pts',(17.8038539068367,22.5579777180116,-12.5));
#16763=CARTESIAN_POINT('Ctrl Pts',(17.9356497048445,22.5500000245755,-12.5));
#16764=CARTESIAN_POINT('Ctrl Pts',(18.0684387141358,22.55,-12.5));
#16765=CARTESIAN_POINT('',(22.45,22.55,-12.5));
#16766=CARTESIAN_POINT('',(22.45,22.55,-12.5));
#16767=CARTESIAN_POINT('',(22.45,20.6,-12.5));
#16768=CARTESIAN_POINT('',(22.45,20.9,-12.5));
#16769=CARTESIAN_POINT('',(0.,20.6,-12.5));
#16770=CARTESIAN_POINT('',(22.45,18.25,-12.5));
#16771=CARTESIAN_POINT('',(27.4,18.25,-12.5));
#16772=CARTESIAN_POINT('',(22.45,5.,-12.5));
#16773=CARTESIAN_POINT('',(22.45,5.,-12.5));
#16774=CARTESIAN_POINT('',(0.300000000000002,5.,-12.5));
#16775=CARTESIAN_POINT('',(22.75,5.,-12.5));
#16776=CARTESIAN_POINT('',(0.300000000000002,18.25,-12.5));
#16777=CARTESIAN_POINT('',(0.3,22.75,-12.5));
#16778=CARTESIAN_POINT('',(27.4,18.25,-12.5));
#16779=CARTESIAN_POINT('',(0.,20.6,-12.5));
#16780=CARTESIAN_POINT('Origin',(0.,22.75,0.));
#16781=CARTESIAN_POINT('',(0.,20.9,-0.3));
#16782=CARTESIAN_POINT('',(0.,22.55,-0.3));
#16783=CARTESIAN_POINT('',(0.,22.75,-0.3));
#16784=CARTESIAN_POINT('',(0.,22.55,-12.2));
#16785=CARTESIAN_POINT('',(0.,22.55,-12.2));
#16786=CARTESIAN_POINT('',(0.,20.9,-12.2));
#16787=CARTESIAN_POINT('',(0.,22.75,-12.2));
#16788=CARTESIAN_POINT('',(0.,20.9,0.));
#16789=CARTESIAN_POINT('Origin',(22.75,22.75,0.));
#16790=CARTESIAN_POINT('',(22.75,20.9,-12.2));
#16791=CARTESIAN_POINT('',(22.75,22.55,-12.2));
#16792=CARTESIAN_POINT('',(22.75,22.75,-12.2));
#16793=CARTESIAN_POINT('',(22.75,22.55,-7.81843871413582));
#16794=CARTESIAN_POINT('',(22.75,22.55,0.));
#16795=CARTESIAN_POINT('Ctrl Pts',(22.75,22.55,-7.81843871413582));
#16796=CARTESIAN_POINT('Ctrl Pts',(22.75,22.5500000245755,-7.68564970895078));
#16797=CARTESIAN_POINT('Ctrl Pts',(22.75,22.5579777174741,-7.55385390689852));
#16798=CARTESIAN_POINT('Ctrl Pts',(22.75,22.5701132680641,-7.42260295484268));
#16799=CARTESIAN_POINT('Ctrl Pts',(22.75,22.5822491975804,-7.29134790454158));
#16800=CARTESIAN_POINT('Ctrl Pts',(22.75,22.5987114136201,-7.16064469123459));
#16801=CARTESIAN_POINT('Ctrl Pts',(22.75,22.6175934268467,-7.03024479693527));
#16802=CARTESIAN_POINT('Ctrl Pts',(22.75,22.6175978110087,-7.03021451974706));
#16803=CARTESIAN_POINT('Ctrl Pts',(22.75,22.6176021953001,-7.03018424257804));
#16804=CARTESIAN_POINT('Ctrl Pts',(22.75,22.6176065797207,-7.0301539654282));
#16805=CARTESIAN_POINT('Ctrl Pts',(22.75,22.635369690513,-6.90748864418846));
#16806=CARTESIAN_POINT('Ctrl Pts',(22.75,22.6552048353921,-6.78544854337599));
#16807=CARTESIAN_POINT('Ctrl Pts',(22.75,22.6761689406031,-6.66339277139901));
#16808=CARTESIAN_POINT('Ctrl Pts',(22.75,22.699781220948,-6.52591897623271));
#16809=CARTESIAN_POINT('Ctrl Pts',(22.75,22.7248321062326,-6.38842687289883));
#16810=CARTESIAN_POINT('Ctrl Pts',(22.75,22.75,-6.25));
#16811=CARTESIAN_POINT('',(22.75,22.55,-4.68156128586419));
#16812=CARTESIAN_POINT('Ctrl Pts',(22.75,22.75,-6.25));
#16813=CARTESIAN_POINT('Ctrl Pts',(22.75,22.7102295581675,-6.03125710687079));
#16814=CARTESIAN_POINT('Ctrl Pts',(22.75,22.670221067338,-5.81201986259647));
#16815=CARTESIAN_POINT('Ctrl Pts',(22.75,22.6360033408405,-5.59218000025474));
#16816=CARTESIAN_POINT('Ctrl Pts',(22.75,22.6296627389247,-5.55144330629491));
#16817=CARTESIAN_POINT('Ctrl Pts',(22.75,22.6235208489564,-5.51068588599651));
#16818=CARTESIAN_POINT('Ctrl Pts',(22.75,22.6176154485881,-5.46990709637136));
#16819=CARTESIAN_POINT('Ctrl Pts',(22.75,22.6176081162477,-5.46985646407729));
#16820=CARTESIAN_POINT('Ctrl Pts',(22.75,22.6176007842688,-5.46980583172957));
#16821=CARTESIAN_POINT('Ctrl Pts',(22.75,22.6175934526515,-5.46975519932818));
#16822=CARTESIAN_POINT('Ctrl Pts',(22.75,22.5987114290783,-5.33935529451583));
#16823=CARTESIAN_POINT('Ctrl Pts',(22.75,22.5822492059732,-5.20865208638917));
#16824=CARTESIAN_POINT('Ctrl Pts',(22.75,22.570113272904,-5.07739704470982));
#16825=CARTESIAN_POINT('Ctrl Pts',(22.75,22.5579777180114,-4.9461460931632));
#16826=CARTESIAN_POINT('Ctrl Pts',(22.75,22.5500000245755,-4.81435029515549));
#16827=CARTESIAN_POINT('Ctrl Pts',(22.75,22.55,-4.68156128586419));
#16828=CARTESIAN_POINT('',(22.75,22.55,-0.3));
#16829=CARTESIAN_POINT('',(22.75,22.55,0.));
#16830=CARTESIAN_POINT('',(22.75,20.9,-0.3));
#16831=CARTESIAN_POINT('',(22.75,22.75,-0.3));
#16832=CARTESIAN_POINT('',(22.75,20.9,0.));
#16833=CARTESIAN_POINT('Origin',(0.,22.75,0.));
#16834=CARTESIAN_POINT('',(0.3,22.75,-12.3));
#16835=CARTESIAN_POINT('',(0.3,22.75,-12.3));
#16836=CARTESIAN_POINT('',(0.2,22.75,-12.2));
#16837=CARTESIAN_POINT('Origin',(0.3,22.75,-12.2));
#16838=CARTESIAN_POINT('',(0.2,22.75,-0.3));
#16839=CARTESIAN_POINT('',(0.2,22.75,-0.3));
#16840=CARTESIAN_POINT('',(0.3,22.75,-0.2));
#16841=CARTESIAN_POINT('Origin',(0.3,22.75,-0.3));
#16842=CARTESIAN_POINT('',(0.,22.75,-0.2));
#16843=CARTESIAN_POINT('',(10.4372751491901,22.75,-3.44236252915624));
#16844=CARTESIAN_POINT('Origin',(10.3265760869565,22.75,-2.44850855717615));
#16845=CARTESIAN_POINT('',(10.4372751491901,22.75,-9.05763747084376));
#16846=CARTESIAN_POINT('Origin',(10.75,22.75,-6.25));
#16847=CARTESIAN_POINT('Origin',(10.3265760869565,22.75,-10.0514914428238));
#16848=CARTESIAN_POINT('Origin',(27.4,20.9,0.));
#16849=CARTESIAN_POINT('',(27.4,18.25,-5.575));
#16850=CARTESIAN_POINT('',(27.4,20.6,-5.575));
#16851=CARTESIAN_POINT('',(27.4,0.,-5.575));
#16852=CARTESIAN_POINT('',(27.4,20.6,0.));
#16853=CARTESIAN_POINT('',(27.4,18.25,0.));
#16854=CARTESIAN_POINT('Origin',(0.,20.9,0.));
#16855=CARTESIAN_POINT('',(27.4,20.9,-6.925));
#16856=CARTESIAN_POINT('',(0.,20.9,-12.2));
#16857=CARTESIAN_POINT('',(27.1,20.9,-0.3));
#16858=CARTESIAN_POINT('',(27.4,20.9,-0.3));
#16859=CARTESIAN_POINT('',(27.1,20.9,-5.575));
#16860=CARTESIAN_POINT('',(27.1,20.9,0.));
#16861=CARTESIAN_POINT('',(27.4,20.9,-5.575));
#16862=CARTESIAN_POINT('Origin',(0.,18.25,0.));
#16863=CARTESIAN_POINT('',(2.40259201422788E-15,18.25,-6.92500000000001));
#16864=CARTESIAN_POINT('',(0.,18.25,-5.575));
#16865=CARTESIAN_POINT('Origin',(22.45,18.25,-0.3));
#16866=CARTESIAN_POINT('Origin',(22.45,18.25,-12.2));
#16867=CARTESIAN_POINT('Origin',(-4.65,20.9,0.));
#16868=CARTESIAN_POINT('',(-4.65,18.25,-5.575));
#16869=CARTESIAN_POINT('',(-4.65,20.6,-5.575));
#16870=CARTESIAN_POINT('',(-4.65,0.,-5.575));
#16871=CARTESIAN_POINT('',(-4.65,18.25,0.));
#16872=CARTESIAN_POINT('',(-4.65,20.6,0.));
#16873=CARTESIAN_POINT('Origin',(0.,20.9,0.));
#16874=CARTESIAN_POINT('',(-2.15,20.9,-6.925));
#16875=CARTESIAN_POINT('',(-4.35,20.9,-5.575));
#16876=CARTESIAN_POINT('',(-2.15,20.9,-5.575));
#16877=CARTESIAN_POINT('',(-4.35,20.9,-0.3));
#16878=CARTESIAN_POINT('',(-4.35,20.9,0.));
#16879=CARTESIAN_POINT('',(0.,20.9,-0.3));
#16880=CARTESIAN_POINT('',(0.,20.9,-12.2));
#16881=CARTESIAN_POINT('Origin',(0.,18.25,0.));
#16882=CARTESIAN_POINT('',(-2.40259201422788E-15,18.25,-6.925));
#16883=CARTESIAN_POINT('Origin',(0.3,18.25,-12.2));
#16884=CARTESIAN_POINT('Origin',(0.3,18.25,-0.3));
#16885=CARTESIAN_POINT('',(-1.93421667571414E-15,18.25,-5.575));
#16886=CARTESIAN_POINT('Origin',(0.,5.,0.));
#16887=CARTESIAN_POINT('Origin',(0.3,5.,-0.3));
#16888=CARTESIAN_POINT('Origin',(0.3,5.,-12.2));
#16889=CARTESIAN_POINT('Origin',(22.45,5.,-12.2));
#16890=CARTESIAN_POINT('Origin',(22.45,5.,-0.3));
#16891=CARTESIAN_POINT('',(0.15,5.,-0.450000000000001));
#16892=CARTESIAN_POINT('',(0.150000000000001,5.,-12.05));
#16893=CARTESIAN_POINT('',(0.150000000000001,5.,-12.35));
#16894=CARTESIAN_POINT('',(0.450000000000003,5.,-0.150000000000001));
#16895=CARTESIAN_POINT('Origin',(0.450000000000003,5.,-0.450000000000001));
#16896=CARTESIAN_POINT('',(22.3,5.,-0.15));
#16897=CARTESIAN_POINT('',(22.6,5.,-0.15));
#16898=CARTESIAN_POINT('',(22.6,5.,-0.450000000000001));
#16899=CARTESIAN_POINT('Origin',(22.3,5.,-0.450000000000001));
#16900=CARTESIAN_POINT('',(22.6,5.,-4.325));
#16901=CARTESIAN_POINT('',(22.6,5.,-12.35));
#16902=CARTESIAN_POINT('',(20.6,5.,-4.325));
#16903=CARTESIAN_POINT('',(20.6,5.,-4.325));
#16904=CARTESIAN_POINT('',(20.6,5.,-8.175));
#16905=CARTESIAN_POINT('',(20.6,5.,-4.325));
#16906=CARTESIAN_POINT('',(22.6,5.,-8.175));
#16907=CARTESIAN_POINT('',(20.6,5.,-8.175));
#16908=CARTESIAN_POINT('',(22.6,5.,-12.05));
#16909=CARTESIAN_POINT('',(22.6,5.,-12.35));
#16910=CARTESIAN_POINT('',(22.3,5.,-12.35));
#16911=CARTESIAN_POINT('Origin',(22.3,5.,-12.05));
#16912=CARTESIAN_POINT('',(0.450000000000003,5.,-12.35));
#16913=CARTESIAN_POINT('',(22.6,5.,-12.35));
#16914=CARTESIAN_POINT('Origin',(0.450000000000001,5.,-12.05));
#16915=CARTESIAN_POINT('Origin',(22.6,5.,-12.35));
#16916=CARTESIAN_POINT('',(0.450000000000003,0.,-12.35));
#16917=CARTESIAN_POINT('',(22.3,0.,-12.35));
#16918=CARTESIAN_POINT('',(22.6,0.,-12.35));
#16919=CARTESIAN_POINT('',(0.450000000000003,5.,-12.35));
#16920=CARTESIAN_POINT('',(22.3,5.,-12.35));
#16921=CARTESIAN_POINT('Origin',(0.150000000000001,5.,-12.35));
#16922=CARTESIAN_POINT('',(0.15,0.,-0.450000000000001));
#16923=CARTESIAN_POINT('',(0.150000000000001,0.,-12.05));
#16924=CARTESIAN_POINT('',(0.150000000000001,0.,-12.35));
#16925=CARTESIAN_POINT('',(0.15,5.,-0.450000000000001));
#16926=CARTESIAN_POINT('',(0.150000000000001,5.,-12.05));
#16927=CARTESIAN_POINT('Origin',(22.6,5.,-0.15));
#16928=CARTESIAN_POINT('',(22.3,0.,-0.15));
#16929=CARTESIAN_POINT('',(0.450000000000003,0.,-0.150000000000001));
#16930=CARTESIAN_POINT('',(22.6,0.,-0.15));
#16931=CARTESIAN_POINT('',(22.3,5.,-0.15));
#16932=CARTESIAN_POINT('',(0.450000000000003,5.,-0.150000000000001));
#16933=CARTESIAN_POINT('Origin',(22.6,5.,-12.35));
#16934=CARTESIAN_POINT('',(22.6,0.,-0.450000000000001));
#16935=CARTESIAN_POINT('',(22.6,5.,-0.450000000000001));
#16936=CARTESIAN_POINT('',(22.6,0.,-12.05));
#16937=CARTESIAN_POINT('',(22.6,0.,-12.35));
#16938=CARTESIAN_POINT('',(22.6,5.,-12.05));
#16939=CARTESIAN_POINT('',(22.6,3.77,-8.175));
#16940=CARTESIAN_POINT('',(22.6,5.,-8.175));
#16941=CARTESIAN_POINT('',(22.6,3.77,-4.325));
#16942=CARTESIAN_POINT('',(22.6,3.77,-4.325));
#16943=CARTESIAN_POINT('',(22.6,5.,-4.325));
#16944=CARTESIAN_POINT('Origin',(0.,0.,0.));
#16945=CARTESIAN_POINT('Origin',(22.3,0.,-0.450000000000001));
#16946=CARTESIAN_POINT('Origin',(0.450000000000003,0.,-0.450000000000001));
#16947=CARTESIAN_POINT('Origin',(0.450000000000001,0.,-12.05));
#16948=CARTESIAN_POINT('Origin',(22.3,0.,-12.05));
#16949=CARTESIAN_POINT('Origin',(20.6,5.,-4.325));
#16950=CARTESIAN_POINT('',(20.6,3.77,-4.325));
#16951=CARTESIAN_POINT('',(20.6,3.77,-4.325));
#16952=CARTESIAN_POINT('',(20.6,5.,-4.325));
#16953=CARTESIAN_POINT('Origin',(20.6,5.,-8.175));
#16954=CARTESIAN_POINT('',(20.6,3.77,-8.175));
#16955=CARTESIAN_POINT('',(20.6,5.,-8.175));
#16956=CARTESIAN_POINT('',(20.6,3.77,-8.175));
#16957=CARTESIAN_POINT('Origin',(20.6,3.77,-4.325));
#16958=CARTESIAN_POINT('',(20.6,3.77,-4.325));
#16959=CARTESIAN_POINT('Origin',(20.6,0.,0.));
#16960=CARTESIAN_POINT('Origin',(16.5,28.5,-6.25));
#16961=CARTESIAN_POINT('',(10.4594149616368,28.5,-8.85886667644774));
#16962=CARTESIAN_POINT('',(10.4594149616368,28.5,-3.64113332355226));
#16963=CARTESIAN_POINT('Origin',(10.75,28.5,-6.25));
#16964=CARTESIAN_POINT('Origin',(10.3265760869565,28.5,-2.44850855717615));
#16965=CARTESIAN_POINT('Origin',(10.3265760869565,28.5,-10.0514914428238));
#16966=CARTESIAN_POINT('Origin',(10.75,28.5,-6.25));
#16967=CARTESIAN_POINT('',(10.4372751491901,28.3,-3.44236252915624));
#16968=CARTESIAN_POINT('',(10.4372751491901,28.5,-3.44236252915624));
#16969=CARTESIAN_POINT('',(10.4372751491901,28.3,-9.05763747084376));
#16970=CARTESIAN_POINT('Origin',(10.75,28.3,-6.25));
#16971=CARTESIAN_POINT('',(10.4372751491901,28.5,-9.05763747084376));
#16972=CARTESIAN_POINT('Origin',(22.3,5.,-0.450000000000001));
#16973=CARTESIAN_POINT('Origin',(0.450000000000003,5.,-0.450000000000001));
#16974=CARTESIAN_POINT('Origin',(0.450000000000001,5.,-12.05));
#16975=CARTESIAN_POINT('Origin',(22.3,5.,-12.05));
#16976=CARTESIAN_POINT('Origin',(22.45,22.75,-12.2));
#16977=CARTESIAN_POINT('Origin',(22.45,22.55,-12.2));
#16978=CARTESIAN_POINT('Origin',(22.4500000000004,20.6000000000004,-12.2000000000005));
#16979=CARTESIAN_POINT('Origin',(22.45,22.75,-0.3));
#16980=CARTESIAN_POINT('Origin',(22.45,22.55,-0.3));
#16981=CARTESIAN_POINT('Origin',(22.4500000000002,20.6000000000001,-0.299999999999855));
#16982=CARTESIAN_POINT('Origin',(0.,20.6,-12.2));
#16983=CARTESIAN_POINT('Origin',(0.,20.6,-0.3));
#16984=CARTESIAN_POINT('Origin',(27.1000000000006,20.6000000000006,-0.299999999999437));
#16985=CARTESIAN_POINT('Origin',(27.1,20.6,0.));
#16986=CARTESIAN_POINT('Origin',(27.1,20.6,-5.575));
#16987=CARTESIAN_POINT('Origin',(0.3,22.75,-0.3));
#16988=CARTESIAN_POINT('Origin',(0.3,22.55,-0.3));
#16989=CARTESIAN_POINT('Origin',(0.299999999999965,20.6,-0.299999999999969));
#16990=CARTESIAN_POINT('Origin',(0.,20.6,-0.3));
#16991=CARTESIAN_POINT('Origin',(-4.35000000000033,20.6000000000003,-0.299999999999673));
#16992=CARTESIAN_POINT('Origin',(-4.35,20.6,0.));
#16993=CARTESIAN_POINT('Origin',(-4.35,20.6,-5.575));
#16994=CARTESIAN_POINT('Origin',(0.3,22.75,-12.2));
#16995=CARTESIAN_POINT('Origin',(0.3,22.55,-12.2));
#16996=CARTESIAN_POINT('Origin',(0.299999999999906,20.6000000000001,-12.2000000000001));
#16997=CARTESIAN_POINT('Origin',(0.,20.6,-12.2));
#16998=CARTESIAN_POINT('Origin',(0.3,22.75,-0.3));
#16999=CARTESIAN_POINT('Origin',(0.3,22.75,-12.2));
#17000=CARTESIAN_POINT('Origin',(22.45,22.75,-0.3));
#17001=CARTESIAN_POINT('Origin',(22.45,22.75,-12.2));
#17002=CARTESIAN_POINT('Origin',(10.3265760869565,28.5,-10.0514914428238));
#17003=CARTESIAN_POINT('Origin',(10.3265760869565,28.3,-10.0514914428238));
#17004=CARTESIAN_POINT('Origin',(10.3265760869565,28.5,-2.44850855717615));
#17005=CARTESIAN_POINT('Origin',(10.3265760869565,28.3,-2.44850855717615));
#17006=CARTESIAN_POINT('Origin',(10.3265760869565,28.3,-10.0514914428238));
#17007=CARTESIAN_POINT('Origin',(10.4594149616368,28.3,-8.85886667644774));
#17008=CARTESIAN_POINT('Origin',(10.75,28.3,-6.25));
#17009=CARTESIAN_POINT('Origin',(10.4594149616368,28.3,-3.64113332355226));
#17010=CARTESIAN_POINT('Origin',(10.3265760869565,28.3,-2.44850855717615));
#17011=CARTESIAN_POINT('Ctrl Pts',(14.9315612858642,22.7499999999674,-12.299996387847));
#17012=CARTESIAN_POINT('Ctrl Pts',(14.9315612858642,22.7500036121856,-12.5));
#17013=CARTESIAN_POINT('Ctrl Pts',(14.9315612858642,22.55,-12.5));
#17014=CARTESIAN_POINT('Ctrl Pts',(15.0559813077425,22.7500005832989,-12.3322520841686));
#17015=CARTESIAN_POINT('Ctrl Pts',(15.0468768709407,22.7201077435657,-12.5));
#17016=CARTESIAN_POINT('Ctrl Pts',(15.0643440516765,22.5500000245743,-12.5));
#17017=CARTESIAN_POINT('Ctrl Pts',(15.1824674221644,22.75000095742,-12.3609451951978));
#17018=CARTESIAN_POINT('Ctrl Pts',(15.1796389495375,22.7036322516128,-12.5));
#17019=CARTESIAN_POINT('Ctrl Pts',(15.1961419846336,22.5579773367445,-12.5));
#17020=CARTESIAN_POINT('Ctrl Pts',(15.4390618035251,22.7500013747666,-12.4106788532604));
#17021=CARTESIAN_POINT('Ctrl Pts',(15.4405284161529,22.6889882721167,-12.5));
#17022=CARTESIAN_POINT('Ctrl Pts',(15.4586521071262,22.5822491837535,-12.5));
#17023=CARTESIAN_POINT('Ctrl Pts',(15.5691662271087,22.7500014173355,-12.4317138836375));
#17024=CARTESIAN_POINT('Ctrl Pts',(15.5739645317492,22.6890780784994,-12.5000000000001));
#17025=CARTESIAN_POINT('Ctrl Pts',(15.5893573682676,22.598711683545,-12.5));
#17026=CARTESIAN_POINT('Ctrl Pts',(15.9634153144296,22.7500012041363,-12.4825597689837));
#17027=CARTESIAN_POINT('Ctrl Pts',(15.9595973327488,22.7018585576388,-12.4999999999998));
#17028=CARTESIAN_POINT('Ctrl Pts',(15.9805508907592,22.6553567884491,-12.5));
#17029=CARTESIAN_POINT('Ctrl Pts',(16.2312756495525,22.7500006037166,-12.5));
#17030=CARTESIAN_POINT('Ctrl Pts',(16.2356258200895,22.7263576784128,-12.5));
#17031=CARTESIAN_POINT('Ctrl Pts',(16.2399062880956,22.7027114152536,-12.5));
#17032=CARTESIAN_POINT('Ctrl Pts',(16.5,22.75,-12.5));
#17033=CARTESIAN_POINT('Ctrl Pts',(16.5,22.75,-12.5));
#17034=CARTESIAN_POINT('Ctrl Pts',(16.5,22.75,-12.5));
#17035=CARTESIAN_POINT('Origin',(14.9315612858642,22.55,-12.3));
#17036=CARTESIAN_POINT('Origin',(0.,22.55,-12.3));
#17037=CARTESIAN_POINT('Origin',(0.3,22.55,-12.3));
#17038=CARTESIAN_POINT('Ctrl Pts',(0.200000000000002,22.75,-12.2));
#17039=CARTESIAN_POINT('Ctrl Pts',(0.200000000000002,22.75,-12.3));
#17040=CARTESIAN_POINT('Ctrl Pts',(0.3,22.75,-12.3));
#17041=CARTESIAN_POINT('Ctrl Pts',(-2.77555756156289E-16,22.75,-12.2));
#17042=CARTESIAN_POINT('Ctrl Pts',(-2.08166817117217E-16,22.75,-12.5));
#17043=CARTESIAN_POINT('Ctrl Pts',(0.3,22.75,-12.5));
#17044=CARTESIAN_POINT('Ctrl Pts',(-2.77555756156289E-16,22.55,-12.2));
#17045=CARTESIAN_POINT('Ctrl Pts',(-2.08166817117217E-16,22.55,-12.5));
#17046=CARTESIAN_POINT('Ctrl Pts',(0.3,22.55,-12.5));
#17047=CARTESIAN_POINT('Origin',(0.2,22.55,-12.2));
#17048=CARTESIAN_POINT('Ctrl Pts',(14.9315612858642,22.55,0.));
#17049=CARTESIAN_POINT('Ctrl Pts',(14.9315612858642,22.7500036121856,4.90656488860174E-17));
#17050=CARTESIAN_POINT('Ctrl Pts',(14.9315612858642,22.7499999999674,-0.200003612152999));
#17051=CARTESIAN_POINT('Ctrl Pts',(15.0643440516766,22.5500000245743,0.));
#17052=CARTESIAN_POINT('Ctrl Pts',(15.0468768709408,22.7201077435658,-4.26903871681533E-15));
#17053=CARTESIAN_POINT('Ctrl Pts',(15.0559813077426,22.7500005832989,-0.167747915831165));
#17054=CARTESIAN_POINT('Ctrl Pts',(15.1961419846334,22.5579773367445,0.));
#17055=CARTESIAN_POINT('Ctrl Pts',(15.1796389495373,22.7036322516128,4.72016957629745E-16));
#17056=CARTESIAN_POINT('Ctrl Pts',(15.1824674221642,22.75000095742,-0.13905480480226));
#17057=CARTESIAN_POINT('Ctrl Pts',(15.4586521071264,22.5822491837535,0.));
#17058=CARTESIAN_POINT('Ctrl Pts',(15.4405284161531,22.6889882721167,-4.12995513783111E-16));
#17059=CARTESIAN_POINT('Ctrl Pts',(15.4390618035253,22.7500013747666,-0.0893211467395551));
#17060=CARTESIAN_POINT('Ctrl Pts',(15.5893573682679,22.5987116835452,0.));
#17061=CARTESIAN_POINT('Ctrl Pts',(15.5739645317495,22.6890780784994,9.06082170868917E-14));
#17062=CARTESIAN_POINT('Ctrl Pts',(15.569166227109,22.7500014173355,-0.0682861163624491));
#17063=CARTESIAN_POINT('Ctrl Pts',(15.9805508907587,22.6553567884486,0.));
#17064=CARTESIAN_POINT('Ctrl Pts',(15.9595973327485,22.7018585576388,-1.68573529270733E-13));
#17065=CARTESIAN_POINT('Ctrl Pts',(15.9634153144292,22.7500012041363,-0.0174402310163625));
#17066=CARTESIAN_POINT('Ctrl Pts',(16.2399062880965,22.7027114152513,4.33680868994202E-16));
#17067=CARTESIAN_POINT('Ctrl Pts',(16.2356258200901,22.7263576784109,4.33680868994202E-16));
#17068=CARTESIAN_POINT('Ctrl Pts',(16.2312756495529,22.7500006037166,4.33680868994202E-16));
#17069=CARTESIAN_POINT('Ctrl Pts',(16.5,22.75,4.33680868994202E-16));
#17070=CARTESIAN_POINT('Ctrl Pts',(16.5,22.75,4.33680868994202E-16));
#17071=CARTESIAN_POINT('Ctrl Pts',(16.5,22.75,4.33680868994202E-16));
#17072=CARTESIAN_POINT('Origin',(14.9315612858642,22.55,-0.2));
#17073=CARTESIAN_POINT('Origin',(0.2,22.55,0.));
#17074=CARTESIAN_POINT('Origin',(0.2,22.55,-0.3));
#17075=CARTESIAN_POINT('Origin',(0.,22.55,-0.2));
#17076=CARTESIAN_POINT('Origin',(0.3,22.55,-0.2));
#17077=CARTESIAN_POINT('Ctrl Pts',(0.3,22.75,-0.2));
#17078=CARTESIAN_POINT('Ctrl Pts',(0.2,22.75,-0.2));
#17079=CARTESIAN_POINT('Ctrl Pts',(0.2,22.75,-0.3));
#17080=CARTESIAN_POINT('Ctrl Pts',(0.3,22.75,0.));
#17081=CARTESIAN_POINT('Ctrl Pts',(6.93889390390723E-17,22.75,-6.93889390390723E-17));
#17082=CARTESIAN_POINT('Ctrl Pts',(0.,22.75,-0.3));
#17083=CARTESIAN_POINT('Ctrl Pts',(0.3,22.55,0.));
#17084=CARTESIAN_POINT('Ctrl Pts',(6.93889390390723E-17,22.55,-6.93889390390723E-17));
#17085=CARTESIAN_POINT('Ctrl Pts',(0.,22.55,-0.3));
#17086=CARTESIAN_POINT('Ctrl Pts',(22.5499963878469,22.7499999999674,-7.81843871413582));
#17087=CARTESIAN_POINT('Ctrl Pts',(22.75,22.7500036121857,-7.81843871413582));
#17088=CARTESIAN_POINT('Ctrl Pts',(22.75,22.55,-7.81843871413582));
#17089=CARTESIAN_POINT('Ctrl Pts',(22.5822520841681,22.7500005832989,-7.69401869225736));
#17090=CARTESIAN_POINT('Ctrl Pts',(22.75,22.7201077435666,-7.70312312905911));
#17091=CARTESIAN_POINT('Ctrl Pts',(22.75,22.5500000245743,-7.68565594832341));
#17092=CARTESIAN_POINT('Ctrl Pts',(22.6109451951978,22.75000095742,-7.56753257783565));
#17093=CARTESIAN_POINT('Ctrl Pts',(22.75,22.7036322516128,-7.57036105046244));
#17094=CARTESIAN_POINT('Ctrl Pts',(22.75,22.5579773367445,-7.55385801536655));
#17095=CARTESIAN_POINT('Ctrl Pts',(22.6606788532602,22.7500013747667,-7.31093819647483));
#17096=CARTESIAN_POINT('Ctrl Pts',(22.75,22.6889882721167,-7.30947158384707));
#17097=CARTESIAN_POINT('Ctrl Pts',(22.75,22.5822491837535,-7.29134789287364));
#17098=CARTESIAN_POINT('Ctrl Pts',(22.6817138836375,22.7500014173355,-7.18083377289127));
#17099=CARTESIAN_POINT('Ctrl Pts',(22.75,22.6890780784999,-7.17603546825079));
#17100=CARTESIAN_POINT('Ctrl Pts',(22.75,22.5987116835452,-7.16064263173238));
#17101=CARTESIAN_POINT('Ctrl Pts',(22.7325597689836,22.7500012041365,-6.78658468557038));
#17102=CARTESIAN_POINT('Ctrl Pts',(22.75,22.701858557638,-6.79040266725092));
#17103=CARTESIAN_POINT('Ctrl Pts',(22.75,22.6553567884486,-6.76944910924082));
#17104=CARTESIAN_POINT('Ctrl Pts',(22.75,22.7500006037166,-6.51872435044746));
#17105=CARTESIAN_POINT('Ctrl Pts',(22.75,22.7263576784108,-6.51437417991018));
#17106=CARTESIAN_POINT('Ctrl Pts',(22.75,22.7027114152499,-6.51009371190359));
#17107=CARTESIAN_POINT('Ctrl Pts',(22.75,22.75,-6.25));
#17108=CARTESIAN_POINT('Ctrl Pts',(22.75,22.75,-6.25));
#17109=CARTESIAN_POINT('Ctrl Pts',(22.75,22.75,-6.25));
#17110=CARTESIAN_POINT('Origin',(22.55,22.55,-7.81843871413582));
#17111=CARTESIAN_POINT('Origin',(22.55,22.55,0.));
#17112=CARTESIAN_POINT('Origin',(22.55,22.55,-12.2));
#17113=CARTESIAN_POINT('Ctrl Pts',(22.45,22.75,-12.3));
#17114=CARTESIAN_POINT('Ctrl Pts',(22.55,22.75,-12.3));
#17115=CARTESIAN_POINT('Ctrl Pts',(22.55,22.75,-12.2));
#17116=CARTESIAN_POINT('Ctrl Pts',(22.45,22.75,-12.5));
#17117=CARTESIAN_POINT('Ctrl Pts',(22.75,22.75,-12.5));
#17118=CARTESIAN_POINT('Ctrl Pts',(22.75,22.75,-12.2));
#17119=CARTESIAN_POINT('Ctrl Pts',(22.45,22.55,-12.5));
#17120=CARTESIAN_POINT('Ctrl Pts',(22.75,22.55,-12.5));
#17121=CARTESIAN_POINT('Ctrl Pts',(22.75,22.55,-12.2));
#17122=CARTESIAN_POINT('Origin',(22.45,22.55,-12.3));
#17123=CARTESIAN_POINT('Origin',(0.,22.55,-12.3));
#17124=CARTESIAN_POINT('Origin',(18.0684387141358,22.55,-12.3));
#17125=CARTESIAN_POINT('Ctrl Pts',(18.0684387141358,22.55,-12.5));
#17126=CARTESIAN_POINT('Ctrl Pts',(18.0684387141358,22.7500036121856,-12.5));
#17127=CARTESIAN_POINT('Ctrl Pts',(18.0684387141358,22.7499999999674,-12.299996387847));
#17128=CARTESIAN_POINT('Ctrl Pts',(17.9356559483235,22.5500000245743,-12.5));
#17129=CARTESIAN_POINT('Ctrl Pts',(17.9531231290594,22.7201077435653,-12.5));
#17130=CARTESIAN_POINT('Ctrl Pts',(17.9440186922575,22.7500005832989,-12.3322520841688));
#17131=CARTESIAN_POINT('Ctrl Pts',(17.8038580153664,22.5579773367447,-12.5));
#17132=CARTESIAN_POINT('Ctrl Pts',(17.8203610504625,22.7036322516125,-12.5000000000001));
#17133=CARTESIAN_POINT('Ctrl Pts',(17.8175325778356,22.75000095742,-12.3609451951978));
#17134=CARTESIAN_POINT('Ctrl Pts',(17.5413478928737,22.5822491837533,-12.5));
#17135=CARTESIAN_POINT('Ctrl Pts',(17.559471583847,22.6889882721169,-12.4999999999999));
#17136=CARTESIAN_POINT('Ctrl Pts',(17.5609381964749,22.7500013747666,-12.4106788532604));
#17137=CARTESIAN_POINT('Ctrl Pts',(17.4106426317324,22.598711683545,-12.5));
#17138=CARTESIAN_POINT('Ctrl Pts',(17.4260354682508,22.6890780784994,-12.5000000000001));
#17139=CARTESIAN_POINT('Ctrl Pts',(17.4308337728913,22.7500014173355,-12.4317138836375));
#17140=CARTESIAN_POINT('Ctrl Pts',(17.0194491092408,22.6553567884491,-12.5));
#17141=CARTESIAN_POINT('Ctrl Pts',(17.0404026672512,22.7018585576388,-12.4999999999998));
#17142=CARTESIAN_POINT('Ctrl Pts',(17.0365846855704,22.7500012041363,-12.4825597689837));
#17143=CARTESIAN_POINT('Ctrl Pts',(16.7600937119044,22.7027114152536,-12.5));
#17144=CARTESIAN_POINT('Ctrl Pts',(16.7643741799105,22.7263576784136,-12.5));
#17145=CARTESIAN_POINT('Ctrl Pts',(16.7687243504475,22.7500006037166,-12.5));
#17146=CARTESIAN_POINT('Ctrl Pts',(16.5,22.75,-12.5));
#17147=CARTESIAN_POINT('Ctrl Pts',(16.5,22.75,-12.5));
#17148=CARTESIAN_POINT('Ctrl Pts',(16.5,22.75,-12.5));
#17149=CARTESIAN_POINT('Ctrl Pts',(18.0684387141358,22.7499999999674,-0.200003612152966));
#17150=CARTESIAN_POINT('Ctrl Pts',(18.0684387141358,22.7500036121856,0.));
#17151=CARTESIAN_POINT('Ctrl Pts',(18.0684387141358,22.55,0.));
#17152=CARTESIAN_POINT('Ctrl Pts',(17.9440186922575,22.7500005832989,-0.167747915831384));
#17153=CARTESIAN_POINT('Ctrl Pts',(17.9531231290591,22.7201077435663,-4.99568360478445E-15));
#17154=CARTESIAN_POINT('Ctrl Pts',(17.9356559483233,22.5500000245743,0.));
#17155=CARTESIAN_POINT('Ctrl Pts',(17.8175325778356,22.75000095742,-0.139054804802139));
#17156=CARTESIAN_POINT('Ctrl Pts',(17.8203610504625,22.7036322516127,3.73322502852538E-15));
#17157=CARTESIAN_POINT('Ctrl Pts',(17.8038580153667,22.5579773367445,0.));
#17158=CARTESIAN_POINT('Ctrl Pts',(17.5609381964749,22.7500013747666,-0.0893211467396301));
#17159=CARTESIAN_POINT('Ctrl Pts',(17.559471583847,22.6889882721167,-3.42196282848914E-15));
#17160=CARTESIAN_POINT('Ctrl Pts',(17.5413478928735,22.5822491837535,0.));
#17161=CARTESIAN_POINT('Ctrl Pts',(17.430833772891,22.7500014173355,-0.068286116362448));
#17162=CARTESIAN_POINT('Ctrl Pts',(17.4260354682505,22.6890780784994,8.59616418516669E-14));
#17163=CARTESIAN_POINT('Ctrl Pts',(17.4106426317321,22.5987116835452,0.));
#17164=CARTESIAN_POINT('Ctrl Pts',(17.0365846855708,22.7500012041363,-0.0174402310163334));
#17165=CARTESIAN_POINT('Ctrl Pts',(17.0404026672515,22.7018585576388,-1.60125915445312E-13));
#17166=CARTESIAN_POINT('Ctrl Pts',(17.0194491092413,22.6553567884486,0.));
#17167=CARTESIAN_POINT('Ctrl Pts',(16.7687243504471,22.7500006037166,4.33680868994202E-16));
#17168=CARTESIAN_POINT('Ctrl Pts',(16.76437417991,22.7263576784119,4.33680868994202E-16));
#17169=CARTESIAN_POINT('Ctrl Pts',(16.7600937119035,22.7027114152513,4.33680868994202E-16));
#17170=CARTESIAN_POINT('Ctrl Pts',(16.5,22.75,4.33680868994202E-16));
#17171=CARTESIAN_POINT('Ctrl Pts',(16.5,22.75,4.33680868994202E-16));
#17172=CARTESIAN_POINT('Ctrl Pts',(16.5,22.75,4.33680868994202E-16));
#17173=CARTESIAN_POINT('Origin',(18.0684387141358,22.55,-0.2));
#17174=CARTESIAN_POINT('Origin',(0.,22.55,-0.2));
#17175=CARTESIAN_POINT('Origin',(22.45,22.55,-0.2));
#17176=CARTESIAN_POINT('Ctrl Pts',(22.55,22.75,-0.3));
#17177=CARTESIAN_POINT('Ctrl Pts',(22.55,22.75,-0.200000000000002));
#17178=CARTESIAN_POINT('Ctrl Pts',(22.45,22.75,-0.200000000000002));
#17179=CARTESIAN_POINT('Ctrl Pts',(22.75,22.75,-0.3));
#17180=CARTESIAN_POINT('Ctrl Pts',(22.75,22.75,-6.93889390390723E-17));
#17181=CARTESIAN_POINT('Ctrl Pts',(22.45,22.75,0.));
#17182=CARTESIAN_POINT('Ctrl Pts',(22.75,22.55,-0.3));
#17183=CARTESIAN_POINT('Ctrl Pts',(22.75,22.55,-6.93889390390723E-17));
#17184=CARTESIAN_POINT('Ctrl Pts',(22.45,22.55,0.));
#17185=CARTESIAN_POINT('Origin',(22.55,22.55,-0.3));
#17186=CARTESIAN_POINT('Ctrl Pts',(22.75,22.55,-4.68156128586419));
#17187=CARTESIAN_POINT('Ctrl Pts',(22.75,22.7500036121858,-4.68156128586419));
#17188=CARTESIAN_POINT('Ctrl Pts',(22.5499963878468,22.7499999999674,-4.68156128586419));
#17189=CARTESIAN_POINT('Ctrl Pts',(22.75,22.5500000245743,-4.81434405167655));
#17190=CARTESIAN_POINT('Ctrl Pts',(22.75,22.7201077435659,-4.79687687094067));
#17191=CARTESIAN_POINT('Ctrl Pts',(22.5822520841688,22.7500005832989,-4.80598130774239));
#17192=CARTESIAN_POINT('Ctrl Pts',(22.75,22.5579773367445,-4.94614198463352));
#17193=CARTESIAN_POINT('Ctrl Pts',(22.75,22.7036322516129,-4.92963894953753));
#17194=CARTESIAN_POINT('Ctrl Pts',(22.6109451951976,22.7500009574201,-4.93246742216448));
#17195=CARTESIAN_POINT('Ctrl Pts',(22.75,22.5822491837535,-5.20865210712631));
#17196=CARTESIAN_POINT('Ctrl Pts',(22.75,22.6889882721168,-5.19052841615289));
#17197=CARTESIAN_POINT('Ctrl Pts',(22.6606788532603,22.7500013747666,-5.18906180352507));
#17198=CARTESIAN_POINT('Ctrl Pts',(22.75,22.598711683545,-5.33935736826769));
#17199=CARTESIAN_POINT('Ctrl Pts',(22.75,22.6890780784995,-5.32396453174933));
#17200=CARTESIAN_POINT('Ctrl Pts',(22.6817138836375,22.7500014173355,-5.31916622710872));
#17201=CARTESIAN_POINT('Ctrl Pts',(22.75,22.6553567884491,-5.73055089075907));
#17202=CARTESIAN_POINT('Ctrl Pts',(22.75,22.7018585576389,-5.70959733274878));
#17203=CARTESIAN_POINT('Ctrl Pts',(22.7325597689836,22.7500012041365,-5.71341531442968));
#17204=CARTESIAN_POINT('Ctrl Pts',(22.75,22.7027114152498,-5.98990628809647));
#17205=CARTESIAN_POINT('Ctrl Pts',(22.75,22.7263576784117,-5.98562582008981));
#17206=CARTESIAN_POINT('Ctrl Pts',(22.75,22.7500006037166,-5.98127564955251));
#17207=CARTESIAN_POINT('Ctrl Pts',(22.75,22.75,-6.25));
#17208=CARTESIAN_POINT('Ctrl Pts',(22.75,22.75,-6.25));
#17209=CARTESIAN_POINT('Ctrl Pts',(22.75,22.75,-6.25));
#17210=CARTESIAN_POINT('Origin',(22.55,22.55,-4.68156128586419));
#17211=CARTESIAN_POINT('Origin',(22.55,22.55,0.));
#17212=CARTESIAN_POINT('Origin',(16.5,26.5,-6.25));
#17213=CARTESIAN_POINT('Origin',(27.4,0.,-5.575));
#17214=CARTESIAN_POINT('Origin',(27.4,0.,-6.925));
#17215=CARTESIAN_POINT('Origin',(-2.15,0.,-5.575));
#17216=CARTESIAN_POINT('Origin',(-2.15,0.,-6.925));
#17217=CARTESIAN_POINT('',(0.,0.,0.));
#17218=CARTESIAN_POINT('Origin',(0.,0.8,0.));
#17219=CARTESIAN_POINT('',(-1.22464679914735E-16,0.8,-1.));
#17220=CARTESIAN_POINT('Origin',(0.,0.8,0.));
#17221=CARTESIAN_POINT('',(-1.22464679914735E-16,4.3,-1.));
#17222=CARTESIAN_POINT('',(-1.22464679914735E-16,0.8,-1.));
#17223=CARTESIAN_POINT('Origin',(0.,4.3,0.));
#17224=CARTESIAN_POINT('Origin',(0.,1.4,0.));
#17225=CARTESIAN_POINT('',(-2.54114210823076E-16,0.3,2.075));
#17226=CARTESIAN_POINT('Origin',(0.,0.3,0.));
#17227=CARTESIAN_POINT('',(-2.54114210823076E-16,1.4,2.075));
#17228=CARTESIAN_POINT('',(-2.54114210823076E-16,1.4,2.075));
#17229=CARTESIAN_POINT('',(-0.00347644744871842,1.4,2.07499708778425));
#17230=CARTESIAN_POINT('Origin',(0.,1.4,0.));
#17231=CARTESIAN_POINT('',(-0.637903065404173,1.4,1.9745137829724));
#17232=CARTESIAN_POINT('Origin',(0.,1.4,0.));
#17233=CARTESIAN_POINT('',(-0.644515661403521,1.4,1.97236522028898));
#17234=CARTESIAN_POINT('Origin',(0.,1.4,0.));
#17235=CARTESIAN_POINT('',(-1.21684018168333,1.4,1.68075131183673));
#17236=CARTESIAN_POINT('Origin',(0.,1.4,0.));
#17237=CARTESIAN_POINT('',(-1.22246519181548,1.4,1.67666450275526));
#17238=CARTESIAN_POINT('Origin',(0.,1.4,0.));
#17239=CARTESIAN_POINT('',(-1.67666450275525,1.4,1.2224651918155));
#17240=CARTESIAN_POINT('Origin',(0.,1.4,0.));
#17241=CARTESIAN_POINT('',(-1.68075131183672,1.4,1.21684018168335));
#17242=CARTESIAN_POINT('Origin',(0.,1.4,0.));
#17243=CARTESIAN_POINT('',(-1.97236522028897,1.4,0.644515661403541));
#17244=CARTESIAN_POINT('Origin',(0.,1.4,0.));
#17245=CARTESIAN_POINT('',(-1.97451378297239,1.4,0.637903065404193));
#17246=CARTESIAN_POINT('Origin',(0.,1.4,0.));
#17247=CARTESIAN_POINT('',(-2.07499708778425,1.4,0.00347644744873884));
#17248=CARTESIAN_POINT('Origin',(0.,1.4,0.));
#17249=CARTESIAN_POINT('',(-2.07499708778425,1.4,-0.00347644744872508));
#17250=CARTESIAN_POINT('Origin',(0.,1.4,0.));
#17251=CARTESIAN_POINT('',(-1.97451378297239,1.4,-0.63790306540418));
#17252=CARTESIAN_POINT('Origin',(0.,1.4,0.));
#17253=CARTESIAN_POINT('',(-1.97236522028897,1.4,-0.644515661403528));
#17254=CARTESIAN_POINT('Origin',(0.,1.4,0.));
#17255=CARTESIAN_POINT('',(-1.68075131183672,1.4,-1.21684018168334));
#17256=CARTESIAN_POINT('Origin',(0.,1.4,0.));
#17257=CARTESIAN_POINT('',(-1.67666450275525,1.4,-1.22246519181549));
#17258=CARTESIAN_POINT('Origin',(0.,1.4,0.));
#17259=CARTESIAN_POINT('',(-1.22246519181549,1.4,-1.67666450275525));
#17260=CARTESIAN_POINT('Origin',(0.,1.4,0.));
#17261=CARTESIAN_POINT('',(-1.21684018168334,1.4,-1.68075131183672));
#17262=CARTESIAN_POINT('Origin',(0.,1.4,0.));
#17263=CARTESIAN_POINT('',(-0.644515661403535,1.4,-1.97236522028897));
#17264=CARTESIAN_POINT('Origin',(0.,1.4,0.));
#17265=CARTESIAN_POINT('',(-0.637903065404186,1.4,-1.97451378297239));
#17266=CARTESIAN_POINT('Origin',(0.,1.4,0.));
#17267=CARTESIAN_POINT('',(-0.00347644744873173,1.4,-2.07499708778425));
#17268=CARTESIAN_POINT('Origin',(0.,1.4,0.));
#17269=CARTESIAN_POINT('',(0.00347644744873197,1.4,-2.07499708778425));
#17270=CARTESIAN_POINT('Origin',(0.,1.4,0.));
#17271=CARTESIAN_POINT('',(0.637903065404161,1.4,-1.9745137829724));
#17272=CARTESIAN_POINT('Origin',(0.,1.4,0.));
#17273=CARTESIAN_POINT('',(0.644515661403508,1.4,-1.97236522028898));
#17274=CARTESIAN_POINT('Origin',(0.,1.4,0.));
#17275=CARTESIAN_POINT('',(1.21684018168332,1.4,-1.68075131183674));
#17276=CARTESIAN_POINT('Origin',(0.,1.4,0.));
#17277=CARTESIAN_POINT('',(1.22246519181547,1.4,-1.67666450275527));
#17278=CARTESIAN_POINT('Origin',(0.,1.4,0.));
#17279=CARTESIAN_POINT('',(1.67666450275524,1.4,-1.22246519181551));
#17280=CARTESIAN_POINT('Origin',(0.,1.4,0.));
#17281=CARTESIAN_POINT('',(1.68075131183671,1.4,-1.21684018168336));
#17282=CARTESIAN_POINT('Origin',(0.,1.4,0.));
#17283=CARTESIAN_POINT('',(1.97236522028897,1.4,-0.644515661403554));
#17284=CARTESIAN_POINT('Origin',(0.,1.4,0.));
#17285=CARTESIAN_POINT('',(1.97451378297238,1.4,-0.637903065404206));
#17286=CARTESIAN_POINT('Origin',(0.,1.4,0.));
#17287=CARTESIAN_POINT('',(2.07499708778425,1.4,-0.0034764474487514));
#17288=CARTESIAN_POINT('Origin',(0.,1.4,0.));
#17289=CARTESIAN_POINT('',(2.07499708778425,1.4,0.003476447448712));
#17290=CARTESIAN_POINT('Origin',(0.,1.4,0.));
#17291=CARTESIAN_POINT('',(1.9745137829724,1.4,0.637903065404168));
#17292=CARTESIAN_POINT('Origin',(0.,1.4,0.));
#17293=CARTESIAN_POINT('',(1.97236522028898,1.4,0.644515661403516));
#17294=CARTESIAN_POINT('Origin',(0.,1.4,0.));
#17295=CARTESIAN_POINT('',(1.68075131183673,1.4,1.21684018168333));
#17296=CARTESIAN_POINT('Origin',(0.,1.4,0.));
#17297=CARTESIAN_POINT('',(1.67666450275526,1.4,1.22246519181548));
#17298=CARTESIAN_POINT('Origin',(0.,1.4,0.));
#17299=CARTESIAN_POINT('',(1.2224651918155,1.4,1.67666450275524));
#17300=CARTESIAN_POINT('Origin',(0.,1.4,0.));
#17301=CARTESIAN_POINT('',(1.21684018168335,1.4,1.68075131183671));
#17302=CARTESIAN_POINT('Origin',(0.,1.4,0.));
#17303=CARTESIAN_POINT('',(0.644515661403547,1.4,1.97236522028897));
#17304=CARTESIAN_POINT('Origin',(0.,1.4,0.));
#17305=CARTESIAN_POINT('',(0.637903065404199,1.4,1.97451378297239));
#17306=CARTESIAN_POINT('Origin',(0.,1.4,0.));
#17307=CARTESIAN_POINT('',(0.00347644744874526,1.4,2.07499708778425));
#17308=CARTESIAN_POINT('Origin',(0.,1.4,0.));
#17309=CARTESIAN_POINT('Origin',(0.,1.4,0.));
#17310=CARTESIAN_POINT('Origin',(0.,0.3,0.));
#17311=CARTESIAN_POINT('',(-3.06161699786838E-16,0.,2.5));
#17312=CARTESIAN_POINT('Origin',(0.,0.,0.));
#17313=CARTESIAN_POINT('',(-3.06161699786838E-16,0.3,2.5));
#17314=CARTESIAN_POINT('',(-3.06161699786838E-16,0.3,2.5));
#17315=CARTESIAN_POINT('Origin',(0.,0.3,0.));
#17316=CARTESIAN_POINT('Origin',(0.,4.3,0.));
#17317=CARTESIAN_POINT('',(1.25451482439071,1.4,-2.01663520632363));
#17318=CARTESIAN_POINT('',(0.894106840811447,1.4,-2.20027224615823));
#17319=CARTESIAN_POINT('Origin',(0.,1.4,0.));
#17320=CARTESIAN_POINT('',(0.894106840811447,4.3,-2.20027224615823));
#17321=CARTESIAN_POINT('',(0.894106840811447,1.4,-2.20027224615823));
#17322=CARTESIAN_POINT('',(1.25451482439071,4.3,-2.01663520632363));
#17323=CARTESIAN_POINT('Origin',(0.,4.3,0.));
#17324=CARTESIAN_POINT('',(1.25451482439071,1.4,-2.01663520632363));
#17325=CARTESIAN_POINT('Origin',(0.,1.4,0.));
#17326=CARTESIAN_POINT('',(-0.689074155581852,1.4,-0.75463593338221));
#17327=CARTESIAN_POINT('',(1.21605566327373,1.4,-1.67375702921659));
#17328=CARTESIAN_POINT('Origin',(0.,4.3,0.));
#17329=CARTESIAN_POINT('',(1.81628904873449,1.4,-1.53026765353227));
#17330=CARTESIAN_POINT('',(1.53026765353223,1.4,-1.81628904873452));
#17331=CARTESIAN_POINT('Origin',(0.,1.4,0.));
#17332=CARTESIAN_POINT('',(1.53026765353223,4.3,-1.81628904873452));
#17333=CARTESIAN_POINT('',(1.53026765353223,1.4,-1.81628904873452));
#17334=CARTESIAN_POINT('',(1.81628904873449,4.3,-1.53026765353227));
#17335=CARTESIAN_POINT('Origin',(0.,4.3,0.));
#17336=CARTESIAN_POINT('',(1.81628904873449,1.4,-1.53026765353227));
#17337=CARTESIAN_POINT('Origin',(0.,1.4,0.));
#17338=CARTESIAN_POINT('',(-0.422153137895597,1.4,-0.930637046332985));
#17339=CARTESIAN_POINT('',(1.67375702921656,1.4,-1.21605566327377));
#17340=CARTESIAN_POINT('Origin',(0.,4.3,0.));
#17341=CARTESIAN_POINT('',(2.20027224615821,1.4,-0.894106840811497));
#17342=CARTESIAN_POINT('',(2.0166352063236,1.4,-1.25451482439076));
#17343=CARTESIAN_POINT('Origin',(0.,1.4,0.));
#17344=CARTESIAN_POINT('',(2.0166352063236,4.3,-1.25451482439076));
#17345=CARTESIAN_POINT('',(2.0166352063236,1.4,-1.25451482439076));
#17346=CARTESIAN_POINT('',(2.20027224615821,4.3,-0.894106840811497));
#17347=CARTESIAN_POINT('Origin',(0.,4.3,0.));
#17348=CARTESIAN_POINT('',(2.20027224615821,1.4,-0.894106840811497));
#17349=CARTESIAN_POINT('Origin',(0.,1.4,0.));
#17350=CARTESIAN_POINT('',(-0.113908829758256,1.4,-1.01554092105911));
#17351=CARTESIAN_POINT('',(1.96761939538872,1.4,-0.639318296251701));
#17352=CARTESIAN_POINT('Origin',(0.,4.3,0.));
#17353=CARTESIAN_POINT('',(2.36887746592979,1.4,-0.170424620903422));
#17354=CARTESIAN_POINT('',(2.30560045439633,1.4,-0.56993994831688));
#17355=CARTESIAN_POINT('Origin',(0.,1.4,0.));
#17356=CARTESIAN_POINT('',(2.30560045439633,4.3,-0.56993994831688));
#17357=CARTESIAN_POINT('',(2.30560045439633,1.4,-0.56993994831688));
#17358=CARTESIAN_POINT('',(2.36887746592979,4.3,-0.170424620903422));
#17359=CARTESIAN_POINT('Origin',(0.,4.3,0.));
#17360=CARTESIAN_POINT('',(2.36887746592979,1.4,-0.170424620903422));
#17361=CARTESIAN_POINT('Origin',(0.,1.4,0.));
#17362=CARTESIAN_POINT('',(0.205485668285309,1.4,-1.00103657474231));
#17363=CARTESIAN_POINT('',(2.06887746592979,1.4,-1.98328088756981E-14));
#17364=CARTESIAN_POINT('Origin',(0.,4.3,0.));
#17365=CARTESIAN_POINT('',(2.30560045439634,1.4,0.569939948316836));
#17366=CARTESIAN_POINT('',(2.36887746592979,1.4,0.170424620903377));
#17367=CARTESIAN_POINT('Origin',(0.,1.4,0.));
#17368=CARTESIAN_POINT('',(2.36887746592979,4.3,0.170424620903377));
#17369=CARTESIAN_POINT('',(2.36887746592979,1.4,0.170424620903377));
#17370=CARTESIAN_POINT('',(2.30560045439634,4.3,0.569939948316836));
#17371=CARTESIAN_POINT('Origin',(0.,4.3,0.));
#17372=CARTESIAN_POINT('',(2.30560045439634,1.4,0.569939948316836));
#17373=CARTESIAN_POINT('Origin',(0.,1.4,0.));
#17374=CARTESIAN_POINT('',(0.50476579741427,1.4,-0.888543793857802));
#17375=CARTESIAN_POINT('',(1.96761939538874,1.4,0.639318296251664));
#17376=CARTESIAN_POINT('Origin',(0.,4.3,0.));
#17377=CARTESIAN_POINT('',(2.01663520632362,1.4,1.25451482439072));
#17378=CARTESIAN_POINT('',(2.20027224615822,1.4,0.894106840811455));
#17379=CARTESIAN_POINT('Origin',(0.,1.4,0.));
#17380=CARTESIAN_POINT('',(2.20027224615822,4.3,0.894106840811455));
#17381=CARTESIAN_POINT('',(2.20027224615822,1.4,0.894106840811455));
#17382=CARTESIAN_POINT('',(2.01663520632362,4.3,1.25451482439072));
#17383=CARTESIAN_POINT('Origin',(0.,4.3,0.));
#17384=CARTESIAN_POINT('',(2.01663520632362,1.4,1.25451482439072));
#17385=CARTESIAN_POINT('Origin',(0.,1.4,0.));
#17386=CARTESIAN_POINT('',(0.754635933382212,1.4,-0.689074155581849));
#17387=CARTESIAN_POINT('',(1.67375702921659,1.4,1.21605566327374));
#17388=CARTESIAN_POINT('Origin',(0.,4.3,0.));
#17389=CARTESIAN_POINT('',(1.53026765353227,1.4,1.81628904873449));
#17390=CARTESIAN_POINT('',(1.81628904873452,1.4,1.53026765353224));
#17391=CARTESIAN_POINT('Origin',(0.,1.4,0.));
#17392=CARTESIAN_POINT('',(1.81628904873452,4.3,1.53026765353224));
#17393=CARTESIAN_POINT('',(1.81628904873452,1.4,1.53026765353224));
#17394=CARTESIAN_POINT('',(1.53026765353227,4.3,1.81628904873449));
#17395=CARTESIAN_POINT('Origin',(0.,4.3,0.));
#17396=CARTESIAN_POINT('',(1.53026765353227,1.4,1.81628904873449));
#17397=CARTESIAN_POINT('Origin',(0.,1.4,0.));
#17398=CARTESIAN_POINT('',(0.930637046332986,1.4,-0.422153137895593));
#17399=CARTESIAN_POINT('',(1.21605566327377,1.4,1.67375702921657));
#17400=CARTESIAN_POINT('Origin',(0.,4.3,0.));
#17401=CARTESIAN_POINT('',(0.894106840811489,1.4,2.20027224615821));
#17402=CARTESIAN_POINT('',(1.25451482439075,1.4,2.0166352063236));
#17403=CARTESIAN_POINT('Origin',(0.,1.4,0.));
#17404=CARTESIAN_POINT('',(1.25451482439075,4.3,2.0166352063236));
#17405=CARTESIAN_POINT('',(1.25451482439075,1.4,2.0166352063236));
#17406=CARTESIAN_POINT('',(0.894106840811489,4.3,2.20027224615821));
#17407=CARTESIAN_POINT('Origin',(0.,4.3,0.));
#17408=CARTESIAN_POINT('',(0.894106840811489,1.4,2.20027224615821));
#17409=CARTESIAN_POINT('Origin',(0.,1.4,0.));
#17410=CARTESIAN_POINT('',(1.01554092105911,1.4,-0.113908829758252));
#17411=CARTESIAN_POINT('',(0.639318296251695,1.4,1.96761939538873));
#17412=CARTESIAN_POINT('Origin',(0.,4.3,0.));
#17413=CARTESIAN_POINT('',(0.170424620903414,1.4,2.36887746592979));
#17414=CARTESIAN_POINT('',(0.569939948316872,1.4,2.30560045439633));
#17415=CARTESIAN_POINT('Origin',(0.,1.4,0.));
#17416=CARTESIAN_POINT('',(0.569939948316872,4.3,2.30560045439633));
#17417=CARTESIAN_POINT('',(0.569939948316872,1.4,2.30560045439633));
#17418=CARTESIAN_POINT('',(0.170424620903414,4.3,2.36887746592979));
#17419=CARTESIAN_POINT('Origin',(0.,4.3,0.));
#17420=CARTESIAN_POINT('',(0.170424620903414,1.4,2.36887746592979));
#17421=CARTESIAN_POINT('Origin',(0.,1.4,0.));
#17422=CARTESIAN_POINT('',(1.00103657474231,1.4,0.205485668285312));
#17423=CARTESIAN_POINT('',(1.35281279701725E-14,1.4,2.06887746592979));
#17424=CARTESIAN_POINT('Origin',(0.,4.3,0.));
#17425=CARTESIAN_POINT('',(-0.569939948316842,1.4,2.30560045439634));
#17426=CARTESIAN_POINT('',(-0.170424620903384,1.4,2.36887746592979));
#17427=CARTESIAN_POINT('Origin',(0.,1.4,0.));
#17428=CARTESIAN_POINT('',(-0.170424620903384,4.3,2.36887746592979));
#17429=CARTESIAN_POINT('',(-0.170424620903384,1.4,2.36887746592979));
#17430=CARTESIAN_POINT('',(-0.569939948316842,4.3,2.30560045439634));
#17431=CARTESIAN_POINT('Origin',(0.,4.3,0.));
#17432=CARTESIAN_POINT('',(-0.569939948316842,1.4,2.30560045439634));
#17433=CARTESIAN_POINT('Origin',(0.,1.4,0.));
#17434=CARTESIAN_POINT('',(0.888543793857801,1.4,0.504765797414272));
#17435=CARTESIAN_POINT('',(-0.639318296251669,1.4,1.96761939538873));
#17436=CARTESIAN_POINT('Origin',(0.,4.3,0.));
#17437=CARTESIAN_POINT('',(-1.25451482439073,1.4,2.01663520632362));
#17438=CARTESIAN_POINT('',(-0.894106840811461,1.4,2.20027224615822));
#17439=CARTESIAN_POINT('Origin',(0.,1.4,0.));
#17440=CARTESIAN_POINT('',(-0.894106840811461,4.3,2.20027224615822));
#17441=CARTESIAN_POINT('',(-0.894106840811461,1.4,2.20027224615822));
#17442=CARTESIAN_POINT('',(-1.25451482439073,4.3,2.01663520632362));
#17443=CARTESIAN_POINT('Origin',(0.,4.3,0.));
#17444=CARTESIAN_POINT('',(-1.25451482439073,1.4,2.01663520632362));
#17445=CARTESIAN_POINT('Origin',(0.,1.4,0.));
#17446=CARTESIAN_POINT('',(0.689074155581847,1.4,0.754635933382214));
#17447=CARTESIAN_POINT('',(-1.21605566327374,1.4,1.67375702921658));
#17448=CARTESIAN_POINT('Origin',(0.,4.3,0.));
#17449=CARTESIAN_POINT('',(-1.8162890487345,1.4,1.53026765353226));
#17450=CARTESIAN_POINT('',(-1.53026765353224,1.4,1.81628904873451));
#17451=CARTESIAN_POINT('Origin',(0.,1.4,0.));
#17452=CARTESIAN_POINT('',(-1.53026765353224,4.3,1.81628904873451));
#17453=CARTESIAN_POINT('',(-1.53026765353224,1.4,1.81628904873451));
#17454=CARTESIAN_POINT('',(-1.8162890487345,4.3,1.53026765353226));
#17455=CARTESIAN_POINT('Origin',(0.,4.3,0.));
#17456=CARTESIAN_POINT('',(-1.8162890487345,1.4,1.53026765353226));
#17457=CARTESIAN_POINT('Origin',(0.,1.4,0.));
#17458=CARTESIAN_POINT('',(0.42215313789559,1.4,0.930637046332987));
#17459=CARTESIAN_POINT('',(-1.67375702921657,1.4,1.21605566327376));
#17460=CARTESIAN_POINT('Origin',(0.,4.3,0.));
#17461=CARTESIAN_POINT('',(-2.20027224615821,1.4,0.894106840811483));
#17462=CARTESIAN_POINT('',(-2.01663520632361,1.4,1.25451482439075));
#17463=CARTESIAN_POINT('Origin',(0.,1.4,0.));
#17464=CARTESIAN_POINT('',(-2.01663520632361,4.3,1.25451482439075));
#17465=CARTESIAN_POINT('',(-2.01663520632361,1.4,1.25451482439075));
#17466=CARTESIAN_POINT('',(-2.20027224615821,4.3,0.894106840811483));
#17467=CARTESIAN_POINT('Origin',(0.,4.3,0.));
#17468=CARTESIAN_POINT('',(-2.20027224615821,1.4,0.894106840811483));
#17469=CARTESIAN_POINT('Origin',(0.,1.4,0.));
#17470=CARTESIAN_POINT('',(0.113908829758248,1.4,1.01554092105911));
#17471=CARTESIAN_POINT('',(-1.96761939538873,1.4,0.639318296251689));
#17472=CARTESIAN_POINT('Origin',(0.,4.3,0.));
#17473=CARTESIAN_POINT('',(-2.36887746592979,1.4,0.170424620903407));
#17474=CARTESIAN_POINT('',(-2.30560045439633,1.4,0.569939948316865));
#17475=CARTESIAN_POINT('Origin',(0.,1.4,0.));
#17476=CARTESIAN_POINT('',(-2.30560045439633,4.3,0.569939948316865));
#17477=CARTESIAN_POINT('',(-2.30560045439633,1.4,0.569939948316865));
#17478=CARTESIAN_POINT('',(-2.36887746592979,4.3,0.170424620903407));
#17479=CARTESIAN_POINT('Origin',(0.,4.3,0.));
#17480=CARTESIAN_POINT('',(-2.36887746592979,1.4,0.170424620903407));
#17481=CARTESIAN_POINT('Origin',(0.,1.4,0.));
#17482=CARTESIAN_POINT('',(-0.205485668285315,1.4,1.00103657474231));
#17483=CARTESIAN_POINT('',(-2.06887746592979,1.4,6.76406398508625E-15));
#17484=CARTESIAN_POINT('Origin',(0.,4.3,0.));
#17485=CARTESIAN_POINT('',(-2.30560045439633,1.4,-0.56993994831685));
#17486=CARTESIAN_POINT('',(-2.36887746592979,1.4,-0.170424620903392));
#17487=CARTESIAN_POINT('Origin',(0.,1.4,0.));
#17488=CARTESIAN_POINT('',(-2.36887746592979,4.3,-0.170424620903392));
#17489=CARTESIAN_POINT('',(-2.36887746592979,1.4,-0.170424620903392));
#17490=CARTESIAN_POINT('',(-2.30560045439633,4.3,-0.56993994831685));
#17491=CARTESIAN_POINT('Origin',(0.,4.3,0.));
#17492=CARTESIAN_POINT('',(-2.30560045439633,1.4,-0.56993994831685));
#17493=CARTESIAN_POINT('Origin',(0.,1.4,0.));
#17494=CARTESIAN_POINT('',(-0.504765797414275,1.4,0.8885437938578));
#17495=CARTESIAN_POINT('',(-1.96761939538873,1.4,-0.639318296251676));
#17496=CARTESIAN_POINT('Origin',(0.,4.3,0.));
#17497=CARTESIAN_POINT('',(-2.01663520632361,1.4,-1.25451482439073));
#17498=CARTESIAN_POINT('',(-2.20027224615822,1.4,-0.894106840811469));
#17499=CARTESIAN_POINT('Origin',(0.,1.4,0.));
#17500=CARTESIAN_POINT('',(-2.20027224615822,4.3,-0.894106840811469));
#17501=CARTESIAN_POINT('',(-2.20027224615822,1.4,-0.894106840811469));
#17502=CARTESIAN_POINT('',(-2.01663520632361,4.3,-1.25451482439073));
#17503=CARTESIAN_POINT('Origin',(0.,4.3,0.));
#17504=CARTESIAN_POINT('',(-2.01663520632361,1.4,-1.25451482439073));
#17505=CARTESIAN_POINT('Origin',(0.,1.4,0.));
#17506=CARTESIAN_POINT('',(-0.754635933382216,1.4,0.689074155581844));
#17507=CARTESIAN_POINT('',(-1.67375702921658,1.4,-1.21605566327375));
#17508=CARTESIAN_POINT('Origin',(0.,4.3,0.));
#17509=CARTESIAN_POINT('',(-1.53026765353225,1.4,-1.8162890487345));
#17510=CARTESIAN_POINT('',(-1.81628904873451,1.4,-1.53026765353225));
#17511=CARTESIAN_POINT('Origin',(0.,1.4,0.));
#17512=CARTESIAN_POINT('',(-1.81628904873451,4.3,-1.53026765353225));
#17513=CARTESIAN_POINT('',(-1.81628904873451,1.4,-1.53026765353225));
#17514=CARTESIAN_POINT('',(-1.53026765353225,4.3,-1.8162890487345));
#17515=CARTESIAN_POINT('Origin',(0.,4.3,0.));
#17516=CARTESIAN_POINT('',(-1.53026765353225,1.4,-1.8162890487345));
#17517=CARTESIAN_POINT('Origin',(0.,1.4,0.));
#17518=CARTESIAN_POINT('',(-0.930637046332989,1.4,0.422153137895587));
#17519=CARTESIAN_POINT('',(-1.21605566327375,1.4,-1.67375702921657));
#17520=CARTESIAN_POINT('Origin',(0.,4.3,0.));
#17521=CARTESIAN_POINT('',(-0.894106840811475,1.4,-2.20027224615822));
#17522=CARTESIAN_POINT('',(-1.25451482439074,1.4,-2.01663520632361));
#17523=CARTESIAN_POINT('Origin',(0.,1.4,0.));
#17524=CARTESIAN_POINT('',(-1.25451482439074,4.3,-2.01663520632361));
#17525=CARTESIAN_POINT('',(-1.25451482439074,1.4,-2.01663520632361));
#17526=CARTESIAN_POINT('',(-0.894106840811475,4.3,-2.20027224615822));
#17527=CARTESIAN_POINT('Origin',(0.,4.3,0.));
#17528=CARTESIAN_POINT('',(-0.894106840811475,1.4,-2.20027224615822));
#17529=CARTESIAN_POINT('Origin',(0.,1.4,0.));
#17530=CARTESIAN_POINT('',(-1.01554092105911,1.4,0.113908829758245));
#17531=CARTESIAN_POINT('',(-0.639318296251682,1.4,-1.96761939538873));
#17532=CARTESIAN_POINT('Origin',(0.,4.3,0.));
#17533=CARTESIAN_POINT('',(-0.170424620903399,1.4,-2.36887746592979));
#17534=CARTESIAN_POINT('',(-0.569939948316857,1.4,-2.30560045439633));
#17535=CARTESIAN_POINT('Origin',(0.,1.4,0.));
#17536=CARTESIAN_POINT('',(-0.569939948316857,4.3,-2.30560045439633));
#17537=CARTESIAN_POINT('',(-0.569939948316857,1.4,-2.30560045439633));
#17538=CARTESIAN_POINT('',(-0.170424620903399,4.3,-2.36887746592979));
#17539=CARTESIAN_POINT('Origin',(0.,4.3,0.));
#17540=CARTESIAN_POINT('',(-0.170424620903399,1.4,-2.36887746592979));
#17541=CARTESIAN_POINT('Origin',(0.,1.4,0.));
#17542=CARTESIAN_POINT('',(-1.00103657474231,1.4,-0.205485668285318));
#17543=CARTESIAN_POINT('',(0.,1.4,-2.06887746592979));
#17544=CARTESIAN_POINT('Origin',(0.,0.3,0.));
#17545=CARTESIAN_POINT('Origin',(0.,0.,0.));
#17546=CARTESIAN_POINT('Origin',(0.,4.3,0.));
#17547=CARTESIAN_POINT('',(0.569939948316828,4.3,-2.30560045439634));
#17548=CARTESIAN_POINT('',(0.170424620903399,4.3,-2.36887746592979));
#17549=CARTESIAN_POINT('Origin',(0.,4.3,0.));
#17550=CARTESIAN_POINT('',(0.569939948316828,1.4,-2.30560045439634));
#17551=CARTESIAN_POINT('',(0.569939948316828,1.4,-2.30560045439634));
#17552=CARTESIAN_POINT('',(0.170424620903399,1.4,-2.36887746592979));
#17553=CARTESIAN_POINT('Origin',(0.,1.4,0.));
#17554=CARTESIAN_POINT('',(0.170424620903399,1.4,-2.36887746592979));
#17555=CARTESIAN_POINT('Origin',(0.,4.3,0.));
#17556=CARTESIAN_POINT('',(0.639318296251657,4.3,-1.96761939538874));
#17557=CARTESIAN_POINT('',(0.894106840811447,4.3,-2.20027224615823));
#17558=CARTESIAN_POINT('',(0.639318296251657,4.3,-1.96761939538874));
#17559=CARTESIAN_POINT('',(0.,4.3,-2.06887746592979));
#17560=CARTESIAN_POINT('',(0.170424620903399,4.3,-2.36887746592979));
#17561=CARTESIAN_POINT('',(0.,4.3,-2.06887746592979));
#17562=CARTESIAN_POINT('',(-0.639318296251682,4.3,-1.96761939538873));
#17563=CARTESIAN_POINT('',(-0.569939948316857,4.3,-2.30560045439633));
#17564=CARTESIAN_POINT('',(-0.639318296251682,4.3,-1.96761939538873));
#17565=CARTESIAN_POINT('',(-1.21605566327375,4.3,-1.67375702921657));
#17566=CARTESIAN_POINT('',(-1.25451482439074,4.3,-2.01663520632361));
#17567=CARTESIAN_POINT('',(-1.21605566327375,4.3,-1.67375702921657));
#17568=CARTESIAN_POINT('',(-1.67375702921658,4.3,-1.21605566327375));
#17569=CARTESIAN_POINT('',(-1.81628904873451,4.3,-1.53026765353225));
#17570=CARTESIAN_POINT('',(-1.67375702921658,4.3,-1.21605566327375));
#17571=CARTESIAN_POINT('',(-1.96761939538873,4.3,-0.639318296251676));
#17572=CARTESIAN_POINT('',(-2.20027224615822,4.3,-0.894106840811469));
#17573=CARTESIAN_POINT('',(-1.96761939538873,4.3,-0.639318296251676));
#17574=CARTESIAN_POINT('',(-2.06887746592979,4.3,6.76406398508625E-15));
#17575=CARTESIAN_POINT('',(-2.36887746592979,4.3,-0.170424620903392));
#17576=CARTESIAN_POINT('',(-2.06887746592979,4.3,6.76406398508625E-15));
#17577=CARTESIAN_POINT('',(-1.96761939538873,4.3,0.639318296251689));
#17578=CARTESIAN_POINT('',(-2.30560045439633,4.3,0.569939948316865));
#17579=CARTESIAN_POINT('',(-1.96761939538873,4.3,0.639318296251689));
#17580=CARTESIAN_POINT('',(-1.67375702921657,4.3,1.21605566327376));
#17581=CARTESIAN_POINT('',(-2.01663520632361,4.3,1.25451482439075));
#17582=CARTESIAN_POINT('',(-1.67375702921657,4.3,1.21605566327376));
#17583=CARTESIAN_POINT('',(-1.21605566327374,4.3,1.67375702921658));
#17584=CARTESIAN_POINT('',(-1.53026765353224,4.3,1.81628904873451));
#17585=CARTESIAN_POINT('',(-1.21605566327374,4.3,1.67375702921658));
#17586=CARTESIAN_POINT('',(-0.639318296251669,4.3,1.96761939538873));
#17587=CARTESIAN_POINT('',(-0.894106840811461,4.3,2.20027224615822));
#17588=CARTESIAN_POINT('',(-0.639318296251669,4.3,1.96761939538873));
#17589=CARTESIAN_POINT('',(1.35281279701725E-14,4.3,2.06887746592979));
#17590=CARTESIAN_POINT('',(-0.170424620903384,4.3,2.36887746592979));
#17591=CARTESIAN_POINT('',(1.35281279701725E-14,4.3,2.06887746592979));
#17592=CARTESIAN_POINT('',(0.639318296251695,4.3,1.96761939538873));
#17593=CARTESIAN_POINT('',(0.569939948316872,4.3,2.30560045439633));
#17594=CARTESIAN_POINT('',(0.639318296251695,4.3,1.96761939538873));
#17595=CARTESIAN_POINT('',(1.21605566327377,4.3,1.67375702921657));
#17596=CARTESIAN_POINT('',(1.25451482439075,4.3,2.0166352063236));
#17597=CARTESIAN_POINT('',(1.21605566327377,4.3,1.67375702921657));
#17598=CARTESIAN_POINT('',(1.67375702921659,4.3,1.21605566327374));
#17599=CARTESIAN_POINT('',(1.81628904873452,4.3,1.53026765353224));
#17600=CARTESIAN_POINT('',(1.67375702921659,4.3,1.21605566327374));
#17601=CARTESIAN_POINT('',(1.96761939538874,4.3,0.639318296251664));
#17602=CARTESIAN_POINT('',(2.20027224615822,4.3,0.894106840811455));
#17603=CARTESIAN_POINT('',(1.96761939538874,4.3,0.639318296251664));
#17604=CARTESIAN_POINT('',(2.06887746592979,4.3,-1.98328088756981E-14));
#17605=CARTESIAN_POINT('',(2.36887746592979,4.3,0.170424620903377));
#17606=CARTESIAN_POINT('',(2.06887746592979,4.3,-1.98328088756981E-14));
#17607=CARTESIAN_POINT('',(1.96761939538872,4.3,-0.639318296251701));
#17608=CARTESIAN_POINT('',(2.30560045439633,4.3,-0.56993994831688));
#17609=CARTESIAN_POINT('',(1.96761939538872,4.3,-0.639318296251701));
#17610=CARTESIAN_POINT('',(1.67375702921656,4.3,-1.21605566327377));
#17611=CARTESIAN_POINT('',(2.0166352063236,4.3,-1.25451482439076));
#17612=CARTESIAN_POINT('',(1.67375702921656,4.3,-1.21605566327377));
#17613=CARTESIAN_POINT('',(1.21605566327373,4.3,-1.67375702921659));
#17614=CARTESIAN_POINT('',(1.53026765353223,4.3,-1.81628904873452));
#17615=CARTESIAN_POINT('',(1.21605566327373,4.3,-1.67375702921659));
#17616=CARTESIAN_POINT('Origin',(0.,1.4,0.));
#17617=CARTESIAN_POINT('',(0.639318296251657,1.4,-1.96761939538874));
#17618=CARTESIAN_POINT('',(-0.888543793857798,1.4,-0.504765797414278));
#17619=CARTESIAN_POINT('Origin',(0.,0.8,0.));
#17620=CARTESIAN_POINT('Origin',(0.,1.4,-2.06887746592979));
#17621=CARTESIAN_POINT('',(0.,1.4,-2.06887746592979));
#17622=CARTESIAN_POINT('',(0.,1.4,-2.06887746592979));
#17623=CARTESIAN_POINT('',(0.170424620903399,1.4,-2.36887746592979));
#17624=CARTESIAN_POINT('Origin',(0.170424620903399,1.4,-2.36887746592979));
#17625=CARTESIAN_POINT('',(0.,1.4,-2.06887746592979));
#17626=CARTESIAN_POINT('Origin',(0.,1.4,-2.06887746592979));
#17627=CARTESIAN_POINT('Origin',(-0.639318296251682,1.4,-1.96761939538873));
#17628=CARTESIAN_POINT('',(-0.639318296251682,1.4,-1.96761939538873));
#17629=CARTESIAN_POINT('',(-0.639318296251682,1.4,-1.96761939538873));
#17630=CARTESIAN_POINT('',(-0.569939948316857,1.4,-2.30560045439633));
#17631=CARTESIAN_POINT('Origin',(-0.569939948316857,1.4,-2.30560045439633));
#17632=CARTESIAN_POINT('',(-0.639318296251682,1.4,-1.96761939538873));
#17633=CARTESIAN_POINT('Origin',(-0.639318296251682,1.4,-1.96761939538873));
#17634=CARTESIAN_POINT('Origin',(-1.21605566327375,1.4,-1.67375702921657));
#17635=CARTESIAN_POINT('',(-1.21605566327375,1.4,-1.67375702921657));
#17636=CARTESIAN_POINT('',(-1.21605566327375,1.4,-1.67375702921657));
#17637=CARTESIAN_POINT('',(-1.25451482439074,1.4,-2.01663520632361));
#17638=CARTESIAN_POINT('Origin',(-1.25451482439074,1.4,-2.01663520632361));
#17639=CARTESIAN_POINT('',(-1.21605566327375,1.4,-1.67375702921657));
#17640=CARTESIAN_POINT('Origin',(-1.21605566327375,1.4,-1.67375702921657));
#17641=CARTESIAN_POINT('Origin',(-1.67375702921658,1.4,-1.21605566327375));
#17642=CARTESIAN_POINT('',(-1.67375702921658,1.4,-1.21605566327375));
#17643=CARTESIAN_POINT('',(-1.67375702921658,1.4,-1.21605566327375));
#17644=CARTESIAN_POINT('',(-1.81628904873451,1.4,-1.53026765353225));
#17645=CARTESIAN_POINT('Origin',(-1.81628904873451,1.4,-1.53026765353225));
#17646=CARTESIAN_POINT('',(-1.67375702921658,1.4,-1.21605566327375));
#17647=CARTESIAN_POINT('Origin',(-1.67375702921658,1.4,-1.21605566327375));
#17648=CARTESIAN_POINT('Origin',(-1.96761939538873,1.4,-0.639318296251676));
#17649=CARTESIAN_POINT('',(-1.96761939538873,1.4,-0.639318296251676));
#17650=CARTESIAN_POINT('',(-1.96761939538873,1.4,-0.639318296251676));
#17651=CARTESIAN_POINT('',(-2.20027224615822,1.4,-0.894106840811469));
#17652=CARTESIAN_POINT('Origin',(-2.20027224615822,1.4,-0.894106840811469));
#17653=CARTESIAN_POINT('',(-1.96761939538873,1.4,-0.639318296251676));
#17654=CARTESIAN_POINT('Origin',(-1.96761939538873,1.4,-0.639318296251676));
#17655=CARTESIAN_POINT('Origin',(-2.06887746592979,1.4,6.76406398508625E-15));
#17656=CARTESIAN_POINT('',(-2.06887746592979,1.4,6.76406398508625E-15));
#17657=CARTESIAN_POINT('',(-2.06887746592979,1.4,6.76406398508625E-15));
#17658=CARTESIAN_POINT('',(-2.36887746592979,1.4,-0.170424620903392));
#17659=CARTESIAN_POINT('Origin',(-2.36887746592979,1.4,-0.170424620903392));
#17660=CARTESIAN_POINT('',(-2.06887746592979,1.4,6.76406398508625E-15));
#17661=CARTESIAN_POINT('Origin',(-2.06887746592979,1.4,6.76406398508625E-15));
#17662=CARTESIAN_POINT('Origin',(-1.96761939538873,1.4,0.639318296251689));
#17663=CARTESIAN_POINT('',(-1.96761939538873,1.4,0.639318296251689));
#17664=CARTESIAN_POINT('',(-1.96761939538873,1.4,0.639318296251689));
#17665=CARTESIAN_POINT('',(-2.30560045439633,1.4,0.569939948316865));
#17666=CARTESIAN_POINT('Origin',(-2.30560045439633,1.4,0.569939948316865));
#17667=CARTESIAN_POINT('',(-1.96761939538873,1.4,0.639318296251689));
#17668=CARTESIAN_POINT('Origin',(-1.96761939538873,1.4,0.639318296251689));
#17669=CARTESIAN_POINT('Origin',(-1.67375702921657,1.4,1.21605566327376));
#17670=CARTESIAN_POINT('',(-1.67375702921657,1.4,1.21605566327376));
#17671=CARTESIAN_POINT('',(-1.67375702921657,1.4,1.21605566327376));
#17672=CARTESIAN_POINT('',(-2.01663520632361,1.4,1.25451482439075));
#17673=CARTESIAN_POINT('Origin',(-2.01663520632361,1.4,1.25451482439075));
#17674=CARTESIAN_POINT('',(-1.67375702921657,1.4,1.21605566327376));
#17675=CARTESIAN_POINT('Origin',(-1.67375702921657,1.4,1.21605566327376));
#17676=CARTESIAN_POINT('Origin',(-1.21605566327374,1.4,1.67375702921658));
#17677=CARTESIAN_POINT('',(-1.21605566327374,1.4,1.67375702921658));
#17678=CARTESIAN_POINT('',(-1.21605566327374,1.4,1.67375702921658));
#17679=CARTESIAN_POINT('',(-1.53026765353224,1.4,1.81628904873451));
#17680=CARTESIAN_POINT('Origin',(-1.53026765353224,1.4,1.81628904873451));
#17681=CARTESIAN_POINT('',(-1.21605566327374,1.4,1.67375702921658));
#17682=CARTESIAN_POINT('Origin',(-1.21605566327374,1.4,1.67375702921658));
#17683=CARTESIAN_POINT('Origin',(-0.639318296251669,1.4,1.96761939538873));
#17684=CARTESIAN_POINT('',(-0.639318296251669,1.4,1.96761939538873));
#17685=CARTESIAN_POINT('',(-0.639318296251669,1.4,1.96761939538873));
#17686=CARTESIAN_POINT('',(-0.894106840811461,1.4,2.20027224615822));
#17687=CARTESIAN_POINT('Origin',(-0.894106840811461,1.4,2.20027224615822));
#17688=CARTESIAN_POINT('',(-0.639318296251669,1.4,1.96761939538873));
#17689=CARTESIAN_POINT('Origin',(-0.639318296251669,1.4,1.96761939538873));
#17690=CARTESIAN_POINT('Origin',(1.35281279701725E-14,1.4,2.06887746592979));
#17691=CARTESIAN_POINT('',(1.35281279701725E-14,1.4,2.06887746592979));
#17692=CARTESIAN_POINT('',(1.35281279701725E-14,1.4,2.06887746592979));
#17693=CARTESIAN_POINT('',(-0.170424620903384,1.4,2.36887746592979));
#17694=CARTESIAN_POINT('Origin',(-0.170424620903384,1.4,2.36887746592979));
#17695=CARTESIAN_POINT('',(1.35281279701725E-14,1.4,2.06887746592979));
#17696=CARTESIAN_POINT('Origin',(1.35281279701725E-14,1.4,2.06887746592979));
#17697=CARTESIAN_POINT('Origin',(0.639318296251695,1.4,1.96761939538873));
#17698=CARTESIAN_POINT('',(0.639318296251695,1.4,1.96761939538873));
#17699=CARTESIAN_POINT('',(0.639318296251695,1.4,1.96761939538873));
#17700=CARTESIAN_POINT('',(0.569939948316872,1.4,2.30560045439633));
#17701=CARTESIAN_POINT('Origin',(0.569939948316872,1.4,2.30560045439633));
#17702=CARTESIAN_POINT('',(0.639318296251695,1.4,1.96761939538873));
#17703=CARTESIAN_POINT('Origin',(0.639318296251695,1.4,1.96761939538873));
#17704=CARTESIAN_POINT('Origin',(1.21605566327377,1.4,1.67375702921657));
#17705=CARTESIAN_POINT('',(1.21605566327377,1.4,1.67375702921657));
#17706=CARTESIAN_POINT('',(1.21605566327377,1.4,1.67375702921657));
#17707=CARTESIAN_POINT('',(1.25451482439075,1.4,2.0166352063236));
#17708=CARTESIAN_POINT('Origin',(1.25451482439075,1.4,2.0166352063236));
#17709=CARTESIAN_POINT('',(1.21605566327377,1.4,1.67375702921657));
#17710=CARTESIAN_POINT('Origin',(1.21605566327377,1.4,1.67375702921657));
#17711=CARTESIAN_POINT('Origin',(1.67375702921659,1.4,1.21605566327374));
#17712=CARTESIAN_POINT('',(1.67375702921659,1.4,1.21605566327374));
#17713=CARTESIAN_POINT('',(1.67375702921659,1.4,1.21605566327374));
#17714=CARTESIAN_POINT('',(1.81628904873452,1.4,1.53026765353224));
#17715=CARTESIAN_POINT('Origin',(1.81628904873452,1.4,1.53026765353224));
#17716=CARTESIAN_POINT('',(1.67375702921659,1.4,1.21605566327374));
#17717=CARTESIAN_POINT('Origin',(1.67375702921659,1.4,1.21605566327374));
#17718=CARTESIAN_POINT('Origin',(1.96761939538874,1.4,0.639318296251664));
#17719=CARTESIAN_POINT('',(1.96761939538874,1.4,0.639318296251664));
#17720=CARTESIAN_POINT('',(1.96761939538874,1.4,0.639318296251664));
#17721=CARTESIAN_POINT('',(2.20027224615822,1.4,0.894106840811455));
#17722=CARTESIAN_POINT('Origin',(2.20027224615822,1.4,0.894106840811455));
#17723=CARTESIAN_POINT('',(1.96761939538874,1.4,0.639318296251664));
#17724=CARTESIAN_POINT('Origin',(1.96761939538874,1.4,0.639318296251664));
#17725=CARTESIAN_POINT('Origin',(2.06887746592979,1.4,-1.98328088756981E-14));
#17726=CARTESIAN_POINT('',(2.06887746592979,1.4,-1.98328088756981E-14));
#17727=CARTESIAN_POINT('',(2.06887746592979,1.4,-1.98328088756981E-14));
#17728=CARTESIAN_POINT('',(2.36887746592979,1.4,0.170424620903377));
#17729=CARTESIAN_POINT('Origin',(2.36887746592979,1.4,0.170424620903377));
#17730=CARTESIAN_POINT('',(2.06887746592979,1.4,-1.98328088756981E-14));
#17731=CARTESIAN_POINT('Origin',(2.06887746592979,1.4,-1.98328088756981E-14));
#17732=CARTESIAN_POINT('Origin',(1.96761939538872,1.4,-0.639318296251701));
#17733=CARTESIAN_POINT('',(1.96761939538872,1.4,-0.639318296251701));
#17734=CARTESIAN_POINT('',(1.96761939538872,1.4,-0.639318296251701));
#17735=CARTESIAN_POINT('',(2.30560045439633,1.4,-0.56993994831688));
#17736=CARTESIAN_POINT('Origin',(2.30560045439633,1.4,-0.56993994831688));
#17737=CARTESIAN_POINT('',(1.96761939538872,1.4,-0.639318296251701));
#17738=CARTESIAN_POINT('Origin',(1.96761939538872,1.4,-0.639318296251701));
#17739=CARTESIAN_POINT('Origin',(1.67375702921656,1.4,-1.21605566327377));
#17740=CARTESIAN_POINT('',(1.67375702921656,1.4,-1.21605566327377));
#17741=CARTESIAN_POINT('',(1.67375702921656,1.4,-1.21605566327377));
#17742=CARTESIAN_POINT('',(2.0166352063236,1.4,-1.25451482439076));
#17743=CARTESIAN_POINT('Origin',(2.0166352063236,1.4,-1.25451482439076));
#17744=CARTESIAN_POINT('',(1.67375702921656,1.4,-1.21605566327377));
#17745=CARTESIAN_POINT('Origin',(1.67375702921656,1.4,-1.21605566327377));
#17746=CARTESIAN_POINT('Origin',(1.21605566327373,1.4,-1.67375702921659));
#17747=CARTESIAN_POINT('',(1.21605566327373,1.4,-1.67375702921659));
#17748=CARTESIAN_POINT('',(1.21605566327373,1.4,-1.67375702921659));
#17749=CARTESIAN_POINT('',(1.53026765353223,1.4,-1.81628904873452));
#17750=CARTESIAN_POINT('Origin',(1.53026765353223,1.4,-1.81628904873452));
#17751=CARTESIAN_POINT('',(1.21605566327373,1.4,-1.67375702921659));
#17752=CARTESIAN_POINT('Origin',(1.21605566327373,1.4,-1.67375702921659));
#17753=CARTESIAN_POINT('Origin',(0.639318296251657,1.4,-1.96761939538874));
#17754=CARTESIAN_POINT('',(0.639318296251657,1.4,-1.96761939538874));
#17755=CARTESIAN_POINT('',(0.639318296251657,1.4,-1.96761939538874));
#17756=CARTESIAN_POINT('',(0.894106840811447,1.4,-2.20027224615823));
#17757=CARTESIAN_POINT('Origin',(0.894106840811447,1.4,-2.20027224615823));
#17758=CARTESIAN_POINT('',(0.639318296251657,1.4,-1.96761939538874));
#17759=CARTESIAN_POINT('Origin',(0.639318296251657,1.4,-1.96761939538874));
#17760=CARTESIAN_POINT('',(0.,8.88178419700125E-16,0.));
#17761=CARTESIAN_POINT('',(16.5,28.5,-6.25000000000003));
#17762=CARTESIAN_POINT('',(-0.304998239588353,-23.540716094742,63.3314099657808));
#17763=CARTESIAN_POINT('',(-6.3049982954675,-22.7061634661671,63.3314099657809));
#17764=CARTESIAN_POINT('',(-1.88284143478505E-18,0.449999999999999,-1.77635683940025E-14));
#17765=CARTESIAN_POINT('',(-1.88284143478505E-18,0.449999999999999,-1.77635683940025E-14));
#17766=CARTESIAN_POINT('',(-1.88284143478505E-18,0.449999999999999,-1.77635683940025E-14));
#17767=CARTESIAN_POINT('',(-1.88284143478505E-18,0.449999999999999,-1.77635683940025E-14));
#17768=CARTESIAN_POINT('',(10.1955128456573,-53.6557160947419,57.082759544961));
#17769=CARTESIAN_POINT('Origin',(0.,0.,0.));
#17770=UNCERTAINTY_MEASURE_WITH_UNIT(LENGTH_MEASURE(0.01),#17792,
'DISTANCE_ACCURACY_VALUE',
'Maximum model space distance between geometric entities at asserted c
onnectivities');
#17771=UNCERTAINTY_MEASURE_WITH_UNIT(LENGTH_MEASURE(0.01),#17792,
'DISTANCE_ACCURACY_VALUE',
'Maximum model space distance between geometric entities at asserted c
onnectivities');
#17772=UNCERTAINTY_MEASURE_WITH_UNIT(LENGTH_MEASURE(0.01),#17792,
'DISTANCE_ACCURACY_VALUE',
'Maximum model space distance between geometric entities at asserted c
onnectivities');
#17773=UNCERTAINTY_MEASURE_WITH_UNIT(LENGTH_MEASURE(0.01),#17792,
'DISTANCE_ACCURACY_VALUE',
'Maximum model space distance between geometric entities at asserted c
onnectivities');
#17774=UNCERTAINTY_MEASURE_WITH_UNIT(LENGTH_MEASURE(0.01),#17792,
'DISTANCE_ACCURACY_VALUE',
'Maximum model space distance between geometric entities at asserted c
onnectivities');
#17775=UNCERTAINTY_MEASURE_WITH_UNIT(LENGTH_MEASURE(0.01),#17792,
'DISTANCE_ACCURACY_VALUE',
'Maximum model space distance between geometric entities at asserted c
onnectivities');
#17776=UNCERTAINTY_MEASURE_WITH_UNIT(LENGTH_MEASURE(0.01),#17792,
'DISTANCE_ACCURACY_VALUE',
'Maximum model space distance between geometric entities at asserted c
onnectivities');
#17777=UNCERTAINTY_MEASURE_WITH_UNIT(LENGTH_MEASURE(0.01),#17792,
'DISTANCE_ACCURACY_VALUE',
'Maximum model space distance between geometric entities at asserted c
onnectivities');
#17778=UNCERTAINTY_MEASURE_WITH_UNIT(LENGTH_MEASURE(0.01),#17792,
'DISTANCE_ACCURACY_VALUE',
'Maximum model space distance between geometric entities at asserted c
onnectivities');
#17779=UNCERTAINTY_MEASURE_WITH_UNIT(LENGTH_MEASURE(0.01),#17792,
'DISTANCE_ACCURACY_VALUE',
'Maximum model space distance between geometric entities at asserted c
onnectivities');
#17780=UNCERTAINTY_MEASURE_WITH_UNIT(LENGTH_MEASURE(0.01),#17792,
'DISTANCE_ACCURACY_VALUE',
'Maximum model space distance between geometric entities at asserted c
onnectivities');
#17781=(
GEOMETRIC_REPRESENTATION_CONTEXT(3)
GLOBAL_UNCERTAINTY_ASSIGNED_CONTEXT((#17770))
GLOBAL_UNIT_ASSIGNED_CONTEXT((#17792,#17794,#17795))
REPRESENTATION_CONTEXT('','3D')
);
#17782=(
GEOMETRIC_REPRESENTATION_CONTEXT(3)
GLOBAL_UNCERTAINTY_ASSIGNED_CONTEXT((#17771))
GLOBAL_UNIT_ASSIGNED_CONTEXT((#17792,#17794,#17795))
REPRESENTATION_CONTEXT('','3D')
);
#17783=(
GEOMETRIC_REPRESENTATION_CONTEXT(3)
GLOBAL_UNCERTAINTY_ASSIGNED_CONTEXT((#17772))
GLOBAL_UNIT_ASSIGNED_CONTEXT((#17792,#17794,#17795))
REPRESENTATION_CONTEXT('','3D')
);
#17784=(
GEOMETRIC_REPRESENTATION_CONTEXT(3)
GLOBAL_UNCERTAINTY_ASSIGNED_CONTEXT((#17773))
GLOBAL_UNIT_ASSIGNED_CONTEXT((#17792,#17794,#17795))
REPRESENTATION_CONTEXT('','3D')
);
#17785=(
GEOMETRIC_REPRESENTATION_CONTEXT(3)
GLOBAL_UNCERTAINTY_ASSIGNED_CONTEXT((#17774))
GLOBAL_UNIT_ASSIGNED_CONTEXT((#17792,#17794,#17795))
REPRESENTATION_CONTEXT('','3D')
);
#17786=(
GEOMETRIC_REPRESENTATION_CONTEXT(3)
GLOBAL_UNCERTAINTY_ASSIGNED_CONTEXT((#17775))
GLOBAL_UNIT_ASSIGNED_CONTEXT((#17792,#17794,#17795))
REPRESENTATION_CONTEXT('','3D')
);
#17787=(
GEOMETRIC_REPRESENTATION_CONTEXT(3)
GLOBAL_UNCERTAINTY_ASSIGNED_CONTEXT((#17776))
GLOBAL_UNIT_ASSIGNED_CONTEXT((#17792,#17794,#17795))
REPRESENTATION_CONTEXT('','3D')
);
#17788=(
GEOMETRIC_REPRESENTATION_CONTEXT(3)
GLOBAL_UNCERTAINTY_ASSIGNED_CONTEXT((#17777))
GLOBAL_UNIT_ASSIGNED_CONTEXT((#17792,#17794,#17795))
REPRESENTATION_CONTEXT('','3D')
);
#17789=(
GEOMETRIC_REPRESENTATION_CONTEXT(3)
GLOBAL_UNCERTAINTY_ASSIGNED_CONTEXT((#17778))
GLOBAL_UNIT_ASSIGNED_CONTEXT((#17792,#17794,#17795))
REPRESENTATION_CONTEXT('','3D')
);
#17790=(
GEOMETRIC_REPRESENTATION_CONTEXT(3)
GLOBAL_UNCERTAINTY_ASSIGNED_CONTEXT((#17779))
GLOBAL_UNIT_ASSIGNED_CONTEXT((#17792,#17794,#17795))
REPRESENTATION_CONTEXT('','3D')
);
#17791=(
GEOMETRIC_REPRESENTATION_CONTEXT(3)
GLOBAL_UNCERTAINTY_ASSIGNED_CONTEXT((#17780))
GLOBAL_UNIT_ASSIGNED_CONTEXT((#17792,#17794,#17795))
REPRESENTATION_CONTEXT('','3D')
);
#17792=(
LENGTH_UNIT()
NAMED_UNIT(*)
SI_UNIT(.MILLI.,.METRE.)
);
#17793=(
LENGTH_UNIT()
NAMED_UNIT(*)
SI_UNIT($,.METRE.)
);
#17794=(
NAMED_UNIT(*)
PLANE_ANGLE_UNIT()
SI_UNIT($,.RADIAN.)
);
#17795=(
NAMED_UNIT(*)
SI_UNIT($,.STERADIAN.)
SOLID_ANGLE_UNIT()
);
#17796=SHAPE_DEFINITION_REPRESENTATION(#17806,#17825);
#17797=SHAPE_DEFINITION_REPRESENTATION(#17807,#17826);
#17798=SHAPE_DEFINITION_REPRESENTATION(#17808,#17827);
#17799=SHAPE_DEFINITION_REPRESENTATION(#17809,#17828);
#17800=SHAPE_DEFINITION_REPRESENTATION(#17810,#17829);
#17801=SHAPE_DEFINITION_REPRESENTATION(#17811,#17830);
#17802=SHAPE_DEFINITION_REPRESENTATION(#17812,#17831);
#17803=SHAPE_DEFINITION_REPRESENTATION(#17813,#17832);
#17804=SHAPE_DEFINITION_REPRESENTATION(#17814,#17833);
#17805=SHAPE_DEFINITION_REPRESENTATION(#17815,#17834);
#17806=PRODUCT_DEFINITION_SHAPE('',$,#17836);
#17807=PRODUCT_DEFINITION_SHAPE('',$,#17837);
#17808=PRODUCT_DEFINITION_SHAPE('',$,#17838);
#17809=PRODUCT_DEFINITION_SHAPE('',$,#17839);
#17810=PRODUCT_DEFINITION_SHAPE('',$,#17840);
#17811=PRODUCT_DEFINITION_SHAPE('',$,#17841);
#17812=PRODUCT_DEFINITION_SHAPE('',$,#17842);
#17813=PRODUCT_DEFINITION_SHAPE('',$,#17843);
#17814=PRODUCT_DEFINITION_SHAPE('',$,#17844);
#17815=PRODUCT_DEFINITION_SHAPE('',$,#17845);
#17816=PRODUCT_DEFINITION_SHAPE($,$,#41);
#17817=PRODUCT_DEFINITION_SHAPE($,$,#42);
#17818=PRODUCT_DEFINITION_SHAPE($,$,#43);
#17819=PRODUCT_DEFINITION_SHAPE($,$,#44);
#17820=PRODUCT_DEFINITION_SHAPE($,$,#45);
#17821=PRODUCT_DEFINITION_SHAPE($,$,#46);
#17822=PRODUCT_DEFINITION_SHAPE($,$,#47);
#17823=PRODUCT_DEFINITION_SHAPE($,$,#48);
#17824=PRODUCT_DEFINITION_SHAPE($,$,#49);
#17825=SHAPE_REPRESENTATION('',(#10231,#11324,#11325,#11326,#11327,#11328,
#11329,#11330),#17781);
#17826=SHAPE_REPRESENTATION('',(#10232),#17782);
#17827=SHAPE_REPRESENTATION('',(#10396),#17783);
#17828=SHAPE_REPRESENTATION('',(#10437),#17784);
#17829=SHAPE_REPRESENTATION('',(#10556),#17785);
#17830=SHAPE_REPRESENTATION('',(#10772),#17786);
#17831=SHAPE_REPRESENTATION('',(#10913),#17787);
#17832=SHAPE_REPRESENTATION('',(#10980,#11322,#11323),#17788);
#17833=SHAPE_REPRESENTATION('',(#10981),#17789);
#17834=SHAPE_REPRESENTATION('',(#11128),#17790);
#17835=PRODUCT_DEFINITION_CONTEXT('part definition',#17867,'design');
#17836=PRODUCT_DEFINITION('(Unsaved)','CFLAP w Servo',#17846,#17835);
#17837=PRODUCT_DEFINITION('bottom','bottom (1)',#17847,#17835);
#17838=PRODUCT_DEFINITION('Flap','Flap (1)',#17848,#17835);
#17839=PRODUCT_DEFINITION('TPU seal (1)','TPU seal (1)',#17849,#17835);
#17840=PRODUCT_DEFINITION('New Base (1)','New Base (1)',#17850,#17835);
#17841=PRODUCT_DEFINITION('TPU cover seal (1)','TPU cover seal (1)',#17851,
#17835);
#17842=PRODUCT_DEFINITION('Cover (1)','Cover (1)',#17852,#17835);
#17843=PRODUCT_DEFINITION('MG90servo_assembly','MG90servo',#17853,#17835);
#17844=PRODUCT_DEFINITION('MG90servo_body','MG90servo_body',#17854,#17835);
#17845=PRODUCT_DEFINITION('MG90servo_shaft','MG90servo_shaft',#17855,#17835);
#17846=PRODUCT_DEFINITION_FORMATION('',$,#17869);
#17847=PRODUCT_DEFINITION_FORMATION('',$,#17870);
#17848=PRODUCT_DEFINITION_FORMATION('',$,#17871);
#17849=PRODUCT_DEFINITION_FORMATION('',$,#17872);
#17850=PRODUCT_DEFINITION_FORMATION('',$,#17873);
#17851=PRODUCT_DEFINITION_FORMATION('',$,#17874);
#17852=PRODUCT_DEFINITION_FORMATION('',$,#17875);
#17853=PRODUCT_DEFINITION_FORMATION('',$,#17876);
#17854=PRODUCT_DEFINITION_FORMATION('',$,#17877);
#17855=PRODUCT_DEFINITION_FORMATION('',$,#17878);
#17856=PRODUCT_RELATED_PRODUCT_CATEGORY('CFLAP w Servo','CFLAP w Servo',
(#17869));
#17857=PRODUCT_RELATED_PRODUCT_CATEGORY('bottom (1)','bottom (1)',(#17870));
#17858=PRODUCT_RELATED_PRODUCT_CATEGORY('Flap (1)','Flap (1)',(#17871));
#17859=PRODUCT_RELATED_PRODUCT_CATEGORY('TPU seal (1)','TPU seal (1)',(#17872));
#17860=PRODUCT_RELATED_PRODUCT_CATEGORY('New Base (1)','New Base (1)',(#17873));
#17861=PRODUCT_RELATED_PRODUCT_CATEGORY('TPU cover seal (1)',
'TPU cover seal (1)',(#17874));
#17862=PRODUCT_RELATED_PRODUCT_CATEGORY('Cover (1)','Cover (1)',(#17875));
#17863=PRODUCT_RELATED_PRODUCT_CATEGORY('MG90servo','MG90servo',(#17876));
#17864=PRODUCT_RELATED_PRODUCT_CATEGORY('MG90servo_body',
'MG90servo_body',(#17877));
#17865=PRODUCT_RELATED_PRODUCT_CATEGORY('MG90servo_shaft',
'MG90servo_shaft',(#17878));
#17866=APPLICATION_PROTOCOL_DEFINITION('international standard',
'automotive_design',2009,#17867);
#17867=APPLICATION_CONTEXT(
'Core Data for Automotive Mechanical Design Process');
#17868=PRODUCT_CONTEXT('part definition',#17867,'mechanical');
#17869=PRODUCT('(Unsaved)','CFLAP w Servo',$,(#17868));
#17870=PRODUCT('bottom','bottom (1)',$,(#17868));
#17871=PRODUCT('Flap','Flap (1)',$,(#17868));
#17872=PRODUCT('TPU seal (1)','TPU seal (1)',$,(#17868));
#17873=PRODUCT('New Base (1)','New Base (1)',$,(#17868));
#17874=PRODUCT('TPU cover seal (1)','TPU cover seal (1)',$,(#17868));
#17875=PRODUCT('Cover (1)','Cover (1)',$,(#17868));
#17876=PRODUCT('MG90servo_assembly','MG90servo','STEP AP214',(#17868));
#17877=PRODUCT('MG90servo_body','MG90servo_body',$,(#17868));
#17878=PRODUCT('MG90servo_shaft','MG90servo_shaft',$,(#17868));
#17879=PRESENTATION_STYLE_ASSIGNMENT((#17887));
#17880=PRESENTATION_STYLE_ASSIGNMENT((#17888));
#17881=PRESENTATION_STYLE_ASSIGNMENT((#17889));
#17882=PRESENTATION_STYLE_ASSIGNMENT((#17890));
#17883=PRESENTATION_STYLE_ASSIGNMENT((#17891));
#17884=PRESENTATION_STYLE_ASSIGNMENT((#17892));
#17885=PRESENTATION_STYLE_ASSIGNMENT((#17893));
#17886=PRESENTATION_STYLE_ASSIGNMENT((NULL_STYLE(.NULL.)));
#17887=SURFACE_STYLE_USAGE(.BOTH.,#17894);
#17888=SURFACE_STYLE_USAGE(.BOTH.,#17895);
#17889=SURFACE_STYLE_USAGE(.BOTH.,#17896);
#17890=SURFACE_STYLE_USAGE(.BOTH.,#17897);
#17891=SURFACE_STYLE_USAGE(.BOTH.,#17898);
#17892=SURFACE_STYLE_USAGE(.BOTH.,#17899);
#17893=SURFACE_STYLE_USAGE(.BOTH.,#17900);
#17894=SURFACE_SIDE_STYLE('',(#17901));
#17895=SURFACE_SIDE_STYLE('',(#17902));
#17896=SURFACE_SIDE_STYLE('',(#17903));
#17897=SURFACE_SIDE_STYLE('',(#17904));
#17898=SURFACE_SIDE_STYLE('',(#17905));
#17899=SURFACE_SIDE_STYLE('',(#17906));
#17900=SURFACE_SIDE_STYLE('',(#17907));
#17901=SURFACE_STYLE_FILL_AREA(#17908);
#17902=SURFACE_STYLE_FILL_AREA(#17909);
#17903=SURFACE_STYLE_FILL_AREA(#17910);
#17904=SURFACE_STYLE_FILL_AREA(#17911);
#17905=SURFACE_STYLE_FILL_AREA(#17912);
#17906=SURFACE_STYLE_FILL_AREA(#17913);
#17907=SURFACE_STYLE_FILL_AREA(#17914);
#17908=FILL_AREA_STYLE('Steel - Satin',(#17915));
#17909=FILL_AREA_STYLE('Opaque(25,25,25)',(#17916));
#17910=FILL_AREA_STYLE('Plastic - Matte (Gray)',(#17917));
#17911=FILL_AREA_STYLE('Opaque(246,246,243)',(#17918));
#17912=FILL_AREA_STYLE('Acrylic (Clear)',(#17919));
#17913=FILL_AREA_STYLE('Opaque(124,124,124)',(#17920));
#17914=FILL_AREA_STYLE('Opaque(217,217,217)',(#17921));
#17915=FILL_AREA_STYLE_COLOUR('Steel - Satin',#17922);
#17916=FILL_AREA_STYLE_COLOUR('Opaque(25,25,25)',#17923);
#17917=FILL_AREA_STYLE_COLOUR('Plastic - Matte (Gray)',#17924);
#17918=FILL_AREA_STYLE_COLOUR('Opaque(246,246,243)',#17925);
#17919=FILL_AREA_STYLE_COLOUR('Acrylic (Clear)',#17926);
#17920=FILL_AREA_STYLE_COLOUR('Opaque(124,124,124)',#17927);
#17921=FILL_AREA_STYLE_COLOUR('Opaque(217,217,217)',#17928);
#17922=COLOUR_RGB('Steel - Satin',0.627450980392157,0.627450980392157,0.627450980392157);
#17923=COLOUR_RGB('Opaque(25,25,25)',0.0980392156862745,0.0980392156862745,
0.0980392156862745);
#17924=COLOUR_RGB('Plastic - Matte (Gray)',0.701960784313725,0.701960784313725,
0.701960784313725);
#17925=COLOUR_RGB('Opaque(246,246,243)',0.964705882352941,0.964705882352941,
0.952941176470588);
#17926=COLOUR_RGB('Acrylic (Clear)',0.964705882352941,0.964705882352941,
0.952941176470588);
#17927=COLOUR_RGB('Opaque(124,124,124)',0.486274509803922,0.486274509803922,
0.486274509803922);
#17928=COLOUR_RGB('Opaque(217,217,217)',0.850980392156863,0.850980392156863,
0.850980392156863);
ENDSEC;
END-ISO-10303-21;
