ISO-10303-21;
HEADER;
/* Generated by software containing ST-Developer
 * from STEP Tools, Inc. (www.steptools.com) 
 */

FILE_DESCRIPTION(
/* description */ (''),
/* implementation_level */ '2;1');

FILE_NAME(
/* name */ 'Mellow_cpap_hose_exhaust_2x.step',
/* time_stamp */ '2026-09-26T20:23:12+02:00',
/* author */ (''),
/* organization */ (''),
/* preprocessor_version */ 'ST-DEVELOPER v20.2',
/* originating_system */ 'Autodesk Translation Framework v15.15.0.0',
/* authorisation */ '');

FILE_SCHEMA (('AUTOMOTIVE_DESIGN { 1 0 10303 214 3 1 1 }'));
ENDSEC;

DATA;
#10=MECHANICAL_DESIGN_GEOMETRIC_PRESENTATION_REPRESENTATION('',(#13),#4019);
#11=SHAPE_REPRESENTATION_RELATIONSHIP('SRR','None',#4026,#12);
#12=ADVANCED_BREP_SHAPE_REPRESENTATION('',(#14),#4018);
#13=STYLED_ITEM('',(#4035),#14);
#14=MANIFOLD_SOLID_BREP('Body1',#895);
#15=CYLINDRICAL_SURFACE('',#943,7.45);
#16=CYLINDRICAL_SURFACE('',#945,7.45);
#17=CYLINDRICAL_SURFACE('',#952,6.45000000000001);
#18=CYLINDRICAL_SURFACE('',#961,0.499999999999999);
#19=CYLINDRICAL_SURFACE('',#964,0.499999999999998);
#20=CYLINDRICAL_SURFACE('',#967,0.499999999999985);
#21=CYLINDRICAL_SURFACE('',#970,0.499999999999998);
#22=CYLINDRICAL_SURFACE('',#972,1.6);
#23=CYLINDRICAL_SURFACE('',#974,1.6);
#24=CYLINDRICAL_SURFACE('',#981,2.);
#25=CYLINDRICAL_SURFACE('',#983,2.);
#26=CYLINDRICAL_SURFACE('',#985,2.);
#27=CYLINDRICAL_SURFACE('',#987,1.99999999999999);
#28=TOROIDAL_SURFACE('',#939,7.34950124378881,0.51);
#29=FACE_BOUND('',#221,.T.);
#30=FACE_BOUND('',#222,.T.);
#31=FACE_BOUND('',#223,.T.);
#32=FACE_BOUND('',#234,.T.);
#33=FACE_BOUND('',#253,.T.);
#34=FACE_BOUND('',#254,.T.);
#35=FACE_BOUND('',#255,.T.);
#36=CONICAL_SURFACE('',#919,1.99999999999998,0.785398163397445);
#37=CONICAL_SURFACE('',#922,2.,0.785398163397447);
#38=CONICAL_SURFACE('',#936,2.,0.785398163397458);
#39=CONICAL_SURFACE('',#938,2.,0.785398163397447);
#40=LINE('',#2126,#88);
#41=LINE('',#2127,#89);
#42=LINE('',#2130,#90);
#43=LINE('',#2134,#91);
#44=LINE('',#2135,#92);
#45=LINE('',#2138,#93);
#46=LINE('',#2145,#94);
#47=LINE('',#2149,#95);
#48=LINE('',#2153,#96);
#49=LINE('',#2156,#97);
#50=LINE('',#2161,#98);
#51=LINE('',#2163,#99);
#52=LINE('',#2167,#100);
#53=LINE('',#2170,#101);
#54=LINE('',#2173,#102);
#55=LINE('',#2175,#103);
#56=LINE('',#2177,#104);
#57=LINE('',#2179,#105);
#58=LINE('',#2190,#106);
#59=LINE('',#2193,#107);
#60=LINE('',#2214,#108);
#61=LINE('',#3354,#109);
#62=LINE('',#3945,#110);
#63=LINE('',#3947,#111);
#64=LINE('',#3948,#112);
#65=LINE('',#3951,#113);
#66=LINE('',#3955,#114);
#67=LINE('',#3956,#115);
#68=LINE('',#3959,#116);
#69=LINE('',#3963,#117);
#70=LINE('',#3964,#118);
#71=LINE('',#3967,#119);
#72=LINE('',#3971,#120);
#73=LINE('',#3972,#121);
#74=LINE('',#3977,#122);
#75=LINE('',#3981,#123);
#76=LINE('',#3988,#124);
#77=LINE('',#3992,#125);
#78=LINE('',#3996,#126);
#79=LINE('',#3999,#127);
#80=LINE('',#4001,#128);
#81=LINE('',#4002,#129);
#82=LINE('',#4004,#130);
#83=LINE('',#4006,#131);
#84=LINE('',#4008,#132);
#85=LINE('',#4010,#133);
#86=LINE('',#4012,#134);
#87=LINE('',#4014,#135);
#88=VECTOR('',#1011,10.);
#89=VECTOR('',#1012,10.);
#90=VECTOR('',#1015,10.);
#91=VECTOR('',#1020,10.);
#92=VECTOR('',#1021,10.);
#93=VECTOR('',#1024,10.);
#94=VECTOR('',#1031,10.);
#95=VECTOR('',#1034,10.);
#96=VECTOR('',#1037,10.);
#97=VECTOR('',#1040,10.);
#98=VECTOR('',#1045,10.);
#99=VECTOR('',#1046,10.);
#100=VECTOR('',#1049,10.);
#101=VECTOR('',#1052,10.);
#102=VECTOR('',#1057,10.);
#103=VECTOR('',#1060,10.);
#104=VECTOR('',#1063,10.);
#105=VECTOR('',#1066,10.);
#106=VECTOR('',#1081,7.45);
#107=VECTOR('',#1084,7.45);
#108=VECTOR('',#1099,6.45000000000001);
#109=VECTOR('',#1114,10.);
#110=VECTOR('',#1117,10.);
#111=VECTOR('',#1118,10.);
#112=VECTOR('',#1119,10.);
#113=VECTOR('',#1122,10.);
#114=VECTOR('',#1127,10.);
#115=VECTOR('',#1128,10.);
#116=VECTOR('',#1131,10.);
#117=VECTOR('',#1136,10.);
#118=VECTOR('',#1137,10.);
#119=VECTOR('',#1140,10.);
#120=VECTOR('',#1145,10.);
#121=VECTOR('',#1146,10.);
#122=VECTOR('',#1153,1.6);
#123=VECTOR('',#1158,1.6);
#124=VECTOR('',#1165,10.);
#125=VECTOR('',#1168,10.);
#126=VECTOR('',#1171,10.);
#127=VECTOR('',#1174,10.);
#128=VECTOR('',#1177,10.);
#129=VECTOR('',#1178,10.);
#130=VECTOR('',#1181,10.);
#131=VECTOR('',#1184,10.);
#132=VECTOR('',#1187,10.);
#133=VECTOR('',#1190,10.);
#134=VECTOR('',#1193,10.);
#135=VECTOR('',#1196,10.);
#136=PLANE('',#918);
#137=PLANE('',#921);
#138=PLANE('',#924);
#139=PLANE('',#933);
#140=PLANE('',#934);
#141=PLANE('',#935);
#142=PLANE('',#937);
#143=PLANE('',#948);
#144=PLANE('',#950);
#145=PLANE('',#957);
#146=PLANE('',#958);
#147=PLANE('',#959);
#148=PLANE('',#960);
#149=PLANE('',#963);
#150=PLANE('',#966);
#151=PLANE('',#969);
#152=PLANE('',#976);
#153=PLANE('',#982);
#154=PLANE('',#984);
#155=PLANE('',#986);
#156=PLANE('',#988);
#157=FACE_OUTER_BOUND('',#207,.T.);
#158=FACE_OUTER_BOUND('',#208,.T.);
#159=FACE_OUTER_BOUND('',#209,.T.);
#160=FACE_OUTER_BOUND('',#210,.T.);
#161=FACE_OUTER_BOUND('',#211,.T.);
#162=FACE_OUTER_BOUND('',#212,.T.);
#163=FACE_OUTER_BOUND('',#213,.T.);
#164=FACE_OUTER_BOUND('',#214,.T.);
#165=FACE_OUTER_BOUND('',#215,.T.);
#166=FACE_OUTER_BOUND('',#216,.T.);
#167=FACE_OUTER_BOUND('',#217,.T.);
#168=FACE_OUTER_BOUND('',#218,.T.);
#169=FACE_OUTER_BOUND('',#219,.T.);
#170=FACE_OUTER_BOUND('',#220,.T.);
#171=FACE_OUTER_BOUND('',#224,.T.);
#172=FACE_OUTER_BOUND('',#225,.T.);
#173=FACE_OUTER_BOUND('',#226,.T.);
#174=FACE_OUTER_BOUND('',#227,.T.);
#175=FACE_OUTER_BOUND('',#228,.T.);
#176=FACE_OUTER_BOUND('',#229,.T.);
#177=FACE_OUTER_BOUND('',#230,.T.);
#178=FACE_OUTER_BOUND('',#231,.T.);
#179=FACE_OUTER_BOUND('',#232,.T.);
#180=FACE_OUTER_BOUND('',#233,.T.);
#181=FACE_OUTER_BOUND('',#235,.T.);
#182=FACE_OUTER_BOUND('',#236,.T.);
#183=FACE_OUTER_BOUND('',#237,.T.);
#184=FACE_OUTER_BOUND('',#238,.T.);
#185=FACE_OUTER_BOUND('',#239,.T.);
#186=FACE_OUTER_BOUND('',#240,.T.);
#187=FACE_OUTER_BOUND('',#241,.T.);
#188=FACE_OUTER_BOUND('',#242,.T.);
#189=FACE_OUTER_BOUND('',#243,.T.);
#190=FACE_OUTER_BOUND('',#244,.T.);
#191=FACE_OUTER_BOUND('',#245,.T.);
#192=FACE_OUTER_BOUND('',#246,.T.);
#193=FACE_OUTER_BOUND('',#247,.T.);
#194=FACE_OUTER_BOUND('',#248,.T.);
#195=FACE_OUTER_BOUND('',#249,.T.);
#196=FACE_OUTER_BOUND('',#250,.T.);
#197=FACE_OUTER_BOUND('',#251,.T.);
#198=FACE_OUTER_BOUND('',#252,.T.);
#199=FACE_OUTER_BOUND('',#256,.T.);
#200=FACE_OUTER_BOUND('',#257,.T.);
#201=FACE_OUTER_BOUND('',#258,.T.);
#202=FACE_OUTER_BOUND('',#259,.T.);
#203=FACE_OUTER_BOUND('',#260,.T.);
#204=FACE_OUTER_BOUND('',#261,.T.);
#205=FACE_OUTER_BOUND('',#262,.T.);
#206=FACE_OUTER_BOUND('',#263,.T.);
#207=EDGE_LOOP('',(#568,#569,#570,#571));
#208=EDGE_LOOP('',(#572,#573,#574,#575,#576));
#209=EDGE_LOOP('',(#577,#578,#579,#580,#581));
#210=EDGE_LOOP('',(#582,#583,#584,#585,#586,#587,#588));
#211=EDGE_LOOP('',(#589,#590,#591,#592,#593));
#212=EDGE_LOOP('',(#594,#595,#596,#597,#598));
#213=EDGE_LOOP('',(#599,#600,#601,#602,#603,#604,#605));
#214=EDGE_LOOP('',(#606,#607,#608,#609,#610));
#215=EDGE_LOOP('',(#611,#612,#613,#614));
#216=EDGE_LOOP('',(#615,#616,#617));
#217=EDGE_LOOP('',(#618,#619,#620,#621));
#218=EDGE_LOOP('',(#622,#623,#624,#625));
#219=EDGE_LOOP('',(#626,#627,#628,#629,#630));
#220=EDGE_LOOP('',(#631,#632,#633,#634,#635,#636,#637,#638));
#221=EDGE_LOOP('',(#639));
#222=EDGE_LOOP('',(#640));
#223=EDGE_LOOP('',(#641,#642,#643,#644,#645,#646,#647,#648,#649,#650,#651,
#652));
#224=EDGE_LOOP('',(#653,#654,#655));
#225=EDGE_LOOP('',(#656,#657,#658));
#226=EDGE_LOOP('',(#659,#660,#661));
#227=EDGE_LOOP('',(#662,#663,#664,#665));
#228=EDGE_LOOP('',(#666,#667,#668,#669));
#229=EDGE_LOOP('',(#670,#671,#672,#673));
#230=EDGE_LOOP('',(#674,#675,#676,#677));
#231=EDGE_LOOP('',(#678,#679,#680,#681));
#232=EDGE_LOOP('',(#682,#683,#684,#685,#686));
#233=EDGE_LOOP('',(#687));
#234=EDGE_LOOP('',(#688));
#235=EDGE_LOOP('',(#689,#690));
#236=EDGE_LOOP('',(#691,#692,#693,#694,#695,#696,#697,#698));
#237=EDGE_LOOP('',(#699,#700,#701,#702));
#238=EDGE_LOOP('',(#703,#704));
#239=EDGE_LOOP('',(#705,#706,#707));
#240=EDGE_LOOP('',(#708,#709,#710,#711,#712,#713,#714,#715,#716,#717,#718,
#719,#720,#721,#722,#723));
#241=EDGE_LOOP('',(#724,#725,#726,#727,#728,#729,#730,#731,#732,#733,#734,
#735,#736,#737,#738,#739,#740,#741,#742,#743));
#242=EDGE_LOOP('',(#744,#745,#746,#747));
#243=EDGE_LOOP('',(#748,#749,#750,#751));
#244=EDGE_LOOP('',(#752,#753,#754,#755));
#245=EDGE_LOOP('',(#756,#757,#758,#759));
#246=EDGE_LOOP('',(#760,#761,#762,#763));
#247=EDGE_LOOP('',(#764,#765,#766,#767));
#248=EDGE_LOOP('',(#768,#769,#770,#771));
#249=EDGE_LOOP('',(#772,#773,#774,#775));
#250=EDGE_LOOP('',(#776,#777,#778,#779));
#251=EDGE_LOOP('',(#780,#781,#782,#783));
#252=EDGE_LOOP('',(#784,#785,#786,#787,#788,#789,#790,#791));
#253=EDGE_LOOP('',(#792,#793,#794,#795,#796,#797,#798,#799));
#254=EDGE_LOOP('',(#800));
#255=EDGE_LOOP('',(#801));
#256=EDGE_LOOP('',(#802,#803,#804,#805));
#257=EDGE_LOOP('',(#806,#807,#808,#809));
#258=EDGE_LOOP('',(#810,#811,#812,#813));
#259=EDGE_LOOP('',(#814,#815,#816,#817));
#260=EDGE_LOOP('',(#818,#819,#820,#821));
#261=EDGE_LOOP('',(#822,#823,#824,#825));
#262=EDGE_LOOP('',(#826,#827,#828,#829));
#263=EDGE_LOOP('',(#830,#831,#832,#833));
#264=B_SPLINE_CURVE_WITH_KNOTS('',3,(#1224,#1225,#1226,#1227,#1228),
 .UNSPECIFIED.,.F.,.F.,(4,1,4),(-0.763230489557863,-0.327098781239084,0.),
 .UNSPECIFIED.);
#265=B_SPLINE_CURVE_WITH_KNOTS('',3,(#1231,#1232,#1233,#1234,#1235),
 .UNSPECIFIED.,.F.,.F.,(4,1,4),(0.,0.327098781239084,0.763230489557863),
 .UNSPECIFIED.);
#266=B_SPLINE_CURVE_WITH_KNOTS('',3,(#1320,#1321,#1322,#1323,#1324,#1325,
#1326,#1327,#1328,#1329,#1330,#1331,#1332,#1333,#1334,#1335,#1336,#1337,
#1338,#1339),.UNSPECIFIED.,.F.,.F.,(4,1,1,1,1,1,1,1,1,1,1,1,1,1,1,2,4),
(0.,0.188570233291315,0.282855349936972,0.377140466582629,0.471425583228286,
0.565710699873943,0.659995816519601,0.754280933165258,0.801423491488086,
0.848566049810915,0.872137328972329,0.895708608133744,0.919279887295158,
0.931065526875865,0.936958346666219,0.942851166456572,0.942855305934877),
 .UNSPECIFIED.);
#267=B_SPLINE_CURVE_WITH_KNOTS('',3,(#1340,#1341,#1342,#1343),
 .UNSPECIFIED.,.F.,.F.,(4,4),(0.942851166456572,0.944086671653364),
 .UNSPECIFIED.);
#268=B_SPLINE_CURVE_WITH_KNOTS('',3,(#1344,#1345,#1346,#1347,#1348,#1349,
#1350,#1351,#1352,#1353,#1354,#1355,#1356,#1357,#1358,#1359,#1360,#1361,
#1362,#1363),.UNSPECIFIED.,.F.,.F.,(4,2,1,1,1,1,1,1,1,1,1,1,1,1,1,1,4),
(-0.944086671653364,-0.942851166456572,-0.936958346666219,-0.931065526875865,
-0.919279887295158,-0.895708608133744,-0.872137328972329,-0.848566049810915,
-0.801423491488086,-0.754280933165258,-0.659995816519601,-0.565710699873943,
-0.471425583228286,-0.377140466582629,-0.282855349936972,-0.188570233291315,
0.),.UNSPECIFIED.);
#269=B_SPLINE_CURVE_WITH_KNOTS('',3,(#1432,#1433,#1434,#1435,#1436,#1437,
#1438,#1439,#1440,#1441,#1442,#1443,#1444,#1445),.UNSPECIFIED.,.F.,.F.,
(4,1,1,1,1,1,1,1,1,1,1,4),(0.,0.15211497282876,0.304229945657519,0.456344918486279,
0.608459891315038,0.646488634522228,0.684517377729418,0.722546120936608,
0.741560492540203,0.751067678342,0.755821271242899,0.760571572236128),
 .UNSPECIFIED.);
#270=B_SPLINE_CURVE_WITH_KNOTS('',3,(#1446,#1447,#1448,#1449),
 .UNSPECIFIED.,.F.,.F.,(4,4),(0.760574864143797,0.763464031211988),
 .UNSPECIFIED.);
#271=B_SPLINE_CURVE_WITH_KNOTS('',3,(#1450,#1451,#1452,#1453,#1454,#1455,
#1456,#1457,#1458,#1459,#1460,#1461,#1462,#1463,#1464,#1465),
 .UNSPECIFIED.,.F.,.F.,(4,2,1,1,1,1,1,1,1,1,1,1,4),(-0.763464031211988,
-0.760574864143797,-0.755821271242899,-0.751067678342,-0.741560492540203,
-0.722546120936608,-0.684517377729418,-0.646488634522228,-0.608459891315038,
-0.456344918486279,-0.304229945657519,-0.15211497282876,0.),
 .UNSPECIFIED.);
#272=B_SPLINE_CURVE_WITH_KNOTS('',3,(#1552,#1553,#1554,#1555,#1556,#1557),
 .UNSPECIFIED.,.F.,.F.,(4,2,4),(0.,0.657181718716242,1.27557113299922),
 .UNSPECIFIED.);
#273=B_SPLINE_CURVE_WITH_KNOTS('',3,(#1559,#1560,#1561,#1562,#1563),
 .UNSPECIFIED.,.F.,.F.,(4,1,4),(-0.18821145844719,-0.149799318886983,0.),
 .UNSPECIFIED.);
#274=B_SPLINE_CURVE_WITH_KNOTS('',3,(#1567,#1568,#1569,#1570,#1571,#1572,
#1573,#1574,#1575,#1576,#1577,#1578,#1579,#1580,#1581,#1582,#1583,#1584,
#1585,#1586,#1587),.UNSPECIFIED.,.F.,.F.,(4,1,1,1,1,1,1,1,1,1,1,1,1,1,1,
1,2,4),(0.,0.149799318886983,0.299598637773966,0.449397956660948,0.599197275547931,
0.748996594434914,0.898795913321897,1.04859523220888,1.19839455109586,1.34819386998285,
1.38564369970459,1.42309352942634,1.46054335914808,1.47926827400896,1.48863073143939,
1.49331196015461,1.49799318886983,1.49800110216103),.UNSPECIFIED.);
#275=B_SPLINE_CURVE_WITH_KNOTS('',3,(#1588,#1589,#1590,#1591),
 .UNSPECIFIED.,.F.,.F.,(4,4),(1.49799318886983,1.50077913679254),
 .UNSPECIFIED.);
#276=B_SPLINE_CURVE_WITH_KNOTS('',3,(#1592,#1593,#1594,#1595,#1596,#1597,
#1598,#1599,#1600,#1601),.UNSPECIFIED.,.F.,.F.,(4,2,1,1,1,1,4),(-1.50077913679254,
-1.49799318886983,-1.49331196015461,-1.48863073143939,-1.47926827400896,
-1.46054335914808,-1.43405551484676),.UNSPECIFIED.);
#277=B_SPLINE_CURVE_WITH_KNOTS('',3,(#1686,#1687,#1688,#1689,#1690,#1691,
#1692,#1693,#1694,#1695,#1696,#1697,#1698,#1699,#1700,#1701,#1702,#1703,
#1704,#1705),.UNSPECIFIED.,.F.,.F.,(4,1,1,1,1,1,1,1,1,1,1,1,1,1,1,2,4),
(0.,0.188575677559724,0.235719596949656,0.282863516339587,0.377151355119449,
0.471439193899311,0.565727032679173,0.660014871459036,0.754302710238898,
0.84859054901876,0.872162508713726,0.895734468408691,0.919306428103657,
0.93109240795114,0.936985397874881,0.942878387798623,0.94288242968517),
 .UNSPECIFIED.);
#278=B_SPLINE_CURVE_WITH_KNOTS('',3,(#1707,#1708,#1709,#1710),
 .UNSPECIFIED.,.F.,.F.,(4,4),(0.942878387798623,0.94408243611586),
 .UNSPECIFIED.);
#279=B_SPLINE_CURVE_WITH_KNOTS('',3,(#1713,#1714,#1715,#1716,#1717,#1718,
#1719,#1720,#1721,#1722,#1723,#1724,#1725,#1726,#1727,#1728,#1729,#1730,
#1731,#1732),.UNSPECIFIED.,.F.,.F.,(4,2,1,1,1,1,1,1,1,1,1,1,1,1,1,1,4),
(-0.94408243611586,-0.942878387798623,-0.936985397874881,-0.93109240795114,
-0.919306428103657,-0.895734468408691,-0.872162508713726,-0.84859054901876,
-0.754302710238898,-0.660014871459036,-0.565727032679173,-0.471439193899311,
-0.377151355119449,-0.282863516339587,-0.235719596949656,-0.188575677559724,
0.),.UNSPECIFIED.);
#280=B_SPLINE_CURVE_WITH_KNOTS('',3,(#1805,#1806,#1807,#1808,#1809,#1810,
#1811,#1812,#1813,#1814,#1815,#1816,#1817,#1818,#1819),.UNSPECIFIED.,.F.,
 .F.,(4,1,1,1,1,1,1,1,1,1,1,1,4),(0.,0.152114549776879,0.304229099553759,
0.456343649330638,0.532400924219078,0.608458199107518,0.646486836551738,
0.684515473995958,0.722544111440177,0.741558430162287,0.751065589523342,
0.75581916920387,0.760569414406273),.UNSPECIFIED.);
#281=B_SPLINE_CURVE_WITH_KNOTS('',3,(#1820,#1821,#1822,#1823),
 .UNSPECIFIED.,.F.,.F.,(4,4),(0.760572748884397,0.763461915985831),
 .UNSPECIFIED.);
#282=B_SPLINE_CURVE_WITH_KNOTS('',3,(#1824,#1825,#1826,#1827,#1828,#1829,
#1830,#1831,#1832,#1833,#1834,#1835,#1836,#1837,#1838,#1839,#1840),
 .UNSPECIFIED.,.F.,.F.,(4,2,1,1,1,1,1,1,1,1,1,1,1,4),(-0.763461915985831,
-0.760572748884397,-0.75581916920387,-0.751065589523342,-0.741558430162287,
-0.722544111440177,-0.684515473995958,-0.646486836551738,-0.608458199107518,
-0.532400924219078,-0.456343649330638,-0.304229099553759,-0.152114549776879,
0.),.UNSPECIFIED.);
#283=B_SPLINE_CURVE_WITH_KNOTS('',3,(#1927,#1928,#1929,#1930,#1931,#1932),
 .UNSPECIFIED.,.F.,.F.,(4,2,4),(0.,0.662396788439271,1.28110861188248),
 .UNSPECIFIED.);
#284=B_SPLINE_CURVE_WITH_KNOTS('',3,(#1934,#1935,#1936,#1937,#1938),
 .UNSPECIFIED.,.F.,.F.,(4,1,4),(-0.187323236220037,-0.14979927932809,0.),
 .UNSPECIFIED.);
#285=B_SPLINE_CURVE_WITH_KNOTS('',3,(#1942,#1943,#1944,#1945,#1946,#1947,
#1948,#1949,#1950,#1951,#1952,#1953,#1954,#1955,#1956,#1957,#1958,#1959,
#1960,#1961,#1962),.UNSPECIFIED.,.F.,.F.,(4,1,1,1,1,1,1,1,1,1,1,1,1,1,1,
1,2,4),(0.,0.14979927932809,0.299598558656179,0.449397837984269,0.599197117312359,
0.748996396640448,0.898795675968538,1.04859495529663,1.19839423462472,1.34819351395281,
1.38564333378483,1.42309315361685,1.46054297344887,1.47926788336488,1.48863033832289,
1.49331156580189,1.4979927932809,1.49800071033587),.UNSPECIFIED.);
#286=B_SPLINE_CURVE_WITH_KNOTS('',3,(#1963,#1964,#1965,#1966),
 .UNSPECIFIED.,.F.,.F.,(4,4),(1.4979927932809,1.50076830443793),
 .UNSPECIFIED.);
#287=B_SPLINE_CURVE_WITH_KNOTS('',3,(#1967,#1968,#1969,#1970,#1971,#1972,
#1973,#1974,#1975,#1976),.UNSPECIFIED.,.F.,.F.,(4,2,1,1,1,1,4),(-1.50076830443793,
-1.4979927932809,-1.49331156580189,-1.48863033832289,-1.47926788336488,
-1.46054297344887,-1.4340850660529),.UNSPECIFIED.);
#288=B_SPLINE_CURVE_WITH_KNOTS('',3,(#2058,#2059,#2060,#2061,#2062,#2063,
#2064,#2065,#2066,#2067,#2068,#2069,#2070,#2071,#2072,#2073,#2074,#2075),
 .UNSPECIFIED.,.F.,.F.,(4,1,1,1,1,1,1,1,1,1,1,1,1,1,1,4),(0.,0.152084790158755,
0.190105987698444,0.228127185238132,0.266148382777821,0.30416958031751,
0.380211975396887,0.456254370476265,0.532296765555642,0.60833916063502,
0.684381555714397,0.722402753254086,0.74141335202393,0.750918651408853,
0.755671301101314,0.760421637164768),.UNSPECIFIED.);
#289=B_SPLINE_CURVE_WITH_KNOTS('',3,(#2076,#2077,#2078,#2079),
 .UNSPECIFIED.,.F.,.F.,(4,4),(0.760423950793775,0.762480653831288),
 .UNSPECIFIED.);
#290=B_SPLINE_CURVE_WITH_KNOTS('',3,(#2080,#2081,#2082,#2083,#2084,#2085,
#2086,#2087,#2088,#2089,#2090,#2091,#2092,#2093,#2094,#2095,#2096,#2097,
#2098,#2099),.UNSPECIFIED.,.F.,.F.,(4,2,1,1,1,1,1,1,1,1,1,1,1,1,1,1,4),
(-0.762480653831288,-0.760423950793775,-0.755671301101314,-0.750918651408853,
-0.74141335202393,-0.722402753254086,-0.684381555714397,-0.60833916063502,
-0.532296765555642,-0.456254370476265,-0.380211975396887,-0.30416958031751,
-0.266148382777821,-0.228127185238132,-0.190105987698444,-0.152084790158755,
0.),.UNSPECIFIED.);
#291=B_SPLINE_CURVE_WITH_KNOTS('',3,(#2116,#2117,#2118,#2119),
 .UNSPECIFIED.,.F.,.F.,(4,4),(-0.00203767421724043,-5.5300186162689E-13),
 .UNSPECIFIED.);
#292=B_SPLINE_CURVE_WITH_KNOTS('',3,(#2120,#2121,#2122,#2123),
 .UNSPECIFIED.,.F.,.F.,(4,4),(5.5300186162689E-13,0.00203736817699468),
 .UNSPECIFIED.);
#293=B_SPLINE_CURVE_WITH_KNOTS('',3,(#2203,#2204,#2205,#2206,#2207,#2208,
#2209,#2210),.UNSPECIFIED.,.F.,.F.,(4,2,2,4),(-2.1249067159388,-1.92917107301248,
-1.58083341933993,-1.3646038112157),.UNSPECIFIED.);
#294=B_SPLINE_CURVE_WITH_KNOTS('',3,(#2223,#2224,#2225,#2226),
 .UNSPECIFIED.,.F.,.F.,(4,4),(-0.103652024889415,0.),.UNSPECIFIED.);
#295=B_SPLINE_CURVE_WITH_KNOTS('',3,(#2227,#2228,#2229,#2230,#2231,#2232,
#2233,#2234),.UNSPECIFIED.,.F.,.F.,(4,2,2,4),(-3.71630601202793,-3.50458773872443,
-3.29319430602051,-3.22403923003285),.UNSPECIFIED.);
#296=B_SPLINE_CURVE_WITH_KNOTS('',3,(#2236,#2237,#2238,#2239,#2240,#2241,
#2242,#2243,#2244,#2245,#2246,#2247,#2248,#2249,#2250,#2251,#2252,#2253),
 .UNSPECIFIED.,.F.,.F.,(4,2,2,2,2,2,2,2,4),(-3.22403923003285,-3.02554612419878,
-2.81691121705088,-2.68272838276784,-2.58644609451417,-2.50617643738206,
-2.47556729366147,-2.2540230047397,-2.1249067159388),.UNSPECIFIED.);
#297=B_SPLINE_CURVE_WITH_KNOTS('',3,(#2256,#2257,#2258,#2259,#2260,#2261,
#2262,#2263,#2264,#2265,#2266,#2267,#2268,#2269,#2270,#2271),
 .UNSPECIFIED.,.F.,.F.,(4,2,2,2,2,2,2,4),(-1.3646038112157,-1.2346802334825,
-1.01632982995066,-0.850144217094736,-0.673324444321187,-0.546157090852631,
-0.44925795286068,-0.334320806233401),.UNSPECIFIED.);
#298=B_SPLINE_CURVE_WITH_KNOTS('',3,(#2272,#2273,#2274,#2275,#2276,#2277),
 .UNSPECIFIED.,.F.,.F.,(4,2,4),(-0.334320806233401,-0.254971677744884,-0.103652024889415),
 .UNSPECIFIED.);
#299=B_SPLINE_CURVE_WITH_KNOTS('',3,(#3347,#3348,#3349,#3350,#3351,#3352),
 .UNSPECIFIED.,.F.,.F.,(4,1,1,4),(0.0966571464769426,0.48144591016313,0.740722955081565,
1.),.UNSPECIFIED.);
#300=B_SPLINE_CURVE_WITH_KNOTS('',3,(#3356,#3357,#3358,#3359,#3360,#3361,
#3362,#3363,#3364,#3365,#3366,#3367,#3368,#3369,#3370,#3371,#3372,#3373,
#3374,#3375,#3376,#3377,#3378,#3379,#3380,#3381,#3382,#3383,#3384,#3385,
#3386),.UNSPECIFIED.,.F.,.F.,(4,3,3,3,3,3,3,3,3,3,4),(-1.10430012192732,
-1.09052197567404,-1.07674382942077,-1.06985475629413,-1.06296568316749,
-1.05607661004085,-1.05263207347754,-1.05090980519588,-1.05004867105505,
-1.04961810398463,-1.04918753691422),.UNSPECIFIED.);
#301=B_SPLINE_CURVE_WITH_KNOTS('',3,(#3388,#3389,#3390,#3391,#3392,#3393,
#3394,#3395,#3396,#3397,#3398,#3399,#3400,#3401,#3402,#3403,#3404,#3405,
#3406,#3407,#3408,#3409,#3410,#3411,#3412,#3413,#3414,#3415,#3416,#3417,
#3418,#3419,#3420,#3421,#3422,#3423,#3424,#3425,#3426,#3427,#3428,#3429,
#3430,#3431,#3432,#3433,#3434,#3435,#3436,#3437,#3438,#3439,#3440,#3441,
#3442,#3443,#3444,#3445,#3446,#3447,#3448,#3449,#3450,#3451,#3452,#3453,
#3454,#3455,#3456,#3457,#3458,#3459,#3460,#3461,#3462,#3463,#3464,#3465,
#3466,#3467,#3468,#3469,#3470,#3471,#3472,#3473,#3474,#3475,#3476,#3477,
#3478),.UNSPECIFIED.,.F.,.F.,(4,3,3,3,3,3,3,3,3,3,3,3,3,3,3,3,3,3,3,3,3,
3,3,3,3,3,3,3,3,3,4),(-1.04918753691422,-1.04354764071785,-1.04072769261967,
-1.03790774452149,-1.03226784832512,-1.02662795212875,-1.00406836734329,
-0.958949197772363,-0.947669405379631,-0.942029509183265,-0.939209561085083,
-0.9363896129869,-0.913830028201436,-0.868710858630509,-0.846151273845045,
-0.823591689059581,-0.801032104274118,-0.789752311881386,-0.778472519488654,
-0.767192727095922,-0.75591293470319,-0.744633142310459,-0.733353349917727,
-0.710793765132263,-0.705153868935897,-0.702333920837714,-0.699513972739531,
-0.693874076543165,-0.691054128444983,-0.688939167371345,-0.6882341803468),
 .UNSPECIFIED.);
#302=B_SPLINE_CURVE_WITH_KNOTS('',3,(#3480,#3481,#3482,#3483,#3484,#3485,
#3486,#3487,#3488,#3489,#3490,#3491,#3492,#3493,#3494,#3495,#3496,#3497,
#3498,#3499,#3500,#3501,#3502,#3503,#3504,#3505,#3506,#3507,#3508,#3509,
#3510),.UNSPECIFIED.,.F.,.F.,(4,3,3,3,3,3,3,3,3,3,4),(-0.6882341803468,
-0.670779381701999,-0.653324583057199,-0.635869784412399,-0.633687934581799,
-0.631506084751199,-0.627142385089999,-0.622778685428799,-0.620596835598199,
-0.619505910682899,-0.618414985767599),.UNSPECIFIED.);
#303=B_SPLINE_CURVE_WITH_KNOTS('',3,(#3512,#3513,#3514,#3515,#3516,#3517,
#3518,#3519,#3520,#3521,#3522,#3523,#3524,#3525,#3526,#3527,#3528,#3529,
#3530,#3531,#3532,#3533,#3534,#3535,#3536,#3537,#3538,#3539,#3540,#3541,
#3542,#3543,#3544,#3545,#3546,#3547,#3548,#3549,#3550,#3551,#3552,#3553,
#3554,#3555,#3556,#3557,#3558,#3559,#3560,#3561,#3562,#3563,#3564,#3565,
#3566,#3567,#3568,#3569,#3570,#3571,#3572,#3573,#3574,#3575,#3576,#3577,
#3578,#3579,#3580,#3581,#3582,#3583,#3584,#3585,#3586,#3587,#3588,#3589,
#3590,#3591,#3592,#3593,#3594,#3595,#3596,#3597,#3598,#3599,#3600,#3601,
#3602,#3603,#3604,#3605,#3606,#3607,#3608,#3609,#3610,#3611,#3612,#3613,
#3614,#3615,#3616,#3617,#3618,#3619,#3620,#3621,#3622,#3623,#3624,#3625,
#3626,#3627,#3628,#3629,#3630,#3631,#3632,#3633,#3634,#3635,#3636,#3637,
#3638,#3639,#3640,#3641,#3642,#3643,#3644),.UNSPECIFIED.,.F.,.F.,(4,3,3,
3,3,3,3,3,3,3,3,3,3,3,3,3,3,3,3,3,3,3,3,3,3,3,3,3,3,3,3,3,3,3,3,3,3,3,3,
3,3,3,3,3,4),(-0.618414985767599,-0.615349913555756,-0.612284841343913,
-0.609219769132071,-0.607687233026149,-0.606154696920228,-0.604622160814307,
-0.603855892761346,-0.603089624708385,-0.600024552496543,-0.593894408072857,
-0.587764263649172,-0.581634119225487,-0.575503974801801,-0.572438902589959,
-0.569373830378116,-0.544853252683375,-0.532592963836004,-0.520332674988633,
-0.495812097293892,-0.471291519599151,-0.45903123075178,-0.452901086328095,
-0.44677094190441,-0.422250364209668,-0.324168053430703,-0.299647475735962,
-0.27512689804122,-0.272061825829378,-0.268996753617535,-0.26286660919385,
-0.250606320346479,-0.244476175922794,-0.238346031499108,-0.235280959287266,
-0.232215887075423,-0.231832753048943,-0.231449619022462,-0.231066484995982,
-0.230683350969502,-0.229917082916541,-0.22915081486358,-0.227618278757659,
-0.226468876678218,-0.226085742651737),.UNSPECIFIED.);
#304=B_SPLINE_CURVE_WITH_KNOTS('',3,(#3646,#3647,#3648,#3649,#3650,#3651,
#3652,#3653,#3654,#3655,#3656,#3657,#3658,#3659,#3660,#3661,#3662,#3663,
#3664,#3665,#3666,#3667,#3668,#3669,#3670,#3671,#3672,#3673,#3674,#3675,
#3676,#3677,#3678,#3679,#3680,#3681,#3682),.UNSPECIFIED.,.F.,.F.,(4,3,3,
3,3,3,3,3,3,3,3,3,4),(-0.226085742651737,-0.208033466835147,-0.199007328926851,
-0.196750794449777,-0.194494259972703,-0.189981191018555,-0.18095505311026,
-0.171928915201964,-0.162902777293668,-0.15838970833952,-0.156133173862446,
-0.155004906623909,-0.153876639385372),.UNSPECIFIED.);
#305=B_SPLINE_CURVE_WITH_KNOTS('',3,(#3684,#3685,#3686,#3687,#3688,#3689,
#3690,#3691,#3692,#3693,#3694,#3695,#3696,#3697,#3698,#3699,#3700,#3701,
#3702,#3703,#3704,#3705,#3706,#3707,#3708,#3709,#3710,#3711,#3712,#3713,
#3714,#3715,#3716,#3717,#3718,#3719,#3720,#3721,#3722,#3723,#3724,#3725,
#3726,#3727,#3728,#3729,#3730,#3731,#3732,#3733,#3734,#3735,#3736,#3737,
#3738,#3739,#3740,#3741,#3742,#3743,#3744,#3745,#3746,#3747,#3748,#3749,
#3750,#3751,#3752,#3753,#3754,#3755,#3756,#3757,#3758,#3759,#3760,#3761,
#3762,#3763,#3764,#3765,#3766,#3767,#3768,#3769,#3770,#3771,#3772,#3773,
#3774,#3775,#3776,#3777,#3778,#3779,#3780,#3781,#3782,#3783,#3784,#3785,
#3786,#3787,#3788,#3789,#3790,#3791,#3792),.UNSPECIFIED.,.F.,.F.,(4,3,3,
3,3,3,3,3,3,3,3,3,3,3,3,3,3,3,3,3,3,3,3,3,3,3,3,3,3,3,3,3,3,3,3,3,4),(-0.153876639385372,
-0.152832830916655,-0.151789022447938,-0.149701405510503,-0.147613788573069,
-0.146569980104351,-0.146048075869993,-0.145526171635634,-0.144482363166917,
-0.143438554698199,-0.141350937760765,-0.137175703885895,-0.133000470011026,
-0.128825236136156,-0.124650002261287,-0.120474768386418,-0.118387151448983,
-0.116299534511548,-0.114211917574114,-0.112124300636679,-0.10794906676181,
-0.10377383288694,-0.101686215949505,-0.0995985990120707,-0.0954233651372014,
-0.091248131262332,-0.0891605143248973,-0.0870728973874626,-0.0536710263885075,
-0.0369700908890299,-0.0286196231392912,-0.0265320062018565,-0.0244443892644218,
-0.0223567723269871,-0.0213129638582697,-0.0205301075067317,-0.0202691553895524),
 .UNSPECIFIED.);
#306=B_SPLINE_CURVE_WITH_KNOTS('',3,(#3793,#3794,#3795,#3796,#3797,#3798,
#3799,#3800,#3801,#3802),.UNSPECIFIED.,.F.,.F.,(4,3,3,4),(-0.0202691553895524,
-0.0177356358307558,-0.0101350771543659,-9.9891917936315E-7),
 .UNSPECIFIED.);
#307=B_SPLINE_CURVE_WITH_KNOTS('',3,(#3939,#3940,#3941,#3942),
 .UNSPECIFIED.,.F.,.F.,(4,4),(0.,0.875131904633),.UNSPECIFIED.);
#308=CIRCLE('',#909,3.5);
#309=CIRCLE('',#910,3.5);
#310=CIRCLE('',#911,3.5);
#311=CIRCLE('',#912,3.5);
#312=CIRCLE('',#913,3.5);
#313=CIRCLE('',#914,3.5);
#314=CIRCLE('',#915,3.5);
#315=CIRCLE('',#916,3.5);
#316=CIRCLE('',#917,3.5);
#317=CIRCLE('',#920,2.49999999999999);
#318=CIRCLE('',#923,2.5);
#319=CIRCLE('',#925,2.);
#320=CIRCLE('',#926,1.99999999999999);
#321=CIRCLE('',#927,2.);
#322=CIRCLE('',#928,2.);
#323=CIRCLE('',#929,1.6);
#324=CIRCLE('',#930,1.6);
#325=CIRCLE('',#931,2.5);
#326=CIRCLE('',#932,2.5);
#327=CIRCLE('',#940,7.45);
#328=CIRCLE('',#941,0.51);
#329=CIRCLE('',#942,7.45);
#330=CIRCLE('',#944,7.45);
#331=CIRCLE('',#946,7.45);
#332=CIRCLE('',#947,7.45);
#333=CIRCLE('',#949,6.45000000000001);
#334=CIRCLE('',#951,6.45000000000001);
#335=CIRCLE('',#953,6.45000000000001);
#336=CIRCLE('',#954,6.45000000000001);
#337=CIRCLE('',#955,6.45000000000001);
#338=CIRCLE('',#956,6.45000000000001);
#339=CIRCLE('',#962,0.499999999999999);
#340=CIRCLE('',#965,0.499999999999998);
#341=CIRCLE('',#968,0.499999999999985);
#342=CIRCLE('',#971,0.499999999999998);
#343=CIRCLE('',#973,1.6);
#344=CIRCLE('',#975,1.6);
#345=CIRCLE('',#977,2.);
#346=CIRCLE('',#978,2.);
#347=CIRCLE('',#979,2.);
#348=CIRCLE('',#980,1.99999999999999);
#349=VERTEX_POINT('',#1220);
#350=VERTEX_POINT('',#1221);
#351=VERTEX_POINT('',#1223);
#352=VERTEX_POINT('',#1229);
#353=VERTEX_POINT('',#1316);
#354=VERTEX_POINT('',#1317);
#355=VERTEX_POINT('',#1319);
#356=VERTEX_POINT('',#1428);
#357=VERTEX_POINT('',#1429);
#358=VERTEX_POINT('',#1431);
#359=VERTEX_POINT('',#1550);
#360=VERTEX_POINT('',#1551);
#361=VERTEX_POINT('',#1558);
#362=VERTEX_POINT('',#1564);
#363=VERTEX_POINT('',#1566);
#364=VERTEX_POINT('',#1682);
#365=VERTEX_POINT('',#1683);
#366=VERTEX_POINT('',#1685);
#367=VERTEX_POINT('',#1706);
#368=VERTEX_POINT('',#1711);
#369=VERTEX_POINT('',#1801);
#370=VERTEX_POINT('',#1802);
#371=VERTEX_POINT('',#1804);
#372=VERTEX_POINT('',#1925);
#373=VERTEX_POINT('',#1926);
#374=VERTEX_POINT('',#1933);
#375=VERTEX_POINT('',#1939);
#376=VERTEX_POINT('',#1941);
#377=VERTEX_POINT('',#2057);
#378=VERTEX_POINT('',#2125);
#379=VERTEX_POINT('',#2129);
#380=VERTEX_POINT('',#2133);
#381=VERTEX_POINT('',#2137);
#382=VERTEX_POINT('',#2141);
#383=VERTEX_POINT('',#2142);
#384=VERTEX_POINT('',#2144);
#385=VERTEX_POINT('',#2146);
#386=VERTEX_POINT('',#2148);
#387=VERTEX_POINT('',#2150);
#388=VERTEX_POINT('',#2152);
#389=VERTEX_POINT('',#2154);
#390=VERTEX_POINT('',#2157);
#391=VERTEX_POINT('',#2159);
#392=VERTEX_POINT('',#2162);
#393=VERTEX_POINT('',#2164);
#394=VERTEX_POINT('',#2166);
#395=VERTEX_POINT('',#2168);
#396=VERTEX_POINT('',#2182);
#397=VERTEX_POINT('',#2184);
#398=VERTEX_POINT('',#2188);
#399=VERTEX_POINT('',#2192);
#400=VERTEX_POINT('',#2194);
#401=VERTEX_POINT('',#2198);
#402=VERTEX_POINT('',#2201);
#403=VERTEX_POINT('',#2202);
#404=VERTEX_POINT('',#2213);
#405=VERTEX_POINT('',#2215);
#406=VERTEX_POINT('',#2218);
#407=VERTEX_POINT('',#2222);
#408=VERTEX_POINT('',#2255);
#409=VERTEX_POINT('',#3346);
#410=VERTEX_POINT('',#3353);
#411=VERTEX_POINT('',#3355);
#412=VERTEX_POINT('',#3387);
#413=VERTEX_POINT('',#3479);
#414=VERTEX_POINT('',#3511);
#415=VERTEX_POINT('',#3645);
#416=VERTEX_POINT('',#3683);
#417=VERTEX_POINT('',#3944);
#418=VERTEX_POINT('',#3946);
#419=VERTEX_POINT('',#3950);
#420=VERTEX_POINT('',#3954);
#421=VERTEX_POINT('',#3958);
#422=VERTEX_POINT('',#3962);
#423=VERTEX_POINT('',#3966);
#424=VERTEX_POINT('',#3970);
#425=VERTEX_POINT('',#3976);
#426=VERTEX_POINT('',#3980);
#427=VERTEX_POINT('',#3984);
#428=VERTEX_POINT('',#3985);
#429=VERTEX_POINT('',#3987);
#430=VERTEX_POINT('',#3989);
#431=VERTEX_POINT('',#3991);
#432=VERTEX_POINT('',#3993);
#433=VERTEX_POINT('',#3995);
#434=VERTEX_POINT('',#3997);
#435=EDGE_CURVE('',#349,#350,#308,.T.);
#436=EDGE_CURVE('',#350,#351,#264,.T.);
#437=EDGE_CURVE('',#351,#352,#309,.T.);
#438=EDGE_CURVE('',#352,#349,#265,.T.);
#439=EDGE_CURVE('',#353,#354,#310,.T.);
#440=EDGE_CURVE('',#354,#355,#266,.T.);
#441=EDGE_CURVE('',#355,#350,#267,.T.);
#442=EDGE_CURVE('',#349,#353,#268,.T.);
#443=EDGE_CURVE('',#356,#357,#311,.T.);
#444=EDGE_CURVE('',#357,#358,#269,.T.);
#445=EDGE_CURVE('',#358,#354,#270,.T.);
#446=EDGE_CURVE('',#353,#356,#271,.T.);
#447=EDGE_CURVE('',#359,#360,#272,.T.);
#448=EDGE_CURVE('',#359,#361,#273,.T.);
#449=EDGE_CURVE('',#361,#362,#312,.T.);
#450=EDGE_CURVE('',#362,#363,#274,.T.);
#451=EDGE_CURVE('',#363,#357,#275,.T.);
#452=EDGE_CURVE('',#356,#360,#276,.T.);
#453=EDGE_CURVE('',#364,#365,#313,.T.);
#454=EDGE_CURVE('',#365,#366,#277,.T.);
#455=EDGE_CURVE('',#366,#367,#278,.T.);
#456=EDGE_CURVE('',#367,#368,#314,.T.);
#457=EDGE_CURVE('',#368,#364,#279,.T.);
#458=EDGE_CURVE('',#369,#370,#315,.T.);
#459=EDGE_CURVE('',#370,#371,#280,.T.);
#460=EDGE_CURVE('',#371,#365,#281,.T.);
#461=EDGE_CURVE('',#364,#369,#282,.T.);
#462=EDGE_CURVE('',#372,#373,#283,.T.);
#463=EDGE_CURVE('',#372,#374,#284,.T.);
#464=EDGE_CURVE('',#374,#375,#316,.T.);
#465=EDGE_CURVE('',#375,#376,#285,.T.);
#466=EDGE_CURVE('',#376,#370,#286,.T.);
#467=EDGE_CURVE('',#369,#373,#287,.T.);
#468=EDGE_CURVE('',#367,#377,#288,.T.);
#469=EDGE_CURVE('',#377,#362,#289,.T.);
#470=EDGE_CURVE('',#361,#368,#290,.T.);
#471=EDGE_CURVE('',#351,#375,#291,.T.);
#472=EDGE_CURVE('',#374,#352,#292,.T.);
#473=EDGE_CURVE('',#356,#378,#40,.T.);
#474=EDGE_CURVE('',#378,#360,#41,.T.);
#475=EDGE_CURVE('',#353,#379,#42,.T.);
#476=EDGE_CURVE('',#379,#378,#317,.T.);
#477=EDGE_CURVE('',#349,#380,#43,.T.);
#478=EDGE_CURVE('',#380,#379,#44,.T.);
#479=EDGE_CURVE('',#374,#381,#45,.T.);
#480=EDGE_CURVE('',#381,#380,#318,.T.);
#481=EDGE_CURVE('',#382,#383,#319,.T.);
#482=EDGE_CURVE('',#384,#383,#46,.T.);
#483=EDGE_CURVE('',#384,#385,#320,.T.);
#484=EDGE_CURVE('',#386,#385,#47,.T.);
#485=EDGE_CURVE('',#386,#387,#321,.T.);
#486=EDGE_CURVE('',#388,#387,#48,.T.);
#487=EDGE_CURVE('',#388,#389,#322,.T.);
#488=EDGE_CURVE('',#382,#389,#49,.T.);
#489=EDGE_CURVE('',#390,#390,#323,.T.);
#490=EDGE_CURVE('',#391,#391,#324,.T.);
#491=EDGE_CURVE('',#372,#381,#50,.T.);
#492=EDGE_CURVE('',#392,#373,#51,.T.);
#493=EDGE_CURVE('',#393,#392,#325,.T.);
#494=EDGE_CURVE('',#394,#393,#52,.T.);
#495=EDGE_CURVE('',#395,#394,#326,.T.);
#496=EDGE_CURVE('',#359,#395,#53,.T.);
#497=EDGE_CURVE('',#395,#361,#54,.T.);
#498=EDGE_CURVE('',#369,#392,#55,.T.);
#499=EDGE_CURVE('',#364,#393,#56,.T.);
#500=EDGE_CURVE('',#368,#394,#57,.T.);
#501=EDGE_CURVE('',#396,#396,#327,.T.);
#502=EDGE_CURVE('',#396,#397,#328,.T.);
#503=EDGE_CURVE('',#397,#397,#329,.T.);
#504=EDGE_CURVE('',#398,#398,#330,.T.);
#505=EDGE_CURVE('',#398,#396,#58,.T.);
#506=EDGE_CURVE('',#397,#399,#59,.T.);
#507=EDGE_CURVE('',#399,#400,#331,.T.);
#508=EDGE_CURVE('',#400,#399,#332,.T.);
#509=EDGE_CURVE('',#401,#401,#333,.T.);
#510=EDGE_CURVE('',#402,#403,#293,.T.);
#511=EDGE_CURVE('',#402,#403,#334,.T.);
#512=EDGE_CURVE('',#401,#404,#60,.T.);
#513=EDGE_CURVE('',#404,#405,#335,.T.);
#514=EDGE_CURVE('',#402,#405,#336,.T.);
#515=EDGE_CURVE('',#406,#403,#337,.T.);
#516=EDGE_CURVE('',#406,#404,#338,.T.);
#517=EDGE_CURVE('',#406,#407,#294,.T.);
#518=EDGE_CURVE('',#407,#405,#295,.T.);
#519=EDGE_CURVE('',#405,#402,#296,.T.);
#520=EDGE_CURVE('',#403,#408,#297,.T.);
#521=EDGE_CURVE('',#408,#406,#298,.T.);
#522=EDGE_CURVE('',#408,#409,#299,.T.);
#523=EDGE_CURVE('',#410,#409,#61,.T.);
#524=EDGE_CURVE('',#410,#411,#300,.T.);
#525=EDGE_CURVE('',#411,#412,#301,.T.);
#526=EDGE_CURVE('',#412,#413,#302,.T.);
#527=EDGE_CURVE('',#413,#414,#303,.T.);
#528=EDGE_CURVE('',#414,#415,#304,.T.);
#529=EDGE_CURVE('',#415,#416,#305,.T.);
#530=EDGE_CURVE('',#416,#409,#306,.T.);
#531=EDGE_CURVE('',#400,#351,#307,.T.);
#532=EDGE_CURVE('',#411,#417,#62,.T.);
#533=EDGE_CURVE('',#418,#417,#63,.T.);
#534=EDGE_CURVE('',#418,#412,#64,.T.);
#535=EDGE_CURVE('',#410,#419,#65,.T.);
#536=EDGE_CURVE('',#417,#419,#339,.T.);
#537=EDGE_CURVE('',#409,#420,#66,.T.);
#538=EDGE_CURVE('',#419,#420,#67,.T.);
#539=EDGE_CURVE('',#416,#421,#68,.T.);
#540=EDGE_CURVE('',#420,#421,#340,.T.);
#541=EDGE_CURVE('',#415,#422,#69,.T.);
#542=EDGE_CURVE('',#421,#422,#70,.T.);
#543=EDGE_CURVE('',#414,#423,#71,.T.);
#544=EDGE_CURVE('',#422,#423,#341,.T.);
#545=EDGE_CURVE('',#413,#424,#72,.T.);
#546=EDGE_CURVE('',#423,#424,#73,.T.);
#547=EDGE_CURVE('',#424,#418,#342,.T.);
#548=EDGE_CURVE('',#390,#425,#74,.T.);
#549=EDGE_CURVE('',#425,#425,#343,.T.);
#550=EDGE_CURVE('',#391,#426,#75,.T.);
#551=EDGE_CURVE('',#426,#426,#344,.T.);
#552=EDGE_CURVE('',#427,#428,#345,.T.);
#553=EDGE_CURVE('',#428,#429,#76,.T.);
#554=EDGE_CURVE('',#429,#430,#346,.T.);
#555=EDGE_CURVE('',#430,#431,#77,.T.);
#556=EDGE_CURVE('',#431,#432,#347,.T.);
#557=EDGE_CURVE('',#432,#433,#78,.T.);
#558=EDGE_CURVE('',#433,#434,#348,.T.);
#559=EDGE_CURVE('',#434,#427,#79,.T.);
#560=EDGE_CURVE('',#382,#428,#80,.T.);
#561=EDGE_CURVE('',#383,#427,#81,.T.);
#562=EDGE_CURVE('',#389,#429,#82,.T.);
#563=EDGE_CURVE('',#388,#430,#83,.T.);
#564=EDGE_CURVE('',#387,#431,#84,.T.);
#565=EDGE_CURVE('',#386,#432,#85,.T.);
#566=EDGE_CURVE('',#385,#433,#86,.T.);
#567=EDGE_CURVE('',#384,#434,#87,.T.);
#568=ORIENTED_EDGE('',*,*,#435,.T.);
#569=ORIENTED_EDGE('',*,*,#436,.T.);
#570=ORIENTED_EDGE('',*,*,#437,.T.);
#571=ORIENTED_EDGE('',*,*,#438,.T.);
#572=ORIENTED_EDGE('',*,*,#439,.T.);
#573=ORIENTED_EDGE('',*,*,#440,.T.);
#574=ORIENTED_EDGE('',*,*,#441,.T.);
#575=ORIENTED_EDGE('',*,*,#435,.F.);
#576=ORIENTED_EDGE('',*,*,#442,.T.);
#577=ORIENTED_EDGE('',*,*,#443,.T.);
#578=ORIENTED_EDGE('',*,*,#444,.T.);
#579=ORIENTED_EDGE('',*,*,#445,.T.);
#580=ORIENTED_EDGE('',*,*,#439,.F.);
#581=ORIENTED_EDGE('',*,*,#446,.T.);
#582=ORIENTED_EDGE('',*,*,#447,.F.);
#583=ORIENTED_EDGE('',*,*,#448,.T.);
#584=ORIENTED_EDGE('',*,*,#449,.T.);
#585=ORIENTED_EDGE('',*,*,#450,.T.);
#586=ORIENTED_EDGE('',*,*,#451,.T.);
#587=ORIENTED_EDGE('',*,*,#443,.F.);
#588=ORIENTED_EDGE('',*,*,#452,.T.);
#589=ORIENTED_EDGE('',*,*,#453,.T.);
#590=ORIENTED_EDGE('',*,*,#454,.T.);
#591=ORIENTED_EDGE('',*,*,#455,.T.);
#592=ORIENTED_EDGE('',*,*,#456,.T.);
#593=ORIENTED_EDGE('',*,*,#457,.T.);
#594=ORIENTED_EDGE('',*,*,#458,.T.);
#595=ORIENTED_EDGE('',*,*,#459,.T.);
#596=ORIENTED_EDGE('',*,*,#460,.T.);
#597=ORIENTED_EDGE('',*,*,#453,.F.);
#598=ORIENTED_EDGE('',*,*,#461,.T.);
#599=ORIENTED_EDGE('',*,*,#462,.F.);
#600=ORIENTED_EDGE('',*,*,#463,.T.);
#601=ORIENTED_EDGE('',*,*,#464,.T.);
#602=ORIENTED_EDGE('',*,*,#465,.T.);
#603=ORIENTED_EDGE('',*,*,#466,.T.);
#604=ORIENTED_EDGE('',*,*,#458,.F.);
#605=ORIENTED_EDGE('',*,*,#467,.T.);
#606=ORIENTED_EDGE('',*,*,#456,.F.);
#607=ORIENTED_EDGE('',*,*,#468,.T.);
#608=ORIENTED_EDGE('',*,*,#469,.T.);
#609=ORIENTED_EDGE('',*,*,#449,.F.);
#610=ORIENTED_EDGE('',*,*,#470,.T.);
#611=ORIENTED_EDGE('',*,*,#437,.F.);
#612=ORIENTED_EDGE('',*,*,#471,.T.);
#613=ORIENTED_EDGE('',*,*,#464,.F.);
#614=ORIENTED_EDGE('',*,*,#472,.T.);
#615=ORIENTED_EDGE('',*,*,#452,.F.);
#616=ORIENTED_EDGE('',*,*,#473,.T.);
#617=ORIENTED_EDGE('',*,*,#474,.T.);
#618=ORIENTED_EDGE('',*,*,#446,.F.);
#619=ORIENTED_EDGE('',*,*,#475,.T.);
#620=ORIENTED_EDGE('',*,*,#476,.T.);
#621=ORIENTED_EDGE('',*,*,#473,.F.);
#622=ORIENTED_EDGE('',*,*,#442,.F.);
#623=ORIENTED_EDGE('',*,*,#477,.T.);
#624=ORIENTED_EDGE('',*,*,#478,.T.);
#625=ORIENTED_EDGE('',*,*,#475,.F.);
#626=ORIENTED_EDGE('',*,*,#438,.F.);
#627=ORIENTED_EDGE('',*,*,#472,.F.);
#628=ORIENTED_EDGE('',*,*,#479,.T.);
#629=ORIENTED_EDGE('',*,*,#480,.T.);
#630=ORIENTED_EDGE('',*,*,#477,.F.);
#631=ORIENTED_EDGE('',*,*,#481,.T.);
#632=ORIENTED_EDGE('',*,*,#482,.F.);
#633=ORIENTED_EDGE('',*,*,#483,.T.);
#634=ORIENTED_EDGE('',*,*,#484,.F.);
#635=ORIENTED_EDGE('',*,*,#485,.T.);
#636=ORIENTED_EDGE('',*,*,#486,.F.);
#637=ORIENTED_EDGE('',*,*,#487,.T.);
#638=ORIENTED_EDGE('',*,*,#488,.F.);
#639=ORIENTED_EDGE('',*,*,#489,.T.);
#640=ORIENTED_EDGE('',*,*,#490,.T.);
#641=ORIENTED_EDGE('',*,*,#447,.T.);
#642=ORIENTED_EDGE('',*,*,#474,.F.);
#643=ORIENTED_EDGE('',*,*,#476,.F.);
#644=ORIENTED_EDGE('',*,*,#478,.F.);
#645=ORIENTED_EDGE('',*,*,#480,.F.);
#646=ORIENTED_EDGE('',*,*,#491,.F.);
#647=ORIENTED_EDGE('',*,*,#462,.T.);
#648=ORIENTED_EDGE('',*,*,#492,.F.);
#649=ORIENTED_EDGE('',*,*,#493,.F.);
#650=ORIENTED_EDGE('',*,*,#494,.F.);
#651=ORIENTED_EDGE('',*,*,#495,.F.);
#652=ORIENTED_EDGE('',*,*,#496,.F.);
#653=ORIENTED_EDGE('',*,*,#463,.F.);
#654=ORIENTED_EDGE('',*,*,#491,.T.);
#655=ORIENTED_EDGE('',*,*,#479,.F.);
#656=ORIENTED_EDGE('',*,*,#448,.F.);
#657=ORIENTED_EDGE('',*,*,#496,.T.);
#658=ORIENTED_EDGE('',*,*,#497,.T.);
#659=ORIENTED_EDGE('',*,*,#467,.F.);
#660=ORIENTED_EDGE('',*,*,#498,.T.);
#661=ORIENTED_EDGE('',*,*,#492,.T.);
#662=ORIENTED_EDGE('',*,*,#461,.F.);
#663=ORIENTED_EDGE('',*,*,#499,.T.);
#664=ORIENTED_EDGE('',*,*,#493,.T.);
#665=ORIENTED_EDGE('',*,*,#498,.F.);
#666=ORIENTED_EDGE('',*,*,#457,.F.);
#667=ORIENTED_EDGE('',*,*,#500,.T.);
#668=ORIENTED_EDGE('',*,*,#494,.T.);
#669=ORIENTED_EDGE('',*,*,#499,.F.);
#670=ORIENTED_EDGE('',*,*,#470,.F.);
#671=ORIENTED_EDGE('',*,*,#497,.F.);
#672=ORIENTED_EDGE('',*,*,#495,.T.);
#673=ORIENTED_EDGE('',*,*,#500,.F.);
#674=ORIENTED_EDGE('',*,*,#501,.F.);
#675=ORIENTED_EDGE('',*,*,#502,.T.);
#676=ORIENTED_EDGE('',*,*,#503,.F.);
#677=ORIENTED_EDGE('',*,*,#502,.F.);
#678=ORIENTED_EDGE('',*,*,#504,.F.);
#679=ORIENTED_EDGE('',*,*,#505,.T.);
#680=ORIENTED_EDGE('',*,*,#501,.T.);
#681=ORIENTED_EDGE('',*,*,#505,.F.);
#682=ORIENTED_EDGE('',*,*,#503,.T.);
#683=ORIENTED_EDGE('',*,*,#506,.T.);
#684=ORIENTED_EDGE('',*,*,#507,.T.);
#685=ORIENTED_EDGE('',*,*,#508,.T.);
#686=ORIENTED_EDGE('',*,*,#506,.F.);
#687=ORIENTED_EDGE('',*,*,#504,.T.);
#688=ORIENTED_EDGE('',*,*,#509,.T.);
#689=ORIENTED_EDGE('',*,*,#510,.T.);
#690=ORIENTED_EDGE('',*,*,#511,.F.);
#691=ORIENTED_EDGE('',*,*,#509,.F.);
#692=ORIENTED_EDGE('',*,*,#512,.T.);
#693=ORIENTED_EDGE('',*,*,#513,.T.);
#694=ORIENTED_EDGE('',*,*,#514,.F.);
#695=ORIENTED_EDGE('',*,*,#511,.T.);
#696=ORIENTED_EDGE('',*,*,#515,.F.);
#697=ORIENTED_EDGE('',*,*,#516,.T.);
#698=ORIENTED_EDGE('',*,*,#512,.F.);
#699=ORIENTED_EDGE('',*,*,#517,.T.);
#700=ORIENTED_EDGE('',*,*,#518,.T.);
#701=ORIENTED_EDGE('',*,*,#513,.F.);
#702=ORIENTED_EDGE('',*,*,#516,.F.);
#703=ORIENTED_EDGE('',*,*,#514,.T.);
#704=ORIENTED_EDGE('',*,*,#519,.T.);
#705=ORIENTED_EDGE('',*,*,#515,.T.);
#706=ORIENTED_EDGE('',*,*,#520,.T.);
#707=ORIENTED_EDGE('',*,*,#521,.T.);
#708=ORIENTED_EDGE('',*,*,#518,.F.);
#709=ORIENTED_EDGE('',*,*,#517,.F.);
#710=ORIENTED_EDGE('',*,*,#521,.F.);
#711=ORIENTED_EDGE('',*,*,#522,.T.);
#712=ORIENTED_EDGE('',*,*,#523,.F.);
#713=ORIENTED_EDGE('',*,*,#524,.T.);
#714=ORIENTED_EDGE('',*,*,#525,.T.);
#715=ORIENTED_EDGE('',*,*,#526,.T.);
#716=ORIENTED_EDGE('',*,*,#527,.T.);
#717=ORIENTED_EDGE('',*,*,#528,.T.);
#718=ORIENTED_EDGE('',*,*,#529,.T.);
#719=ORIENTED_EDGE('',*,*,#530,.T.);
#720=ORIENTED_EDGE('',*,*,#522,.F.);
#721=ORIENTED_EDGE('',*,*,#520,.F.);
#722=ORIENTED_EDGE('',*,*,#510,.F.);
#723=ORIENTED_EDGE('',*,*,#519,.F.);
#724=ORIENTED_EDGE('',*,*,#471,.F.);
#725=ORIENTED_EDGE('',*,*,#531,.F.);
#726=ORIENTED_EDGE('',*,*,#507,.F.);
#727=ORIENTED_EDGE('',*,*,#508,.F.);
#728=ORIENTED_EDGE('',*,*,#531,.T.);
#729=ORIENTED_EDGE('',*,*,#436,.F.);
#730=ORIENTED_EDGE('',*,*,#441,.F.);
#731=ORIENTED_EDGE('',*,*,#440,.F.);
#732=ORIENTED_EDGE('',*,*,#445,.F.);
#733=ORIENTED_EDGE('',*,*,#444,.F.);
#734=ORIENTED_EDGE('',*,*,#451,.F.);
#735=ORIENTED_EDGE('',*,*,#450,.F.);
#736=ORIENTED_EDGE('',*,*,#469,.F.);
#737=ORIENTED_EDGE('',*,*,#468,.F.);
#738=ORIENTED_EDGE('',*,*,#455,.F.);
#739=ORIENTED_EDGE('',*,*,#454,.F.);
#740=ORIENTED_EDGE('',*,*,#460,.F.);
#741=ORIENTED_EDGE('',*,*,#459,.F.);
#742=ORIENTED_EDGE('',*,*,#466,.F.);
#743=ORIENTED_EDGE('',*,*,#465,.F.);
#744=ORIENTED_EDGE('',*,*,#532,.T.);
#745=ORIENTED_EDGE('',*,*,#533,.F.);
#746=ORIENTED_EDGE('',*,*,#534,.T.);
#747=ORIENTED_EDGE('',*,*,#525,.F.);
#748=ORIENTED_EDGE('',*,*,#535,.T.);
#749=ORIENTED_EDGE('',*,*,#536,.F.);
#750=ORIENTED_EDGE('',*,*,#532,.F.);
#751=ORIENTED_EDGE('',*,*,#524,.F.);
#752=ORIENTED_EDGE('',*,*,#537,.T.);
#753=ORIENTED_EDGE('',*,*,#538,.F.);
#754=ORIENTED_EDGE('',*,*,#535,.F.);
#755=ORIENTED_EDGE('',*,*,#523,.T.);
#756=ORIENTED_EDGE('',*,*,#539,.T.);
#757=ORIENTED_EDGE('',*,*,#540,.F.);
#758=ORIENTED_EDGE('',*,*,#537,.F.);
#759=ORIENTED_EDGE('',*,*,#530,.F.);
#760=ORIENTED_EDGE('',*,*,#541,.T.);
#761=ORIENTED_EDGE('',*,*,#542,.F.);
#762=ORIENTED_EDGE('',*,*,#539,.F.);
#763=ORIENTED_EDGE('',*,*,#529,.F.);
#764=ORIENTED_EDGE('',*,*,#543,.T.);
#765=ORIENTED_EDGE('',*,*,#544,.F.);
#766=ORIENTED_EDGE('',*,*,#541,.F.);
#767=ORIENTED_EDGE('',*,*,#528,.F.);
#768=ORIENTED_EDGE('',*,*,#545,.T.);
#769=ORIENTED_EDGE('',*,*,#546,.F.);
#770=ORIENTED_EDGE('',*,*,#543,.F.);
#771=ORIENTED_EDGE('',*,*,#527,.F.);
#772=ORIENTED_EDGE('',*,*,#534,.F.);
#773=ORIENTED_EDGE('',*,*,#547,.F.);
#774=ORIENTED_EDGE('',*,*,#545,.F.);
#775=ORIENTED_EDGE('',*,*,#526,.F.);
#776=ORIENTED_EDGE('',*,*,#489,.F.);
#777=ORIENTED_EDGE('',*,*,#548,.T.);
#778=ORIENTED_EDGE('',*,*,#549,.F.);
#779=ORIENTED_EDGE('',*,*,#548,.F.);
#780=ORIENTED_EDGE('',*,*,#490,.F.);
#781=ORIENTED_EDGE('',*,*,#550,.T.);
#782=ORIENTED_EDGE('',*,*,#551,.F.);
#783=ORIENTED_EDGE('',*,*,#550,.F.);
#784=ORIENTED_EDGE('',*,*,#552,.T.);
#785=ORIENTED_EDGE('',*,*,#553,.T.);
#786=ORIENTED_EDGE('',*,*,#554,.T.);
#787=ORIENTED_EDGE('',*,*,#555,.T.);
#788=ORIENTED_EDGE('',*,*,#556,.T.);
#789=ORIENTED_EDGE('',*,*,#557,.T.);
#790=ORIENTED_EDGE('',*,*,#558,.T.);
#791=ORIENTED_EDGE('',*,*,#559,.T.);
#792=ORIENTED_EDGE('',*,*,#533,.T.);
#793=ORIENTED_EDGE('',*,*,#536,.T.);
#794=ORIENTED_EDGE('',*,*,#538,.T.);
#795=ORIENTED_EDGE('',*,*,#540,.T.);
#796=ORIENTED_EDGE('',*,*,#542,.T.);
#797=ORIENTED_EDGE('',*,*,#544,.T.);
#798=ORIENTED_EDGE('',*,*,#546,.T.);
#799=ORIENTED_EDGE('',*,*,#547,.T.);
#800=ORIENTED_EDGE('',*,*,#549,.T.);
#801=ORIENTED_EDGE('',*,*,#551,.T.);
#802=ORIENTED_EDGE('',*,*,#481,.F.);
#803=ORIENTED_EDGE('',*,*,#560,.T.);
#804=ORIENTED_EDGE('',*,*,#552,.F.);
#805=ORIENTED_EDGE('',*,*,#561,.F.);
#806=ORIENTED_EDGE('',*,*,#488,.T.);
#807=ORIENTED_EDGE('',*,*,#562,.T.);
#808=ORIENTED_EDGE('',*,*,#553,.F.);
#809=ORIENTED_EDGE('',*,*,#560,.F.);
#810=ORIENTED_EDGE('',*,*,#487,.F.);
#811=ORIENTED_EDGE('',*,*,#563,.T.);
#812=ORIENTED_EDGE('',*,*,#554,.F.);
#813=ORIENTED_EDGE('',*,*,#562,.F.);
#814=ORIENTED_EDGE('',*,*,#486,.T.);
#815=ORIENTED_EDGE('',*,*,#564,.T.);
#816=ORIENTED_EDGE('',*,*,#555,.F.);
#817=ORIENTED_EDGE('',*,*,#563,.F.);
#818=ORIENTED_EDGE('',*,*,#485,.F.);
#819=ORIENTED_EDGE('',*,*,#565,.T.);
#820=ORIENTED_EDGE('',*,*,#556,.F.);
#821=ORIENTED_EDGE('',*,*,#564,.F.);
#822=ORIENTED_EDGE('',*,*,#484,.T.);
#823=ORIENTED_EDGE('',*,*,#566,.T.);
#824=ORIENTED_EDGE('',*,*,#557,.F.);
#825=ORIENTED_EDGE('',*,*,#565,.F.);
#826=ORIENTED_EDGE('',*,*,#483,.F.);
#827=ORIENTED_EDGE('',*,*,#567,.T.);
#828=ORIENTED_EDGE('',*,*,#558,.F.);
#829=ORIENTED_EDGE('',*,*,#566,.F.);
#830=ORIENTED_EDGE('',*,*,#482,.T.);
#831=ORIENTED_EDGE('',*,*,#561,.T.);
#832=ORIENTED_EDGE('',*,*,#559,.F.);
#833=ORIENTED_EDGE('',*,*,#567,.F.);
#834=B_SPLINE_SURFACE_WITH_KNOTS('',3,3,((#1200,#1201,#1202,#1203,#1204),
(#1205,#1206,#1207,#1208,#1209),(#1210,#1211,#1212,#1213,#1214),(#1215,
#1216,#1217,#1218,#1219)),.UNSPECIFIED.,.F.,.F.,.F.,(4,4),(4,1,4),(0.,1.),
(0.,0.327098781239084,0.763230489557863),.UNSPECIFIED.);
#835=B_SPLINE_SURFACE_WITH_KNOTS('',3,3,((#1236,#1237,#1238,#1239,#1240,
#1241,#1242,#1243,#1244,#1245,#1246,#1247,#1248,#1249,#1250,#1251,#1252,
#1253,#1254,#1255),(#1256,#1257,#1258,#1259,#1260,#1261,#1262,#1263,#1264,
#1265,#1266,#1267,#1268,#1269,#1270,#1271,#1272,#1273,#1274,#1275),(#1276,
#1277,#1278,#1279,#1280,#1281,#1282,#1283,#1284,#1285,#1286,#1287,#1288,
#1289,#1290,#1291,#1292,#1293,#1294,#1295),(#1296,#1297,#1298,#1299,#1300,
#1301,#1302,#1303,#1304,#1305,#1306,#1307,#1308,#1309,#1310,#1311,#1312,
#1313,#1314,#1315)),.UNSPECIFIED.,.F.,.F.,.F.,(4,4),(4,2,1,1,1,1,1,1,1,
1,1,1,1,1,1,1,4),(0.,1.),(-0.944086671653364,-0.942851166456572,-0.936958346666219,
-0.931065526875865,-0.919279887295158,-0.895708608133744,-0.872137328972329,
-0.848566049810915,-0.801423491488086,-0.754280933165258,-0.659995816519601,
-0.565710699873943,-0.471425583228286,-0.377140466582629,-0.282855349936972,
-0.188570233291315,0.),.UNSPECIFIED.);
#836=B_SPLINE_SURFACE_WITH_KNOTS('',3,3,((#1364,#1365,#1366,#1367,#1368,
#1369,#1370,#1371,#1372,#1373,#1374,#1375,#1376,#1377,#1378,#1379),(#1380,
#1381,#1382,#1383,#1384,#1385,#1386,#1387,#1388,#1389,#1390,#1391,#1392,
#1393,#1394,#1395),(#1396,#1397,#1398,#1399,#1400,#1401,#1402,#1403,#1404,
#1405,#1406,#1407,#1408,#1409,#1410,#1411),(#1412,#1413,#1414,#1415,#1416,
#1417,#1418,#1419,#1420,#1421,#1422,#1423,#1424,#1425,#1426,#1427)),
 .UNSPECIFIED.,.F.,.F.,.F.,(4,4),(4,2,1,1,1,1,1,1,1,1,1,1,4),(0.,1.),(-0.763464031211988,
-0.760574864143797,-0.755821271242899,-0.751067678342,-0.741560492540203,
-0.722546120936608,-0.684517377729418,-0.646488634522228,-0.608459891315038,
-0.456344918486279,-0.304229945657519,-0.15211497282876,0.),
 .UNSPECIFIED.);
#837=B_SPLINE_SURFACE_WITH_KNOTS('',3,3,((#1466,#1467,#1468,#1469,#1470,
#1471,#1472,#1473,#1474,#1475,#1476,#1477,#1478,#1479,#1480,#1481,#1482,
#1483,#1484,#1485,#1486),(#1487,#1488,#1489,#1490,#1491,#1492,#1493,#1494,
#1495,#1496,#1497,#1498,#1499,#1500,#1501,#1502,#1503,#1504,#1505,#1506,
#1507),(#1508,#1509,#1510,#1511,#1512,#1513,#1514,#1515,#1516,#1517,#1518,
#1519,#1520,#1521,#1522,#1523,#1524,#1525,#1526,#1527,#1528),(#1529,#1530,
#1531,#1532,#1533,#1534,#1535,#1536,#1537,#1538,#1539,#1540,#1541,#1542,
#1543,#1544,#1545,#1546,#1547,#1548,#1549)),.UNSPECIFIED.,.F.,.F.,.F.,(4,
4),(4,2,1,1,1,1,1,1,1,1,1,1,1,1,1,1,1,4),(0.,1.),(-1.50077913679254,-1.49799318886983,
-1.49331196015461,-1.48863073143939,-1.47926827400896,-1.46054335914808,
-1.42309352942634,-1.38564369970459,-1.34819386998285,-1.19839455109586,
-1.04859523220888,-0.898795913321897,-0.748996594434914,-0.599197275547931,
-0.449397956660948,-0.299598637773966,-0.149799318886983,0.),
 .UNSPECIFIED.);
#838=B_SPLINE_SURFACE_WITH_KNOTS('',3,3,((#1602,#1603,#1604,#1605,#1606,
#1607,#1608,#1609,#1610,#1611,#1612,#1613,#1614,#1615,#1616,#1617,#1618,
#1619,#1620,#1621),(#1622,#1623,#1624,#1625,#1626,#1627,#1628,#1629,#1630,
#1631,#1632,#1633,#1634,#1635,#1636,#1637,#1638,#1639,#1640,#1641),(#1642,
#1643,#1644,#1645,#1646,#1647,#1648,#1649,#1650,#1651,#1652,#1653,#1654,
#1655,#1656,#1657,#1658,#1659,#1660,#1661),(#1662,#1663,#1664,#1665,#1666,
#1667,#1668,#1669,#1670,#1671,#1672,#1673,#1674,#1675,#1676,#1677,#1678,
#1679,#1680,#1681)),.UNSPECIFIED.,.F.,.F.,.F.,(4,4),(4,2,1,1,1,1,1,1,1,
1,1,1,1,1,1,1,4),(0.,1.),(-0.94408243611586,-0.942878387798623,-0.936985397874881,
-0.93109240795114,-0.919306428103657,-0.895734468408691,-0.872162508713726,
-0.84859054901876,-0.754302710238898,-0.660014871459036,-0.565727032679173,
-0.471439193899311,-0.377151355119449,-0.282863516339587,-0.235719596949656,
-0.188575677559724,0.),.UNSPECIFIED.);
#839=B_SPLINE_SURFACE_WITH_KNOTS('',3,3,((#1733,#1734,#1735,#1736,#1737,
#1738,#1739,#1740,#1741,#1742,#1743,#1744,#1745,#1746,#1747,#1748,#1749),
(#1750,#1751,#1752,#1753,#1754,#1755,#1756,#1757,#1758,#1759,#1760,#1761,
#1762,#1763,#1764,#1765,#1766),(#1767,#1768,#1769,#1770,#1771,#1772,#1773,
#1774,#1775,#1776,#1777,#1778,#1779,#1780,#1781,#1782,#1783),(#1784,#1785,
#1786,#1787,#1788,#1789,#1790,#1791,#1792,#1793,#1794,#1795,#1796,#1797,
#1798,#1799,#1800)),.UNSPECIFIED.,.F.,.F.,.F.,(4,4),(4,2,1,1,1,1,1,1,1,
1,1,1,1,4),(0.,1.),(-0.763461915985831,-0.760572748884397,-0.75581916920387,
-0.751065589523342,-0.741558430162287,-0.722544111440177,-0.684515473995958,
-0.646486836551738,-0.608458199107518,-0.532400924219078,-0.456343649330638,
-0.304229099553759,-0.152114549776879,0.),.UNSPECIFIED.);
#840=B_SPLINE_SURFACE_WITH_KNOTS('',3,3,((#1841,#1842,#1843,#1844,#1845,
#1846,#1847,#1848,#1849,#1850,#1851,#1852,#1853,#1854,#1855,#1856,#1857,
#1858,#1859,#1860,#1861),(#1862,#1863,#1864,#1865,#1866,#1867,#1868,#1869,
#1870,#1871,#1872,#1873,#1874,#1875,#1876,#1877,#1878,#1879,#1880,#1881,
#1882),(#1883,#1884,#1885,#1886,#1887,#1888,#1889,#1890,#1891,#1892,#1893,
#1894,#1895,#1896,#1897,#1898,#1899,#1900,#1901,#1902,#1903),(#1904,#1905,
#1906,#1907,#1908,#1909,#1910,#1911,#1912,#1913,#1914,#1915,#1916,#1917,
#1918,#1919,#1920,#1921,#1922,#1923,#1924)),.UNSPECIFIED.,.F.,.F.,.F.,(4,
4),(4,2,1,1,1,1,1,1,1,1,1,1,1,1,1,1,1,4),(0.,1.),(-1.50076830443793,-1.4979927932809,
-1.49331156580189,-1.48863033832289,-1.47926788336488,-1.46054297344887,
-1.42309315361685,-1.38564333378483,-1.34819351395281,-1.19839423462472,
-1.04859495529663,-0.898795675968538,-0.748996396640448,-0.599197117312359,
-0.449397837984269,-0.299598558656179,-0.14979927932809,0.),
 .UNSPECIFIED.);
#841=B_SPLINE_SURFACE_WITH_KNOTS('',3,3,((#1977,#1978,#1979,#1980,#1981,
#1982,#1983,#1984,#1985,#1986,#1987,#1988,#1989,#1990,#1991,#1992,#1993,
#1994,#1995,#1996),(#1997,#1998,#1999,#2000,#2001,#2002,#2003,#2004,#2005,
#2006,#2007,#2008,#2009,#2010,#2011,#2012,#2013,#2014,#2015,#2016),(#2017,
#2018,#2019,#2020,#2021,#2022,#2023,#2024,#2025,#2026,#2027,#2028,#2029,
#2030,#2031,#2032,#2033,#2034,#2035,#2036),(#2037,#2038,#2039,#2040,#2041,
#2042,#2043,#2044,#2045,#2046,#2047,#2048,#2049,#2050,#2051,#2052,#2053,
#2054,#2055,#2056)),.UNSPECIFIED.,.F.,.F.,.F.,(4,4),(4,2,1,1,1,1,1,1,1,
1,1,1,1,1,1,1,4),(0.,1.),(-0.762480653831288,-0.760423950793775,-0.755671301101314,
-0.750918651408853,-0.74141335202393,-0.722402753254086,-0.684381555714397,
-0.60833916063502,-0.532296765555642,-0.456254370476265,-0.380211975396887,
-0.30416958031751,-0.266148382777821,-0.228127185238132,-0.190105987698444,
-0.152084790158755,0.),.UNSPECIFIED.);
#842=B_SPLINE_SURFACE_WITH_KNOTS('',3,3,((#2100,#2101,#2102,#2103),(#2104,
#2105,#2106,#2107),(#2108,#2109,#2110,#2111),(#2112,#2113,#2114,#2115)),
 .UNSPECIFIED.,.F.,.F.,.F.,(4,4),(4,4),(0.,1.),(5.5300186162689E-13,0.00203767421724043),
 .UNSPECIFIED.);
#843=B_SPLINE_SURFACE_WITH_KNOTS('',3,3,((#2278,#2279,#2280,#2281,#2282,
#2283),(#2284,#2285,#2286,#2287,#2288,#2289),(#2290,#2291,#2292,#2293,#2294,
#2295),(#2296,#2297,#2298,#2299,#2300,#2301),(#2302,#2303,#2304,#2305,#2306,
#2307),(#2308,#2309,#2310,#2311,#2312,#2313),(#2314,#2315,#2316,#2317,#2318,
#2319),(#2320,#2321,#2322,#2323,#2324,#2325),(#2326,#2327,#2328,#2329,#2330,
#2331),(#2332,#2333,#2334,#2335,#2336,#2337),(#2338,#2339,#2340,#2341,#2342,
#2343),(#2344,#2345,#2346,#2347,#2348,#2349),(#2350,#2351,#2352,#2353,#2354,
#2355),(#2356,#2357,#2358,#2359,#2360,#2361),(#2362,#2363,#2364,#2365,#2366,
#2367),(#2368,#2369,#2370,#2371,#2372,#2373),(#2374,#2375,#2376,#2377,#2378,
#2379),(#2380,#2381,#2382,#2383,#2384,#2385),(#2386,#2387,#2388,#2389,#2390,
#2391),(#2392,#2393,#2394,#2395,#2396,#2397),(#2398,#2399,#2400,#2401,#2402,
#2403),(#2404,#2405,#2406,#2407,#2408,#2409),(#2410,#2411,#2412,#2413,#2414,
#2415),(#2416,#2417,#2418,#2419,#2420,#2421),(#2422,#2423,#2424,#2425,#2426,
#2427),(#2428,#2429,#2430,#2431,#2432,#2433),(#2434,#2435,#2436,#2437,#2438,
#2439),(#2440,#2441,#2442,#2443,#2444,#2445),(#2446,#2447,#2448,#2449,#2450,
#2451),(#2452,#2453,#2454,#2455,#2456,#2457),(#2458,#2459,#2460,#2461,#2462,
#2463),(#2464,#2465,#2466,#2467,#2468,#2469),(#2470,#2471,#2472,#2473,#2474,
#2475),(#2476,#2477,#2478,#2479,#2480,#2481),(#2482,#2483,#2484,#2485,#2486,
#2487),(#2488,#2489,#2490,#2491,#2492,#2493),(#2494,#2495,#2496,#2497,#2498,
#2499),(#2500,#2501,#2502,#2503,#2504,#2505),(#2506,#2507,#2508,#2509,#2510,
#2511),(#2512,#2513,#2514,#2515,#2516,#2517),(#2518,#2519,#2520,#2521,#2522,
#2523),(#2524,#2525,#2526,#2527,#2528,#2529),(#2530,#2531,#2532,#2533,#2534,
#2535),(#2536,#2537,#2538,#2539,#2540,#2541),(#2542,#2543,#2544,#2545,#2546,
#2547),(#2548,#2549,#2550,#2551,#2552,#2553),(#2554,#2555,#2556,#2557,#2558,
#2559),(#2560,#2561,#2562,#2563,#2564,#2565),(#2566,#2567,#2568,#2569,#2570,
#2571),(#2572,#2573,#2574,#2575,#2576,#2577),(#2578,#2579,#2580,#2581,#2582,
#2583),(#2584,#2585,#2586,#2587,#2588,#2589),(#2590,#2591,#2592,#2593,#2594,
#2595),(#2596,#2597,#2598,#2599,#2600,#2601),(#2602,#2603,#2604,#2605,#2606,
#2607),(#2608,#2609,#2610,#2611,#2612,#2613),(#2614,#2615,#2616,#2617,#2618,
#2619),(#2620,#2621,#2622,#2623,#2624,#2625),(#2626,#2627,#2628,#2629,#2630,
#2631),(#2632,#2633,#2634,#2635,#2636,#2637),(#2638,#2639,#2640,#2641,#2642,
#2643),(#2644,#2645,#2646,#2647,#2648,#2649),(#2650,#2651,#2652,#2653,#2654,
#2655),(#2656,#2657,#2658,#2659,#2660,#2661),(#2662,#2663,#2664,#2665,#2666,
#2667),(#2668,#2669,#2670,#2671,#2672,#2673),(#2674,#2675,#2676,#2677,#2678,
#2679),(#2680,#2681,#2682,#2683,#2684,#2685),(#2686,#2687,#2688,#2689,#2690,
#2691),(#2692,#2693,#2694,#2695,#2696,#2697),(#2698,#2699,#2700,#2701,#2702,
#2703),(#2704,#2705,#2706,#2707,#2708,#2709),(#2710,#2711,#2712,#2713,#2714,
#2715),(#2716,#2717,#2718,#2719,#2720,#2721),(#2722,#2723,#2724,#2725,#2726,
#2727),(#2728,#2729,#2730,#2731,#2732,#2733),(#2734,#2735,#2736,#2737,#2738,
#2739),(#2740,#2741,#2742,#2743,#2744,#2745),(#2746,#2747,#2748,#2749,#2750,
#2751),(#2752,#2753,#2754,#2755,#2756,#2757),(#2758,#2759,#2760,#2761,#2762,
#2763),(#2764,#2765,#2766,#2767,#2768,#2769),(#2770,#2771,#2772,#2773,#2774,
#2775),(#2776,#2777,#2778,#2779,#2780,#2781),(#2782,#2783,#2784,#2785,#2786,
#2787),(#2788,#2789,#2790,#2791,#2792,#2793),(#2794,#2795,#2796,#2797,#2798,
#2799),(#2800,#2801,#2802,#2803,#2804,#2805),(#2806,#2807,#2808,#2809,#2810,
#2811),(#2812,#2813,#2814,#2815,#2816,#2817),(#2818,#2819,#2820,#2821,#2822,
#2823),(#2824,#2825,#2826,#2827,#2828,#2829),(#2830,#2831,#2832,#2833,#2834,
#2835),(#2836,#2837,#2838,#2839,#2840,#2841),(#2842,#2843,#2844,#2845,#2846,
#2847),(#2848,#2849,#2850,#2851,#2852,#2853),(#2854,#2855,#2856,#2857,#2858,
#2859),(#2860,#2861,#2862,#2863,#2864,#2865),(#2866,#2867,#2868,#2869,#2870,
#2871),(#2872,#2873,#2874,#2875,#2876,#2877),(#2878,#2879,#2880,#2881,#2882,
#2883),(#2884,#2885,#2886,#2887,#2888,#2889),(#2890,#2891,#2892,#2893,#2894,
#2895),(#2896,#2897,#2898,#2899,#2900,#2901),(#2902,#2903,#2904,#2905,#2906,
#2907),(#2908,#2909,#2910,#2911,#2912,#2913),(#2914,#2915,#2916,#2917,#2918,
#2919),(#2920,#2921,#2922,#2923,#2924,#2925),(#2926,#2927,#2928,#2929,#2930,
#2931),(#2932,#2933,#2934,#2935,#2936,#2937),(#2938,#2939,#2940,#2941,#2942,
#2943),(#2944,#2945,#2946,#2947,#2948,#2949),(#2950,#2951,#2952,#2953,#2954,
#2955),(#2956,#2957,#2958,#2959,#2960,#2961),(#2962,#2963,#2964,#2965,#2966,
#2967),(#2968,#2969,#2970,#2971,#2972,#2973),(#2974,#2975,#2976,#2977,#2978,
#2979),(#2980,#2981,#2982,#2983,#2984,#2985),(#2986,#2987,#2988,#2989,#2990,
#2991),(#2992,#2993,#2994,#2995,#2996,#2997),(#2998,#2999,#3000,#3001,#3002,
#3003),(#3004,#3005,#3006,#3007,#3008,#3009),(#3010,#3011,#3012,#3013,#3014,
#3015),(#3016,#3017,#3018,#3019,#3020,#3021),(#3022,#3023,#3024,#3025,#3026,
#3027),(#3028,#3029,#3030,#3031,#3032,#3033),(#3034,#3035,#3036,#3037,#3038,
#3039),(#3040,#3041,#3042,#3043,#3044,#3045),(#3046,#3047,#3048,#3049,#3050,
#3051),(#3052,#3053,#3054,#3055,#3056,#3057),(#3058,#3059,#3060,#3061,#3062,
#3063),(#3064,#3065,#3066,#3067,#3068,#3069),(#3070,#3071,#3072,#3073,#3074,
#3075),(#3076,#3077,#3078,#3079,#3080,#3081),(#3082,#3083,#3084,#3085,#3086,
#3087),(#3088,#3089,#3090,#3091,#3092,#3093),(#3094,#3095,#3096,#3097,#3098,
#3099),(#3100,#3101,#3102,#3103,#3104,#3105),(#3106,#3107,#3108,#3109,#3110,
#3111),(#3112,#3113,#3114,#3115,#3116,#3117),(#3118,#3119,#3120,#3121,#3122,
#3123),(#3124,#3125,#3126,#3127,#3128,#3129),(#3130,#3131,#3132,#3133,#3134,
#3135),(#3136,#3137,#3138,#3139,#3140,#3141),(#3142,#3143,#3144,#3145,#3146,
#3147),(#3148,#3149,#3150,#3151,#3152,#3153),(#3154,#3155,#3156,#3157,#3158,
#3159),(#3160,#3161,#3162,#3163,#3164,#3165),(#3166,#3167,#3168,#3169,#3170,
#3171),(#3172,#3173,#3174,#3175,#3176,#3177),(#3178,#3179,#3180,#3181,#3182,
#3183),(#3184,#3185,#3186,#3187,#3188,#3189),(#3190,#3191,#3192,#3193,#3194,
#3195),(#3196,#3197,#3198,#3199,#3200,#3201),(#3202,#3203,#3204,#3205,#3206,
#3207),(#3208,#3209,#3210,#3211,#3212,#3213),(#3214,#3215,#3216,#3217,#3218,
#3219),(#3220,#3221,#3222,#3223,#3224,#3225),(#3226,#3227,#3228,#3229,#3230,
#3231),(#3232,#3233,#3234,#3235,#3236,#3237),(#3238,#3239,#3240,#3241,#3242,
#3243),(#3244,#3245,#3246,#3247,#3248,#3249),(#3250,#3251,#3252,#3253,#3254,
#3255),(#3256,#3257,#3258,#3259,#3260,#3261),(#3262,#3263,#3264,#3265,#3266,
#3267),(#3268,#3269,#3270,#3271,#3272,#3273),(#3274,#3275,#3276,#3277,#3278,
#3279),(#3280,#3281,#3282,#3283,#3284,#3285),(#3286,#3287,#3288,#3289,#3290,
#3291),(#3292,#3293,#3294,#3295,#3296,#3297),(#3298,#3299,#3300,#3301,#3302,
#3303),(#3304,#3305,#3306,#3307,#3308,#3309),(#3310,#3311,#3312,#3313,#3314,
#3315),(#3316,#3317,#3318,#3319,#3320,#3321),(#3322,#3323,#3324,#3325,#3326,
#3327),(#3328,#3329,#3330,#3331,#3332,#3333),(#3334,#3335,#3336,#3337,#3338,
#3339),(#3340,#3341,#3342,#3343,#3344,#3345)),.UNSPECIFIED.,.T.,.F.,.F.,
(4,1,1,2,1,1,1,1,1,1,1,1,1,1,1,1,1,1,1,1,1,1,1,1,1,1,1,1,1,1,1,1,1,1,1,
1,1,1,1,2,1,1,1,1,1,1,1,1,1,1,1,2,1,1,1,1,1,1,1,1,1,1,1,1,1,1,1,1,1,1,1,
1,1,1,1,1,1,1,1,1,1,1,1,1,1,1,1,1,1,1,1,1,1,1,1,1,1,2,1,1,1,1,1,1,1,1,1,
2,1,1,1,1,1,1,1,1,1,1,1,1,1,1,1,1,1,1,1,1,1,1,1,1,1,1,1,1,1,2,1,1,1,1,1,
1,1,1,2,1,1,1,1,1,1,1,1,1,1,1,1,1,1,1,1,1,1,1,1,1,4),(4,1,1,4),(0.,0.020205771291153,
0.0353600997595177,0.0404115425823059,0.0407277711847233,0.0416764569919754,
0.0429413714016448,0.0454712002209837,0.0480010290403226,0.0505308578596614,
0.0606501731370169,0.0808888036917279,0.12136606480115,0.123895893620489,
0.126425722439828,0.131485380078505,0.136545037717183,0.139074866536522,
0.141604695355861,0.146664352994539,0.151724010633216,0.154253839452555,
0.156783668271894,0.159313497091233,0.161843325910572,0.16690298354925,
0.171962641187927,0.177022298826605,0.182081956465283,0.187141614103961,
0.189671442923299,0.190936357332969,0.192201271742638,0.192833728947473,
0.193466186152308,0.194731100561977,0.197260929381316,0.199790758200655,
0.201055672610324,0.202320587019994,0.202952017372842,0.203583447725691,
0.204846308431388,0.207372029842782,0.21242347266557,0.217474915488359,
0.222526358311147,0.225052079722541,0.226314940428238,0.227577801133935,
0.232629243956723,0.2427321296023,0.242983367756985,0.243737082221041,0.244742034839782,
0.245244511149152,0.245746987458523,0.245998225613208,0.246249463767893,
0.246375082845236,0.246500701922578,0.246626320999921,0.246751940077264,
0.248761845314746,0.250771750552228,0.254791561027192,0.258811371502156,
0.266850992452084,0.270870802927048,0.27288070816453,0.274890613402012,
0.290969855301869,0.307049097201725,0.37136606480115,0.387445306701006,
0.39146511717597,0.395484927650934,0.403524548600863,0.419603790500719,
0.435683032400575,0.443722653350503,0.451762274300431,0.467841516200288,
0.46985142143777,0.471861326675252,0.475881137150216,0.47990094762518,0.483920758100144,
0.487940568575108,0.48995047381259,0.490452950121961,0.490955426431331,
0.491960379050072,0.492965331668813,0.493970284287554,0.495980189525036,
0.497990094762518,0.5,0.500631430352849,0.501262860705697,0.502525721411394,
0.505051442822788,0.507577164234182,0.508840024939879,0.510102885645576,
0.520205771291153,0.530308656936729,0.540411542582305,0.540727771184723,
0.541676456991975,0.542941371401644,0.545471200220983,0.546736114630652,
0.548001029040322,0.550530857859661,0.560650173137016,0.565709830775694,
0.570769488414372,0.57582914605305,0.580888803691727,0.585948461330405,
0.591008118969083,0.601127434246439,0.611246749523794,0.62136606480115,
0.641604695355861,0.651724010633216,0.652988925042886,0.654253839452555,
0.656783668271894,0.661843325910572,0.682081956465283,0.692201271742638,
0.694731100561977,0.697260929381316,0.698525843790986,0.699790758200655,
0.702320587019994,0.702636302196418,0.703583447725691,0.704846308431388,
0.707372029842782,0.71242347266557,0.717474915488358,0.722526358311147,
0.732629243956723,0.742732129602299,0.742983367756984,0.74373708222104,
0.744742034839781,0.746751940077263,0.750771750552227,0.752781655789709,
0.754791561027191,0.756801466264673,0.758811371502155,0.774890613402012,
0.790969855301868,0.799009476251796,0.807049097201724,0.823128339101581,
0.839207581001437,0.847247201951365,0.855286822901293,0.87136606480115,
0.887445306701006,0.903524548600862,0.919603790500718,1.),(0.0925303427854779,
0.48144591016313,0.740722955081565,1.),.UNSPECIFIED.);
#844=B_SPLINE_SURFACE_WITH_KNOTS('',3,3,((#3803,#3804,#3805,#3806),(#3807,
#3808,#3809,#3810),(#3811,#3812,#3813,#3814),(#3815,#3816,#3817,#3818),
(#3819,#3820,#3821,#3822),(#3823,#3824,#3825,#3826),(#3827,#3828,#3829,
#3830),(#3831,#3832,#3833,#3834),(#3835,#3836,#3837,#3838),(#3839,#3840,
#3841,#3842),(#3843,#3844,#3845,#3846),(#3847,#3848,#3849,#3850),(#3851,
#3852,#3853,#3854),(#3855,#3856,#3857,#3858),(#3859,#3860,#3861,#3862),
(#3863,#3864,#3865,#3866),(#3867,#3868,#3869,#3870),(#3871,#3872,#3873,
#3874),(#3875,#3876,#3877,#3878),(#3879,#3880,#3881,#3882),(#3883,#3884,
#3885,#3886),(#3887,#3888,#3889,#3890),(#3891,#3892,#3893,#3894),(#3895,
#3896,#3897,#3898),(#3899,#3900,#3901,#3902),(#3903,#3904,#3905,#3906),
(#3907,#3908,#3909,#3910),(#3911,#3912,#3913,#3914),(#3915,#3916,#3917,
#3918),(#3919,#3920,#3921,#3922),(#3923,#3924,#3925,#3926),(#3927,#3928,
#3929,#3930),(#3931,#3932,#3933,#3934),(#3935,#3936,#3937,#3938)),
 .UNSPECIFIED.,.T.,.F.,.F.,(4,1,1,1,2,1,2,1,1,2,1,1,1,2,1,2,1,1,2,1,2,1,
1,1,4),(4,4),(0.,0.0101028856455765,0.020205771291153,0.0353600997595177,
0.0404115425823059,0.12136606480115,0.202320587019994,0.21242347266557,
0.232629243956723,0.2427321296023,0.307049097201725,0.37136606480115,0.435683032400575,
0.5,0.520205771291153,0.540411542582305,0.580888803691727,0.661843325910572,
0.702320587019994,0.722526358311147,0.742732129602299,0.807049097201724,
0.87136606480115,0.935683032400575,1.),(0.,0.896209166118964),
 .UNSPECIFIED.);
#845=ADVANCED_FACE('',(#157),#834,.T.);
#846=ADVANCED_FACE('',(#158),#835,.T.);
#847=ADVANCED_FACE('',(#159),#836,.T.);
#848=ADVANCED_FACE('',(#160),#837,.T.);
#849=ADVANCED_FACE('',(#161),#838,.T.);
#850=ADVANCED_FACE('',(#162),#839,.T.);
#851=ADVANCED_FACE('',(#163),#840,.T.);
#852=ADVANCED_FACE('',(#164),#841,.T.);
#853=ADVANCED_FACE('',(#165),#842,.T.);
#854=ADVANCED_FACE('',(#166),#136,.T.);
#855=ADVANCED_FACE('',(#167),#36,.T.);
#856=ADVANCED_FACE('',(#168),#137,.T.);
#857=ADVANCED_FACE('',(#169),#37,.T.);
#858=ADVANCED_FACE('',(#170,#29,#30,#31),#138,.T.);
#859=ADVANCED_FACE('',(#171),#139,.T.);
#860=ADVANCED_FACE('',(#172),#140,.T.);
#861=ADVANCED_FACE('',(#173),#141,.T.);
#862=ADVANCED_FACE('',(#174),#38,.T.);
#863=ADVANCED_FACE('',(#175),#142,.T.);
#864=ADVANCED_FACE('',(#176),#39,.T.);
#865=ADVANCED_FACE('',(#177),#28,.T.);
#866=ADVANCED_FACE('',(#178),#15,.T.);
#867=ADVANCED_FACE('',(#179),#16,.T.);
#868=ADVANCED_FACE('',(#180,#32),#143,.T.);
#869=ADVANCED_FACE('',(#181),#144,.T.);
#870=ADVANCED_FACE('',(#182),#17,.F.);
#871=ADVANCED_FACE('',(#183),#145,.T.);
#872=ADVANCED_FACE('',(#184),#146,.F.);
#873=ADVANCED_FACE('',(#185),#147,.F.);
#874=ADVANCED_FACE('',(#186),#843,.T.);
#875=ADVANCED_FACE('',(#187),#844,.F.);
#876=ADVANCED_FACE('',(#188),#148,.F.);
#877=ADVANCED_FACE('',(#189),#18,.F.);
#878=ADVANCED_FACE('',(#190),#149,.F.);
#879=ADVANCED_FACE('',(#191),#19,.F.);
#880=ADVANCED_FACE('',(#192),#150,.F.);
#881=ADVANCED_FACE('',(#193),#20,.F.);
#882=ADVANCED_FACE('',(#194),#151,.F.);
#883=ADVANCED_FACE('',(#195),#21,.F.);
#884=ADVANCED_FACE('',(#196),#22,.F.);
#885=ADVANCED_FACE('',(#197),#23,.F.);
#886=ADVANCED_FACE('',(#198,#33,#34,#35),#152,.F.);
#887=ADVANCED_FACE('',(#199),#24,.T.);
#888=ADVANCED_FACE('',(#200),#153,.T.);
#889=ADVANCED_FACE('',(#201),#25,.T.);
#890=ADVANCED_FACE('',(#202),#154,.T.);
#891=ADVANCED_FACE('',(#203),#26,.T.);
#892=ADVANCED_FACE('',(#204),#155,.T.);
#893=ADVANCED_FACE('',(#205),#27,.T.);
#894=ADVANCED_FACE('',(#206),#156,.T.);
#895=CLOSED_SHELL('',(#845,#846,#847,#848,#849,#850,#851,#852,#853,#854,
#855,#856,#857,#858,#859,#860,#861,#862,#863,#864,#865,#866,#867,#868,#869,
#870,#871,#872,#873,#874,#875,#876,#877,#878,#879,#880,#881,#882,#883,#884,
#885,#886,#887,#888,#889,#890,#891,#892,#893,#894));
#896=DERIVED_UNIT_ELEMENT(#898,1.);
#897=DERIVED_UNIT_ELEMENT(#4021,-3.);
#898=(
MASS_UNIT()
NAMED_UNIT(*)
SI_UNIT(.KILO.,.GRAM.)
);
#899=DERIVED_UNIT((#896,#897));
#900=MEASURE_REPRESENTATION_ITEM('density measure',
POSITIVE_RATIO_MEASURE(7850.),#899);
#901=PROPERTY_DEFINITION_REPRESENTATION(#906,#903);
#902=PROPERTY_DEFINITION_REPRESENTATION(#907,#904);
#903=REPRESENTATION('material name',(#905),#4018);
#904=REPRESENTATION('density',(#900),#4018);
#905=DESCRIPTIVE_REPRESENTATION_ITEM('Steel','Steel');
#906=PROPERTY_DEFINITION('material property','material name',#4028);
#907=PROPERTY_DEFINITION('material property','density of part',#4028);
#908=AXIS2_PLACEMENT_3D('',#1199,#989,#990);
#909=AXIS2_PLACEMENT_3D('',#1222,#991,#992);
#910=AXIS2_PLACEMENT_3D('',#1230,#993,#994);
#911=AXIS2_PLACEMENT_3D('',#1318,#995,#996);
#912=AXIS2_PLACEMENT_3D('',#1430,#997,#998);
#913=AXIS2_PLACEMENT_3D('',#1565,#999,#1000);
#914=AXIS2_PLACEMENT_3D('',#1684,#1001,#1002);
#915=AXIS2_PLACEMENT_3D('',#1712,#1003,#1004);
#916=AXIS2_PLACEMENT_3D('',#1803,#1005,#1006);
#917=AXIS2_PLACEMENT_3D('',#1940,#1007,#1008);
#918=AXIS2_PLACEMENT_3D('',#2124,#1009,#1010);
#919=AXIS2_PLACEMENT_3D('',#2128,#1013,#1014);
#920=AXIS2_PLACEMENT_3D('',#2131,#1016,#1017);
#921=AXIS2_PLACEMENT_3D('',#2132,#1018,#1019);
#922=AXIS2_PLACEMENT_3D('',#2136,#1022,#1023);
#923=AXIS2_PLACEMENT_3D('',#2139,#1025,#1026);
#924=AXIS2_PLACEMENT_3D('',#2140,#1027,#1028);
#925=AXIS2_PLACEMENT_3D('',#2143,#1029,#1030);
#926=AXIS2_PLACEMENT_3D('',#2147,#1032,#1033);
#927=AXIS2_PLACEMENT_3D('',#2151,#1035,#1036);
#928=AXIS2_PLACEMENT_3D('',#2155,#1038,#1039);
#929=AXIS2_PLACEMENT_3D('',#2158,#1041,#1042);
#930=AXIS2_PLACEMENT_3D('',#2160,#1043,#1044);
#931=AXIS2_PLACEMENT_3D('',#2165,#1047,#1048);
#932=AXIS2_PLACEMENT_3D('',#2169,#1050,#1051);
#933=AXIS2_PLACEMENT_3D('',#2171,#1053,#1054);
#934=AXIS2_PLACEMENT_3D('',#2172,#1055,#1056);
#935=AXIS2_PLACEMENT_3D('',#2174,#1058,#1059);
#936=AXIS2_PLACEMENT_3D('',#2176,#1061,#1062);
#937=AXIS2_PLACEMENT_3D('',#2178,#1064,#1065);
#938=AXIS2_PLACEMENT_3D('',#2180,#1067,#1068);
#939=AXIS2_PLACEMENT_3D('',#2181,#1069,#1070);
#940=AXIS2_PLACEMENT_3D('',#2183,#1071,#1072);
#941=AXIS2_PLACEMENT_3D('',#2185,#1073,#1074);
#942=AXIS2_PLACEMENT_3D('',#2186,#1075,#1076);
#943=AXIS2_PLACEMENT_3D('',#2187,#1077,#1078);
#944=AXIS2_PLACEMENT_3D('',#2189,#1079,#1080);
#945=AXIS2_PLACEMENT_3D('',#2191,#1082,#1083);
#946=AXIS2_PLACEMENT_3D('',#2195,#1085,#1086);
#947=AXIS2_PLACEMENT_3D('',#2196,#1087,#1088);
#948=AXIS2_PLACEMENT_3D('',#2197,#1089,#1090);
#949=AXIS2_PLACEMENT_3D('',#2199,#1091,#1092);
#950=AXIS2_PLACEMENT_3D('',#2200,#1093,#1094);
#951=AXIS2_PLACEMENT_3D('',#2211,#1095,#1096);
#952=AXIS2_PLACEMENT_3D('',#2212,#1097,#1098);
#953=AXIS2_PLACEMENT_3D('',#2216,#1100,#1101);
#954=AXIS2_PLACEMENT_3D('',#2217,#1102,#1103);
#955=AXIS2_PLACEMENT_3D('',#2219,#1104,#1105);
#956=AXIS2_PLACEMENT_3D('',#2220,#1106,#1107);
#957=AXIS2_PLACEMENT_3D('',#2221,#1108,#1109);
#958=AXIS2_PLACEMENT_3D('',#2235,#1110,#1111);
#959=AXIS2_PLACEMENT_3D('',#2254,#1112,#1113);
#960=AXIS2_PLACEMENT_3D('',#3943,#1115,#1116);
#961=AXIS2_PLACEMENT_3D('',#3949,#1120,#1121);
#962=AXIS2_PLACEMENT_3D('',#3952,#1123,#1124);
#963=AXIS2_PLACEMENT_3D('',#3953,#1125,#1126);
#964=AXIS2_PLACEMENT_3D('',#3957,#1129,#1130);
#965=AXIS2_PLACEMENT_3D('',#3960,#1132,#1133);
#966=AXIS2_PLACEMENT_3D('',#3961,#1134,#1135);
#967=AXIS2_PLACEMENT_3D('',#3965,#1138,#1139);
#968=AXIS2_PLACEMENT_3D('',#3968,#1141,#1142);
#969=AXIS2_PLACEMENT_3D('',#3969,#1143,#1144);
#970=AXIS2_PLACEMENT_3D('',#3973,#1147,#1148);
#971=AXIS2_PLACEMENT_3D('',#3974,#1149,#1150);
#972=AXIS2_PLACEMENT_3D('',#3975,#1151,#1152);
#973=AXIS2_PLACEMENT_3D('',#3978,#1154,#1155);
#974=AXIS2_PLACEMENT_3D('',#3979,#1156,#1157);
#975=AXIS2_PLACEMENT_3D('',#3982,#1159,#1160);
#976=AXIS2_PLACEMENT_3D('',#3983,#1161,#1162);
#977=AXIS2_PLACEMENT_3D('',#3986,#1163,#1164);
#978=AXIS2_PLACEMENT_3D('',#3990,#1166,#1167);
#979=AXIS2_PLACEMENT_3D('',#3994,#1169,#1170);
#980=AXIS2_PLACEMENT_3D('',#3998,#1172,#1173);
#981=AXIS2_PLACEMENT_3D('',#4000,#1175,#1176);
#982=AXIS2_PLACEMENT_3D('',#4003,#1179,#1180);
#983=AXIS2_PLACEMENT_3D('',#4005,#1182,#1183);
#984=AXIS2_PLACEMENT_3D('',#4007,#1185,#1186);
#985=AXIS2_PLACEMENT_3D('',#4009,#1188,#1189);
#986=AXIS2_PLACEMENT_3D('',#4011,#1191,#1192);
#987=AXIS2_PLACEMENT_3D('',#4013,#1194,#1195);
#988=AXIS2_PLACEMENT_3D('',#4015,#1197,#1198);
#989=DIRECTION('axis',(0.,0.,1.));
#990=DIRECTION('refdir',(1.,0.,0.));
#991=DIRECTION('center_axis',(-0.95420355007763,0.0174607299531072,0.298648133978355));
#992=DIRECTION('ref_axis',(-0.222960873888965,-0.707106781186547,-0.671035355785871));
#993=DIRECTION('center_axis',(0.0205872534642332,-0.999191085381312,-0.0345447519793569));
#994=DIRECTION('ref_axis',(-0.976950267141598,-0.0274478783765187,0.211695038922946));
#995=DIRECTION('center_axis',(-0.943283232470348,-0.0171996338372107,0.331543233886861));
#996=DIRECTION('ref_axis',(-0.222960874224109,-0.707106781186545,-0.671035355674516));
#997=DIRECTION('center_axis',(-0.046477997047711,-0.998647655949143,-0.023294957774485));
#998=DIRECTION('ref_axis',(0.448074481450408,3.04518315325757E-14,-0.893996229898621));
#999=DIRECTION('center_axis',(0.0395173203504759,-0.999022569463107,0.0198062388062545));
#1000=DIRECTION('ref_axis',(0.448074481450403,3.08864045450719E-12,-0.893996229898623));
#1001=DIRECTION('center_axis',(0.954130023381237,0.0172003773881846,-0.298898052018116));
#1002=DIRECTION('ref_axis',(-0.222960874224108,0.707106781186547,-0.671035355674514));
#1003=DIRECTION('center_axis',(-0.943180512696559,0.0174945946055789,0.331819920482545));
#1004=DIRECTION('ref_axis',(-0.03231583862164,0.989049617573507,-0.144001876904019));
#1005=DIRECTION('center_axis',(0.0233011311372867,0.998646938603082,-0.046490314113965));
#1006=DIRECTION('ref_axis',(-0.893996229898618,2.60109394340751E-14,-0.448074481450413));
#1007=DIRECTION('center_axis',(-0.019608422719074,0.999042005578911,0.0391226385528535));
#1008=DIRECTION('ref_axis',(-0.893996229898625,-2.57191093818879E-12,-0.4480744814504));
#1009=DIRECTION('center_axis',(-0.448074481450402,1.5821768415652E-16,0.893996229898624));
#1010=DIRECTION('ref_axis',(0.893996229898624,0.,0.448074481450402));
#1011=DIRECTION('',(-0.893996229898623,0.,-0.448074481450405));
#1012=DIRECTION('',(1.22464673503233E-16,-1.,2.38357805218752E-16));
#1013=DIRECTION('center_axis',(-0.315314292206295,0.,-0.948987300826751));
#1014=DIRECTION('ref_axis',(1.11471148347447E-14,1.,-3.87818993055621E-15));
#1015=DIRECTION('',(-0.222960874224098,0.70710678118655,-0.671035355674515));
#1016=DIRECTION('center_axis',(0.315314292206298,2.64813392051479E-16,0.948987300826751));
#1017=DIRECTION('ref_axis',(1.11158025420141E-14,1.,-3.97242913536084E-15));
#1018=DIRECTION('center_axis',(0.22296087422411,0.707106781186545,0.671035355674516));
#1019=DIRECTION('ref_axis',(0.948987300826751,0.,-0.315314292206298));
#1020=DIRECTION('',(-0.22296087422411,0.70710678118655,-0.671035355674511));
#1021=DIRECTION('',(-0.94898730082675,-5.1148805815456E-16,0.315314292206298));
#1022=DIRECTION('center_axis',(-0.315314292206299,0.,-0.94898730082675));
#1023=DIRECTION('ref_axis',(0.94898730082675,-8.84072439969122E-15,-0.315314292206299));
#1024=DIRECTION('',(0.448074481450404,-6.28036983473508E-15,-0.893996229898623));
#1025=DIRECTION('center_axis',(0.315314292206298,2.64813392051479E-16,0.948987300826751));
#1026=DIRECTION('ref_axis',(0.94898730082675,-8.84072439969122E-15,-0.315314292206298));
#1027=DIRECTION('center_axis',(0.315314292206298,2.64813392051479E-16,0.948987300826751));
#1028=DIRECTION('ref_axis',(-0.948987300826751,-4.10597973100654E-17,0.315314292206298));
#1029=DIRECTION('center_axis',(0.315314292206298,2.64813392051479E-16,0.948987300826751));
#1030=DIRECTION('ref_axis',(-1.22464673503233E-16,1.,-2.38357805218752E-16));
#1031=DIRECTION('',(-1.22464673503233E-16,1.,-2.38357805218752E-16));
#1032=DIRECTION('center_axis',(0.315314292206298,2.64813392051479E-16,0.948987300826751));
#1033=DIRECTION('ref_axis',(-0.94898730082675,5.14051715002515E-16,0.315314292206298));
#1034=DIRECTION('',(-0.948987300826751,-2.12343861560447E-17,0.315314292206298));
#1035=DIRECTION('center_axis',(0.315314292206298,2.64813392051479E-16,0.948987300826751));
#1036=DIRECTION('ref_axis',(1.22464673503233E-16,-1.,2.38357805218752E-16));
#1037=DIRECTION('',(1.22464673503233E-16,-1.,2.38357805218752E-16));
#1038=DIRECTION('center_axis',(0.315314292206298,2.64813392051479E-16,0.948987300826751));
#1039=DIRECTION('ref_axis',(0.94898730082675,-2.17938625194025E-15,-0.315314292206298));
#1040=DIRECTION('',(0.948987300826751,4.10597973100654E-17,-0.315314292206298));
#1041=DIRECTION('center_axis',(-0.315314292206298,-2.64813392051479E-16,
-0.948987300826751));
#1042=DIRECTION('ref_axis',(-0.94898730082675,-4.10597973100654E-17,0.315314292206299));
#1043=DIRECTION('center_axis',(-0.315314292206298,-2.64813392051479E-16,
-0.948987300826751));
#1044=DIRECTION('ref_axis',(-0.94898730082675,-4.10597973100654E-17,0.315314292206299));
#1045=DIRECTION('',(4.39448687272626E-16,1.,-4.25061371725854E-16));
#1046=DIRECTION('',(4.39448687272626E-16,1.,-4.25061371725854E-16));
#1047=DIRECTION('center_axis',(0.315314292206298,2.64813392051479E-16,0.948987300826751));
#1048=DIRECTION('ref_axis',(1.22464673503233E-16,-1.,2.38357805218752E-16));
#1049=DIRECTION('',(0.948987300826751,7.46702188576804E-16,-0.315314292206298));
#1050=DIRECTION('center_axis',(0.315314292206298,2.64813392051479E-16,0.948987300826751));
#1051=DIRECTION('ref_axis',(-0.948987300826751,2.91953493502369E-15,0.315314292206298));
#1052=DIRECTION('',(1.22464673503233E-16,-1.,2.38357805218752E-16));
#1053=DIRECTION('center_axis',(0.893996229898625,-2.0240631593497E-16,0.4480744814504));
#1054=DIRECTION('ref_axis',(0.4480744814504,0.,-0.893996229898625));
#1055=DIRECTION('center_axis',(-0.448074481450402,1.5821768415652E-16,0.893996229898624));
#1056=DIRECTION('ref_axis',(0.893996229898624,0.,0.448074481450402));
#1057=DIRECTION('',(0.893996229898623,0.,0.448074481450405));
#1058=DIRECTION('center_axis',(0.893996229898625,-2.0240631593497E-16,0.4480744814504));
#1059=DIRECTION('ref_axis',(0.4480744814504,0.,-0.893996229898625));
#1060=DIRECTION('',(0.448074481450402,0.,-0.893996229898624));
#1061=DIRECTION('center_axis',(-0.315314292206297,0.,-0.948987300826751));
#1062=DIRECTION('ref_axis',(9.11523807726852E-17,-1.,1.44118600414111E-16));
#1063=DIRECTION('',(-0.222960874224111,-0.707106781186547,-0.671035355674513));
#1064=DIRECTION('center_axis',(0.22296087422411,-0.707106781186548,0.671035355674513));
#1065=DIRECTION('ref_axis',(0.94898730082675,0.,-0.315314292206299));
#1066=DIRECTION('',(-0.222960874224111,-0.707106781186548,-0.671035355674513));
#1067=DIRECTION('center_axis',(-0.315314292206297,0.,-0.948987300826751));
#1068=DIRECTION('ref_axis',(-0.94898730082675,2.9195349350237E-15,0.315314292206299));
#1069=DIRECTION('center_axis',(0.315314292206299,-1.80289758146273E-31,
0.94898730082675));
#1070=DIRECTION('ref_axis',(-0.94898730082675,0.,0.315314292206299));
#1071=DIRECTION('center_axis',(0.315314292206298,2.64813392051479E-16,0.94898730082675));
#1072=DIRECTION('ref_axis',(-0.94898730082675,-4.10597973100654E-17,0.315314292206298));
#1073=DIRECTION('center_axis',(5.68479374819369E-32,1.,1.71092690949939E-31));
#1074=DIRECTION('ref_axis',(0.94898730082675,0.,-0.315314292206299));
#1075=DIRECTION('center_axis',(-0.315314292206298,-2.64813392051479E-16,
-0.94898730082675));
#1076=DIRECTION('ref_axis',(-0.94898730082675,-4.10597973100654E-17,0.315314292206298));
#1077=DIRECTION('center_axis',(0.315314292206298,4.44089209850062E-16,0.94898730082675));
#1078=DIRECTION('ref_axis',(-0.94898730082675,-4.10597973100654E-17,0.315314292206298));
#1079=DIRECTION('center_axis',(0.315314292206298,2.64813392051479E-16,0.948987300826751));
#1080=DIRECTION('ref_axis',(-0.94898730082675,-4.10597973100652E-17,0.315314292206298));
#1081=DIRECTION('',(-0.315314292206298,-4.44089209850062E-16,-0.94898730082675));
#1082=DIRECTION('center_axis',(0.315314292206298,4.44089209850062E-16,0.94898730082675));
#1083=DIRECTION('ref_axis',(-0.94898730082675,-4.10597973100654E-17,0.315314292206298));
#1084=DIRECTION('',(-0.315314292206298,-4.44089209850062E-16,-0.94898730082675));
#1085=DIRECTION('center_axis',(0.315314292206298,2.64813392051479E-16,0.948987300826751));
#1086=DIRECTION('ref_axis',(-0.94898730082675,-4.10597973100653E-17,0.315314292206298));
#1087=DIRECTION('center_axis',(0.315314292206298,2.64813392051479E-16,0.948987300826751));
#1088=DIRECTION('ref_axis',(-0.94898730082675,-4.10597973100653E-17,0.315314292206298));
#1089=DIRECTION('center_axis',(0.315314292206298,2.64813392051479E-16,0.948987300826751));
#1090=DIRECTION('ref_axis',(0.948987300826751,-1.40366058970019E-31,-0.315314292206298));
#1091=DIRECTION('center_axis',(-0.315314292206298,-2.64813392051479E-16,
-0.948987300826751));
#1092=DIRECTION('ref_axis',(-0.94898730082675,-4.10597973100652E-17,0.315314292206299));
#1093=DIRECTION('center_axis',(0.315314292206298,2.64813392051479E-16,0.94898730082675));
#1094=DIRECTION('ref_axis',(-0.94898730082675,-4.10597973100653E-17,0.315314292206298));
#1095=DIRECTION('center_axis',(-0.315314292206298,-2.64813392051479E-16,
-0.94898730082675));
#1096=DIRECTION('ref_axis',(-0.94898730082675,-4.10597973100653E-17,0.315314292206298));
#1097=DIRECTION('center_axis',(-0.315314292206299,0.,-0.94898730082675));
#1098=DIRECTION('ref_axis',(-0.94898730082675,-4.10597973100653E-17,0.315314292206299));
#1099=DIRECTION('',(-0.315314292206299,0.,-0.94898730082675));
#1100=DIRECTION('center_axis',(-0.315314292206298,-2.64813392051479E-16,
-0.94898730082675));
#1101=DIRECTION('ref_axis',(-0.94898730082675,-4.10597973100653E-17,0.315314292206298));
#1102=DIRECTION('center_axis',(0.315314292206298,2.64813392051479E-16,0.948987300826751));
#1103=DIRECTION('ref_axis',(-0.94898730082675,-4.10597973100653E-17,0.315314292206299));
#1104=DIRECTION('center_axis',(0.315314292206298,2.64813392051479E-16,0.948987300826751));
#1105=DIRECTION('ref_axis',(-0.94898730082675,-4.10597973100653E-17,0.315314292206299));
#1106=DIRECTION('center_axis',(-0.315314292206298,-2.64813392051479E-16,
-0.94898730082675));
#1107=DIRECTION('ref_axis',(-0.94898730082675,-4.10597973100653E-17,0.315314292206298));
#1108=DIRECTION('center_axis',(0.315314292206298,2.64813392051479E-16,0.94898730082675));
#1109=DIRECTION('ref_axis',(-0.94898730082675,-4.10597973100653E-17,0.315314292206298));
#1110=DIRECTION('center_axis',(0.315314292206298,2.64813392051479E-16,0.948987300826751));
#1111=DIRECTION('ref_axis',(0.948987300826751,0.,-0.315314292206298));
#1112=DIRECTION('center_axis',(0.315314292206298,2.64813392051479E-16,0.948987300826751));
#1113=DIRECTION('ref_axis',(0.948987300826751,0.,-0.315314292206298));
#1114=DIRECTION('',(4.39448687272626E-16,1.,-4.25061371725854E-16));
#1115=DIRECTION('center_axis',(2.62180448967491E-16,-1.,-8.7113117977968E-17));
#1116=DIRECTION('ref_axis',(-0.948987300826751,-2.76273927732312E-16,0.315314292206298));
#1117=DIRECTION('',(-0.315314292206299,0.,-0.94898730082675));
#1118=DIRECTION('',(0.948987300826751,2.76273927732312E-16,-0.315314292206298));
#1119=DIRECTION('',(0.315314292206299,0.,0.94898730082675));
#1120=DIRECTION('center_axis',(-0.315314292206299,0.,-0.94898730082675));
#1121=DIRECTION('ref_axis',(3.89652262217723E-17,-1.,-1.29467409269573E-17));
#1122=DIRECTION('',(-0.315314292206299,0.,-0.94898730082675));
#1123=DIRECTION('center_axis',(0.315314292206298,2.64813392051479E-16,0.948987300826751));
#1124=DIRECTION('ref_axis',(3.89652262217723E-17,-1.,-1.29467409269573E-17));
#1125=DIRECTION('center_axis',(0.94898730082675,-5.51059149156684E-16,-0.315314292206299));
#1126=DIRECTION('ref_axis',(-5.32800470526177E-16,-1.,1.44104691337924E-16));
#1127=DIRECTION('',(-0.315314292206299,0.,-0.94898730082675));
#1128=DIRECTION('',(4.39448687272626E-16,1.,-4.25061371725854E-16));
#1129=DIRECTION('center_axis',(-0.315314292206299,0.,-0.94898730082675));
#1130=DIRECTION('ref_axis',(0.94898730082675,-2.66042927936938E-14,-0.315314292206299));
#1131=DIRECTION('',(-0.315314292206299,0.,-0.94898730082675));
#1132=DIRECTION('center_axis',(0.315314292206298,2.64813392051479E-16,0.948987300826751));
#1133=DIRECTION('ref_axis',(0.94898730082675,-2.66042927936938E-14,-0.315314292206299));
#1134=DIRECTION('center_axis',(-3.89652262217724E-17,1.,1.29467409269573E-17));
#1135=DIRECTION('ref_axis',(0.948987300826751,4.10597973100654E-17,-0.315314292206298));
#1136=DIRECTION('',(-0.315314292206299,0.,-0.94898730082675));
#1137=DIRECTION('',(-0.94898730082675,-4.10597973100654E-17,0.315314292206298));
#1138=DIRECTION('center_axis',(-0.315314292206299,0.,-0.94898730082675));
#1139=DIRECTION('ref_axis',(3.36758364203309E-14,1.,-1.11892672494995E-14));
#1140=DIRECTION('',(-0.315314292206299,0.,-0.94898730082675));
#1141=DIRECTION('center_axis',(0.315314292206298,2.64813392051479E-16,0.948987300826751));
#1142=DIRECTION('ref_axis',(3.36758364203309E-14,1.,-1.11892672494995E-14));
#1143=DIRECTION('center_axis',(-0.94898730082675,-6.33178743776815E-16,
0.315314292206299));
#1144=DIRECTION('ref_axis',(-6.84378034279093E-16,1.,-5.16542387116497E-17));
#1145=DIRECTION('',(-0.315314292206299,0.,-0.94898730082675));
#1146=DIRECTION('',(6.84378034279093E-16,-1.,5.16542387116496E-17));
#1147=DIRECTION('center_axis',(-0.315314292206299,0.,-0.94898730082675));
#1148=DIRECTION('ref_axis',(-0.94898730082675,8.84072439969122E-15,0.315314292206299));
#1149=DIRECTION('center_axis',(0.315314292206298,2.64813392051479E-16,0.948987300826751));
#1150=DIRECTION('ref_axis',(-0.94898730082675,8.84072439969122E-15,0.315314292206299));
#1151=DIRECTION('center_axis',(-0.315314292206299,0.,-0.94898730082675));
#1152=DIRECTION('ref_axis',(-0.94898730082675,-4.10597973100654E-17,0.315314292206299));
#1153=DIRECTION('',(-0.315314292206299,0.,-0.94898730082675));
#1154=DIRECTION('center_axis',(0.315314292206298,2.64813392051479E-16,0.948987300826751));
#1155=DIRECTION('ref_axis',(-0.94898730082675,-4.10597973100654E-17,0.315314292206299));
#1156=DIRECTION('center_axis',(-0.315314292206299,0.,-0.94898730082675));
#1157=DIRECTION('ref_axis',(-0.94898730082675,-4.10597973100654E-17,0.315314292206299));
#1158=DIRECTION('',(-0.315314292206299,0.,-0.94898730082675));
#1159=DIRECTION('center_axis',(0.315314292206298,2.64813392051479E-16,0.948987300826751));
#1160=DIRECTION('ref_axis',(-0.94898730082675,-4.10597973100654E-17,0.315314292206299));
#1161=DIRECTION('center_axis',(0.315314292206298,2.64813392051479E-16,0.948987300826751));
#1162=DIRECTION('ref_axis',(-0.948987300826751,-4.10597973100654E-17,0.315314292206298));
#1163=DIRECTION('center_axis',(-0.315314292206298,-2.64813392051479E-16,
-0.948987300826751));
#1164=DIRECTION('ref_axis',(-1.22464673503233E-16,1.,-2.38357805218752E-16));
#1165=DIRECTION('',(0.948987300826751,4.10597973100654E-17,-0.315314292206298));
#1166=DIRECTION('center_axis',(-0.315314292206298,-2.64813392051479E-16,
-0.948987300826751));
#1167=DIRECTION('ref_axis',(0.94898730082675,-2.17938625194025E-15,-0.315314292206298));
#1168=DIRECTION('',(1.22464673503233E-16,-1.,2.38357805218752E-16));
#1169=DIRECTION('center_axis',(-0.315314292206298,-2.64813392051479E-16,
-0.948987300826751));
#1170=DIRECTION('ref_axis',(1.22464673503233E-16,-1.,2.38357805218752E-16));
#1171=DIRECTION('',(-0.948987300826751,-2.12343861560447E-17,0.315314292206298));
#1172=DIRECTION('center_axis',(-0.315314292206298,-2.64813392051479E-16,
-0.948987300826751));
#1173=DIRECTION('ref_axis',(-0.94898730082675,5.14051715002515E-16,0.315314292206298));
#1174=DIRECTION('',(-1.22464673503233E-16,1.,-2.38357805218752E-16));
#1175=DIRECTION('center_axis',(-0.315314292206299,0.,-0.94898730082675));
#1176=DIRECTION('ref_axis',(-3.89652262217723E-17,1.,1.29467409269573E-17));
#1177=DIRECTION('',(-0.315314292206299,0.,-0.94898730082675));
#1178=DIRECTION('',(-0.315314292206299,0.,-0.94898730082675));
#1179=DIRECTION('center_axis',(-3.89652262217724E-17,1.,1.29467409269573E-17));
#1180=DIRECTION('ref_axis',(0.948987300826751,4.10597973100654E-17,-0.315314292206298));
#1181=DIRECTION('',(-0.315314292206299,0.,-0.94898730082675));
#1182=DIRECTION('center_axis',(-0.315314292206299,0.,-0.94898730082675));
#1183=DIRECTION('ref_axis',(0.94898730082675,-2.17938625194025E-15,-0.315314292206299));
#1184=DIRECTION('',(-0.315314292206299,0.,-0.94898730082675));
#1185=DIRECTION('center_axis',(0.94898730082675,4.10597973100652E-17,-0.315314292206299));
#1186=DIRECTION('ref_axis',(1.22464673503233E-16,-1.,2.38357805218752E-16));
#1187=DIRECTION('',(-0.315314292206299,0.,-0.94898730082675));
#1188=DIRECTION('center_axis',(-0.315314292206299,0.,-0.94898730082675));
#1189=DIRECTION('ref_axis',(3.89652262217723E-17,-1.,-1.29467409269573E-17));
#1190=DIRECTION('',(-0.315314292206299,0.,-0.94898730082675));
#1191=DIRECTION('center_axis',(2.01511628029378E-17,-1.,-6.69550544122847E-18));
#1192=DIRECTION('ref_axis',(-0.948987300826751,-2.12343861560447E-17,0.315314292206298));
#1193=DIRECTION('',(-0.315314292206299,0.,-0.94898730082675));
#1194=DIRECTION('center_axis',(-0.315314292206299,0.,-0.94898730082675));
#1195=DIRECTION('ref_axis',(-0.94898730082675,5.14051715002515E-16,0.315314292206299));
#1196=DIRECTION('',(-0.315314292206299,0.,-0.94898730082675));
#1197=DIRECTION('center_axis',(-0.94898730082675,-4.10597973100652E-17,
0.315314292206299));
#1198=DIRECTION('ref_axis',(-1.22464673503233E-16,1.,-2.38357805218752E-16));
#1199=CARTESIAN_POINT('',(0.,0.,0.));
#1200=CARTESIAN_POINT('Ctrl Pts',(-34.6229811913942,22.7800072593049,30.9376070190354));
#1201=CARTESIAN_POINT('Ctrl Pts',(-34.6511849400421,23.1212542541207,30.8516949737724));
#1202=CARTESIAN_POINT('Ctrl Pts',(-34.9417985570371,23.9093138302209,30.8224013538766));
#1203=CARTESIAN_POINT('Ctrl Pts',(-35.6649496970072,24.2800433629905,31.0948106811788));
#1204=CARTESIAN_POINT('Ctrl Pts',(-36.0687739136617,24.2756673378028,31.3075797751905));
#1205=CARTESIAN_POINT('Ctrl Pts',(-34.7911333246328,22.803266981635,30.1646184677172));
#1206=CARTESIAN_POINT('Ctrl Pts',(-34.7885610113881,23.1568963362118,30.1135475087293));
#1207=CARTESIAN_POINT('Ctrl Pts',(-35.0585805034553,24.0046810902677,30.1408358291334));
#1208=CARTESIAN_POINT('Ctrl Pts',(-35.848466635961,24.4015803909258,30.418465332227));
#1209=CARTESIAN_POINT('Ctrl Pts',(-36.2869341192307,24.384770008792,30.6041625062726));
#1210=CARTESIAN_POINT('Ctrl Pts',(-34.6868664848157,22.8340838282755,29.3353940865232));
#1211=CARTESIAN_POINT('Ctrl Pts',(-34.682222035904,23.2592001526626,29.3345790466129));
#1212=CARTESIAN_POINT('Ctrl Pts',(-35.007134900787,24.2614178782569,29.4468255300808));
#1213=CARTESIAN_POINT('Ctrl Pts',(-35.9488454943162,24.740320788681,29.757833178729));
#1214=CARTESIAN_POINT('Ctrl Pts',(-36.4897211914239,24.7361825742612,29.9356967057297));
#1215=CARTESIAN_POINT('Ctrl Pts',(-34.3326219190407,22.8658251203092,28.6284070052667));
#1216=CARTESIAN_POINT('Ctrl Pts',(-34.3529128615235,23.4067247162924,28.6653558174539));
#1217=CARTESIAN_POINT('Ctrl Pts',(-34.7947937788966,24.6351891112208,28.8571782867195));
#1218=CARTESIAN_POINT('Ctrl Pts',(-35.9502440335511,25.2370852327649,29.2286192602588));
#1219=CARTESIAN_POINT('Ctrl Pts',(-36.6382204045867,25.262469159581,29.4304605865484));
#1220=CARTESIAN_POINT('',(-36.638220404203,25.262469159581,29.4304605864209));
#1221=CARTESIAN_POINT('',(-36.0687739136617,24.2756673378028,31.3075797751905));
#1222=CARTESIAN_POINT('Origin',(-35.8578573455916,27.7373428937339,31.7790843316715));
#1223=CARTESIAN_POINT('',(-34.6229811913942,22.7800072593049,30.9376070190354));
#1224=CARTESIAN_POINT('Ctrl Pts',(-36.0687739136617,24.2756673378028,31.3075797751905));
#1225=CARTESIAN_POINT('Ctrl Pts',(-35.6649496970072,24.2800433629905,31.0948106811788));
#1226=CARTESIAN_POINT('Ctrl Pts',(-34.9417985570371,23.9093138302209,30.8224013538766));
#1227=CARTESIAN_POINT('Ctrl Pts',(-34.6511849400421,23.1212542541207,30.8516949737724));
#1228=CARTESIAN_POINT('Ctrl Pts',(-34.6229811913942,22.7800072593049,30.9376070190354));
#1229=CARTESIAN_POINT('',(-34.3326219190407,22.8658251203092,28.6284070052667));
#1230=CARTESIAN_POINT('Origin',(-31.2036552563986,22.8760748336227,30.1966743828051));
#1231=CARTESIAN_POINT('Ctrl Pts',(-34.3326219190407,22.8658251203092,28.6284070052667));
#1232=CARTESIAN_POINT('Ctrl Pts',(-34.3529128615235,23.4067247162924,28.6653558174539));
#1233=CARTESIAN_POINT('Ctrl Pts',(-34.7947937788966,24.6351891112208,28.8571782867195));
#1234=CARTESIAN_POINT('Ctrl Pts',(-35.9502440335511,25.2370852327649,29.2286192602588));
#1235=CARTESIAN_POINT('Ctrl Pts',(-36.6382204045867,25.262469159581,29.4304605865484));
#1236=CARTESIAN_POINT('Ctrl Pts',(-36.0687739136617,24.2756673378028,31.3075797751905));
#1237=CARTESIAN_POINT('Ctrl Pts',(-36.0699178958777,24.2756549410845,31.3081825227478));
#1238=CARTESIAN_POINT('Ctrl Pts',(-36.0710308228183,24.2756398479956,31.3087804069792));
#1239=CARTESIAN_POINT('Ctrl Pts',(-36.0778674849407,24.2755462036139,31.3123906114031));
#1240=CARTESIAN_POINT('Ctrl Pts',(-36.1215819753267,24.2758813748617,31.3286348963187));
#1241=CARTESIAN_POINT('Ctrl Pts',(-36.1907332109712,24.2762741638564,31.3552909026287));
#1242=CARTESIAN_POINT('Ctrl Pts',(-36.3210933355216,24.2770995342509,31.4048147330949));
#1243=CARTESIAN_POINT('Ctrl Pts',(-36.5016923209886,24.2781811690755,31.4735110434083));
#1244=CARTESIAN_POINT('Ctrl Pts',(-36.7217074244386,24.2795003111361,31.5565334798153));
#1245=CARTESIAN_POINT('Ctrl Pts',(-37.0133022179904,24.2811823804712,31.6660171491998));
#1246=CARTESIAN_POINT('Ctrl Pts',(-37.3790597888898,24.283186792406,31.8019631625747));
#1247=CARTESIAN_POINT('Ctrl Pts',(-37.9636688453943,24.2860402141186,32.0161793873581));
#1248=CARTESIAN_POINT('Ctrl Pts',(-38.6966022207993,24.2888192540174,32.2782616746714));
#1249=CARTESIAN_POINT('Ctrl Pts',(-39.5778024144106,24.2904221577044,32.5817786505702));
#1250=CARTESIAN_POINT('Ctrl Pts',(-40.462558268017,24.2900938595488,32.8742705280719));
#1251=CARTESIAN_POINT('Ctrl Pts',(-41.3510615245121,24.2878678676574,33.1558902039664));
#1252=CARTESIAN_POINT('Ctrl Pts',(-42.2441674034491,24.2840488937274,33.4277299282969));
#1253=CARTESIAN_POINT('Ctrl Pts',(-43.4400297106028,24.2774438551229,33.7787469424734));
#1254=CARTESIAN_POINT('Ctrl Pts',(-44.3450653506085,24.2717128998325,34.0328045545213));
#1255=CARTESIAN_POINT('Ctrl Pts',(-44.9491326313948,24.2681939412392,34.2000681735877));
#1256=CARTESIAN_POINT('Ctrl Pts',(-36.2869341195119,24.3847700087962,30.6041625063677));
#1257=CARTESIAN_POINT('Ctrl Pts',(-36.2888825936961,24.3847330278369,30.604927522926));
#1258=CARTESIAN_POINT('Ctrl Pts',(-36.2908084186419,24.3846918010608,30.6056904707026));
#1259=CARTESIAN_POINT('Ctrl Pts',(-36.3022132343892,24.3844357721261,30.6102150157204));
#1260=CARTESIAN_POINT('Ctrl Pts',(-36.3441957814263,24.3843559588437,30.6250266472341));
#1261=CARTESIAN_POINT('Ctrl Pts',(-36.4151161735303,24.3840060931017,30.6504968997321));
#1262=CARTESIAN_POINT('Ctrl Pts',(-36.5458886728264,24.3835015535183,30.6971406324677));
#1263=CARTESIAN_POINT('Ctrl Pts',(-36.7286697597638,24.38274759396,30.7623680246732));
#1264=CARTESIAN_POINT('Ctrl Pts',(-36.9503262296635,24.3819183547404,30.8411537849332));
#1265=CARTESIAN_POINT('Ctrl Pts',(-37.244567337719,24.380851269326,30.9454671200722));
#1266=CARTESIAN_POINT('Ctrl Pts',(-37.6131806197641,24.3796522245166,31.0754683439639));
#1267=CARTESIAN_POINT('Ctrl Pts',(-38.2023269785407,24.3779806902936,31.2816942792716));
#1268=CARTESIAN_POINT('Ctrl Pts',(-38.9399051058218,24.3764542698232,31.5365691425263));
#1269=CARTESIAN_POINT('Ctrl Pts',(-39.8255135930577,24.3755264071445,31.8365412593348));
#1270=CARTESIAN_POINT('Ctrl Pts',(-40.7129723228252,24.3755639083866,32.1306707286959));
#1271=CARTESIAN_POINT('Ctrl Pts',(-41.6024478895304,24.376570335177,32.4190651470943));
#1272=CARTESIAN_POINT('Ctrl Pts',(-42.4946001560755,24.378498643613,32.7024262332864));
#1273=CARTESIAN_POINT('Ctrl Pts',(-43.6869927168712,24.3822687486777,33.0744993403624));
#1274=CARTESIAN_POINT('Ctrl Pts',(-44.5863859755728,24.3860276045739,33.3493107452698));
#1275=CARTESIAN_POINT('Ctrl Pts',(-45.1862401453144,24.388927991757,33.531730116693));
#1276=CARTESIAN_POINT('Ctrl Pts',(-36.489721191986,24.736182574265,29.935696705919));
#1277=CARTESIAN_POINT('Ctrl Pts',(-36.4926647112483,24.7361804401259,29.9366759579522));
#1278=CARTESIAN_POINT('Ctrl Pts',(-36.4955961165299,24.7361729581615,29.9376568061148));
#1279=CARTESIAN_POINT('Ctrl Pts',(-36.5126516019154,24.7361020807617,29.9433924162244));
#1280=CARTESIAN_POINT('Ctrl Pts',(-36.5524317931522,24.736153328579,29.9565461245858));
#1281=CARTESIAN_POINT('Ctrl Pts',(-36.625456414285,24.7361590683865,29.9807838487476));
#1282=CARTESIAN_POINT('Ctrl Pts',(-36.7565788834215,24.7362145422085,30.0242594407162));
#1283=CARTESIAN_POINT('Ctrl Pts',(-36.9418541102338,24.7362557904058,30.0857324955684));
#1284=CARTESIAN_POINT('Ctrl Pts',(-37.165310066458,24.7363064335469,30.1598736134777));
#1285=CARTESIAN_POINT('Ctrl Pts',(-37.4625486496869,24.7363455172217,30.2585263192899));
#1286=CARTESIAN_POINT('Ctrl Pts',(-37.8344002483437,24.7363771229894,30.3819776772057));
#1287=CARTESIAN_POINT('Ctrl Pts',(-38.428800859232,24.736365765527,30.5793803071197));
#1288=CARTESIAN_POINT('Ctrl Pts',(-39.1718689755937,24.7363127537346,30.8262544982162));
#1289=CARTESIAN_POINT('Ctrl Pts',(-40.0628887846772,24.7362068579569,31.1223656116106));
#1290=CARTESIAN_POINT('Ctrl Pts',(-40.9538500203723,24.7361181604912,31.4184972508068));
#1291=CARTESIAN_POINT('Ctrl Pts',(-41.8448434924069,24.7360525464753,31.7146781122029));
#1292=CARTESIAN_POINT('Ctrl Pts',(-42.7362611781212,24.7359555607085,32.0110584467746));
#1293=CARTESIAN_POINT('Ctrl Pts',(-43.9251525813224,24.7357650072271,32.4065540778324));
#1294=CARTESIAN_POINT('Ctrl Pts',(-44.8183740488131,24.7351609449289,32.7039154202468));
#1295=CARTESIAN_POINT('Ctrl Pts',(-45.4137217990117,24.7346363310687,32.9024499762699));
#1296=CARTESIAN_POINT('Ctrl Pts',(-36.6382204053759,25.262469159581,29.4304605868107));
#1297=CARTESIAN_POINT('Ctrl Pts',(-36.6421501501916,25.2625410689893,29.4316905245514));
#1298=CARTESIAN_POINT('Ctrl Pts',(-36.646078203777,25.2626070154901,29.4329261838003));
#1299=CARTESIAN_POINT('Ctrl Pts',(-36.6687314887471,25.2629531206244,29.4400883443226));
#1300=CARTESIAN_POINT('Ctrl Pts',(-36.7061846698438,25.26352236878,29.4519328391046));
#1301=CARTESIAN_POINT('Ctrl Pts',(-36.7810873477567,25.2646487397666,29.4756333816348));
#1302=CARTESIAN_POINT('Ctrl Pts',(-36.9121582979598,25.2665876272143,29.5171404243634));
#1303=CARTESIAN_POINT('Ctrl Pts',(-37.099376281644,25.2692627819083,29.5765272583817));
#1304=CARTESIAN_POINT('Ctrl Pts',(-37.3239932142898,25.2723135001009,29.6479446639498));
#1305=CARTESIAN_POINT('Ctrl Pts',(-37.6234192742368,25.2761584669974,29.7433815040266));
#1306=CARTESIAN_POINT('Ctrl Pts',(-37.9975764919671,25.2805281699563,29.8630958724113));
#1307=CARTESIAN_POINT('Ctrl Pts',(-38.5959342041038,25.2865168525978,30.0555979803825));
#1308=CARTESIAN_POINT('Ctrl Pts',(-39.3432814061253,25.291996710089,30.2981401053889));
#1309=CARTESIAN_POINT('Ctrl Pts',(-40.2390192250068,25.2950720025587,30.5925209086409));
#1310=CARTESIAN_POINT('Ctrl Pts',(-41.1336000053251,25.2945120783106,30.8903478970203));
#1311=CARTESIAN_POINT('Ctrl Pts',(-42.0270308258003,25.2903477633813,31.1915909394442));
#1312=CARTESIAN_POINT('Ctrl Pts',(-42.9193608925361,25.2827711057817,31.4960640137994));
#1313=CARTESIAN_POINT('Ctrl Pts',(-44.1077793436374,25.2685681980753,31.9058990349019));
#1314=CARTESIAN_POINT('Ctrl Pts',(-44.9977503363497,25.2539581675002,32.2169997250473));
#1315=CARTESIAN_POINT('Ctrl Pts',(-45.5906674670388,25.2431470376161,32.425397008248));
#1316=CARTESIAN_POINT('',(-45.5906674670388,25.2431470376161,32.425397008248));
#1317=CARTESIAN_POINT('',(-44.9491326313948,24.2681939412392,34.2000681735877));
#1318=CARTESIAN_POINT('Origin',(-44.8103044072544,27.718020771769,34.7740207531088));
#1319=CARTESIAN_POINT('',(-36.0722027259232,24.275623419841,31.3094019991206));
#1320=CARTESIAN_POINT('Ctrl Pts',(-44.9491326313948,24.2681939412392,34.2000681735877));
#1321=CARTESIAN_POINT('Ctrl Pts',(-44.3450653506085,24.2717128998325,34.0328045545213));
#1322=CARTESIAN_POINT('Ctrl Pts',(-43.4400297106028,24.2774438551229,33.7787469424734));
#1323=CARTESIAN_POINT('Ctrl Pts',(-42.2441674034491,24.2840488937274,33.4277299282969));
#1324=CARTESIAN_POINT('Ctrl Pts',(-41.3510615245121,24.2878678676574,33.1558902039664));
#1325=CARTESIAN_POINT('Ctrl Pts',(-40.462558268017,24.2900938595488,32.8742705280719));
#1326=CARTESIAN_POINT('Ctrl Pts',(-39.5778024144106,24.2904221577044,32.5817786505702));
#1327=CARTESIAN_POINT('Ctrl Pts',(-38.6966022207993,24.2888192540174,32.2782616746714));
#1328=CARTESIAN_POINT('Ctrl Pts',(-37.9636688453943,24.2860402141186,32.0161793873581));
#1329=CARTESIAN_POINT('Ctrl Pts',(-37.3790597888898,24.283186792406,31.8019631625747));
#1330=CARTESIAN_POINT('Ctrl Pts',(-37.0133022179904,24.2811823804712,31.6660171491998));
#1331=CARTESIAN_POINT('Ctrl Pts',(-36.7217074244386,24.2795003111361,31.5565334798153));
#1332=CARTESIAN_POINT('Ctrl Pts',(-36.5016923209886,24.2781811690755,31.4735110434083));
#1333=CARTESIAN_POINT('Ctrl Pts',(-36.3210933355216,24.2770995342509,31.4048147330949));
#1334=CARTESIAN_POINT('Ctrl Pts',(-36.1907332109712,24.2762741638564,31.3552909026287));
#1335=CARTESIAN_POINT('Ctrl Pts',(-36.1215819753267,24.2758813748617,31.3286348963187));
#1336=CARTESIAN_POINT('Ctrl Pts',(-36.0778674849407,24.2755462036139,31.3123906114031));
#1337=CARTESIAN_POINT('Ctrl Pts',(-36.0722118059219,24.2756236716174,31.3094040432433));
#1338=CARTESIAN_POINT('Ctrl Pts',(-36.0722078366232,24.2756237259847,31.3094019470799));
#1339=CARTESIAN_POINT('Ctrl Pts',(-36.0722038681291,24.2756237803391,31.3093998512278));
#1340=CARTESIAN_POINT('Ctrl Pts',(-36.0722157760291,24.2756236172373,31.3094061397194));
#1341=CARTESIAN_POINT('Ctrl Pts',(-36.0710308228183,24.2756398479956,31.3087804069792));
#1342=CARTESIAN_POINT('Ctrl Pts',(-36.0699178958777,24.2756549410845,31.3081825227478));
#1343=CARTESIAN_POINT('Ctrl Pts',(-36.0687739136617,24.2756673378028,31.3075797751905));
#1344=CARTESIAN_POINT('Ctrl Pts',(-36.6382204053759,25.262469159581,29.4304605868107));
#1345=CARTESIAN_POINT('Ctrl Pts',(-36.6421501501916,25.2625410689893,29.4316905245514));
#1346=CARTESIAN_POINT('Ctrl Pts',(-36.646078203777,25.2626070154901,29.4329261838003));
#1347=CARTESIAN_POINT('Ctrl Pts',(-36.6687314887471,25.2629531206244,29.4400883443226));
#1348=CARTESIAN_POINT('Ctrl Pts',(-36.7061846698438,25.26352236878,29.4519328391046));
#1349=CARTESIAN_POINT('Ctrl Pts',(-36.7810873477567,25.2646487397666,29.4756333816348));
#1350=CARTESIAN_POINT('Ctrl Pts',(-36.9121582979598,25.2665876272143,29.5171404243634));
#1351=CARTESIAN_POINT('Ctrl Pts',(-37.099376281644,25.2692627819083,29.5765272583817));
#1352=CARTESIAN_POINT('Ctrl Pts',(-37.3239932142898,25.2723135001009,29.6479446639498));
#1353=CARTESIAN_POINT('Ctrl Pts',(-37.6234192742368,25.2761584669974,29.7433815040266));
#1354=CARTESIAN_POINT('Ctrl Pts',(-37.9975764919671,25.2805281699563,29.8630958724113));
#1355=CARTESIAN_POINT('Ctrl Pts',(-38.5959342041038,25.2865168525978,30.0555979803825));
#1356=CARTESIAN_POINT('Ctrl Pts',(-39.3432814061253,25.291996710089,30.2981401053889));
#1357=CARTESIAN_POINT('Ctrl Pts',(-40.2390192250068,25.2950720025587,30.5925209086409));
#1358=CARTESIAN_POINT('Ctrl Pts',(-41.1336000053251,25.2945120783106,30.8903478970203));
#1359=CARTESIAN_POINT('Ctrl Pts',(-42.0270308258003,25.2903477633813,31.1915909394442));
#1360=CARTESIAN_POINT('Ctrl Pts',(-42.9193608925361,25.2827711057817,31.4960640137994));
#1361=CARTESIAN_POINT('Ctrl Pts',(-44.1077793436374,25.2685681980753,31.9058990349019));
#1362=CARTESIAN_POINT('Ctrl Pts',(-44.9977503363497,25.2539581675002,32.2169997250473));
#1363=CARTESIAN_POINT('Ctrl Pts',(-45.5906674670388,25.2431470376161,32.425397008248));
#1364=CARTESIAN_POINT('Ctrl Pts',(-44.9491326453594,24.2681939411579,34.2000681774545));
#1365=CARTESIAN_POINT('Ctrl Pts',(-44.9583878245365,24.2681400256572,34.2026308965405));
#1366=CARTESIAN_POINT('Ctrl Pts',(-44.9677247353012,24.2680894526019,34.2051932190125));
#1367=CARTESIAN_POINT('Ctrl Pts',(-44.9919921924872,24.2679698007675,34.2117824445841));
#1368=CARTESIAN_POINT('Ctrl Pts',(-44.9955530512484,24.2679875556793,34.2122621183936));
#1369=CARTESIAN_POINT('Ctrl Pts',(-45.0176351219444,24.2677090257704,34.2176143600413));
#1370=CARTESIAN_POINT('Ctrl Pts',(-45.048710104816,24.2667777953399,34.2249144447474));
#1371=CARTESIAN_POINT('Ctrl Pts',(-45.1164339178735,24.2628306016924,34.2416460141013));
#1372=CARTESIAN_POINT('Ctrl Pts',(-45.2088502287359,24.2514168532726,34.2657519900056));
#1373=CARTESIAN_POINT('Ctrl Pts',(-45.3198861240499,24.2283387549509,34.2970287113068));
#1374=CARTESIAN_POINT('Ctrl Pts',(-45.5337677453986,24.1643825746833,34.3617158976297));
#1375=CARTESIAN_POINT('Ctrl Pts',(-45.8284591775911,24.0007454164151,34.467765828075));
#1376=CARTESIAN_POINT('Ctrl Pts',(-46.1281192686336,23.6590852291179,34.6182773152668));
#1377=CARTESIAN_POINT('Ctrl Pts',(-46.2992447120078,23.2238055357511,34.7738423887672));
#1378=CARTESIAN_POINT('Ctrl Pts',(-46.3135469538938,22.8995649882662,34.8836728831706));
#1379=CARTESIAN_POINT('Ctrl Pts',(-46.2960110290599,22.7351797716371,34.942387746545));
#1380=CARTESIAN_POINT('Ctrl Pts',(-45.1862401566839,24.3889279918565,33.5317301200939));
#1381=CARTESIAN_POINT('Ctrl Pts',(-45.1937742748442,24.3889960177468,33.5339845042544));
#1382=CARTESIAN_POINT('Ctrl Pts',(-45.2013704880684,24.3890668060526,33.5362269103284));
#1383=CARTESIAN_POINT('Ctrl Pts',(-45.2211698988859,24.3892585980648,33.5419910489696));
#1384=CARTESIAN_POINT('Ctrl Pts',(-45.2269227029353,24.389327607776,33.543577038822));
#1385=CARTESIAN_POINT('Ctrl Pts',(-45.2490433541428,24.3893175056313,33.5499185738756));
#1386=CARTESIAN_POINT('Ctrl Pts',(-45.282406687247,24.3887077786229,33.5594996663104));
#1387=CARTESIAN_POINT('Ctrl Pts',(-45.3531953442544,24.3852570929574,33.5801296716336));
#1388=CARTESIAN_POINT('Ctrl Pts',(-45.4513951056539,24.3738799141074,33.6094784132393));
#1389=CARTESIAN_POINT('Ctrl Pts',(-45.569135699394,24.3498922051994,33.6458068989497));
#1390=CARTESIAN_POINT('Ctrl Pts',(-45.7972777765398,24.2822214351556,33.7184569051883));
#1391=CARTESIAN_POINT('Ctrl Pts',(-46.1149926954197,24.1057748697671,33.828135188506));
#1392=CARTESIAN_POINT('Ctrl Pts',(-46.4383920365484,23.7368864268614,33.9609871590803));
#1393=CARTESIAN_POINT('Ctrl Pts',(-46.6219581875828,23.271337081391,34.0722898925388));
#1394=CARTESIAN_POINT('Ctrl Pts',(-46.6330798102251,22.9338651862457,34.1314720108412));
#1395=CARTESIAN_POINT('Ctrl Pts',(-46.6102451821674,22.7680789174059,34.158970109949));
#1396=CARTESIAN_POINT('Ctrl Pts',(-45.4137218077868,24.7346363310857,32.9024499792227));
#1397=CARTESIAN_POINT('Ctrl Pts',(-45.4195360370744,24.7346495621654,32.9044074831238));
#1398=CARTESIAN_POINT('Ctrl Pts',(-45.4253878198692,24.734672159047,32.9063405340404));
#1399=CARTESIAN_POINT('Ctrl Pts',(-45.4407380277031,24.7347527864876,32.9113187189873));
#1400=CARTESIAN_POINT('Ctrl Pts',(-45.4504149113526,24.7346257250588,32.9146130510888));
#1401=CARTESIAN_POINT('Ctrl Pts',(-45.4750666945343,24.7342190600561,32.9228308727445));
#1402=CARTESIAN_POINT('Ctrl Pts',(-45.5155351328122,24.7328171645802,32.9363870325051));
#1403=CARTESIAN_POINT('Ctrl Pts',(-45.5985784165494,24.7274507020003,32.9641392157393));
#1404=CARTESIAN_POINT('Ctrl Pts',(-45.7156638490921,24.712367528399,33.0032706623033));
#1405=CARTESIAN_POINT('Ctrl Pts',(-45.8553909497909,24.6824040754468,33.0498802690833));
#1406=CARTESIAN_POINT('Ctrl Pts',(-46.1276861801873,24.5999101886504,33.1405874290977));
#1407=CARTESIAN_POINT('Ctrl Pts',(-46.5111262004814,24.3903244166089,33.2678294471422));
#1408=CARTESIAN_POINT('Ctrl Pts',(-46.9153480659933,23.956842705546,33.4004627895663));
#1409=CARTESIAN_POINT('Ctrl Pts',(-47.1712782907828,23.4094786354449,33.4832181302379));
#1410=CARTESIAN_POINT('Ctrl Pts',(-47.2230685300346,23.0096589378509,33.4994998858144));
#1411=CARTESIAN_POINT('Ctrl Pts',(-47.2183345459971,22.8117994049901,33.4979435077466));
#1412=CARTESIAN_POINT('Ctrl Pts',(-45.5906674737289,25.2431470373662,32.4253970107342));
#1413=CARTESIAN_POINT('Ctrl Pts',(-45.5951013752902,25.2429813953342,32.4270447825737));
#1414=CARTESIAN_POINT('Ctrl Pts',(-45.5995460095583,25.2428359309927,32.4286600715551));
#1415=CARTESIAN_POINT('Ctrl Pts',(-45.611332470445,25.2425047339534,32.4328470079538));
#1416=CARTESIAN_POINT('Ctrl Pts',(-45.6259928589153,25.2420209190332,32.4380506320487));
#1417=CARTESIAN_POINT('Ctrl Pts',(-45.655306718366,25.2407648054558,32.4484385029671));
#1418=CARTESIAN_POINT('Ctrl Pts',(-45.7065685088272,25.2378145140787,32.466559879018));
#1419=CARTESIAN_POINT('Ctrl Pts',(-45.8091576412991,25.2288697789651,32.5026488572975));
#1420=CARTESIAN_POINT('Ctrl Pts',(-45.9552455288774,25.2074551020683,32.5535379545442));
#1421=CARTESIAN_POINT('Ctrl Pts',(-46.1287115180131,25.167883187341,32.6131577713368));
#1422=CARTESIAN_POINT('Ctrl Pts',(-46.4677553803135,25.0624730172531,32.728084372393));
#1423=CARTESIAN_POINT('Ctrl Pts',(-46.9478687695528,24.8045452979044,32.8846841880812));
#1424=CARTESIAN_POINT('Ctrl Pts',(-47.47105672827,24.2778373665043,33.0403608604823));
#1425=CARTESIAN_POINT('Ctrl Pts',(-47.8347407959956,23.6089698573863,33.127438431891));
#1426=CARTESIAN_POINT('Ctrl Pts',(-47.9489319816626,23.1091259885936,33.1317651546545));
#1427=CARTESIAN_POINT('Ctrl Pts',(-47.9724986458561,22.855716094742,33.1199534484248));
#1428=CARTESIAN_POINT('',(-47.9724986458561,22.855716094742,33.1199534484248));
#1429=CARTESIAN_POINT('',(-46.2960110290599,22.7351797716371,34.942387746545));
#1430=CARTESIAN_POINT('Origin',(-49.5407593309326,22.8557160947419,36.2489402530699));
#1431=CARTESIAN_POINT('',(-44.9769296708635,24.2680439599602,34.2076931770331));
#1432=CARTESIAN_POINT('Ctrl Pts',(-46.2960110290599,22.7351797716371,34.942387746545));
#1433=CARTESIAN_POINT('Ctrl Pts',(-46.3135469538938,22.8995649882662,34.8836728831706));
#1434=CARTESIAN_POINT('Ctrl Pts',(-46.2992447120078,23.2238055357511,34.7738423887672));
#1435=CARTESIAN_POINT('Ctrl Pts',(-46.1281192686336,23.6590852291179,34.6182773152668));
#1436=CARTESIAN_POINT('Ctrl Pts',(-45.8284591775911,24.0007454164151,34.467765828075));
#1437=CARTESIAN_POINT('Ctrl Pts',(-45.5337677453986,24.1643825746833,34.3617158976297));
#1438=CARTESIAN_POINT('Ctrl Pts',(-45.3198861240499,24.2283387549509,34.2970287113068));
#1439=CARTESIAN_POINT('Ctrl Pts',(-45.2088502287359,24.2514168532726,34.2657519900056));
#1440=CARTESIAN_POINT('Ctrl Pts',(-45.1164339178735,24.2628306016924,34.2416460141013));
#1441=CARTESIAN_POINT('Ctrl Pts',(-45.048710104816,24.2667777953399,34.2249144447474));
#1442=CARTESIAN_POINT('Ctrl Pts',(-45.0176351219444,24.2677090257704,34.2176143600413));
#1443=CARTESIAN_POINT('Ctrl Pts',(-44.9955568742587,24.2679875074582,34.212263045013));
#1444=CARTESIAN_POINT('Ctrl Pts',(-44.9919946593121,24.2679698130442,34.2117827770261));
#1445=CARTESIAN_POINT('Ctrl Pts',(-44.9769298196883,24.2680440665275,34.2076926308159));
#1446=CARTESIAN_POINT('Ctrl Pts',(-44.9768984812273,24.2680442210179,34.2076841219852));
#1447=CARTESIAN_POINT('Ctrl Pts',(-44.9677247353012,24.2680894526019,34.2051932190125));
#1448=CARTESIAN_POINT('Ctrl Pts',(-44.9583878245365,24.2681400256572,34.2026308965405));
#1449=CARTESIAN_POINT('Ctrl Pts',(-44.9491326453594,24.2681939411579,34.2000681774545));
#1450=CARTESIAN_POINT('Ctrl Pts',(-45.5906674737289,25.2431470373662,32.4253970107342));
#1451=CARTESIAN_POINT('Ctrl Pts',(-45.5951013752902,25.2429813953342,32.4270447825737));
#1452=CARTESIAN_POINT('Ctrl Pts',(-45.5995460095583,25.2428359309927,32.4286600715551));
#1453=CARTESIAN_POINT('Ctrl Pts',(-45.611332470445,25.2425047339534,32.4328470079538));
#1454=CARTESIAN_POINT('Ctrl Pts',(-45.6259928589153,25.2420209190332,32.4380506320487));
#1455=CARTESIAN_POINT('Ctrl Pts',(-45.655306718366,25.2407648054558,32.4484385029671));
#1456=CARTESIAN_POINT('Ctrl Pts',(-45.7065685088272,25.2378145140787,32.466559879018));
#1457=CARTESIAN_POINT('Ctrl Pts',(-45.8091576412991,25.2288697789651,32.5026488572975));
#1458=CARTESIAN_POINT('Ctrl Pts',(-45.9552455288774,25.2074551020683,32.5535379545442));
#1459=CARTESIAN_POINT('Ctrl Pts',(-46.1287115180131,25.167883187341,32.6131577713368));
#1460=CARTESIAN_POINT('Ctrl Pts',(-46.4677553803135,25.0624730172531,32.728084372393));
#1461=CARTESIAN_POINT('Ctrl Pts',(-46.9478687695528,24.8045452979044,32.8846841880812));
#1462=CARTESIAN_POINT('Ctrl Pts',(-47.47105672827,24.2778373665043,33.0403608604823));
#1463=CARTESIAN_POINT('Ctrl Pts',(-47.8347407959956,23.6089698573863,33.127438431891));
#1464=CARTESIAN_POINT('Ctrl Pts',(-47.9489319816626,23.1091259885936,33.1317651546545));
#1465=CARTESIAN_POINT('Ctrl Pts',(-47.9724986458561,22.855716094742,33.1199534484248));
#1466=CARTESIAN_POINT('Ctrl Pts',(-46.2960110290599,22.7351797716371,34.942387746545));
#1467=CARTESIAN_POINT('Ctrl Pts',(-46.2956898629547,22.7321690972487,34.9434630946755));
#1468=CARTESIAN_POINT('Ctrl Pts',(-46.2953488375807,22.7292229165849,34.9445630508176));
#1469=CARTESIAN_POINT('Ctrl Pts',(-46.2944067016335,22.7208535904203,34.9475651547553));
#1470=CARTESIAN_POINT('Ctrl Pts',(-46.2942716902074,22.6835937907468,34.9508223769447));
#1471=CARTESIAN_POINT('Ctrl Pts',(-46.2934244180963,22.6241447260345,34.9576388900025));
#1472=CARTESIAN_POINT('Ctrl Pts',(-46.2922625770696,22.512585150844,34.9694608192004));
#1473=CARTESIAN_POINT('Ctrl Pts',(-46.2898257661765,22.2952857171732,34.9933500817239));
#1474=CARTESIAN_POINT('Ctrl Pts',(-46.2868092202108,21.9815922144498,35.0277202634055));
#1475=CARTESIAN_POINT('Ctrl Pts',(-46.2836733274507,21.6078918392273,35.0692402477129));
#1476=CARTESIAN_POINT('Ctrl Pts',(-46.2786079789301,20.8604423339549,35.1520713256691));
#1477=CARTESIAN_POINT('Ctrl Pts',(-46.2756700465543,19.7446570495144,35.2733386387024));
#1478=CARTESIAN_POINT('Ctrl Pts',(-46.2792251896466,18.2728938390666,35.4039593553407));
#1479=CARTESIAN_POINT('Ctrl Pts',(-46.2839234861313,16.8134006988376,35.481525780704));
#1480=CARTESIAN_POINT('Ctrl Pts',(-46.2839215230061,15.3601786491339,35.4930780467936));
#1481=CARTESIAN_POINT('Ctrl Pts',(-46.2785445851186,13.904239448799,35.4355545742938));
#1482=CARTESIAN_POINT('Ctrl Pts',(-46.2728353855609,12.4376191524514,35.316382310599));
#1483=CARTESIAN_POINT('Ctrl Pts',(-46.2742747146463,10.9556638064015,35.1554905700525));
#1484=CARTESIAN_POINT('Ctrl Pts',(-46.2867700957735,9.45924859836488,34.9809223796225));
#1485=CARTESIAN_POINT('Ctrl Pts',(-46.3012108538984,8.4553119416115,34.8713090633167));
#1486=CARTESIAN_POINT('Ctrl Pts',(-46.3092085049664,7.95279248732706,34.8202275291593));
#1487=CARTESIAN_POINT('Ctrl Pts',(-46.6102451821674,22.7680789174058,34.158970109949));
#1488=CARTESIAN_POINT('Ctrl Pts',(-46.6098762440733,22.7633544552312,34.1595096049954));
#1489=CARTESIAN_POINT('Ctrl Pts',(-46.6094794049663,22.7586774167868,34.16006889458));
#1490=CARTESIAN_POINT('Ctrl Pts',(-46.6083591122274,22.7457993119034,34.161612064835));
#1491=CARTESIAN_POINT('Ctrl Pts',(-46.6077105391687,22.7101730856684,34.1631757847459));
#1492=CARTESIAN_POINT('Ctrl Pts',(-46.6059849958052,22.6498879396367,34.1665240501647));
#1493=CARTESIAN_POINT('Ctrl Pts',(-46.6031757284793,22.5389123893094,34.1723068615943));
#1494=CARTESIAN_POINT('Ctrl Pts',(-46.5973822967519,22.3211925755355,34.1840591991239));
#1495=CARTESIAN_POINT('Ctrl Pts',(-46.589204647231,22.0077776963483,34.2010737504357));
#1496=CARTESIAN_POINT('Ctrl Pts',(-46.5793384892557,21.6336590520149,34.2218014396685));
#1497=CARTESIAN_POINT('Ctrl Pts',(-46.5598623213841,20.8853857387434,34.2634861215445));
#1498=CARTESIAN_POINT('Ctrl Pts',(-46.5325832779849,19.7669458953102,34.326103687099));
#1499=CARTESIAN_POINT('Ctrl Pts',(-46.5042295087605,18.2881156831979,34.3954325981111));
#1500=CARTESIAN_POINT('Ctrl Pts',(-46.487891400252,16.8193137515544,34.4376288942559));
#1501=CARTESIAN_POINT('Ctrl Pts',(-46.4847759065198,15.355675665922,34.4441736756367));
#1502=CARTESIAN_POINT('Ctrl Pts',(-46.4955282439947,13.8897422058889,34.4130878141055));
#1503=CARTESIAN_POINT('Ctrl Pts',(-46.52026333958,12.4149335072826,34.3495626199894));
#1504=CARTESIAN_POINT('Ctrl Pts',(-46.5562113174868,10.9280107272322,34.2659170734705));
#1505=CARTESIAN_POINT('Ctrl Pts',(-46.597675863712,9.43026918705696,34.178178655216));
#1506=CARTESIAN_POINT('Ctrl Pts',(-46.6242935687793,8.4273481184629,34.1248051524423));
#1507=CARTESIAN_POINT('Ctrl Pts',(-46.6370391344793,7.92555558142279,34.1004898823953));
#1508=CARTESIAN_POINT('Ctrl Pts',(-47.2183345459971,22.81179940499,33.4979435077466));
#1509=CARTESIAN_POINT('Ctrl Pts',(-47.2182876118765,22.8048058066267,33.49796120647));
#1510=CARTESIAN_POINT('Ctrl Pts',(-47.2182085352574,22.7978349930355,33.4979949692537));
#1511=CARTESIAN_POINT('Ctrl Pts',(-47.2179195907355,22.7789774736832,33.4981238312239));
#1512=CARTESIAN_POINT('Ctrl Pts',(-47.2179347387031,22.7455688786617,33.4980966696776));
#1513=CARTESIAN_POINT('Ctrl Pts',(-47.2177477043738,22.6842492048304,33.4981502113313));
#1514=CARTESIAN_POINT('Ctrl Pts',(-47.2175188660199,22.5741939564214,33.4981969159164));
#1515=CARTESIAN_POINT('Ctrl Pts',(-47.2169433466398,22.3562024433937,33.4983519659738));
#1516=CARTESIAN_POINT('Ctrl Pts',(-47.2160833754053,22.0435837404016,33.4986168482645));
#1517=CARTESIAN_POINT('Ctrl Pts',(-47.2148405509162,21.6694241521335,33.4990055038075));
#1518=CARTESIAN_POINT('Ctrl Pts',(-47.2120990913658,20.9210684280747,33.4998922695126));
#1519=CARTESIAN_POINT('Ctrl Pts',(-47.2075506812487,19.8004514337266,33.5019291164467));
#1520=CARTESIAN_POINT('Ctrl Pts',(-47.201340484953,18.3123700701613,33.5042819858429));
#1521=CARTESIAN_POINT('Ctrl Pts',(-47.197150977415,16.8291603759736,33.5059953141633));
#1522=CARTESIAN_POINT('Ctrl Pts',(-47.1957130919681,15.348391865717,33.5066942017937));
#1523=CARTESIAN_POINT('Ctrl Pts',(-47.1974469590508,13.8665813818269,33.5061522654959));
#1524=CARTESIAN_POINT('Ctrl Pts',(-47.2024062704215,12.3804390373283,33.5044060488179));
#1525=CARTESIAN_POINT('Ctrl Pts',(-47.2090108082387,10.8885174344788,33.5017719385418));
#1526=CARTESIAN_POINT('Ctrl Pts',(-47.2148010432231,9.39133601351987,33.4995370325825));
#1527=CARTESIAN_POINT('Ctrl Pts',(-47.2163163908477,8.39102461581455,33.498692072257));
#1528=CARTESIAN_POINT('Ctrl Pts',(-47.2167143180034,7.89069620543385,33.4987555724889));
#1529=CARTESIAN_POINT('Ctrl Pts',(-47.9724986458562,22.8557160947419,33.1199534484248));
#1530=CARTESIAN_POINT('Ctrl Pts',(-47.9729302634539,22.8464421601999,33.1197371199607));
#1531=CARTESIAN_POINT('Ctrl Pts',(-47.973327984017,22.8371661848245,33.1195377808258));
#1532=CARTESIAN_POINT('Ctrl Pts',(-47.9743034353522,22.8122994313838,33.1190488807202));
#1533=CARTESIAN_POINT('Ctrl Pts',(-47.9755262492968,22.7811211978625,33.1184360014867));
#1534=CARTESIAN_POINT('Ctrl Pts',(-47.977970847459,22.7187642725643,33.117210759123));
#1535=CARTESIAN_POINT('Ctrl Pts',(-47.982245693017,22.6096387424229,33.1150681894536));
#1536=CARTESIAN_POINT('Ctrl Pts',(-47.9907789004123,22.3913838209152,33.1107913118216));
#1537=CARTESIAN_POINT('Ctrl Pts',(-48.0028991170072,22.0795802252091,33.1047166108506));
#1538=CARTESIAN_POINT('Ctrl Pts',(-48.0172556723037,21.705398254879,33.0975210479894));
#1539=CARTESIAN_POINT('Ctrl Pts',(-48.045420593792,20.9569981712469,33.083404676836));
#1540=CARTESIAN_POINT('Ctrl Pts',(-48.0849925411572,19.8342551755348,33.0635710587484));
#1541=CARTESIAN_POINT('Ctrl Pts',(-48.1258845530754,18.3368982484778,33.0430758190337));
#1542=CARTESIAN_POINT('Ctrl Pts',(-48.149324283021,16.8391375617869,33.0313277327562));
#1543=CARTESIAN_POINT('Ctrl Pts',(-48.1518038578609,15.3410143654381,33.0300849599419));
#1544=CARTESIAN_POINT('Ctrl Pts',(-48.1327539764948,13.8431471967614,33.0396328365764));
#1545=CARTESIAN_POINT('Ctrl Pts',(-48.0946556575734,12.3456125014063,33.0587278662017));
#1546=CARTESIAN_POINT('Ctrl Pts',(-48.042741141972,10.848742428044,33.0847476287912));
#1547=CARTESIAN_POINT('Ctrl Pts',(-47.9835726327682,9.35220959414901,33.1144031219499));
#1548=CARTESIAN_POINT('Ctrl Pts',(-47.9432202207436,8.35455909624806,33.1346279120424));
#1549=CARTESIAN_POINT('Ctrl Pts',(-47.9234879951668,7.85571609472042,33.144517782321));
#1550=CARTESIAN_POINT('',(-47.9986303516777,9.73596083053741,33.1068561330851));
#1551=CARTESIAN_POINT('',(-47.998630351657,22.189101238845,33.1068561330955));
#1552=CARTESIAN_POINT('Ctrl Pts',(-47.9986303516777,9.73596083053739,33.1068561330851));
#1553=CARTESIAN_POINT('Ctrl Pts',(-47.9986303516777,11.9265665595915,33.1068561330851));
#1554=CARTESIAN_POINT('Ctrl Pts',(-48.0040497630039,13.6481155687234,33.1086568082312));
#1555=CARTESIAN_POINT('Ctrl Pts',(-48.0036845098708,18.2954556109369,33.1085354477735));
#1556=CARTESIAN_POINT('Ctrl Pts',(-47.9986303516777,20.0240781589707,33.1068561330851));
#1557=CARTESIAN_POINT('Ctrl Pts',(-47.9986303516777,22.1891012377781,33.1068561330851));
#1558=CARTESIAN_POINT('',(-47.9234879951668,7.85571609473123,33.144517782321));
#1559=CARTESIAN_POINT('Ctrl Pts',(-47.9986312773304,9.73596137905147,33.1068556691443));
#1560=CARTESIAN_POINT('Ctrl Pts',(-47.9935621144859,9.60804613846871,33.1093963538105));
#1561=CARTESIAN_POINT('Ctrl Pts',(-47.9685700900735,8.98129510755185,33.1219224562754));
#1562=CARTESIAN_POINT('Ctrl Pts',(-47.9432202207436,8.35455909624806,33.1346279120424));
#1563=CARTESIAN_POINT('Ctrl Pts',(-47.9234879951668,7.85571609472042,33.144517782321));
#1564=CARTESIAN_POINT('',(-46.3092085049664,7.95279248732706,34.8202275291593));
#1565=CARTESIAN_POINT('Origin',(-49.4917486802432,7.85571609472042,36.2735045869662));
#1566=CARTESIAN_POINT('',(-46.2949961362541,22.7261310979538,34.9456836991311));
#1567=CARTESIAN_POINT('Ctrl Pts',(-46.3092085049664,7.95279248732706,34.8202275291593));
#1568=CARTESIAN_POINT('Ctrl Pts',(-46.3012108538984,8.4553119416115,34.8713090633167));
#1569=CARTESIAN_POINT('Ctrl Pts',(-46.2867700957735,9.45924859836488,34.9809223796225));
#1570=CARTESIAN_POINT('Ctrl Pts',(-46.2742747146463,10.9556638064015,35.1554905700525));
#1571=CARTESIAN_POINT('Ctrl Pts',(-46.2728353855609,12.4376191524514,35.316382310599));
#1572=CARTESIAN_POINT('Ctrl Pts',(-46.2785445851186,13.904239448799,35.4355545742938));
#1573=CARTESIAN_POINT('Ctrl Pts',(-46.2839215230061,15.3601786491339,35.4930780467936));
#1574=CARTESIAN_POINT('Ctrl Pts',(-46.2839234861313,16.8134006988376,35.481525780704));
#1575=CARTESIAN_POINT('Ctrl Pts',(-46.2792251896466,18.2728938390666,35.4039593553407));
#1576=CARTESIAN_POINT('Ctrl Pts',(-46.2756700465543,19.7446570495144,35.2733386387024));
#1577=CARTESIAN_POINT('Ctrl Pts',(-46.2786079789301,20.8604423339549,35.1520713256691));
#1578=CARTESIAN_POINT('Ctrl Pts',(-46.2836733274507,21.6078918392273,35.0692402477129));
#1579=CARTESIAN_POINT('Ctrl Pts',(-46.2868092202108,21.9815922144498,35.0277202634055));
#1580=CARTESIAN_POINT('Ctrl Pts',(-46.2898257661765,22.2952857171732,34.9933500817239));
#1581=CARTESIAN_POINT('Ctrl Pts',(-46.2922625770696,22.512585150844,34.9694608192004));
#1582=CARTESIAN_POINT('Ctrl Pts',(-46.2934244180963,22.6241447260345,34.9576388900025));
#1583=CARTESIAN_POINT('Ctrl Pts',(-46.2942716902074,22.6835937907468,34.9508223769447));
#1584=CARTESIAN_POINT('Ctrl Pts',(-46.2944067016335,22.7208535904203,34.9475651547553));
#1585=CARTESIAN_POINT('Ctrl Pts',(-46.2949983321064,22.7261092527391,34.945679931951));
#1586=CARTESIAN_POINT('Ctrl Pts',(-46.2949993304442,22.7261181206545,34.9456767506533));
#1587=CARTESIAN_POINT('Ctrl Pts',(-46.2950003286973,22.7261269871526,34.945673569518));
#1588=CARTESIAN_POINT('Ctrl Pts',(-46.2949973336841,22.7261003834009,34.9456831134108));
#1589=CARTESIAN_POINT('Ctrl Pts',(-46.2953488375807,22.7292229165849,34.9445630508176));
#1590=CARTESIAN_POINT('Ctrl Pts',(-46.2956898629547,22.7321690972487,34.9434630946755));
#1591=CARTESIAN_POINT('Ctrl Pts',(-46.2960110290599,22.7351797716371,34.942387746545));
#1592=CARTESIAN_POINT('Ctrl Pts',(-47.9724986458562,22.8557160947419,33.1199534484248));
#1593=CARTESIAN_POINT('Ctrl Pts',(-47.9729302634539,22.8464421601999,33.1197371199607));
#1594=CARTESIAN_POINT('Ctrl Pts',(-47.973327984017,22.8371661848245,33.1195377808258));
#1595=CARTESIAN_POINT('Ctrl Pts',(-47.9743034353522,22.8122994313838,33.1190488807202));
#1596=CARTESIAN_POINT('Ctrl Pts',(-47.9755262492968,22.7811211978625,33.1184360014867));
#1597=CARTESIAN_POINT('Ctrl Pts',(-47.977970847459,22.7187642725643,33.117210759123));
#1598=CARTESIAN_POINT('Ctrl Pts',(-47.982245693017,22.6096387424229,33.1150681894536));
#1599=CARTESIAN_POINT('Ctrl Pts',(-47.9893516058043,22.4278899150726,33.1115066775804));
#1600=CARTESIAN_POINT('Ctrl Pts',(-47.9952112504632,22.2773161447863,33.1085698002713));
#1601=CARTESIAN_POINT('Ctrl Pts',(-47.9986303110892,22.1891012052949,33.1068561534283));
#1602=CARTESIAN_POINT('Ctrl Pts',(-44.9295022546554,6.43576336170924,34.2516781189106));
#1603=CARTESIAN_POINT('Ctrl Pts',(-44.928258755459,6.43577548093966,34.2514823006356));
#1604=CARTESIAN_POINT('Ctrl Pts',(-44.9270424042242,6.43579017161866,34.2513006768391));
#1605=CARTESIAN_POINT('Ctrl Pts',(-44.9194456601786,6.43588293712819,34.250110068582));
#1606=CARTESIAN_POINT('Ctrl Pts',(-44.8747019595215,6.43554559107739,34.2369765386117));
#1607=CARTESIAN_POINT('Ctrl Pts',(-44.8033542029856,6.43514933121538,34.2169692536323));
#1608=CARTESIAN_POINT('Ctrl Pts',(-44.6692917404089,6.43431783060465,34.1786707227755));
#1609=CARTESIAN_POINT('Ctrl Pts',(-44.4834897438499,6.43322798480665,34.1256682082288));
#1610=CARTESIAN_POINT('Ctrl Pts',(-44.2576118615939,6.43190110657585,34.0605823678925));
#1611=CARTESIAN_POINT('Ctrl Pts',(-43.8087747908763,6.42936044387733,33.9304185971229));
#1612=CARTESIAN_POINT('Ctrl Pts',(-43.1351116643523,6.42586695136355,33.7310134409516));
#1613=CARTESIAN_POINT('Ctrl Pts',(-42.2432516947909,6.42253989803319,33.4569818618416));
#1614=CARTESIAN_POINT('Ctrl Pts',(-41.3552809740128,6.42093290869832,33.1726499062407));
#1615=CARTESIAN_POINT('Ctrl Pts',(-40.4716120859806,6.42127310209518,32.8775283116167));
#1616=CARTESIAN_POINT('Ctrl Pts',(-39.5911803234712,6.42350947340543,32.5713478010171));
#1617=CARTESIAN_POINT('Ctrl Pts',(-38.8593666167781,6.42670738676713,32.307387414929));
#1618=CARTESIAN_POINT('Ctrl Pts',(-38.2749595169032,6.42982886880669,32.0916458448325));
#1619=CARTESIAN_POINT('Ctrl Pts',(-37.3989141758814,6.4349339804848,31.7637758643597));
#1620=CARTESIAN_POINT('Ctrl Pts',(-36.6681415276656,6.43971862152201,31.4820434906121));
#1621=CARTESIAN_POINT('Ctrl Pts',(-36.0840308429851,6.44323822736703,31.2545143342878));
#1622=CARTESIAN_POINT('Ctrl Pts',(-45.1757153354972,6.32666102751697,33.5575827232732));
#1623=CARTESIAN_POINT('Ctrl Pts',(-45.1737487611157,6.32669713345956,33.5570441122844));
#1624=CARTESIAN_POINT('Ctrl Pts',(-45.1718011298047,6.32673727607082,33.5565169754302));
#1625=CARTESIAN_POINT('Ctrl Pts',(-45.160013952011,6.32699141809205,33.553332097579));
#1626=CARTESIAN_POINT('Ctrl Pts',(-45.1175157430837,6.32707220958743,33.5400808372833));
#1627=CARTESIAN_POINT('Ctrl Pts',(-45.0454593625288,6.32742270681388,33.5180544250872));
#1628=CARTESIAN_POINT('Ctrl Pts',(-44.9127874903263,6.32792899925043,33.4771827802408));
#1629=CARTESIAN_POINT('Ctrl Pts',(-44.7273158888794,6.32868430964019,33.4200742248232));
#1630=CARTESIAN_POINT('Ctrl Pts',(-44.5026394508088,6.32951630499434,33.3505825722242));
#1631=CARTESIAN_POINT('Ctrl Pts',(-44.0553056006557,6.33111716115937,33.2118071442159));
#1632=CARTESIAN_POINT('Ctrl Pts',(-43.3837629861769,6.33310924118695,33.0014726913357));
#1633=CARTESIAN_POINT('Ctrl Pts',(-42.4923329580426,6.33496057077913,32.7170665850719));
#1634=CARTESIAN_POINT('Ctrl Pts',(-41.603049871829,6.33587515903466,32.4273001332165));
#1635=CARTESIAN_POINT('Ctrl Pts',(-40.7161659333834,6.33584049759231,32.1318650498129));
#1636=CARTESIAN_POINT('Ctrl Pts',(-39.8309016838024,6.33483290765878,31.8305541368499));
#1637=CARTESIAN_POINT('Ctrl Pts',(-39.0939574873397,6.33322621637592,31.5747778504013));
#1638=CARTESIAN_POINT('Ctrl Pts',(-38.504829715822,6.33149215860043,31.3677898500468));
#1639=CARTESIAN_POINT('Ctrl Pts',(-37.6212442887751,6.32848089814681,31.0551082175385));
#1640=CARTESIAN_POINT('Ctrl Pts',(-36.883836665006,6.32540499735185,30.7900333437299));
#1641=CARTESIAN_POINT('Ctrl Pts',(-36.29404329024,6.32250421063981,30.5771735135832));
#1642=CARTESIAN_POINT('Ctrl Pts',(-45.4133341712121,5.97524915723813,32.900691337602));
#1643=CARTESIAN_POINT('Ctrl Pts',(-45.4104653556447,5.97525123385973,32.8997393239405));
#1644=CARTESIAN_POINT('Ctrl Pts',(-45.4076051098609,5.97525839131364,32.8987954981452));
#1645=CARTESIAN_POINT('Ctrl Pts',(-45.3905868094277,5.97532743835545,32.8932077095861));
#1646=CARTESIAN_POINT('Ctrl Pts',(-45.3508456862933,5.97527611499156,32.8799391974216));
#1647=CARTESIAN_POINT('Ctrl Pts',(-45.2778397313176,5.97526889516873,32.855654567397));
#1648=CARTESIAN_POINT('Ctrl Pts',(-45.1467796283594,5.97521173909596,32.8120143374463));
#1649=CARTESIAN_POINT('Ctrl Pts',(-44.9615592573891,5.97516770473653,32.7503821294326));
#1650=CARTESIAN_POINT('Ctrl Pts',(-44.738196352212,5.97511536721323,32.6760589426565));
#1651=CARTESIAN_POINT('Ctrl Pts',(-44.292393166339,5.97505118289256,32.5277661265096));
#1652=CARTESIAN_POINT('Ctrl Pts',(-43.6230656690878,5.97500298223919,32.3052389459366));
#1653=CARTESIAN_POINT('Ctrl Pts',(-42.7317508118872,5.97507978535669,32.0090628454163));
#1654=CARTESIAN_POINT('Ctrl Pts',(-41.8405661941694,5.97517650213891,31.7130153254039));
#1655=CARTESIAN_POINT('Ctrl Pts',(-40.9495909098873,5.97526931800651,31.4170769588316));
#1656=CARTESIAN_POINT('Ctrl Pts',(-40.0584525966851,5.9753378573426,31.1211229637278));
#1657=CARTESIAN_POINT('Ctrl Pts',(-39.3154797622289,5.97542151588453,30.8744249867024));
#1658=CARTESIAN_POINT('Ctrl Pts',(-38.7209282525739,5.97551414011605,30.6770877606698));
#1659=CARTESIAN_POINT('Ctrl Pts',(-37.8288060339151,5.97570987468286,30.3810766451095));
#1660=CARTESIAN_POINT('Ctrl Pts',(-37.0842052926886,5.97627150393377,30.1341300226225));
#1661=CARTESIAN_POINT('Ctrl Pts',(-36.4883928584288,5.97679587185271,29.9368847240065));
#1662=CARTESIAN_POINT('Ctrl Pts',(-45.596759879264,5.44896343435488,32.4070609432139));
#1663=CARTESIAN_POINT('Ctrl Pts',(-45.5929744295663,5.44889321989778,32.4057291858256));
#1664=CARTESIAN_POINT('Ctrl Pts',(-45.589187000385,5.44882867121759,32.4044027410664));
#1665=CARTESIAN_POINT('Ctrl Pts',(-45.5668512785493,5.44848157450523,32.3966156305039));
#1666=CARTESIAN_POINT('Ctrl Pts',(-45.5297575196296,5.44790822190877,32.3836865376438));
#1667=CARTESIAN_POINT('Ctrl Pts',(-45.4555657425465,5.44677394638374,32.3578400345534));
#1668=CARTESIAN_POINT('Ctrl Pts',(-45.3257187495234,5.44482202730754,32.3126397123373));
#1669=CARTESIAN_POINT('Ctrl Pts',(-45.1401901614963,5.4421304052523,32.248158936441));
#1670=CARTESIAN_POINT('Ctrl Pts',(-44.9174995106661,5.43906307249416,32.1709346388748));
#1671=CARTESIAN_POINT('Ctrl Pts',(-44.4720008923654,5.43326778759959,32.0168046876357));
#1672=CARTESIAN_POINT('Ctrl Pts',(-43.8032990066618,5.42590453911737,31.786860082392));
#1673=CARTESIAN_POINT('Ctrl Pts',(-42.9106238462054,5.41932176241531,31.4833196526723));
#1674=CARTESIAN_POINT('Ctrl Pts',(-42.0168209758062,5.41625179923552,31.1831061699592));
#1675=CARTESIAN_POINT('Ctrl Pts',(-41.1218461065073,5.41682444588108,30.8863416921158));
#1676=CARTESIAN_POINT('Ctrl Pts',(-40.2257308222666,5.4210067140204,30.5930019517381));
#1677=CARTESIAN_POINT('Ctrl Pts',(-39.4780905101392,5.42733876081484,30.3512604354406));
#1678=CARTESIAN_POINT('Ctrl Pts',(-38.8795177058205,5.43394370875053,30.1593362526477));
#1679=CARTESIAN_POINT('Ctrl Pts',(-37.9812381752193,5.4452794396785,29.8728154075004));
#1680=CARTESIAN_POINT('Ctrl Pts',(-37.2318802514723,5.45747323168294,29.6366800333644));
#1681=CARTESIAN_POINT('Ctrl Pts',(-36.6321278660083,5.4682851410838,29.4487970244291));
#1682=CARTESIAN_POINT('',(-36.6321278660083,5.4682851410838,29.4487970244291));
#1683=CARTESIAN_POINT('',(-36.0840308429851,6.44323822736703,31.2545143342878));
#1684=CARTESIAN_POINT('Origin',(-35.8517648062239,2.99341140693089,31.7974207692899));
#1685=CARTESIAN_POINT('',(-44.9257661948458,6.43580610279764,34.251103061862));
#1686=CARTESIAN_POINT('Ctrl Pts',(-36.0840308429851,6.44323822736703,31.2545143342878));
#1687=CARTESIAN_POINT('Ctrl Pts',(-36.6681415276656,6.43971862152201,31.4820434906121));
#1688=CARTESIAN_POINT('Ctrl Pts',(-37.3989141758814,6.4349339804848,31.7637758643597));
#1689=CARTESIAN_POINT('Ctrl Pts',(-38.2749595169032,6.42982886880669,32.0916458448325));
#1690=CARTESIAN_POINT('Ctrl Pts',(-38.8593666167781,6.42670738676713,32.307387414929));
#1691=CARTESIAN_POINT('Ctrl Pts',(-39.5911803234712,6.42350947340543,32.5713478010171));
#1692=CARTESIAN_POINT('Ctrl Pts',(-40.4716120859806,6.42127310209518,32.8775283116167));
#1693=CARTESIAN_POINT('Ctrl Pts',(-41.3552809740128,6.42093290869832,33.1726499062407));
#1694=CARTESIAN_POINT('Ctrl Pts',(-42.2432516947909,6.42253989803319,33.4569818618416));
#1695=CARTESIAN_POINT('Ctrl Pts',(-43.1351116643523,6.42586695136355,33.7310134409516));
#1696=CARTESIAN_POINT('Ctrl Pts',(-43.8087747908763,6.42936044387733,33.9304185971229));
#1697=CARTESIAN_POINT('Ctrl Pts',(-44.2576118615939,6.43190110657585,34.0605823678925));
#1698=CARTESIAN_POINT('Ctrl Pts',(-44.4834897438499,6.43322798480665,34.1256682082288));
#1699=CARTESIAN_POINT('Ctrl Pts',(-44.6692917404089,6.43431783060465,34.1786707227755));
#1700=CARTESIAN_POINT('Ctrl Pts',(-44.8033542029856,6.43514933121538,34.2169692536323));
#1701=CARTESIAN_POINT('Ctrl Pts',(-44.8747019595215,6.43554559107739,34.2369765386117));
#1702=CARTESIAN_POINT('Ctrl Pts',(-44.9194456601786,6.43588293712819,34.250110068582));
#1703=CARTESIAN_POINT('Ctrl Pts',(-44.9257579047757,6.43580585692346,34.2510993622179));
#1704=CARTESIAN_POINT('Ctrl Pts',(-44.9257622304366,6.4358058041037,34.2511000400605));
#1705=CARTESIAN_POINT('Ctrl Pts',(-44.9257665552846,6.43580575129579,34.2511007176748));
#1706=CARTESIAN_POINT('',(-44.9295022546554,6.43576336170924,34.2516781189106));
#1707=CARTESIAN_POINT('Ctrl Pts',(-44.925753578298,6.43580590975503,34.2510986841458));
#1708=CARTESIAN_POINT('Ctrl Pts',(-44.9270424042242,6.43579017161866,34.2513006768391));
#1709=CARTESIAN_POINT('Ctrl Pts',(-44.928258755459,6.43577548093966,34.2514823006356));
#1710=CARTESIAN_POINT('Ctrl Pts',(-44.9295022546554,6.43576336170924,34.2516781189106));
#1711=CARTESIAN_POINT('',(-45.5967598799924,5.44896343435488,32.4070609434559));
#1712=CARTESIAN_POINT('Origin',(-44.8163968194797,2.97408970020197,34.7556846880747));
#1713=CARTESIAN_POINT('Ctrl Pts',(-45.596759879264,5.44896343435488,32.4070609432139));
#1714=CARTESIAN_POINT('Ctrl Pts',(-45.5929744295663,5.44889321989778,32.4057291858256));
#1715=CARTESIAN_POINT('Ctrl Pts',(-45.589187000385,5.44882867121759,32.4044027410664));
#1716=CARTESIAN_POINT('Ctrl Pts',(-45.5668512785493,5.44848157450523,32.3966156305039));
#1717=CARTESIAN_POINT('Ctrl Pts',(-45.5297575196296,5.44790822190877,32.3836865376438));
#1718=CARTESIAN_POINT('Ctrl Pts',(-45.4555657425465,5.44677394638374,32.3578400345534));
#1719=CARTESIAN_POINT('Ctrl Pts',(-45.3257187495234,5.44482202730754,32.3126397123373));
#1720=CARTESIAN_POINT('Ctrl Pts',(-45.1401901614963,5.4421304052523,32.248158936441));
#1721=CARTESIAN_POINT('Ctrl Pts',(-44.9174995106661,5.43906307249416,32.1709346388748));
#1722=CARTESIAN_POINT('Ctrl Pts',(-44.4720008923654,5.43326778759959,32.0168046876357));
#1723=CARTESIAN_POINT('Ctrl Pts',(-43.8032990066618,5.42590453911737,31.786860082392));
#1724=CARTESIAN_POINT('Ctrl Pts',(-42.9106238462054,5.41932176241531,31.4833196526723));
#1725=CARTESIAN_POINT('Ctrl Pts',(-42.0168209758062,5.41625179923552,31.1831061699592));
#1726=CARTESIAN_POINT('Ctrl Pts',(-41.1218461065073,5.41682444588108,30.8863416921158));
#1727=CARTESIAN_POINT('Ctrl Pts',(-40.2257308222666,5.4210067140204,30.5930019517381));
#1728=CARTESIAN_POINT('Ctrl Pts',(-39.4780905101392,5.42733876081484,30.3512604354406));
#1729=CARTESIAN_POINT('Ctrl Pts',(-38.8795177058205,5.43394370875053,30.1593362526477));
#1730=CARTESIAN_POINT('Ctrl Pts',(-37.9812381752193,5.4452794396785,29.8728154075004));
#1731=CARTESIAN_POINT('Ctrl Pts',(-37.2318802514723,5.45747323168294,29.6366800333644));
#1732=CARTESIAN_POINT('Ctrl Pts',(-36.6321278660083,5.4682851410838,29.4487970244291));
#1733=CARTESIAN_POINT('Ctrl Pts',(-36.0840308294815,6.44323822744839,31.2545143290277));
#1734=CARTESIAN_POINT('Ctrl Pts',(-36.0750816723325,6.44329215130966,31.2510283558314));
#1735=CARTESIAN_POINT('Ctrl Pts',(-36.0660674205437,6.44334273418256,31.2474932175467));
#1736=CARTESIAN_POINT('Ctrl Pts',(-36.0426809698181,6.4434624093354,31.2382487225857));
#1737=CARTESIAN_POINT('Ctrl Pts',(-36.0395448422875,6.44344468387923,31.2365033894218));
#1738=CARTESIAN_POINT('Ctrl Pts',(-36.018653642228,6.44372321605482,31.2275772353697));
#1739=CARTESIAN_POINT('Ctrl Pts',(-35.9894021538534,6.44465468102728,31.2148333556133));
#1740=CARTESIAN_POINT('Ctrl Pts',(-35.925164117548,6.44860197718319,31.1877194709568));
#1741=CARTESIAN_POINT('Ctrl Pts',(-35.8368016660259,6.46001982024655,31.1517611014628));
#1742=CARTESIAN_POINT('Ctrl Pts',(-35.7291835373321,6.48309569002527,31.1103860542174));
#1743=CARTESIAN_POINT('Ctrl Pts',(-35.589285503846,6.52574500232412,31.059645963846));
#1744=CARTESIAN_POINT('Ctrl Pts',(-35.418854264337,6.60162021347563,31.0035920642517));
#1745=CARTESIAN_POINT('Ctrl Pts',(-35.1638957485936,6.76750698414566,30.9326979198673));
#1746=CARTESIAN_POINT('Ctrl Pts',(-34.8904057558771,7.05197269029458,30.8842765971121));
#1747=CARTESIAN_POINT('Ctrl Pts',(-34.658817228126,7.48769004931878,30.9060884018601));
#1748=CARTESIAN_POINT('Ctrl Pts',(-34.581818536107,7.81191194137899,30.9856245433927));
#1749=CARTESIAN_POINT('Ctrl Pts',(-34.5607242920448,7.97628432719328,31.0431728661909));
#1750=CARTESIAN_POINT('Ctrl Pts',(-36.2940432790947,6.32250421054024,30.5771735095032));
#1751=CARTESIAN_POINT('Ctrl Pts',(-36.2866576691359,6.32243617878998,30.5744705799919));
#1752=CARTESIAN_POINT('Ctrl Pts',(-36.2792295754643,6.3223653945911,30.5717209326889));
#1753=CARTESIAN_POINT('Ctrl Pts',(-36.259916782689,6.3221736253678,30.5644894669617));
#1754=CARTESIAN_POINT('Ctrl Pts',(-36.2543612823938,6.32210474181939,30.5623182059019));
#1755=CARTESIAN_POINT('Ctrl Pts',(-36.232846029324,6.32211495363594,30.5541611558832));
#1756=CARTESIAN_POINT('Ctrl Pts',(-36.2003917847868,6.3227252961204,30.5418736223665));
#1757=CARTESIAN_POINT('Ctrl Pts',(-36.1313513813327,6.32617782282671,30.5160441039113));
#1758=CARTESIAN_POINT('Ctrl Pts',(-36.035184546247,6.33756211477417,30.4808124174231));
#1759=CARTESIAN_POINT('Ctrl Pts',(-35.919131112891,6.36155448256518,30.4394609686022));
#1760=CARTESIAN_POINT('Ctrl Pts',(-35.7684244154596,6.4066771794976,30.387278650727));
#1761=CARTESIAN_POINT('Ctrl Pts',(-35.5857848040724,6.48803014804579,30.3269057897784));
#1762=CARTESIAN_POINT('Ctrl Pts',(-35.3163146104122,6.66679818677006,30.2442355042218));
#1763=CARTESIAN_POINT('Ctrl Pts',(-35.0344237746966,6.97434401991257,30.171872074784));
#1764=CARTESIAN_POINT('Ctrl Pts',(-34.8204687796836,7.44000974948342,30.1509937897239));
#1765=CARTESIAN_POINT('Ctrl Pts',(-34.7759791202627,7.77759943017659,30.1917749254165));
#1766=CARTESIAN_POINT('Ctrl Pts',(-34.7778172925727,7.94337646692404,30.2274793801204));
#1767=CARTESIAN_POINT('Ctrl Pts',(-36.4883928496307,5.97679587183565,29.9368847211203));
#1768=CARTESIAN_POINT('Ctrl Pts',(-36.4825630361901,5.97678263583502,29.9349733257779));
#1769=CARTESIAN_POINT('Ctrl Pts',(-36.4767178115743,5.97676004378523,29.9330198786999));
#1770=CARTESIAN_POINT('Ctrl Pts',(-36.46144026262,5.97667943882611,29.9278215518111));
#1771=CARTESIAN_POINT('Ctrl Pts',(-36.4517172558832,5.97680664489554,29.9246700229444));
#1772=CARTESIAN_POINT('Ctrl Pts',(-36.4270501627331,5.97721345428146,29.9165009916428));
#1773=CARTESIAN_POINT('Ctrl Pts',(-36.3865200174316,5.97861610653369,29.9031442901691));
#1774=CARTESIAN_POINT('Ctrl Pts',(-36.3033862181628,5.98398491184629,29.8756823090203));
#1775=CARTESIAN_POINT('Ctrl Pts',(-36.1861987671728,5.99907668162205,29.8369730872479));
#1776=CARTESIAN_POINT('Ctrl Pts',(-36.0463466332746,6.02904677739109,29.7906914846079));
#1777=CARTESIAN_POINT('Ctrl Pts',(-35.8648247862927,6.08405407045514,29.7305300326235));
#1778=CARTESIAN_POINT('Ctrl Pts',(-35.6457461388758,6.18141251072325,29.6577565545009));
#1779=CARTESIAN_POINT('Ctrl Pts',(-35.3237732872394,6.39300123855509,29.5503024674338));
#1780=CARTESIAN_POINT('Ctrl Pts',(-34.9874203580726,6.7543145721286,29.4373465777344));
#1781=CARTESIAN_POINT('Ctrl Pts',(-34.7330258766599,7.30186935131394,29.3503573009379));
#1782=CARTESIAN_POINT('Ctrl Pts',(-34.6815162099689,7.70178989605606,29.3323936870274));
#1783=CARTESIAN_POINT('Ctrl Pts',(-34.6862413868307,7.89964440774816,29.3339800433715));
#1784=CARTESIAN_POINT('Ctrl Pts',(-36.6321278591602,5.46828514133373,29.4487970224171));
#1785=CARTESIAN_POINT('Ctrl Pts',(-36.6275894968021,5.46845079052838,29.4474636417353));
#1786=CARTESIAN_POINT('Ctrl Pts',(-36.6230619669081,5.46859626477056,29.4460978074802));
#1787=CARTESIAN_POINT('Ctrl Pts',(-36.6111134735958,5.4689274828822,29.4423984727798));
#1788=CARTESIAN_POINT('Ctrl Pts',(-36.5962540170372,5.46941139598004,29.4377937181555));
#1789=CARTESIAN_POINT('Ctrl Pts',(-36.5665522013586,5.47066762154831,29.4285728349435));
#1790=CARTESIAN_POINT('Ctrl Pts',(-36.5146385155997,5.47361859887964,29.4124128089667));
#1791=CARTESIAN_POINT('Ctrl Pts',(-36.4108456191229,5.48256502209009,29.37992888819));
#1792=CARTESIAN_POINT('Ctrl Pts',(-36.2633537517592,5.50398841047709,29.3332729622376));
#1793=CARTESIAN_POINT('Ctrl Pts',(-36.0886670780298,5.54356409544955,29.2772164818582));
#1794=CARTESIAN_POINT('Ctrl Pts',(-35.8617959696529,5.61385639696814,29.2033546808379));
#1795=CARTESIAN_POINT('Ctrl Pts',(-35.5883423189969,5.73502311223176,29.1122866276243));
#1796=CARTESIAN_POINT('Ctrl Pts',(-35.1849242890062,5.99448543459284,28.9732842776879));
#1797=CARTESIAN_POINT('Ctrl Pts',(-34.7578267472335,6.4330317685369,28.8162744968346));
#1798=CARTESIAN_POINT('Ctrl Pts',(-34.4142870252255,7.10251337538596,28.6683208717278));
#1799=CARTESIAN_POINT('Ctrl Pts',(-34.3200665320463,7.60230710138432,28.6033895875141));
#1800=CARTESIAN_POINT('Ctrl Pts',(-34.3082517284722,7.85571609474198,28.5798167435126));
#1801=CARTESIAN_POINT('',(-34.3082517284722,7.85571609474201,28.5798167435126));
#1802=CARTESIAN_POINT('',(-34.5607242920448,7.97628432719328,31.0431728661909));
#1803=CARTESIAN_POINT('Origin',(-31.179264923827,7.85571609474192,30.1480774285891));
#1804=CARTESIAN_POINT('',(-36.0571959026268,6.44338822952393,31.2439869848112));
#1805=CARTESIAN_POINT('Ctrl Pts',(-34.5607242920448,7.97628432719328,31.0431728661909));
#1806=CARTESIAN_POINT('Ctrl Pts',(-34.581818536107,7.81191194137899,30.9856245433927));
#1807=CARTESIAN_POINT('Ctrl Pts',(-34.658817228126,7.48769004931878,30.9060884018601));
#1808=CARTESIAN_POINT('Ctrl Pts',(-34.8904057558771,7.05197269029458,30.8842765971121));
#1809=CARTESIAN_POINT('Ctrl Pts',(-35.1638957485936,6.76750698414566,30.9326979198673));
#1810=CARTESIAN_POINT('Ctrl Pts',(-35.418854264337,6.60162021347563,31.0035920642517));
#1811=CARTESIAN_POINT('Ctrl Pts',(-35.589285503846,6.52574500232412,31.059645963846));
#1812=CARTESIAN_POINT('Ctrl Pts',(-35.7291835373321,6.48309569002527,31.1103860542174));
#1813=CARTESIAN_POINT('Ctrl Pts',(-35.8368016660259,6.46001982024655,31.1517611014628));
#1814=CARTESIAN_POINT('Ctrl Pts',(-35.925164117548,6.44860197718319,31.1877194709568));
#1815=CARTESIAN_POINT('Ctrl Pts',(-35.9894021538534,6.44465468102728,31.2148333556133));
#1816=CARTESIAN_POINT('Ctrl Pts',(-36.018653642228,6.44372321605482,31.2275772353697));
#1817=CARTESIAN_POINT('Ctrl Pts',(-36.0395411786669,6.4434447327245,31.2365018240717));
#1818=CARTESIAN_POINT('Ctrl Pts',(-36.0426787690297,6.4434623969209,31.2382474979581));
#1819=CARTESIAN_POINT('Ctrl Pts',(-36.0571961123033,6.44338813117757,31.2439864531379));
#1820=CARTESIAN_POINT('Ctrl Pts',(-36.0572267031964,6.44338797466014,31.24399854587));
#1821=CARTESIAN_POINT('Ctrl Pts',(-36.0660674205437,6.44334273418256,31.2474932175467));
#1822=CARTESIAN_POINT('Ctrl Pts',(-36.0750816723325,6.44329215130966,31.2510283558314));
#1823=CARTESIAN_POINT('Ctrl Pts',(-36.0840308294815,6.44323822744839,31.2545143290277));
#1824=CARTESIAN_POINT('Ctrl Pts',(-36.6321278591602,5.46828514133373,29.4487970224171));
#1825=CARTESIAN_POINT('Ctrl Pts',(-36.6275894968021,5.46845079052838,29.4474636417353));
#1826=CARTESIAN_POINT('Ctrl Pts',(-36.6230619669081,5.46859626477056,29.4460978074802));
#1827=CARTESIAN_POINT('Ctrl Pts',(-36.6111134735958,5.4689274828822,29.4423984727798));
#1828=CARTESIAN_POINT('Ctrl Pts',(-36.5962540170372,5.46941139598004,29.4377937181555));
#1829=CARTESIAN_POINT('Ctrl Pts',(-36.5665522013586,5.47066762154831,29.4285728349435));
#1830=CARTESIAN_POINT('Ctrl Pts',(-36.5146385155997,5.47361859887964,29.4124128089667));
#1831=CARTESIAN_POINT('Ctrl Pts',(-36.4108456191229,5.48256502209009,29.37992888819));
#1832=CARTESIAN_POINT('Ctrl Pts',(-36.2633537517592,5.50398841047709,29.3332729622376));
#1833=CARTESIAN_POINT('Ctrl Pts',(-36.0886670780298,5.54356409544955,29.2772164818582));
#1834=CARTESIAN_POINT('Ctrl Pts',(-35.8617959696529,5.61385639696814,29.2033546808379));
#1835=CARTESIAN_POINT('Ctrl Pts',(-35.5883423189969,5.73502311223176,29.1122866276243));
#1836=CARTESIAN_POINT('Ctrl Pts',(-35.1849242890062,5.99448543459284,28.9732842776879));
#1837=CARTESIAN_POINT('Ctrl Pts',(-34.7578267472335,6.4330317685369,28.8162744968346));
#1838=CARTESIAN_POINT('Ctrl Pts',(-34.4142870252255,7.10251337538596,28.6683208717278));
#1839=CARTESIAN_POINT('Ctrl Pts',(-34.3200665320463,7.60230710138432,28.6033895875141));
#1840=CARTESIAN_POINT('Ctrl Pts',(-34.3082517284722,7.85571609474198,28.5798167435126));
#1841=CARTESIAN_POINT('Ctrl Pts',(-34.5607242920448,7.9762843271933,31.0431728661909));
#1842=CARTESIAN_POINT('Ctrl Pts',(-34.5603394024347,7.97928349717017,31.044222903891));
#1843=CARTESIAN_POINT('Ctrl Pts',(-34.5599556956365,7.98221844876307,31.0453043029763));
#1844=CARTESIAN_POINT('Ctrl Pts',(-34.5589150598677,7.99057550751495,31.0482692626051));
#1845=CARTESIAN_POINT('Ctrl Pts',(-34.5570720644608,8.02783225019672,31.0509628019523));
#1846=CARTESIAN_POINT('Ctrl Pts',(-34.5536687850135,8.08727574828664,31.0569354150061));
#1847=CARTESIAN_POINT('Ctrl Pts',(-34.5475198629748,8.19882637248148,31.0671099840387));
#1848=CARTESIAN_POINT('Ctrl Pts',(-34.5351676302241,8.41610919942859,31.0877202781904));
#1849=CARTESIAN_POINT('Ctrl Pts',(-34.517008680922,8.72978618966725,31.1170725772497));
#1850=CARTESIAN_POINT('Ctrl Pts',(-34.4946757221195,9.10344477698513,31.1522137981791));
#1851=CARTESIAN_POINT('Ctrl Pts',(-34.4491911215178,9.85078974545578,31.2215806790838));
#1852=CARTESIAN_POINT('Ctrl Pts',(-34.3791146602605,10.9664558748954,31.3203442140818));
#1853=CARTESIAN_POINT('Ctrl Pts',(-34.298505182019,12.4380284602291,31.4225249589322));
#1854=CARTESIAN_POINT('Ctrl Pts',(-34.2488073709098,13.8975546357337,31.4814978034579));
#1855=CARTESIAN_POINT('Ctrl Pts',(-34.2422644744311,15.3510690721273,31.490446851307));
#1856=CARTESIAN_POINT('Ctrl Pts',(-34.2810537234308,16.8074973886612,31.4474197478143));
#1857=CARTESIAN_POINT('Ctrl Pts',(-34.3565406878395,18.2746655319615,31.3555589880011));
#1858=CARTESIAN_POINT('Ctrl Pts',(-34.4508517126417,19.7569702707127,31.2265738283761));
#1859=CARTESIAN_POINT('Ctrl Pts',(-34.5443986984402,21.2533792259177,31.0804796851113));
#1860=CARTESIAN_POINT('Ctrl Pts',(-34.5979893087529,22.2570927933375,30.9848535861093));
#1861=CARTESIAN_POINT('Ctrl Pts',(-34.6219950720305,22.7594972560536,30.9394927435947));
#1862=CARTESIAN_POINT('Ctrl Pts',(-34.7778172925727,7.94337646692405,30.2274793801205));
#1863=CARTESIAN_POINT('Ctrl Pts',(-34.777790100483,7.94808306820609,30.2281301062895));
#1864=CARTESIAN_POINT('Ctrl Pts',(-34.777773332659,7.95274244952655,30.2288131433137));
#1865=CARTESIAN_POINT('Ctrl Pts',(-34.7777471368753,7.9656021575683,30.230717067741));
#1866=CARTESIAN_POINT('Ctrl Pts',(-34.7773304845372,8.00122618074544,30.2323599993713));
#1867=CARTESIAN_POINT('Ctrl Pts',(-34.776708417522,8.06150731268391,30.2360777958196));
#1868=CARTESIAN_POINT('Ctrl Pts',(-34.7754967135856,8.17247639800299,30.2423968336014));
#1869=CARTESIAN_POINT('Ctrl Pts',(-34.7731012923202,8.39018415606073,30.2552872329574));
#1870=CARTESIAN_POINT('Ctrl Pts',(-34.7694621496425,8.70358682649765,30.273819166124));
#1871=CARTESIAN_POINT('Ctrl Pts',(-34.7649575010093,9.07767443490047,30.2963305591392));
#1872=CARTESIAN_POINT('Ctrl Pts',(-34.7556119770092,9.82586951494128,30.3413678940242));
#1873=CARTESIAN_POINT('Ctrl Pts',(-34.7399540689536,10.9442151873406,30.4077602729622));
#1874=CARTESIAN_POINT('Ctrl Pts',(-34.7212614401514,12.4228938140374,30.4800404730135));
#1875=CARTESIAN_POINT('Ctrl Pts',(-34.7092128876895,13.8917210216509,30.5233675946537));
#1876=CARTESIAN_POINT('Ctrl Pts',(-34.7078968705313,15.3555900517483,30.5302588392416));
#1877=CARTESIAN_POINT('Ctrl Pts',(-34.7179065401488,16.8219079624121,30.4988224973386));
#1878=CARTESIAN_POINT('Ctrl Pts',(-34.7359915614903,18.2971319061468,30.4332858281283));
#1879=CARTESIAN_POINT('Ctrl Pts',(-34.7570580473682,19.7843015562276,30.3452836896548));
#1880=CARTESIAN_POINT('Ctrl Pts',(-34.776158374907,21.2820191407326,30.250927492556));
#1881=CARTESIAN_POINT('Ctrl Pts',(-34.7867320830528,22.2847707011772,30.1926888360156));
#1882=CARTESIAN_POINT('Ctrl Pts',(-34.7910401845329,22.7864790247066,30.1657558636142));
#1883=CARTESIAN_POINT('Ctrl Pts',(-34.6862413868307,7.89964440774816,29.3339800433715));
#1884=CARTESIAN_POINT('Ctrl Pts',(-34.6862682998068,7.90661172215786,29.3340221590695));
#1885=CARTESIAN_POINT('Ctrl Pts',(-34.6863112228991,7.9135563466031,29.3340961416559));
#1886=CARTESIAN_POINT('Ctrl Pts',(-34.6864650534406,7.9323872850484,29.3343713186941));
#1887=CARTESIAN_POINT('Ctrl Pts',(-34.6864691602841,7.9657947427948,29.3343406513827));
#1888=CARTESIAN_POINT('Ctrl Pts',(-34.6865867862109,8.02711233949822,29.3344953178956));
#1889=CARTESIAN_POINT('Ctrl Pts',(-34.6867415987522,8.1371642344259,29.334669718668));
#1890=CARTESIAN_POINT('Ctrl Pts',(-34.687107976329,8.35514948829294,29.3351385051253));
#1891=CARTESIAN_POINT('Ctrl Pts',(-34.6876317977757,8.66776178315613,29.3358665269169));
#1892=CARTESIAN_POINT('Ctrl Pts',(-34.688390192185,9.04190557161082,29.3369243622669));
#1893=CARTESIAN_POINT('Ctrl Pts',(-34.6900474415442,9.7902217314065,29.3392837999972));
#1894=CARTESIAN_POINT('Ctrl Pts',(-34.6924004631664,10.9107921900198,29.343663595895));
#1895=CARTESIAN_POINT('Ctrl Pts',(-34.695944132925,12.3987992438855,29.349328543353));
#1896=CARTESIAN_POINT('Ctrl Pts',(-34.6982594765501,13.8820264514471,29.3532859720358));
#1897=CARTESIAN_POINT('Ctrl Pts',(-34.6989987279488,15.3629107531104,29.3547500810303));
#1898=CARTESIAN_POINT('Ctrl Pts',(-34.6979430475384,16.844914277824,29.3532513812851));
#1899=CARTESIAN_POINT('Ctrl Pts',(-34.6950136060269,18.331268672556,29.3487979497952));
#1900=CARTESIAN_POINT('Ctrl Pts',(-34.6913168751512,19.8233258664307,29.3426401989109));
#1901=CARTESIAN_POINT('Ctrl Pts',(-34.6880262640377,21.3205096914286,29.3373013729702));
#1902=CARTESIAN_POINT('Ctrl Pts',(-34.6873410863521,22.3207464691371,29.3356517867178));
#1903=CARTESIAN_POINT('Ctrl Pts',(-34.6869678586239,22.821037383919,29.3354294966905));
#1904=CARTESIAN_POINT('Ctrl Pts',(-34.3082517284722,7.85571609474198,28.5798167435126));
#1905=CARTESIAN_POINT('Ctrl Pts',(-34.3080361533074,7.86495528047543,28.5793866288943));
#1906=CARTESIAN_POINT('Ctrl Pts',(-34.3078374410851,7.87419649189647,28.5789901591445));
#1907=CARTESIAN_POINT('Ctrl Pts',(-34.3073487349613,7.89902843778982,28.5780150948409));
#1908=CARTESIAN_POINT('Ctrl Pts',(-34.3067352567976,7.93020660309189,28.5767910859134));
#1909=CARTESIAN_POINT('Ctrl Pts',(-34.3055088796621,7.99256339411267,28.5743442236596));
#1910=CARTESIAN_POINT('Ctrl Pts',(-34.3033644926181,8.10168869304528,28.5700657520836));
#1911=CARTESIAN_POINT('Ctrl Pts',(-34.2990846869989,8.31994317789457,28.5615267027812));
#1912=CARTESIAN_POINT('Ctrl Pts',(-34.2930079515218,8.63174621866286,28.5494024269488));
#1913=CARTESIAN_POINT('Ctrl Pts',(-34.2858138480381,9.00592775205243,28.5350487833957));
#1914=CARTESIAN_POINT('Ctrl Pts',(-34.2717085822641,9.75432730366427,28.5069060193113));
#1915=CARTESIAN_POINT('Ctrl Pts',(-34.2519254245782,10.8770723577675,28.4674347503173));
#1916=CARTESIAN_POINT('Ctrl Pts',(-34.2315594723237,12.374433723407,28.4268006921694));
#1917=CARTESIAN_POINT('Ctrl Pts',(-34.219960325852,13.8722038398651,28.4036581262679));
#1918=CARTESIAN_POINT('Ctrl Pts',(-34.2188277441767,15.370325239461,28.4013984043028));
#1919=CARTESIAN_POINT('Ctrl Pts',(-34.2283892950632,16.8681903325196,28.4204755684762));
#1920=CARTESIAN_POINT('Ctrl Pts',(-34.2473615443212,18.3657318452514,28.45832891655));
#1921=CARTESIAN_POINT('Ctrl Pts',(-34.273123353677,19.8626272314011,28.5097287649969));
#1922=CARTESIAN_POINT('Ctrl Pts',(-34.30244017198,21.3591911029023,28.5682215516217));
#1923=CARTESIAN_POINT('Ctrl Pts',(-34.3224414285745,22.3568635199127,28.6081279705967));
#1924=CARTESIAN_POINT('Ctrl Pts',(-34.3322325205477,22.8557160947601,28.6276631141341));
#1925=CARTESIAN_POINT('',(-34.2951542432162,20.9843051407838,28.5536846986747));
#1926=CARTESIAN_POINT('',(-34.2951542431248,8.52192638435034,28.5536846984924));
#1927=CARTESIAN_POINT('Ctrl Pts',(-34.295154243113,20.9843051302777,28.5536846984688));
#1928=CARTESIAN_POINT('Ctrl Pts',(-34.295154243113,18.7763158354801,28.5536846984688));
#1929=CARTESIAN_POINT('Ctrl Pts',(-34.2897682065583,17.0458014456411,28.551895112557));
#1930=CARTESIAN_POINT('Ctrl Pts',(-34.2901734913069,12.3942776775147,28.5520297740783));
#1931=CARTESIAN_POINT('Ctrl Pts',(-34.295154243113,10.6708770708431,28.5536846984688));
#1932=CARTESIAN_POINT('Ctrl Pts',(-34.295154243113,8.5219263855627,28.5536846984689));
#1933=CARTESIAN_POINT('',(-34.3322325205477,22.8557160947511,28.6276631141341));
#1934=CARTESIAN_POINT('Ctrl Pts',(-34.2951538446145,20.9843047263592,28.5536839033864));
#1935=CARTESIAN_POINT('Ctrl Pts',(-34.2976085030776,21.1092648428991,28.5585814271297));
#1936=CARTESIAN_POINT('Ctrl Pts',(-34.3099356937988,21.7330713805909,28.5831765837079));
#1937=CARTESIAN_POINT('Ctrl Pts',(-34.3224414285745,22.3568635199127,28.6081279705967));
#1938=CARTESIAN_POINT('Ctrl Pts',(-34.3322325205477,22.8557160947601,28.6276631141341));
#1939=CARTESIAN_POINT('',(-34.6219950720305,22.7594972560536,30.9394927435947));
#1940=CARTESIAN_POINT('Origin',(-31.2032457159025,22.8557160947601,30.1959237992105));
#1941=CARTESIAN_POINT('',(-34.5595689660502,7.9852983461056,31.0464090888013));
#1942=CARTESIAN_POINT('Ctrl Pts',(-34.6219950720305,22.7594972560536,30.9394927435947));
#1943=CARTESIAN_POINT('Ctrl Pts',(-34.5979893087529,22.2570927933375,30.9848535861093));
#1944=CARTESIAN_POINT('Ctrl Pts',(-34.5443986984402,21.2533792259177,31.0804796851113));
#1945=CARTESIAN_POINT('Ctrl Pts',(-34.4508517126417,19.7569702707127,31.2265738283761));
#1946=CARTESIAN_POINT('Ctrl Pts',(-34.3565406878395,18.2746655319615,31.3555589880011));
#1947=CARTESIAN_POINT('Ctrl Pts',(-34.2810537234308,16.8074973886612,31.4474197478143));
#1948=CARTESIAN_POINT('Ctrl Pts',(-34.2422644744311,15.3510690721273,31.490446851307));
#1949=CARTESIAN_POINT('Ctrl Pts',(-34.2488073709098,13.8975546357337,31.4814978034579));
#1950=CARTESIAN_POINT('Ctrl Pts',(-34.298505182019,12.4380284602291,31.4225249589322));
#1951=CARTESIAN_POINT('Ctrl Pts',(-34.3791146602605,10.9664558748954,31.3203442140818));
#1952=CARTESIAN_POINT('Ctrl Pts',(-34.4491911215178,9.85078974545578,31.2215806790838));
#1953=CARTESIAN_POINT('Ctrl Pts',(-34.4946757221195,9.10344477698513,31.1522137981791));
#1954=CARTESIAN_POINT('Ctrl Pts',(-34.517008680922,8.72978618966725,31.1170725772497));
#1955=CARTESIAN_POINT('Ctrl Pts',(-34.5351676302241,8.41610919942859,31.0877202781904));
#1956=CARTESIAN_POINT('Ctrl Pts',(-34.5475198629748,8.19882637248148,31.0671099840387));
#1957=CARTESIAN_POINT('Ctrl Pts',(-34.5536687850135,8.08727574828664,31.0569354150061));
#1958=CARTESIAN_POINT('Ctrl Pts',(-34.5570720644608,8.02783225019672,31.0509628019523));
#1959=CARTESIAN_POINT('Ctrl Pts',(-34.5589150598677,7.99057550751495,31.0482692626051));
#1960=CARTESIAN_POINT('Ctrl Pts',(-34.5595694601042,7.9853201997619,31.0464047579047));
#1961=CARTESIAN_POINT('Ctrl Pts',(-34.5595705649505,7.98531132823798,31.046401610094));
#1962=CARTESIAN_POINT('Ctrl Pts',(-34.5595716697674,7.98530245813788,31.0463984624643));
#1963=CARTESIAN_POINT('Ctrl Pts',(-34.5595683552355,7.98532907265801,31.0464079058757));
#1964=CARTESIAN_POINT('Ctrl Pts',(-34.5599556956412,7.98221844872711,31.0453043029631));
#1965=CARTESIAN_POINT('Ctrl Pts',(-34.5603394024371,7.9792834971518,31.0442229038846));
#1966=CARTESIAN_POINT('Ctrl Pts',(-34.5607242920448,7.9762843271933,31.0431728661909));
#1967=CARTESIAN_POINT('Ctrl Pts',(-34.3082517284722,7.85571609474198,28.5798167435126));
#1968=CARTESIAN_POINT('Ctrl Pts',(-34.3080361533074,7.86495528047543,28.5793866288943));
#1969=CARTESIAN_POINT('Ctrl Pts',(-34.3078374410851,7.87419649189647,28.5789901591445));
#1970=CARTESIAN_POINT('Ctrl Pts',(-34.3073487349613,7.89902843778982,28.5780150948409));
#1971=CARTESIAN_POINT('Ctrl Pts',(-34.3067352567976,7.93020660309189,28.5767910859134));
#1972=CARTESIAN_POINT('Ctrl Pts',(-34.3055088796621,7.99256339411267,28.5743442236596));
#1973=CARTESIAN_POINT('Ctrl Pts',(-34.3033644926181,8.10168869304528,28.5700657520836));
#1974=CARTESIAN_POINT('Ctrl Pts',(-34.2998024970303,8.28333748302075,28.5629588741911));
#1975=CARTESIAN_POINT('Ctrl Pts',(-34.2968663701283,8.43381129945917,28.5571007267412));
#1976=CARTESIAN_POINT('Ctrl Pts',(-34.2951542634464,8.52192641276096,28.553684739038));
#1977=CARTESIAN_POINT('Ctrl Pts',(-46.3092085049664,7.95279248732699,34.8202275291593));
#1978=CARTESIAN_POINT('Ctrl Pts',(-46.309318310494,7.94589303480801,34.8195261938846));
#1979=CARTESIAN_POINT('Ctrl Pts',(-46.3094327111698,7.93893728006522,34.8188120542577));
#1980=CARTESIAN_POINT('Ctrl Pts',(-46.3098346547201,7.91632561594647,34.8164282744159));
#1981=CARTESIAN_POINT('Ctrl Pts',(-46.3107121755888,7.91259842864541,34.8141561696387));
#1982=CARTESIAN_POINT('Ctrl Pts',(-46.312063993292,7.88949056450585,34.8090232504075));
#1983=CARTESIAN_POINT('Ctrl Pts',(-46.3140154694243,7.85691055832392,34.8003509925655));
#1984=CARTESIAN_POINT('Ctrl Pts',(-46.3157567539518,7.78607036550498,34.782825062714));
#1985=CARTESIAN_POINT('Ctrl Pts',(-46.3110403293811,7.6502188449933,34.7481822549998));
#1986=CARTESIAN_POINT('Ctrl Pts',(-46.2804509764105,7.45634058402232,34.6982429380022));
#1987=CARTESIAN_POINT('Ctrl Pts',(-46.2062894322523,7.23719124039048,34.6378441597972));
#1988=CARTESIAN_POINT('Ctrl Pts',(-46.0985469691564,7.03706849622669,34.5774309033612));
#1989=CARTESIAN_POINT('Ctrl Pts',(-45.9582736624026,6.85798735761183,34.5162730178562));
#1990=CARTESIAN_POINT('Ctrl Pts',(-45.8189554878848,6.73219028268868,34.4661239242261));
#1991=CARTESIAN_POINT('Ctrl Pts',(-45.6949993166233,6.64584444336465,34.4266307743421));
#1992=CARTESIAN_POINT('Ctrl Pts',(-45.5971498830444,6.58943810541572,34.3978099433304));
#1993=CARTESIAN_POINT('Ctrl Pts',(-45.4942611673669,6.54118199441097,34.3697443926695));
#1994=CARTESIAN_POINT('Ctrl Pts',(-45.2795431880595,6.46155846841372,34.3156722282687));
#1995=CARTESIAN_POINT('Ctrl Pts',(-45.0865701327192,6.43423256716686,34.2764121607162));
#1996=CARTESIAN_POINT('Ctrl Pts',(-44.9295022546555,6.43576336170924,34.2516781189106));
#1997=CARTESIAN_POINT('Ctrl Pts',(-46.6370391344794,7.92555558142665,34.1004898823954));
#1998=CARTESIAN_POINT('Ctrl Pts',(-46.637242531643,7.91990897051102,34.1001780269952));
#1999=CARTESIAN_POINT('Ctrl Pts',(-46.6374510387837,7.91422167860333,34.0998518519416));
#2000=CARTESIAN_POINT('Ctrl Pts',(-46.6381573881119,7.89569210690922,34.0987358381304));
#2001=CARTESIAN_POINT('Ctrl Pts',(-46.639048249605,7.88986102162329,34.0976931484802));
#2002=CARTESIAN_POINT('Ctrl Pts',(-46.6406388986085,7.86690719463724,34.0952827956377));
#2003=CARTESIAN_POINT('Ctrl Pts',(-46.6428463590845,7.83234213650795,34.0911303499309));
#2004=CARTESIAN_POINT('Ctrl Pts',(-46.6449924676087,7.75891748509678,34.0823759944826));
#2005=CARTESIAN_POINT('Ctrl Pts',(-46.6402676557461,7.61582659945947,34.063632969733));
#2006=CARTESIAN_POINT('Ctrl Pts',(-46.6074852418121,7.4102940264634,34.0323302592326));
#2007=CARTESIAN_POINT('Ctrl Pts',(-46.5275608310965,7.175747344215,33.9876633724854));
#2008=CARTESIAN_POINT('Ctrl Pts',(-46.4113984825297,6.96078551390081,33.9367011526553));
#2009=CARTESIAN_POINT('Ctrl Pts',(-46.260513867117,6.76814391788735,33.8792906377591));
#2010=CARTESIAN_POINT('Ctrl Pts',(-46.1111368336292,6.63301608315242,33.8277092823578));
#2011=CARTESIAN_POINT('Ctrl Pts',(-45.9788604065872,6.54086105971606,33.7845795215299));
#2012=CARTESIAN_POINT('Ctrl Pts',(-45.8747524825512,6.48096444559879,33.7518080304905));
#2013=CARTESIAN_POINT('Ctrl Pts',(-45.7656460162088,6.43010299916444,33.7185878320632));
#2014=CARTESIAN_POINT('Ctrl Pts',(-45.5389744083212,6.34733189082354,33.6518673729705));
#2015=CARTESIAN_POINT('Ctrl Pts',(-45.3368528085978,6.32078808577144,33.5971470188802));
#2016=CARTESIAN_POINT('Ctrl Pts',(-45.1757153357614,6.32666102752089,33.5575827233594));
#2017=CARTESIAN_POINT('Ctrl Pts',(-47.2167143180035,7.89069620544164,33.498755572489));
#2018=CARTESIAN_POINT('Ctrl Pts',(-47.2167427766677,7.88630865925772,33.498784043319));
#2019=CARTESIAN_POINT('Ctrl Pts',(-47.2167800710021,7.88190035133215,33.4987977823524));
#2020=CARTESIAN_POINT('Ctrl Pts',(-47.2169303858951,7.86745412126686,33.4987961736706));
#2021=CARTESIAN_POINT('Ctrl Pts',(-47.2169667013881,7.85732524894851,33.4988590409387));
#2022=CARTESIAN_POINT('Ctrl Pts',(-47.2168688556292,7.83140770565405,33.498861702008));
#2023=CARTESIAN_POINT('Ctrl Pts',(-47.2160486224123,7.78886560124566,33.4986901478109));
#2024=CARTESIAN_POINT('Ctrl Pts',(-47.2119423865902,7.70165428188059,33.4975208668506));
#2025=CARTESIAN_POINT('Ctrl Pts',(-47.1939243616832,7.52985661996994,33.492003821711));
#2026=CARTESIAN_POINT('Ctrl Pts',(-47.1397105504274,7.28514876541549,33.4747433791905));
#2027=CARTESIAN_POINT('Ctrl Pts',(-47.030599925101,7.00614521574978,33.4393794036591));
#2028=CARTESIAN_POINT('Ctrl Pts',(-46.88249068975,6.75092185159422,33.3908612411182));
#2029=CARTESIAN_POINT('Ctrl Pts',(-46.6966535603201,6.5217297400427,33.3295431744167));
#2030=CARTESIAN_POINT('Ctrl Pts',(-46.5164128571045,6.36013500114505,33.2697323224578));
#2031=CARTESIAN_POINT('Ctrl Pts',(-46.3583515938075,6.24924704581936,33.2171181070902));
#2032=CARTESIAN_POINT('Ctrl Pts',(-46.2346034729489,6.17666410844685,33.1758465341358));
#2033=CARTESIAN_POINT('Ctrl Pts',(-46.1054640998031,6.11439123123566,33.1327054086014));
#2034=CARTESIAN_POINT('Ctrl Pts',(-45.8381086194807,6.01158323069018,33.0432650624141));
#2035=CARTESIAN_POINT('Ctrl Pts',(-45.6014982602163,5.97380422284021,32.9638587721246));
#2036=CARTESIAN_POINT('Ctrl Pts',(-45.4133341717396,5.97524915724166,32.9006913377749));
#2037=CARTESIAN_POINT('Ctrl Pts',(-47.9234879951667,7.85571609473127,33.144517782321));
#2038=CARTESIAN_POINT('Ctrl Pts',(-47.9232170771907,7.85231550823705,33.1446535674927));
#2039=CARTESIAN_POINT('Ctrl Pts',(-47.9229597423387,7.84891485534774,33.1447769243698));
#2040=CARTESIAN_POINT('Ctrl Pts',(-47.9221529510849,7.83765525915771,33.1451440421254));
#2041=CARTESIAN_POINT('Ctrl Pts',(-47.9209602202922,7.82194203828873,33.1456298792249));
#2042=CARTESIAN_POINT('Ctrl Pts',(-47.9183074718223,7.79053272023523,33.1464946465654));
#2043=CARTESIAN_POINT('Ctrl Pts',(-47.9129696385948,7.73563960544001,33.1477283278161));
#2044=CARTESIAN_POINT('Ctrl Pts',(-47.8994870219256,7.62613945916553,33.1490698225919));
#2045=CARTESIAN_POINT('Ctrl Pts',(-47.8615826383754,7.40957819169791,33.1473028455316));
#2046=CARTESIAN_POINT('Ctrl Pts',(-47.7754548329018,7.10496111874153,33.1320206592031));
#2047=CARTESIAN_POINT('Ctrl Pts',(-47.6230457740343,6.75964307287346,33.0936888835139));
#2048=CARTESIAN_POINT('Ctrl Pts',(-47.4277039249801,6.44503550623223,33.0373997613531));
#2049=CARTESIAN_POINT('Ctrl Pts',(-47.1900986280958,6.16208079500307,32.9635871412038));
#2050=CARTESIAN_POINT('Ctrl Pts',(-46.9638934284943,5.96130081491096,32.8897662668054));
#2051=CARTESIAN_POINT('Ctrl Pts',(-46.7669645972211,5.82214585854787,32.8236876079422));
#2052=CARTESIAN_POINT('Ctrl Pts',(-46.613363980027,5.73014163455251,32.7713038150224));
#2053=CARTESIAN_POINT('Ctrl Pts',(-46.4534731007707,5.65006491358646,32.7159693603931));
#2054=CARTESIAN_POINT('Ctrl Pts',(-46.1227882339412,5.51506040199559,32.5999222156425));
#2055=CARTESIAN_POINT('Ctrl Pts',(-45.8310783219681,5.45783230693441,32.4942621381067));
#2056=CARTESIAN_POINT('Ctrl Pts',(-45.5967598800026,5.44896343435489,32.4070609434593));
#2057=CARTESIAN_POINT('',(-46.3095538103296,7.93208440805115,34.818091175828));
#2058=CARTESIAN_POINT('Ctrl Pts',(-44.9295022546555,6.43576336170924,34.2516781189106));
#2059=CARTESIAN_POINT('Ctrl Pts',(-45.0865701327192,6.43423256716686,34.2764121607162));
#2060=CARTESIAN_POINT('Ctrl Pts',(-45.2795431880595,6.46155846841372,34.3156722282687));
#2061=CARTESIAN_POINT('Ctrl Pts',(-45.4942611673669,6.54118199441097,34.3697443926695));
#2062=CARTESIAN_POINT('Ctrl Pts',(-45.5971498830444,6.58943810541572,34.3978099433304));
#2063=CARTESIAN_POINT('Ctrl Pts',(-45.6949993166233,6.64584444336465,34.4266307743421));
#2064=CARTESIAN_POINT('Ctrl Pts',(-45.8189554878848,6.73219028268868,34.4661239242261));
#2065=CARTESIAN_POINT('Ctrl Pts',(-45.9582736624026,6.85798735761183,34.5162730178562));
#2066=CARTESIAN_POINT('Ctrl Pts',(-46.0985469691564,7.03706849622669,34.5774309033612));
#2067=CARTESIAN_POINT('Ctrl Pts',(-46.2062894322523,7.23719124039048,34.6378441597972));
#2068=CARTESIAN_POINT('Ctrl Pts',(-46.2804509764105,7.45634058402232,34.6982429380022));
#2069=CARTESIAN_POINT('Ctrl Pts',(-46.3110403293811,7.6502188449933,34.7481822549998));
#2070=CARTESIAN_POINT('Ctrl Pts',(-46.3157567539518,7.78607036550498,34.782825062714));
#2071=CARTESIAN_POINT('Ctrl Pts',(-46.3140154694243,7.85691055832392,34.8003509925655));
#2072=CARTESIAN_POINT('Ctrl Pts',(-46.312063993292,7.88949056450585,34.8090232504075));
#2073=CARTESIAN_POINT('Ctrl Pts',(-46.3107123401078,7.91259561637077,34.8141555449519));
#2074=CARTESIAN_POINT('Ctrl Pts',(-46.3098350818926,7.9163238010573,34.8164271683192));
#2075=CARTESIAN_POINT('Ctrl Pts',(-46.3095545243824,7.93208459409567,34.8180896257937));
#2076=CARTESIAN_POINT('Ctrl Pts',(-46.3095541145621,7.93210763264931,34.8180920552452));
#2077=CARTESIAN_POINT('Ctrl Pts',(-46.3094327111698,7.93893728006522,34.8188120542577));
#2078=CARTESIAN_POINT('Ctrl Pts',(-46.309318310494,7.94589303480801,34.8195261938846));
#2079=CARTESIAN_POINT('Ctrl Pts',(-46.3092085049664,7.95279248732699,34.8202275291593));
#2080=CARTESIAN_POINT('Ctrl Pts',(-47.9234879951667,7.85571609473127,33.144517782321));
#2081=CARTESIAN_POINT('Ctrl Pts',(-47.9232170771907,7.85231550823705,33.1446535674927));
#2082=CARTESIAN_POINT('Ctrl Pts',(-47.9229597423387,7.84891485534774,33.1447769243698));
#2083=CARTESIAN_POINT('Ctrl Pts',(-47.9221529510849,7.83765525915771,33.1451440421254));
#2084=CARTESIAN_POINT('Ctrl Pts',(-47.9209602202922,7.82194203828873,33.1456298792249));
#2085=CARTESIAN_POINT('Ctrl Pts',(-47.9183074718223,7.79053272023523,33.1464946465654));
#2086=CARTESIAN_POINT('Ctrl Pts',(-47.9129696385948,7.73563960544001,33.1477283278161));
#2087=CARTESIAN_POINT('Ctrl Pts',(-47.8994870219256,7.62613945916553,33.1490698225919));
#2088=CARTESIAN_POINT('Ctrl Pts',(-47.8615826383754,7.40957819169791,33.1473028455316));
#2089=CARTESIAN_POINT('Ctrl Pts',(-47.7754548329018,7.10496111874153,33.1320206592031));
#2090=CARTESIAN_POINT('Ctrl Pts',(-47.6230457740343,6.75964307287346,33.0936888835139));
#2091=CARTESIAN_POINT('Ctrl Pts',(-47.4277039249801,6.44503550623223,33.0373997613531));
#2092=CARTESIAN_POINT('Ctrl Pts',(-47.1900986280958,6.16208079500307,32.9635871412038));
#2093=CARTESIAN_POINT('Ctrl Pts',(-46.9638934284943,5.96130081491096,32.8897662668054));
#2094=CARTESIAN_POINT('Ctrl Pts',(-46.7669645972211,5.82214585854787,32.8236876079422));
#2095=CARTESIAN_POINT('Ctrl Pts',(-46.613363980027,5.73014163455251,32.7713038150224));
#2096=CARTESIAN_POINT('Ctrl Pts',(-46.4534731007707,5.65006491358646,32.7159693603931));
#2097=CARTESIAN_POINT('Ctrl Pts',(-46.1227882339412,5.51506040199559,32.5999222156425));
#2098=CARTESIAN_POINT('Ctrl Pts',(-45.8310783219681,5.45783230693441,32.4942621381067));
#2099=CARTESIAN_POINT('Ctrl Pts',(-45.5967598800026,5.44896343435489,32.4070609434593));
#2100=CARTESIAN_POINT('Ctrl Pts',(-34.6219950720307,22.7594972560592,30.9394927435942));
#2101=CARTESIAN_POINT('Ctrl Pts',(-34.6223216151563,22.7663313117677,30.938875713795));
#2102=CARTESIAN_POINT('Ctrl Pts',(-34.6226502841002,22.773166944981,30.9382472222936));
#2103=CARTESIAN_POINT('Ctrl Pts',(-34.6229811913942,22.780007259305,30.9376070190354));
#2104=CARTESIAN_POINT('Ctrl Pts',(-34.7910401845328,22.7864790247075,30.1657558636139));
#2105=CARTESIAN_POINT('Ctrl Pts',(-34.7910674408352,22.7920730492212,30.1653901328712));
#2106=CARTESIAN_POINT('Ctrl Pts',(-34.7910984740507,22.7976676308361,30.1650110399905));
#2107=CARTESIAN_POINT('Ctrl Pts',(-34.7911333359496,22.8032675308942,30.1646184867069));
#2108=CARTESIAN_POINT('Ctrl Pts',(-34.6869678586238,22.8210373839153,29.3354294966905));
#2109=CARTESIAN_POINT('Ctrl Pts',(-34.6869323581381,22.8253849605646,29.3354342020553));
#2110=CARTESIAN_POINT('Ctrl Pts',(-34.6868985517533,22.8297320037932,29.3354223764582));
#2111=CARTESIAN_POINT('Ctrl Pts',(-34.6868665074104,22.8340849248976,29.3353941244371));
#2112=CARTESIAN_POINT('Ctrl Pts',(-34.3322325205478,22.8557160947527,28.6276631141343));
#2113=CARTESIAN_POINT('Ctrl Pts',(-34.3323657058058,22.8590859240016,28.6279288447739));
#2114=CARTESIAN_POINT('Ctrl Pts',(-34.3324954657869,22.8624535305785,28.6281767413786));
#2115=CARTESIAN_POINT('Ctrl Pts',(-34.3326219504469,22.8658266445894,28.6284070579661));
#2116=CARTESIAN_POINT('Ctrl Pts',(-34.6229811913942,22.780007259305,30.9376070190354));
#2117=CARTESIAN_POINT('Ctrl Pts',(-34.6226502841002,22.773166944981,30.9382472222936));
#2118=CARTESIAN_POINT('Ctrl Pts',(-34.6223216151563,22.7663313117677,30.938875713795));
#2119=CARTESIAN_POINT('Ctrl Pts',(-34.6219950720307,22.7594972560592,30.9394927435942));
#2120=CARTESIAN_POINT('Ctrl Pts',(-34.3322325205478,22.8557160947527,28.6276631141343));
#2121=CARTESIAN_POINT('Ctrl Pts',(-34.3323656858026,22.8590854178837,28.6279288048635));
#2122=CARTESIAN_POINT('Ctrl Pts',(-34.3324954268092,22.8624525190104,28.6281766669145));
#2123=CARTESIAN_POINT('Ctrl Pts',(-34.3326218934562,22.8658251247561,28.6284069541906));
#2124=CARTESIAN_POINT('Origin',(-47.3664795551612,19.1057160947421,33.4236926373954));
#2125=CARTESIAN_POINT('',(-47.9986303516777,22.855716094742,33.1068561330851));
#2126=CARTESIAN_POINT('',(-46.7343287586446,22.855716094742,33.7405291417056));
#2127=CARTESIAN_POINT('',(-47.9986303516777,19.1057160947421,33.1068561330851));
#2128=CARTESIAN_POINT('Origin',(-45.4685049535077,22.8557160947421,32.7930640529828));
#2129=CARTESIAN_POINT('',(-45.6261620996108,25.3557160947421,32.3185704025694));
#2130=CARTESIAN_POINT('',(-45.3108478074045,24.3557160947421,33.2675577033962));
#2131=CARTESIAN_POINT('Origin',(-45.6261620996108,22.8557160947421,32.3185704025694));
#2132=CARTESIAN_POINT('Origin',(-38.7496002501845,24.8557160947421,30.5606140727942));
#2133=CARTESIAN_POINT('',(-36.6676224951799,25.3557160947421,29.3419704289846));
#2134=CARTESIAN_POINT('',(-36.3523082029736,24.3557160947421,30.2909577298113));
#2135=CARTESIAN_POINT('',(-38.9072573962876,25.3557160947421,30.0861204223808));
#2136=CARTESIAN_POINT('Origin',(-36.5099653490767,22.8557160947421,29.816464079398));
#2137=CARTESIAN_POINT('',(-34.295154243113,22.8557160947421,28.5536846984688));
#2138=CARTESIAN_POINT('',(-34.9288272517335,22.8557160947421,29.8179862915019));
#2139=CARTESIAN_POINT('Origin',(-36.6676224951799,22.8557160947421,29.3419704289846));
#2140=CARTESIAN_POINT('Origin',(-41.1468922973954,15.3557160947421,30.830270415777));
#2141=CARTESIAN_POINT('',(-54.4327145089699,26.3557160947421,35.2446705066652));
#2142=CARTESIAN_POINT('',(-56.3306891106234,24.3557160947421,35.8752990910778));
#2143=CARTESIAN_POINT('Origin',(-54.4327145089699,24.3557160947421,35.2446705066652));
#2144=CARTESIAN_POINT('',(-56.3306891106234,6.35571609474207,35.8752990910778));
#2145=CARTESIAN_POINT('',(-56.3306891106234,6.35571609474207,35.8752990910778));
#2146=CARTESIAN_POINT('',(-54.4327145089699,4.35571609474208,35.2446705066652));
#2147=CARTESIAN_POINT('Origin',(-54.4327145089699,6.35571609474207,35.2446705066652));
#2148=CARTESIAN_POINT('',(-27.8610700858209,4.35571609474207,26.4158703248888));
#2149=CARTESIAN_POINT('',(-27.8610700858209,4.35571609474207,26.4158703248888));
#2150=CARTESIAN_POINT('',(-25.9630954841674,6.35571609474207,25.7852417404762));
#2151=CARTESIAN_POINT('Origin',(-27.8610700858209,6.35571609474207,26.4158703248888));
#2152=CARTESIAN_POINT('',(-25.9630954841674,24.3557160947421,25.7852417404762));
#2153=CARTESIAN_POINT('',(-25.9630954841674,24.3557160947421,25.7852417404762));
#2154=CARTESIAN_POINT('',(-27.8610700858209,26.3557160947421,26.4158703248888));
#2155=CARTESIAN_POINT('Origin',(-27.8610700858209,24.3557160947421,26.4158703248888));
#2156=CARTESIAN_POINT('',(-54.4327145089699,26.3557160947421,35.2446705066652));
#2157=CARTESIAN_POINT('',(-51.7281504439268,15.3557160947421,34.3460413014559));
#2158=CARTESIAN_POINT('Origin',(-53.2465301252496,15.3557160947421,34.850544168986));
#2159=CARTESIAN_POINT('',(-27.5289742728447,15.3557160947421,26.3055268501953));
#2160=CARTESIAN_POINT('Origin',(-29.0473539541675,15.3557160947421,26.8100297177254));
#2161=CARTESIAN_POINT('',(-34.295154243113,11.6057160947421,28.5536846984688));
#2162=CARTESIAN_POINT('',(-34.295154243113,7.85571609474204,28.5536846984688));
#2163=CARTESIAN_POINT('',(-34.295154243113,11.6057160947421,28.5536846984688));
#2164=CARTESIAN_POINT('',(-36.6676224951799,5.35571609474205,29.3419704289846));
#2165=CARTESIAN_POINT('Origin',(-36.6676224951799,7.85571609474204,29.3419704289846));
#2166=CARTESIAN_POINT('',(-45.6261620996108,5.35571609474204,32.3185704025694));
#2167=CARTESIAN_POINT('',(-43.3865271985031,5.35571609474204,31.5744204091732));
#2168=CARTESIAN_POINT('',(-47.9986303516777,7.85571609474204,33.1068561330852));
#2169=CARTESIAN_POINT('Origin',(-45.6261620996108,7.85571609474204,32.3185704025694));
#2170=CARTESIAN_POINT('',(-47.9986303516777,19.1057160947421,33.1068561330851));
#2171=CARTESIAN_POINT('Origin',(-34.6119907474232,11.6057160947421,29.1858354949854));
#2172=CARTESIAN_POINT('Origin',(-47.3664795551612,19.1057160947421,33.4236926373954));
#2173=CARTESIAN_POINT('',(-47.9986303516777,7.85571609474204,33.1068561330852));
#2174=CARTESIAN_POINT('Origin',(-34.6119907474232,11.6057160947421,29.1858354949854));
#2175=CARTESIAN_POINT('',(-34.9288272517335,7.85571609474204,29.8179862915019));
#2176=CARTESIAN_POINT('Origin',(-36.5099653490768,7.85571609474204,29.816464079398));
#2177=CARTESIAN_POINT('',(-36.3523082029736,6.35571609474205,30.2909577298113));
#2178=CARTESIAN_POINT('Origin',(-43.2288700523999,5.85571609474204,32.0489140595866));
#2179=CARTESIAN_POINT('',(-45.3108478074045,6.35571609474204,33.2675577033962));
#2180=CARTESIAN_POINT('Origin',(-45.4685049535077,7.85571609474204,32.7930640529828));
#2181=CARTESIAN_POINT('Origin',(-37.2054636448166,15.3557160947421,42.6926116761114));
#2182=CARTESIAN_POINT('',(-29.9778511075542,15.3557160947421,40.8180138495879));
#2183=CARTESIAN_POINT('Origin',(-37.0478064987135,15.3557160947421,43.1671053265248));
#2184=CARTESIAN_POINT('',(-30.2931653997605,15.3557160947421,39.8690265487611));
#2185=CARTESIAN_POINT('Origin',(-30.2308802970507,15.3557160947421,40.3752088933568));
#2186=CARTESIAN_POINT('Origin',(-37.3631207909198,15.3557160947421,42.218118025698));
#2187=CARTESIAN_POINT('Origin',(-37.9937493753324,15.3557160947421,40.3201434240445));
#2188=CARTESIAN_POINT('',(-29.3472225231416,15.3557160947421,42.7159884512413));
#2189=CARTESIAN_POINT('Origin',(-36.4171779143009,15.3557160947421,45.0650799281783));
#2190=CARTESIAN_POINT('',(-30.9237939841731,15.3557160947421,37.9710519471076));
#2191=CARTESIAN_POINT('Origin',(-37.9937493753324,15.3557160947421,40.3201434240445));
#2192=CARTESIAN_POINT('',(-30.9237939841731,15.3557160947421,37.9710519471076));
#2193=CARTESIAN_POINT('',(-30.9237939841731,15.3557160947421,37.9710519471076));
#2194=CARTESIAN_POINT('',(-33.4805109969855,21.0902099352258,38.8205569031427));
#2195=CARTESIAN_POINT('Origin',(-37.9937493753324,15.3557160947421,40.3201434240445));
#2196=CARTESIAN_POINT('Origin',(-37.9937493753324,15.3557160947421,40.3201434240445));
#2197=CARTESIAN_POINT('Origin',(-36.4171779143009,15.3557160947421,45.0650799281783));
#2198=CARTESIAN_POINT('',(-30.2962098239684,15.3557160947421,43.0313027434476));
#2199=CARTESIAN_POINT('Origin',(-36.4171779143009,15.3557160947421,45.0650799281783));
#2200=CARTESIAN_POINT('Origin',(-38.3090636675387,15.3557160947421,39.3711561232178));
#2201=CARTESIAN_POINT('',(-43.6522904978468,12.2095663591278,41.1465185218234));
#2202=CARTESIAN_POINT('',(-43.9264109174116,17.9171698807394,41.2375997103733));
#2203=CARTESIAN_POINT('Ctrl Pts',(-43.6524378404173,12.20948515034,41.1465668624835));
#2204=CARTESIAN_POINT('Ctrl Pts',(-43.8834851610757,12.6744665124225,41.2233355635147));
#2205=CARTESIAN_POINT('Ctrl Pts',(-44.0595425576233,13.1631395073037,41.2818330938101));
#2206=CARTESIAN_POINT('Ctrl Pts',(-44.3976991584134,14.5532593867861,41.3941903499506));
#2207=CARTESIAN_POINT('Ctrl Pts',(-44.4396199352978,15.4685149899109,41.4081191138872));
#2208=CARTESIAN_POINT('Ctrl Pts',(-44.2492956038516,16.8919595737148,41.3448811951001));
#2209=CARTESIAN_POINT('Ctrl Pts',(-44.115602707846,17.4190139079563,41.3004598621273));
#2210=CARTESIAN_POINT('Ctrl Pts',(-43.9266336192725,17.9172635599935,41.2376722417234));
#2211=CARTESIAN_POINT('Origin',(-38.3090636675387,15.3557160947421,39.3711561232178));
#2212=CARTESIAN_POINT('Origin',(-37.9937493753324,15.3557160947421,40.3201434240445));
#2213=CARTESIAN_POINT('',(-32.1880955772062,15.3557160947421,37.3373789384871));
#2214=CARTESIAN_POINT('',(-31.8727812849999,15.3557160947421,38.2863662393139));
#2215=CARTESIAN_POINT('',(-32.6916766792411,12.7942229678822,37.5047018248188));
#2216=CARTESIAN_POINT('Origin',(-38.3090636675387,15.3557160947421,39.3711561232178));
#2217=CARTESIAN_POINT('Origin',(-38.3090636675387,15.3557160947421,39.3711561232178));
#2218=CARTESIAN_POINT('',(-32.9659629793491,18.5018488230736,37.5958370855323));
#2219=CARTESIAN_POINT('Origin',(-38.3090636675387,15.3557160947421,39.3711561232178));
#2220=CARTESIAN_POINT('Origin',(-38.3090636675387,15.3557160947421,39.3711561232178));
#2221=CARTESIAN_POINT('Origin',(-38.3090636675387,15.3557160947421,39.3711561232178));
#2222=CARTESIAN_POINT('',(-32.5774212240073,17.5460222694823,37.4667378252203));
#2223=CARTESIAN_POINT('Ctrl Pts',(-32.9657112561326,18.5019880773864,37.5957526145054));
#2224=CARTESIAN_POINT('Ctrl Pts',(-32.8122211558509,18.1930644578468,37.5447533837582));
#2225=CARTESIAN_POINT('Ctrl Pts',(-32.6827719421972,17.8732085204413,37.5017420735496));
#2226=CARTESIAN_POINT('Ctrl Pts',(-32.5774212240073,17.5460222694823,37.4667378252203));
#2227=CARTESIAN_POINT('Ctrl Pts',(-32.5774212240073,17.5460222694823,37.4667378252203));
#2228=CARTESIAN_POINT('Ctrl Pts',(-32.3622332219374,16.8777159032961,37.3952386044143));
#2229=CARTESIAN_POINT('Ctrl Pts',(-32.2467351959767,16.1761557027403,37.3568627712758));
#2230=CARTESIAN_POINT('Ctrl Pts',(-32.219666809116,14.7663042069931,37.3478689214775));
#2231=CARTESIAN_POINT('Ctrl Pts',(-32.3079888447526,14.0745282761374,37.3772151520632));
#2232=CARTESIAN_POINT('Ctrl Pts',(-32.5459347206411,13.2072157645366,37.4562759944726));
#2233=CARTESIAN_POINT('Ctrl Pts',(-32.6141647046402,12.9980662820328,37.4789463601279));
#2234=CARTESIAN_POINT('Ctrl Pts',(-32.6915017142438,12.7941491518039,37.5046426623052));
#2235=CARTESIAN_POINT('Origin',(-38.3090636675387,15.3557160947421,39.3711561232178));
#2236=CARTESIAN_POINT('Ctrl Pts',(-32.6915017142438,12.7941491518039,37.5046426623052));
#2237=CARTESIAN_POINT('Ctrl Pts',(-32.9134791036529,12.2088538002507,37.5783977519322));
#2238=CARTESIAN_POINT('Ctrl Pts',(-33.2105274897991,11.6666830493118,37.6770962292955));
#2239=CARTESIAN_POINT('Ctrl Pts',(-33.9516592226152,10.6719661795183,37.9233476043781));
#2240=CARTESIAN_POINT('Ctrl Pts',(-34.3775003504966,10.2591864307636,38.0648392699813));
#2241=CARTESIAN_POINT('Ctrl Pts',(-35.1949770573558,9.70244478005002,38.3364573295632));
#2242=CARTESIAN_POINT('Ctrl Pts',(-36.0026515376272,9.19208401999434,38.6048184623813));
#2243=CARTESIAN_POINT('Ctrl Pts',(-38.005368921209,8.80633714870878,39.2702492998048));
#2244=CARTESIAN_POINT('Ctrl Pts',(-38.851053047376,8.82404849363106,39.5512396686328));
#2245=CARTESIAN_POINT('Ctrl Pts',(-40.3242980313608,9.15214967341781,40.040745902243));
#2246=CARTESIAN_POINT('Ctrl Pts',(-40.8241954815577,9.37870608020668,40.2068438158266));
#2247=CARTESIAN_POINT('Ctrl Pts',(-41.2451215138729,9.59905398181616,40.3467023722424));
#2248=CARTESIAN_POINT('Ctrl Pts',(-41.3570598809181,9.66331068397193,40.3838954589196));
#2249=CARTESIAN_POINT('Ctrl Pts',(-42.2454452911914,10.217634833771,40.6790739261158));
#2250=CARTESIAN_POINT('Ctrl Pts',(-42.7791285003883,10.8390001149414,40.8563976303047));
#2251=CARTESIAN_POINT('Ctrl Pts',(-43.3237037626082,11.6063406100633,41.0373403712774));
#2252=CARTESIAN_POINT('Ctrl Pts',(-43.5000283347453,11.9027619243801,41.095926674396));
#2253=CARTESIAN_POINT('Ctrl Pts',(-43.6524378404173,12.20948515034,41.1465668624835));
#2254=CARTESIAN_POINT('Origin',(-38.3090636675387,15.3557160947421,39.3711561232178));
#2255=CARTESIAN_POINT('',(-34.3766892108845,20.3887517282433,38.06456975751));
#2256=CARTESIAN_POINT('Ctrl Pts',(-43.9266336192725,17.9172635599935,41.2376722417234));
#2257=CARTESIAN_POINT('Ctrl Pts',(-43.813089779086,18.2166415127104,41.199945714117));
#2258=CARTESIAN_POINT('Ctrl Pts',(-43.6795707641317,18.5056121781673,41.1555821555533));
#2259=CARTESIAN_POINT('Ctrl Pts',(-43.271445100769,19.2461719651595,41.0199767005991));
#2260=CARTESIAN_POINT('Ctrl Pts',(-42.9584574172481,19.6822011911553,40.9159821689413));
#2261=CARTESIAN_POINT('Ctrl Pts',(-42.3479773635988,20.3296845207156,40.7131416400377));
#2262=CARTESIAN_POINT('Ctrl Pts',(-42.064122412241,20.57042582258,40.6188268657529));
#2263=CARTESIAN_POINT('Ctrl Pts',(-41.441943804848,20.9982148162011,40.4120993288879));
#2264=CARTESIAN_POINT('Ctrl Pts',(-40.636309330909,21.5104409683335,40.1444160166815));
#2265=CARTESIAN_POINT('Ctrl Pts',(-38.6373555270164,21.9037820438925,39.4802356812035));
#2266=CARTESIAN_POINT('Ctrl Pts',(-37.7914758195679,21.8894148130745,39.1991803277616));
#2267=CARTESIAN_POINT('Ctrl Pts',(-36.3745013173443,21.5797397614434,38.7283707480614));
#2268=CARTESIAN_POINT('Ctrl Pts',(-35.8844377129622,21.3777232915608,38.5655402671718));
#2269=CARTESIAN_POINT('Ctrl Pts',(-35.0687329677984,20.9557837544943,38.2945109666252));
#2270=CARTESIAN_POINT('Ctrl Pts',(-34.6948111568009,20.6803672076107,38.1702702195968));
#2271=CARTESIAN_POINT('Ctrl Pts',(-34.3766892108845,20.3887517282433,38.06456975751));
#2272=CARTESIAN_POINT('Ctrl Pts',(-34.3766892108845,20.3887517282433,38.06456975751));
#2273=CARTESIAN_POINT('Ctrl Pts',(-34.1570674445343,20.1874292244178,37.9915973565627));
#2274=CARTESIAN_POINT('Ctrl Pts',(-33.9627316033099,19.9799746722356,37.9270265575935));
#2275=CARTESIAN_POINT('Ctrl Pts',(-33.4650410895272,19.3807063969632,37.7616619294742));
#2276=CARTESIAN_POINT('Ctrl Pts',(-33.1897885832873,18.9529798927172,37.6702054377936));
#2277=CARTESIAN_POINT('Ctrl Pts',(-32.9657112561326,18.5019880773864,37.5957526145054));
#2278=CARTESIAN_POINT('Ctrl Pts',(-34.3654615411956,20.3832579075242,38.1050323545251));
#2279=CARTESIAN_POINT('Ctrl Pts',(-34.719698084527,20.5525141550638,36.8333099582375));
#2280=CARTESIAN_POINT('Ctrl Pts',(-35.0821667941773,21.3591861385984,34.8340995071466));
#2281=CARTESIAN_POINT('Ctrl Pts',(-35.3680850997728,22.5385135544329,32.2629618500099));
#2282=CARTESIAN_POINT('Ctrl Pts',(-35.6481001168742,22.8557160947421,30.8246618307906));
#2283=CARTESIAN_POINT('Ctrl Pts',(-35.8778145525602,22.8557160947421,30.1333005837082));
#2284=CARTESIAN_POINT('Ctrl Pts',(-34.5619375166228,20.5608300554496,38.1537719929878));
#2285=CARTESIAN_POINT('Ctrl Pts',(-34.9054557430436,20.7459620840713,36.8598269926931));
#2286=CARTESIAN_POINT('Ctrl Pts',(-35.1467570352133,21.5510285948542,34.7986252483966));
#2287=CARTESIAN_POINT('Ctrl Pts',(-35.3834117075856,22.6535127847792,32.1694521368068));
#2288=CARTESIAN_POINT('Ctrl Pts',(-35.6632011517296,22.9870111494932,30.7883483739299));
#2289=CARTESIAN_POINT('Ctrl Pts',(-35.8778145525602,22.9866157886416,30.1333005837082));
#2290=CARTESIAN_POINT('Ctrl Pts',(-34.9240494019238,20.847841497195,38.2520916842658));
#2291=CARTESIAN_POINT('Ctrl Pts',(-35.2414400231246,21.0458442591589,36.9241324203914));
#2292=CARTESIAN_POINT('Ctrl Pts',(-35.3497975480166,21.8826755717743,34.8127752695649));
#2293=CARTESIAN_POINT('Ctrl Pts',(-35.4816847259917,22.9450706746315,32.0951420830294));
#2294=CARTESIAN_POINT('Ctrl Pts',(-35.7669835639826,23.2160415263481,30.7640316181324));
#2295=CARTESIAN_POINT('Ctrl Pts',(-35.9679169578447,23.2142698321782,30.1632383669895));
#2296=CARTESIAN_POINT('Ctrl Pts',(-35.3674182575907,21.1132474475483,38.4032119387215));
#2297=CARTESIAN_POINT('Ctrl Pts',(-35.6623705462177,21.2949120575408,37.0733922803091));
#2298=CARTESIAN_POINT('Ctrl Pts',(-35.7244173740369,22.0890339348151,34.9568800547798));
#2299=CARTESIAN_POINT('Ctrl Pts',(-35.7835639373323,23.1035141769748,32.2281238419631));
#2300=CARTESIAN_POINT('Ctrl Pts',(-35.9951824533708,23.3458214357492,30.858734984355));
#2301=CARTESIAN_POINT('Ctrl Pts',(-36.1983106078591,23.3430452345477,30.2397898768148));
#2302=CARTESIAN_POINT('Ctrl Pts',(-35.5959296152854,21.2276314208154,38.4881874525644));
#2303=CARTESIAN_POINT('Ctrl Pts',(-35.8836367721077,21.3936853228408,37.1659712613559));
#2304=CARTESIAN_POINT('Ctrl Pts',(-35.9143290647901,22.1276438684796,35.0518911629086));
#2305=CARTESIAN_POINT('Ctrl Pts',(-35.9094437993933,23.0985258645643,32.3273405054468));
#2306=CARTESIAN_POINT('Ctrl Pts',(-36.1077696123005,23.3567951465242,30.9267689695115));
#2307=CARTESIAN_POINT('Ctrl Pts',(-36.3213078560628,23.3556317850894,30.2806574313407));
#2308=CARTESIAN_POINT('Ctrl Pts',(-35.6570152279669,21.2568107104933,38.511298303474));
#2309=CARTESIAN_POINT('Ctrl Pts',(-35.9429394910273,21.4184671216221,37.1916744735576));
#2310=CARTESIAN_POINT('Ctrl Pts',(-35.9648862526198,22.1341897587727,35.078655332101));
#2311=CARTESIAN_POINT('Ctrl Pts',(-35.9429839067877,23.0945439690069,32.356136853612));
#2312=CARTESIAN_POINT('Ctrl Pts',(-36.1401534146605,23.3568002831208,30.9463017429693));
#2313=CARTESIAN_POINT('Ctrl Pts',(-36.35656518742,23.3556434694685,30.2923721723834));
#2314=CARTESIAN_POINT('Ctrl Pts',(-35.671801462306,21.2638557228648,38.5168617439641));
#2315=CARTESIAN_POINT('Ctrl Pts',(-35.9583187539368,21.4249700516337,37.198200920731));
#2316=CARTESIAN_POINT('Ctrl Pts',(-35.9834699167079,22.1385755979903,35.0863908689628));
#2317=CARTESIAN_POINT('Ctrl Pts',(-35.9665842909255,23.0956382457888,32.3647598814108));
#2318=CARTESIAN_POINT('Ctrl Pts',(-36.1655721390237,23.3567888722165,30.9550079908072));
#2319=CARTESIAN_POINT('Ctrl Pts',(-36.3822634860481,23.3556430808154,30.3009107912204));
#2320=CARTESIAN_POINT('Ctrl Pts',(-35.7012761260234,21.2777536874237,38.5279546156881));
#2321=CARTESIAN_POINT('Ctrl Pts',(-35.9885731101651,21.4375963560284,37.2110713852521));
#2322=CARTESIAN_POINT('Ctrl Pts',(-36.018036842518,22.1461499026281,35.1012970914132));
#2323=CARTESIAN_POINT('Ctrl Pts',(-36.0075807214854,23.0970069269915,32.381266282839));
#2324=CARTESIAN_POINT('Ctrl Pts',(-36.209351125086,23.3567699270863,30.9707846957629));
#2325=CARTESIAN_POINT('Ctrl Pts',(-36.4267484018204,23.355643663283,30.3156915261347));
#2326=CARTESIAN_POINT('Ctrl Pts',(-35.7568390373627,21.3034776541846,38.5488281199595));
#2327=CARTESIAN_POINT('Ctrl Pts',(-36.0459051600305,21.4611274088711,37.2353671298886));
#2328=CARTESIAN_POINT('Ctrl Pts',(-36.0850920640987,22.1610306822324,35.1296987569415));
#2329=CARTESIAN_POINT('Ctrl Pts',(-36.0894594511214,23.1001756315076,32.4127640633735));
#2330=CARTESIAN_POINT('Ctrl Pts',(-36.2970310237872,23.3567321812544,31.0016324041807));
#2331=CARTESIAN_POINT('Ctrl Pts',(-36.5155859048961,23.3556436725871,30.3452090279804));
#2332=CARTESIAN_POINT('Ctrl Pts',(-35.8312640241498,21.3368490425014,38.576725353075));
#2333=CARTESIAN_POINT('Ctrl Pts',(-36.1225040740599,21.4915727048648,37.2677116415679));
#2334=CARTESIAN_POINT('Ctrl Pts',(-36.1738224565799,22.17994429141,35.1673552293221));
#2335=CARTESIAN_POINT('Ctrl Pts',(-36.1964367071531,23.1040005619426,32.4544065456645));
#2336=CARTESIAN_POINT('Ctrl Pts',(-36.4112582932867,23.3566801044122,31.0420897245748));
#2337=CARTESIAN_POINT('Ctrl Pts',(-36.6313353570897,23.3556446430198,30.3836684009982));
#2338=CARTESIAN_POINT('Ctrl Pts',(-35.9212282037564,21.3754612536118,38.6103349157294));
#2339=CARTESIAN_POINT('Ctrl Pts',(-36.215141040154,21.5268536518957,37.3066041160943));
#2340=CARTESIAN_POINT('Ctrl Pts',(-36.2814559438198,22.2021047764862,35.212661361398));
#2341=CARTESIAN_POINT('Ctrl Pts',(-36.3265748194428,23.1086395424922,32.5044330853265));
#2342=CARTESIAN_POINT('Ctrl Pts',(-36.5500332707379,23.356621705433,31.0909413756436));
#2343=CARTESIAN_POINT('Ctrl Pts',(-36.7717538514607,23.355645196476,30.430324408014));
#2344=CARTESIAN_POINT('Ctrl Pts',(-36.1023305637281,21.4497588549652,38.6777704997873));
#2345=CARTESIAN_POINT('Ctrl Pts',(-36.4014547518617,21.594729429841,37.3843823199235));
#2346=CARTESIAN_POINT('Ctrl Pts',(-36.4973836012712,22.2446511706594,35.3031268961302));
#2347=CARTESIAN_POINT('Ctrl Pts',(-36.5865355041377,23.1175054345286,32.604125961142));
#2348=CARTESIAN_POINT('Ctrl Pts',(-36.8266458642881,23.3565108450017,31.1882470998198));
#2349=CARTESIAN_POINT('Ctrl Pts',(-37.0514082628314,23.355646760772,30.5232434941881));
#2350=CARTESIAN_POINT('Ctrl Pts',(-36.5010233191502,21.5948244166333,38.8249703616451));
#2351=CARTESIAN_POINT('Ctrl Pts',(-36.8111317794945,21.7273583138643,37.5528342752665));
#2352=CARTESIAN_POINT('Ctrl Pts',(-36.9714661024033,22.3282822510767,35.4987117283247));
#2353=CARTESIAN_POINT('Ctrl Pts',(-37.1545394934552,23.1352478679935,32.81883618062));
#2354=CARTESIAN_POINT('Ctrl Pts',(-37.4283021979309,23.3562662829572,31.3986455515758));
#2355=CARTESIAN_POINT('Ctrl Pts',(-37.6582447212197,23.3556513656955,30.7248733876491));
#2356=CARTESIAN_POINT('Ctrl Pts',(-37.3874723094125,21.8231502927261,39.1452207672001));
#2357=CARTESIAN_POINT('Ctrl Pts',(-37.7209672288385,21.9365879952336,37.9120158201996));
#2358=CARTESIAN_POINT('Ctrl Pts',(-38.0198163189317,22.4615056443906,35.9132327504981));
#2359=CARTESIAN_POINT('Ctrl Pts',(-38.3954170065274,23.1642800365589,33.2728174510034));
#2360=CARTESIAN_POINT('Ctrl Pts',(-38.7300115227789,23.3558858296841,31.8478708975459));
#2361=CARTESIAN_POINT('Ctrl Pts',(-38.964501002742,23.3556664588659,31.1588952913027));
#2362=CARTESIAN_POINT('Ctrl Pts',(-38.2108945522829,21.8707425177068,39.428373221672));
#2363=CARTESIAN_POINT('Ctrl Pts',(-38.5660999391867,21.9803515176134,38.2139978849505));
#2364=CARTESIAN_POINT('Ctrl Pts',(-38.9924936154299,22.4889473777249,36.2585634627799));
#2365=CARTESIAN_POINT('Ctrl Pts',(-39.5262914090983,23.1708645476039,33.6582469552707));
#2366=CARTESIAN_POINT('Ctrl Pts',(-39.9004413439268,23.3556008418195,32.2411404884359));
#2367=CARTESIAN_POINT('Ctrl Pts',(-40.130726207781,23.3556642613725,31.5463899129466));
#2368=CARTESIAN_POINT('Ctrl Pts',(-38.8005998042712,21.8236181868694,39.6235162801082));
#2369=CARTESIAN_POINT('Ctrl Pts',(-39.1762614067996,21.9355745542237,38.4148019945175));
#2370=CARTESIAN_POINT('Ctrl Pts',(-39.6954985983688,22.4588492255957,36.486169970909));
#2371=CARTESIAN_POINT('Ctrl Pts',(-40.3439054160368,23.164922664201,33.9229011428994));
#2372=CARTESIAN_POINT('Ctrl Pts',(-40.7450816356186,23.3555356983228,32.5189266252575));
#2373=CARTESIAN_POINT('Ctrl Pts',(-40.9704795081427,23.3556629652169,31.825409682021));
#2374=CARTESIAN_POINT('Ctrl Pts',(-38.9315250829741,21.811047712096,39.6666522755168));
#2375=CARTESIAN_POINT('Ctrl Pts',(-39.3119407538685,21.9236459363415,38.4590435844775));
#2376=CARTESIAN_POINT('Ctrl Pts',(-39.8517666785181,22.4508985870259,36.5362131353146));
#2377=CARTESIAN_POINT('Ctrl Pts',(-40.5257167169731,23.1633390800051,33.9814014942871));
#2378=CARTESIAN_POINT('Ctrl Pts',(-40.932869786781,23.3555300720766,32.5805169166143));
#2379=CARTESIAN_POINT('Ctrl Pts',(-41.157111728619,23.3556626510054,31.8874208453433));
#2380=CARTESIAN_POINT('Ctrl Pts',(-39.0949011890239,21.7913784558959,39.7201133510253));
#2381=CARTESIAN_POINT('Ctrl Pts',(-39.4812421613198,21.9050869196055,38.5134244171284));
#2382=CARTESIAN_POINT('Ctrl Pts',(-40.0470727628502,22.4385712138726,36.597747411643));
#2383=CARTESIAN_POINT('Ctrl Pts',(-40.7529683721189,23.1608551578153,34.0538228934513));
#2384=CARTESIAN_POINT('Ctrl Pts',(-41.1675624395424,23.3555146223985,32.6572404917339));
#2385=CARTESIAN_POINT('Ctrl Pts',(-41.3903620924247,23.3556611759876,31.9649215382463));
#2386=CARTESIAN_POINT('Ctrl Pts',(-39.2577376440858,21.7664671939162,39.7729196520023));
#2387=CARTESIAN_POINT('Ctrl Pts',(-39.6502189413588,21.8816497223119,38.5666404618236));
#2388=CARTESIAN_POINT('Ctrl Pts',(-40.2422291807876,22.4230961848731,36.6578869281891));
#2389=CARTESIAN_POINT('Ctrl Pts',(-40.9802417411119,23.1577149897071,34.1253466321666));
#2390=CARTESIAN_POINT('Ctrl Pts',(-41.4022858006971,23.3555023907571,32.7336004839758));
#2391=CARTESIAN_POINT('Ctrl Pts',(-41.6236039702584,23.3556589705041,32.0424194115664));
#2392=CARTESIAN_POINT('Ctrl Pts',(-39.3875864797795,21.7434061917881,39.8147438680504));
#2393=CARTESIAN_POINT('Ctrl Pts',(-39.7851468494605,21.8599857813924,38.6084823616347));
#2394=CARTESIAN_POINT('Ctrl Pts',(-40.3981893474156,22.4088420646809,36.7051405261908));
#2395=CARTESIAN_POINT('Ctrl Pts',(-41.162052824895,23.1548142457025,34.1820221210335));
#2396=CARTESIAN_POINT('Ctrl Pts',(-41.5901008525068,23.3554993601942,32.7944628393913));
#2397=CARTESIAN_POINT('Ctrl Pts',(-41.8102180136829,23.3556580876535,32.1044245353093));
#2398=CARTESIAN_POINT('Ctrl Pts',(-39.5171222230467,21.7182646335543,39.8562790801684));
#2399=CARTESIAN_POINT('Ctrl Pts',(-39.919842431623,21.8363907665661,38.6498331051377));
#2400=CARTESIAN_POINT('Ctrl Pts',(-40.554001623762,22.3933499854711,36.7518222679139));
#2401=CARTESIAN_POINT('Ctrl Pts',(-41.3438218927775,23.1516590655933,34.2383247003558));
#2402=CARTESIAN_POINT('Ctrl Pts',(-41.7779097344017,23.3554976283042,32.8551740799086));
#2403=CARTESIAN_POINT('Ctrl Pts',(-41.9968289316319,23.3556570087152,32.1664286205692));
#2404=CARTESIAN_POINT('Ctrl Pts',(-39.6783937599635,21.6829479696389,39.9076392097718));
#2405=CARTESIAN_POINT('Ctrl Pts',(-40.0875808052045,21.8033088309386,38.7005712606199));
#2406=CARTESIAN_POINT('Ctrl Pts',(-40.7484041852436,22.3716837740848,36.8091057500035));
#2407=CARTESIAN_POINT('Ctrl Pts',(-41.5708417549012,23.1472460272479,34.3079642373658));
#2408=CARTESIAN_POINT('Ctrl Pts',(-42.0125561619312,23.3554858890873,32.930779870019));
#2409=CARTESIAN_POINT('Ctrl Pts',(-42.2300315480463,23.3556530616475,32.243913448734));
#2410=CARTESIAN_POINT('Ctrl Pts',(-39.8386407748622,21.6424838209233,39.9582151639328));
#2411=CARTESIAN_POINT('Ctrl Pts',(-40.2546021351471,21.7654489008308,38.750048769859));
#2412=CARTESIAN_POINT('Ctrl Pts',(-40.9422441548654,22.3469878208061,36.8649325087454));
#2413=CARTESIAN_POINT('Ctrl Pts',(-41.7977011239324,23.1422220151153,34.3766692169262));
#2414=CARTESIAN_POINT('Ctrl Pts',(-42.2472224764962,23.355488391929,33.0059916735584));
#2415=CARTESIAN_POINT('Ctrl Pts',(-42.4632747560076,23.3556507505118,32.3214117640077));
#2416=CARTESIAN_POINT('Ctrl Pts',(-39.9661270656205,21.6070499480346,39.9981821555436));
#2417=CARTESIAN_POINT('Ctrl Pts',(-40.387607570577,21.7323372611887,38.7888528789732));
#2418=CARTESIAN_POINT('Ctrl Pts',(-41.0968722117249,22.3254493295595,36.9087259788335));
#2419=CARTESIAN_POINT('Ctrl Pts',(-41.9789914140572,23.1378510723514,34.4310431069034));
#2420=CARTESIAN_POINT('Ctrl Pts',(-42.434892940786,23.3554917078679,33.0659224382185));
#2421=CARTESIAN_POINT('Ctrl Pts',(-42.6498590582911,23.3556484672961,32.3834070058408));
#2422=CARTESIAN_POINT('Ctrl Pts',(-40.0613621891683,21.5789506559525,40.0279052675046));
#2423=CARTESIAN_POINT('Ctrl Pts',(-40.4870520612463,21.706095647843,38.8175696807882));
#2424=CARTESIAN_POINT('Ctrl Pts',(-41.2126029214564,22.308413282358,36.9411364019898));
#2425=CARTESIAN_POINT('Ctrl Pts',(-42.1148583564792,23.1344001242052,34.4715307510229));
#2426=CARTESIAN_POINT('Ctrl Pts',(-42.5756208141943,23.3554964048424,33.1107486826461));
#2427=CARTESIAN_POINT('Ctrl Pts',(-42.7897974731115,23.3556467330132,32.429903499717));
#2428=CARTESIAN_POINT('Ctrl Pts',(-40.1561940128067,21.5493347906059,40.0573710172307));
#2429=CARTESIAN_POINT('Ctrl Pts',(-40.586172390816,21.6784565929461,38.8458946530612));
#2430=CARTESIAN_POINT('Ctrl Pts',(-41.3280763149178,22.2905029089205,36.9731128532006));
#2431=CARTESIAN_POINT('Ctrl Pts',(-42.2506216876499,23.1307803801333,34.5117264659296));
#2432=CARTESIAN_POINT('Ctrl Pts',(-42.7163327115825,23.3555050985212,33.1554528233754));
#2433=CARTESIAN_POINT('Ctrl Pts',(-42.9297460538358,23.3556454518511,32.4764033713569));
#2434=CARTESIAN_POINT('Ctrl Pts',(-40.2820670011268,21.5078355490936,40.0963088791978));
#2435=CARTESIAN_POINT('Ctrl Pts',(-40.7178722386173,21.6397521032134,38.883138890569));
#2436=CARTESIAN_POINT('Ctrl Pts',(-41.4816690534216,22.2654693791658,37.0151721303587));
#2437=CARTESIAN_POINT('Ctrl Pts',(-42.4314855755176,23.1257342210732,34.5649297067719));
#2438=CARTESIAN_POINT('Ctrl Pts',(-42.9039222709322,23.35552227196,33.2148935628909));
#2439=CARTESIAN_POINT('Ctrl Pts',(-43.1163575432991,23.3556443297479,32.5384076465104));
#2440=CARTESIAN_POINT('Ctrl Pts',(-40.4382796270864,21.4522111988545,40.1443123071275));
#2441=CARTESIAN_POINT('Ctrl Pts',(-40.8814224590387,21.5879202893527,38.9287280141703));
#2442=CARTESIAN_POINT('Ctrl Pts',(-41.6728556784724,22.2320518062623,37.0666829906107));
#2443=CARTESIAN_POINT('Ctrl Pts',(-42.6571240490477,23.1190248580954,34.6306551399254));
#2444=CARTESIAN_POINT('Ctrl Pts',(-43.1381963142789,23.3555352495875,33.2888771806992));
#2445=CARTESIAN_POINT('Ctrl Pts',(-43.3495400924251,23.3556391953173,32.6158858070383));
#2446=CARTESIAN_POINT('Ctrl Pts',(-40.6237429616938,21.3795310446989,40.2008106063421));
#2447=CARTESIAN_POINT('Ctrl Pts',(-41.0759842033453,21.5202794329767,38.9818665417137));
#2448=CARTESIAN_POINT('Ctrl Pts',(-41.9008937272744,22.1886122935079,37.126809880606));
#2449=CARTESIAN_POINT('Ctrl Pts',(-42.9272488864412,23.1103662033842,34.7083248660194));
#2450=CARTESIAN_POINT('Ctrl Pts',(-43.4191607138653,23.355564870386,33.3771473430903));
#2451=CARTESIAN_POINT('Ctrl Pts',(-43.6293742304857,23.3556336873472,32.7088646099166));
#2452=CARTESIAN_POINT('Ctrl Pts',(-40.8070272196311,21.3009966384533,40.2561692489381));
#2453=CARTESIAN_POINT('Ctrl Pts',(-41.2686011119339,21.4472729350991,39.0334535128694));
#2454=CARTESIAN_POINT('Ctrl Pts',(-42.1273495125524,22.1419215895938,37.1852936555329));
#2455=CARTESIAN_POINT('Ctrl Pts',(-43.1965753189276,23.1011378631498,34.7847675106661));
#2456=CARTESIAN_POINT('Ctrl Pts',(-43.699855681885,23.355601556643,33.4648918828089));
#2457=CARTESIAN_POINT('Ctrl Pts',(-43.9091712392387,23.3556264544676,32.8018310760635));
#2458=CARTESIAN_POINT('Ctrl Pts',(-40.9879484477487,21.2166893022246,40.3103578869484));
#2459=CARTESIAN_POINT('Ctrl Pts',(-41.4591391045803,21.3689871834232,39.0834947895325));
#2460=CARTESIAN_POINT('Ctrl Pts',(-42.3520711654948,22.0920553573665,37.2421810906816));
#2461=CARTESIAN_POINT('Ctrl Pts',(-43.4650421930816,23.0913806629492,34.8599924803246));
#2462=CARTESIAN_POINT('Ctrl Pts',(-43.9803008097436,23.3556531471465,33.5521041496055));
#2463=CARTESIAN_POINT('Ctrl Pts',(-44.1889683361602,23.3556192085707,32.8947975715057));
#2464=CARTESIAN_POINT('Ctrl Pts',(-41.1365939371447,21.1416951596712,40.3545166679273));
#2465=CARTESIAN_POINT('Ctrl Pts',(-41.6159913520637,21.2994124822137,39.1239371246384));
#2466=CARTESIAN_POINT('Ctrl Pts',(-42.537727832065,22.047926603312,37.2883059225148));
#2467=CARTESIAN_POINT('Ctrl Pts',(-43.687911580118,23.0828432745189,34.9216480724134));
#2468=CARTESIAN_POINT('Ctrl Pts',(-44.2137007008424,23.3557035375907,33.6243180085934));
#2469=CARTESIAN_POINT('Ctrl Pts',(-44.4220800989768,23.3556107229789,32.972252212293));
#2470=CARTESIAN_POINT('Ctrl Pts',(-41.2394541917809,21.0867510890063,40.3848932538517));
#2471=CARTESIAN_POINT('Ctrl Pts',(-41.7247825302818,21.2484867668382,39.1515731318317));
#2472=CARTESIAN_POINT('Ctrl Pts',(-42.6668107339535,22.0157051474319,37.319948452727));
#2473=CARTESIAN_POINT('Ctrl Pts',(-43.8435176018622,23.076675186476,34.9642965446847));
#2474=CARTESIAN_POINT('Ctrl Pts',(-44.3770271961308,23.3557556896399,33.6746371403545));
#2475=CARTESIAN_POINT('Ctrl Pts',(-44.58532166752,23.3556077166246,33.0264915046407));
#2476=CARTESIAN_POINT('Ctrl Pts',(-41.2978798894795,21.0546609767378,40.4020971628625));
#2477=CARTESIAN_POINT('Ctrl Pts',(-41.7866487372062,21.218757180125,39.1671739815937));
#2478=CARTESIAN_POINT('Ctrl Pts',(-42.7403116485159,21.9969165040275,37.3378508422764));
#2479=CARTESIAN_POINT('Ctrl Pts',(-43.9323142528232,23.0730986016428,34.9885218971902));
#2480=CARTESIAN_POINT('Ctrl Pts',(-44.4703400353721,23.3557901095477,33.7033257830763));
#2481=CARTESIAN_POINT('Ctrl Pts',(-44.6786218091538,23.3556068706723,33.0574917805099));
#2482=CARTESIAN_POINT('Ctrl Pts',(-41.3342469035365,21.034317085953,40.4127850182955));
#2483=CARTESIAN_POINT('Ctrl Pts',(-41.8251782588298,21.1999127268159,39.176848737101));
#2484=CARTESIAN_POINT('Ctrl Pts',(-42.786132717073,21.9850197813576,37.3489656717458));
#2485=CARTESIAN_POINT('Ctrl Pts',(-43.9877478366148,23.0708419313852,35.0035982055374));
#2486=CARTESIAN_POINT('Ctrl Pts',(-44.5286363215329,23.3558123536088,33.7212251148955));
#2487=CARTESIAN_POINT('Ctrl Pts',(-44.7369289511649,23.3556061210051,33.076865143249));
#2488=CARTESIAN_POINT('Ctrl Pts',(-41.3632499046025,21.0178700791359,40.421296446571));
#2489=CARTESIAN_POINT('Ctrl Pts',(-41.8559254841291,21.1846818196916,39.1845404267367));
#2490=CARTESIAN_POINT('Ctrl Pts',(-42.8227233523971,21.9754087110236,37.357814283578));
#2491=CARTESIAN_POINT('Ctrl Pts',(-44.0320661006483,23.0690242840218,35.015624244027));
#2492=CARTESIAN_POINT('Ctrl Pts',(-44.5752730497088,23.3558314749807,33.7355295899976));
#2493=CARTESIAN_POINT('Ctrl Pts',(-44.7835833045673,23.3556058628707,33.0923667041325));
#2494=CARTESIAN_POINT('Ctrl Pts',(-41.3921918691676,21.0013088350047,40.4297818666667));
#2495=CARTESIAN_POINT('Ctrl Pts',(-41.8866171906937,21.1693466166475,39.1922016510416));
#2496=CARTESIAN_POINT('Ctrl Pts',(-42.8592653608464,21.9657368972484,37.3666336676724));
#2497=CARTESIAN_POINT('Ctrl Pts',(-44.0763565566969,23.06719879061,35.0276239408776));
#2498=CARTESIAN_POINT('Ctrl Pts',(-44.621898487304,23.3558510074545,33.7498208579323));
#2499=CARTESIAN_POINT('Ctrl Pts',(-44.8302337551534,23.3556055731856,33.1078669682507));
#2500=CARTESIAN_POINT('Ctrl Pts',(-41.4426791030194,20.972027310651,40.4445629919759));
#2501=CARTESIAN_POINT('Ctrl Pts',(-41.9401746802216,21.1422325918371,39.2055334975097));
#2502=CARTESIAN_POINT('Ctrl Pts',(-42.9230881550362,21.9486505428431,37.3819921447936));
#2503=CARTESIAN_POINT('Ctrl Pts',(-44.1537998105307,23.063981027621,35.0485588864307));
#2504=CARTESIAN_POINT('Ctrl Pts',(-44.7034713858942,23.3558854876714,33.7748002116115));
#2505=CARTESIAN_POINT('Ctrl Pts',(-44.9118737831359,23.3556043423246,33.1349930084165));
#2506=CARTESIAN_POINT('Ctrl Pts',(-41.5143341083325,20.9293465580264,40.4654822105957));
#2507=CARTESIAN_POINT('Ctrl Pts',(-42.0162358112085,21.1027150378618,39.2243628995276));
#2508=CARTESIAN_POINT('Ctrl Pts',(-43.013855212388,21.9238037384434,37.4037109344161));
#2509=CARTESIAN_POINT('Ctrl Pts',(-44.2641472478999,23.05933157123,35.0782428198279));
#2510=CARTESIAN_POINT('Ctrl Pts',(-44.8198262859881,23.3559361054837,33.8103535940343));
#2511=CARTESIAN_POINT('Ctrl Pts',(-45.0283886021854,23.355600615536,33.1737066852676));
#2512=CARTESIAN_POINT('Ctrl Pts',(-41.5853499543954,20.8855397247924,40.4861386240371));
#2513=CARTESIAN_POINT('Ctrl Pts',(-42.0917217017502,21.0621604066163,39.242898232128));
#2514=CARTESIAN_POINT('Ctrl Pts',(-43.1041715327853,21.8983321448565,37.4251646907207));
#2515=CARTESIAN_POINT('Ctrl Pts',(-44.3743482587649,23.0545935385678,35.1077275055834));
#2516=CARTESIAN_POINT('Ctrl Pts',(-44.9362419070485,23.3559917433962,33.8458390939556));
#2517=CARTESIAN_POINT('Ctrl Pts',(-45.1450493319206,23.3555963046377,33.2124688429831));
#2518=CARTESIAN_POINT('Ctrl Pts',(-41.6417630312192,20.8498284886852,40.5025035795473));
#2519=CARTESIAN_POINT('Ctrl Pts',(-42.151755989788,21.0291272909986,39.2575320834487));
#2520=CARTESIAN_POINT('Ctrl Pts',(-43.1760438652233,21.8776278742491,37.4421536299708));
#2521=CARTESIAN_POINT('Ctrl Pts',(-44.4621837062282,23.0507868714384,35.131098978581));
#2522=CARTESIAN_POINT('Ctrl Pts',(-45.0291395367556,23.3560414593287,33.874082604539));
#2523=CARTESIAN_POINT('Ctrl Pts',(-45.2381773911605,23.3555948514625,33.2434119420722));
#2524=CARTESIAN_POINT('Ctrl Pts',(-41.6698418629963,20.8317473573722,40.5106344239838));
#2525=CARTESIAN_POINT('Ctrl Pts',(-42.1816707997831,21.0123911100292,39.264796293719));
#2526=CARTESIAN_POINT('Ctrl Pts',(-43.2119963699413,21.8671033946724,37.4506214561426));
#2527=CARTESIAN_POINT('Ctrl Pts',(-44.5063208029438,23.0488370225957,35.1428482586954));
#2528=CARTESIAN_POINT('Ctrl Pts',(-45.0759012741527,23.356067035909,33.8883050353308));
#2529=CARTESIAN_POINT('Ctrl Pts',(-45.2850814271178,23.3555938916605,33.2589964634737));
#2530=CARTESIAN_POINT('Ctrl Pts',(-41.6908261668352,20.8181192857653,40.5167058741966));
#2531=CARTESIAN_POINT('Ctrl Pts',(-42.2040060342569,20.9998032213989,39.2702093187898));
#2532=CARTESIAN_POINT('Ctrl Pts',(-43.2386527530385,21.8592813508994,37.4568953152985));
#2533=CARTESIAN_POINT('Ctrl Pts',(-44.5388144324661,23.0474386696125,35.15140473595));
#2534=CARTESIAN_POINT('Ctrl Pts',(-45.110263903551,23.3560875161421,33.8986972974561));
#2535=CARTESIAN_POINT('Ctrl Pts',(-45.3195373906905,23.3555932803949,33.2704449388714));
#2536=CARTESIAN_POINT('Ctrl Pts',(-41.7044479834296,20.8092227203433,40.5206649003361));
#2537=CARTESIAN_POINT('Ctrl Pts',(-42.2177114417512,20.9922297769586,39.2735772593499));
#2538=CARTESIAN_POINT('Ctrl Pts',(-43.2497434908024,21.8568732448932,37.4596835586692));
#2539=CARTESIAN_POINT('Ctrl Pts',(-44.54551055736,23.0481567852897,35.1510843765776));
#2540=CARTESIAN_POINT('Ctrl Pts',(-45.1151812027158,23.3560250129082,33.8988286310777));
#2541=CARTESIAN_POINT('Ctrl Pts',(-45.3240175070341,23.3554925864016,33.2719335201334));
#2542=CARTESIAN_POINT('Ctrl Pts',(-41.7317576940497,20.7911984108695,40.5286401033785));
#2543=CARTESIAN_POINT('Ctrl Pts',(-42.2455087819023,20.9765089725189,39.2804905006177));
#2544=CARTESIAN_POINT('Ctrl Pts',(-43.2749760796398,21.8501983139382,37.4660647262784));
#2545=CARTESIAN_POINT('Ctrl Pts',(-44.5659739425624,23.0482359280442,35.1536155266127));
#2546=CARTESIAN_POINT('Ctrl Pts',(-45.1333495912216,23.3555018544615,33.9024048020139));
#2547=CARTESIAN_POINT('Ctrl Pts',(-45.3415835280544,23.3548898337062,33.2777700760915));
#2548=CARTESIAN_POINT('Ctrl Pts',(-41.7792275629073,20.7593647104751,40.5426162650743));
#2549=CARTESIAN_POINT('Ctrl Pts',(-42.293470167479,20.9487530769377,39.292691039139));
#2550=CARTESIAN_POINT('Ctrl Pts',(-43.3172234780914,21.8379840086702,37.477209836956));
#2551=CARTESIAN_POINT('Ctrl Pts',(-44.5980731605936,23.0474133876346,35.1573006586417));
#2552=CARTESIAN_POINT('Ctrl Pts',(-45.1603365542239,23.3535659252772,33.9072331848391));
#2553=CARTESIAN_POINT('Ctrl Pts',(-45.3674782599327,23.3527799975965,33.2863739626208));
#2554=CARTESIAN_POINT('Ctrl Pts',(-41.8732482813698,20.6942808483272,40.5707588113417));
#2555=CARTESIAN_POINT('Ctrl Pts',(-42.3879781370025,20.8912382184469,39.3177871831232));
#2556=CARTESIAN_POINT('Ctrl Pts',(-43.401841536064,21.8079054301513,37.501058673784));
#2557=CARTESIAN_POINT('Ctrl Pts',(-44.6651647725193,23.0395900130742,35.1689742039877));
#2558=CARTESIAN_POINT('Ctrl Pts',(-45.2167047780675,23.3455645089436,33.9194848980387));
#2559=CARTESIAN_POINT('Ctrl Pts',(-45.4221220184481,23.3443655933825,33.3045301149999));
#2560=CARTESIAN_POINT('Ctrl Pts',(-42.0045449089291,20.5974165733125,40.611488354696));
#2561=CARTESIAN_POINT('Ctrl Pts',(-42.5177770812252,20.8037575288985,39.3557069278936));
#2562=CARTESIAN_POINT('Ctrl Pts',(-43.5171706799374,21.7508456018148,37.5381414000842));
#2563=CARTESIAN_POINT('Ctrl Pts',(-44.7573109942322,23.0108473259212,35.1934499880009));
#2564=CARTESIAN_POINT('Ctrl Pts',(-45.2916861698925,23.3222315206048,33.9400493182609));
#2565=CARTESIAN_POINT('Ctrl Pts',(-45.4957364963606,23.3204685788017,33.3289895540021));
#2566=CARTESIAN_POINT('Ctrl Pts',(-42.1568551376459,20.4749677342804,40.6613769262951));
#2567=CARTESIAN_POINT('Ctrl Pts',(-42.6648439533233,20.6900870693743,39.404209495485));
#2568=CARTESIAN_POINT('Ctrl Pts',(-43.6435720950973,21.6601719167698,37.5869848370325));
#2569=CARTESIAN_POINT('Ctrl Pts',(-44.8566517765844,22.9481379056551,35.2344416835056));
#2570=CARTESIAN_POINT('Ctrl Pts',(-45.3737921141149,23.2756604521108,33.9711934927351));
#2571=CARTESIAN_POINT('Ctrl Pts',(-45.5784391469414,23.2739613827415,33.3564686653754));
#2572=CARTESIAN_POINT('Ctrl Pts',(-42.2790885444095,20.3678337745245,40.70386981007));
#2573=CARTESIAN_POINT('Ctrl Pts',(-42.7796691279151,20.5878382976114,39.4475442703266));
#2574=CARTESIAN_POINT('Ctrl Pts',(-43.7346156287439,21.5682628980037,37.6303473035308));
#2575=CARTESIAN_POINT('Ctrl Pts',(-44.9213741888292,22.8760101284116,35.2761281308401));
#2576=CARTESIAN_POINT('Ctrl Pts',(-45.430828733673,23.2229092195549,34.0006647003372));
#2577=CARTESIAN_POINT('Ctrl Pts',(-45.6383162899486,23.221761643314,33.3763636828846));
#2578=CARTESIAN_POINT('Ctrl Pts',(-42.362119123006,20.2902259305065,40.7340893695275));
#2579=CARTESIAN_POINT('Ctrl Pts',(-42.8561913557637,20.512321077489,39.4791628687439));
#2580=CARTESIAN_POINT('Ctrl Pts',(-43.7894682745224,21.4967016166799,37.6619383351238));
#2581=CARTESIAN_POINT('Ctrl Pts',(-44.9548975752535,22.8185174262596,35.3088636742867));
#2582=CARTESIAN_POINT('Ctrl Pts',(-45.4641137569216,23.1799354511719,34.0227943442924));
#2583=CARTESIAN_POINT('Ctrl Pts',(-45.6748134436363,23.1792866207906,33.3884903722221));
#2584=CARTESIAN_POINT('Ctrl Pts',(-42.408837446814,20.245146765343,40.7514838167452));
#2585=CARTESIAN_POINT('Ctrl Pts',(-42.8988501986934,20.4680428648178,39.4975803621356));
#2586=CARTESIAN_POINT('Ctrl Pts',(-43.8180997321538,21.4540080300576,37.6803116130478));
#2587=CARTESIAN_POINT('Ctrl Pts',(-44.9704666814558,22.7842178693266,35.3285150206801));
#2588=CARTESIAN_POINT('Ctrl Pts',(-45.4810506043609,23.1538151580348,34.0357133655721));
#2589=CARTESIAN_POINT('Ctrl Pts',(-45.6939005720282,23.1534470588899,33.394832337361));
#2590=CARTESIAN_POINT('Ctrl Pts',(-42.4781851058168,20.1768065183876,40.7776947734163));
#2591=CARTESIAN_POINT('Ctrl Pts',(-42.9617838300437,20.4005182957824,39.5255835361675));
#2592=CARTESIAN_POINT('Ctrl Pts',(-43.8581990056853,21.3883521379166,37.7081583316093));
#2593=CARTESIAN_POINT('Ctrl Pts',(-44.990133965558,22.7318448351754,35.3590144383964));
#2594=CARTESIAN_POINT('Ctrl Pts',(-45.5043271681194,23.1134000407994,34.0553131529249));
#2595=CARTESIAN_POINT('Ctrl Pts',(-45.7207000079859,23.1134236444399,33.4037368244632));
#2596=CARTESIAN_POINT('Ctrl Pts',(-42.6244934328271,20.024851946705,40.8351108782568));
#2597=CARTESIAN_POINT('Ctrl Pts',(-43.092494850416,20.2481594211262,39.5882640991359));
#2598=CARTESIAN_POINT('Ctrl Pts',(-43.9298666354311,21.2376257916495,37.7700637112868));
#2599=CARTESIAN_POINT('Ctrl Pts',(-45.0130516359448,22.6127277682418,35.429839967516));
#2600=CARTESIAN_POINT('Ctrl Pts',(-45.5429181587576,23.0176049992677,34.0983052544298));
#2601=CARTESIAN_POINT('Ctrl Pts',(-45.7684261971955,23.0182250550346,33.4195945177714));
#2602=CARTESIAN_POINT('Ctrl Pts',(-42.7508203860332,19.8765815188474,40.8890369449263));
#2603=CARTESIAN_POINT('Ctrl Pts',(-43.2016406932203,20.0953869013749,39.6505979836955));
#2604=CARTESIAN_POINT('Ctrl Pts',(-43.9580647018898,21.088609710537,37.8300694595524));
#2605=CARTESIAN_POINT('Ctrl Pts',(-44.9913445242221,22.511722907637,35.5083261031747));
#2606=CARTESIAN_POINT('Ctrl Pts',(-45.5506841366838,22.9229822906253,34.1362893082595));
#2607=CARTESIAN_POINT('Ctrl Pts',(-45.7863870390834,22.9230620884768,33.4255622584769));
#2608=CARTESIAN_POINT('Ctrl Pts',(-42.8332665912139,19.772206841507,40.9258635239339));
#2609=CARTESIAN_POINT('Ctrl Pts',(-43.2718788746228,19.9856048906769,39.6929501825264));
#2610=CARTESIAN_POINT('Ctrl Pts',(-43.9623295465042,20.9881706912959,37.8745248906727));
#2611=CARTESIAN_POINT('Ctrl Pts',(-44.9691398682045,22.4471653556194,35.5652081591621));
#2612=CARTESIAN_POINT('Ctrl Pts',(-45.544321244443,22.851512971154,34.1582570278079));
#2613=CARTESIAN_POINT('Ctrl Pts',(-45.7862546494957,22.8519827463304,33.4255182701857));
#2614=CARTESIAN_POINT('Ctrl Pts',(-42.8414280129145,19.7618802292155,40.9294699746907));
#2615=CARTESIAN_POINT('Ctrl Pts',(-43.2789953669401,19.9745265088813,39.6972931530894));
#2616=CARTESIAN_POINT('Ctrl Pts',(-43.9670025364223,20.974001920554,37.8786041381451));
#2617=CARTESIAN_POINT('Ctrl Pts',(-44.9704202538753,22.42751686619,35.5665539354179));
#2618=CARTESIAN_POINT('Ctrl Pts',(-45.544186297795,22.8302156482745,34.1584987240223));
#2619=CARTESIAN_POINT('Ctrl Pts',(-45.7862556033963,22.8304099954408,33.4255185871324));
#2620=CARTESIAN_POINT('Ctrl Pts',(-42.8576240656119,19.7412510870032,40.9366481227057));
#2621=CARTESIAN_POINT('Ctrl Pts',(-43.2930480493027,19.952500574258,39.7058698565496));
#2622=CARTESIAN_POINT('Ctrl Pts',(-43.9745536402109,20.9474702137188,37.8868522134287));
#2623=CARTESIAN_POINT('Ctrl Pts',(-44.9715480129456,22.3937796664833,35.5709732774214));
#2624=CARTESIAN_POINT('Ctrl Pts',(-45.5437135743131,22.793607550878,34.1597653542102));
#2625=CARTESIAN_POINT('Ctrl Pts',(-45.7862498631216,22.7933865200456,33.4255166798459));
#2626=CARTESIAN_POINT('Ctrl Pts',(-42.8757702857385,19.7178915330423,40.9446913526224));
#2627=CARTESIAN_POINT('Ctrl Pts',(-43.3088266153182,19.9275367202478,39.7155457988909));
#2628=CARTESIAN_POINT('Ctrl Pts',(-43.9840112723317,20.916518401327,37.8960604330078));
#2629=CARTESIAN_POINT('Ctrl Pts',(-44.9736206168376,22.352656556094,35.5749434180331));
#2630=CARTESIAN_POINT('Ctrl Pts',(-45.5432942252325,22.7490600038699,34.1607414474695));
#2631=CARTESIAN_POINT('Ctrl Pts',(-45.7862449648137,22.7483085183712,33.4255150523146));
#2632=CARTESIAN_POINT('Ctrl Pts',(-42.891798675583,19.6970631215118,40.9518067640219));
#2633=CARTESIAN_POINT('Ctrl Pts',(-43.3227489038707,19.9053117077989,39.7240927242898));
#2634=CARTESIAN_POINT('Ctrl Pts',(-43.9920117336986,20.8893466604184,37.9042567854933));
#2635=CARTESIAN_POINT('Ctrl Pts',(-44.9751574947782,22.317274357317,35.578826695059));
#2636=CARTESIAN_POINT('Ctrl Pts',(-45.5428837389117,22.7107464965133,34.1617806691754));
#2637=CARTESIAN_POINT('Ctrl Pts',(-45.786243108239,22.7095630872189,33.4255144354417));
#2638=CARTESIAN_POINT('Ctrl Pts',(-42.9017836421456,19.6840076883492,40.9562416058484));
#2639=CARTESIAN_POINT('Ctrl Pts',(-43.3314242945701,19.8913850736504,39.7294301467097));
#2640=CARTESIAN_POINT('Ctrl Pts',(-43.9970891494756,20.8722508787429,37.9093688403639));
#2641=CARTESIAN_POINT('Ctrl Pts',(-44.9761887711154,22.2948724127952,35.5811594889719));
#2642=CARTESIAN_POINT('Ctrl Pts',(-45.5426371441339,22.6865031044083,34.1623891471943));
#2643=CARTESIAN_POINT('Ctrl Pts',(-45.7862417517902,22.6850465283551,33.4255139847427));
#2644=CARTESIAN_POINT('Ctrl Pts',(-42.9097486431675,19.6735445225099,40.9597813874855));
#2645=CARTESIAN_POINT('Ctrl Pts',(-43.3383431960423,19.8802288778013,39.7336902119907));
#2646=CARTESIAN_POINT('Ctrl Pts',(-44.0011140218555,20.8585926505432,37.9134573114754));
#2647=CARTESIAN_POINT('Ctrl Pts',(-44.9769892907407,22.2770410377462,35.583050996063));
#2648=CARTESIAN_POINT('Ctrl Pts',(-45.5424375609742,22.6672118728189,34.1628899505088));
#2649=CARTESIAN_POINT('Ctrl Pts',(-45.7862413863082,22.6655418103876,33.4255138633062));
#2650=CARTESIAN_POINT('Ctrl Pts',(-42.9147179772777,19.6669963129702,40.9619905339332));
#2651=CARTESIAN_POINT('Ctrl Pts',(-43.3426600049353,19.8732487014353,39.7363507792437));
#2652=CARTESIAN_POINT('Ctrl Pts',(-44.0036343638091,20.850042927953,37.916010654356));
#2653=CARTESIAN_POINT('Ctrl Pts',(-44.9774955924023,22.2658699745188,35.5842238104978));
#2654=CARTESIAN_POINT('Ctrl Pts',(-45.5423137078098,22.6551293651539,34.1631991569155));
#2655=CARTESIAN_POINT('Ctrl Pts',(-45.7862410780184,22.6533261445051,33.4255137608725));
#2656=CARTESIAN_POINT('Ctrl Pts',(-42.9186878940381,19.6617528251304,40.9637558601519));
#2657=CARTESIAN_POINT('Ctrl Pts',(-43.3461083986106,19.8676603396204,39.7384770666548));
#2658=CARTESIAN_POINT('Ctrl Pts',(-44.0056466014969,20.8432023261577,37.9180526832416));
#2659=CARTESIAN_POINT('Ctrl Pts',(-44.9778987004492,22.2569391989789,35.5851632373163));
#2660=CARTESIAN_POINT('Ctrl Pts',(-45.5422145979323,22.6454715576272,34.1634476533697));
#2661=CARTESIAN_POINT('Ctrl Pts',(-45.7862410081042,22.6435626704198,33.4255137376426));
#2662=CARTESIAN_POINT('Ctrl Pts',(-42.921662630112,19.6578176639978,40.9650788733025));
#2663=CARTESIAN_POINT('Ctrl Pts',(-43.3486923721768,19.8634669800011,39.7400711248705));
#2664=CARTESIAN_POINT('Ctrl Pts',(-44.0071557053873,20.8380694496984,37.919583687502));
#2665=CARTESIAN_POINT('Ctrl Pts',(-44.978201600207,22.2502379513955,35.5858664796336));
#2666=CARTESIAN_POINT('Ctrl Pts',(-45.5421403663657,22.6382256709046,34.1636335592602));
#2667=CARTESIAN_POINT('Ctrl Pts',(-45.7862409191535,22.6362377196407,33.4255137080875));
#2668=CARTESIAN_POINT('Ctrl Pts',(-42.9246346277203,19.6538800018436,40.9664008966378));
#2669=CARTESIAN_POINT('Ctrl Pts',(-43.3512738143228,19.859271397025,39.7416641534997));
#2670=CARTESIAN_POINT('Ctrl Pts',(-44.0086637986084,20.8329351103268,37.9211142884252));
#2671=CARTESIAN_POINT('Ctrl Pts',(-44.9785043347499,22.2435365318139,35.5865693079035));
#2672=CARTESIAN_POINT('Ctrl Pts',(-45.5420662030915,22.6309804459336,34.1638195491643));
#2673=CARTESIAN_POINT('Ctrl Pts',(-45.7862409147923,22.6289137811793,33.4255137066384));
#2674=CARTESIAN_POINT('Ctrl Pts',(-42.9424502380937,19.630238942337,40.9743270986645));
#2675=CARTESIAN_POINT('Ctrl Pts',(-43.3667492794155,19.834087056732,39.751219916377));
#2676=CARTESIAN_POINT('Ctrl Pts',(-44.017708326776,20.802118316342,37.9302945933768));
#2677=CARTESIAN_POINT('Ctrl Pts',(-44.9803211400959,22.2033201379406,35.5907818664387));
#2678=CARTESIAN_POINT('Ctrl Pts',(-45.5416211089106,22.5875059156695,34.1649336230958));
#2679=CARTESIAN_POINT('Ctrl Pts',(-45.7862399880072,22.5849678265227,33.4255133987011));
#2680=CARTESIAN_POINT('Ctrl Pts',(-42.9748565388768,19.5866624913322,40.9887657411294));
#2681=CARTESIAN_POINT('Ctrl Pts',(-43.3949105624682,19.7877400031709,39.7686895266811));
#2682=CARTESIAN_POINT('Ctrl Pts',(-44.0342186201046,20.7454619672857,37.9470759801468));
#2683=CARTESIAN_POINT('Ctrl Pts',(-44.9836517922484,22.129496712269,35.5984444684517));
#2684=CARTESIAN_POINT('Ctrl Pts',(-45.5408050554385,22.5077837657499,34.1669555559051));
#2685=CARTESIAN_POINT('Ctrl Pts',(-45.7862284562366,22.5043986919223,33.4255095671093));
#2686=CARTESIAN_POINT('Ctrl Pts',(-43.0367646064732,19.5013062425939,41.0164227224759));
#2687=CARTESIAN_POINT('Ctrl Pts',(-43.4486836974678,19.6971262494792,39.8022521403347));
#2688=CARTESIAN_POINT('Ctrl Pts',(-44.0659871953332,20.634989931,37.9794387143566));
#2689=CARTESIAN_POINT('Ctrl Pts',(-44.9901180772053,21.9859684207162,35.6130674225505));
#2690=CARTESIAN_POINT('Ctrl Pts',(-45.5392469804857,22.3530754091994,34.1708437064735));
#2691=CARTESIAN_POINT('Ctrl Pts',(-45.7862185661033,22.3481458872651,33.4255062809744));
#2692=CARTESIAN_POINT('Ctrl Pts',(-43.1123693810875,19.3930506461074,41.050332554383));
#2693=CARTESIAN_POINT('Ctrl Pts',(-43.5144238385119,19.5826120675986,39.8437128713173));
#2694=CARTESIAN_POINT('Ctrl Pts',(-44.1052199006624,20.4958050695384,38.0194760795916));
#2695=CARTESIAN_POINT('Ctrl Pts',(-44.9981887355874,21.8059243500349,35.6309058229083));
#2696=CARTESIAN_POINT('Ctrl Pts',(-45.5373353511475,22.1595385259646,34.1756022996289));
#2697=CARTESIAN_POINT('Ctrl Pts',(-45.7861805296728,22.1528235864615,33.4254936428392));
#2698=CARTESIAN_POINT('Ctrl Pts',(-43.2294761491078,19.2166109668031,41.1031222851106));
#2699=CARTESIAN_POINT('Ctrl Pts',(-43.6162211890982,19.3965977071983,39.9086618806637));
#2700=CARTESIAN_POINT('Ctrl Pts',(-44.1669440355707,20.2707711289717,38.0824705087672));
#2701=CARTESIAN_POINT('Ctrl Pts',(-45.0110241583683,21.5165156084621,35.6584626911817));
#2702=CARTESIAN_POINT('Ctrl Pts',(-45.5343742674921,21.8495230432488,34.1830496402229));
#2703=CARTESIAN_POINT('Ctrl Pts',(-45.7861529415474,21.8403163656851,33.4254844762994));
#2704=CARTESIAN_POINT('Ctrl Pts',(-43.3406896101647,19.0354733311096,41.1536268216303));
#2705=CARTESIAN_POINT('Ctrl Pts',(-43.7133009212402,19.2067463609763,39.9716528796183));
#2706=CARTESIAN_POINT('Ctrl Pts',(-44.227032767267,20.0422753451321,38.1435136826436));
#2707=CARTESIAN_POINT('Ctrl Pts',(-45.0236564361058,21.2252362848703,35.6845378062608));
#2708=CARTESIAN_POINT('Ctrl Pts',(-45.531591486836,21.5390377071894,34.1901663831759));
#2709=CARTESIAN_POINT('Ctrl Pts',(-45.7860601615994,21.5277929013987,33.4254536488661));
#2710=CARTESIAN_POINT('Ctrl Pts',(-43.4326839223699,18.8731342239102,41.1956814747532));
#2711=CARTESIAN_POINT('Ctrl Pts',(-43.7935970932805,19.0371376542721,40.0244720194798));
#2712=CARTESIAN_POINT('Ctrl Pts',(-44.2779607006764,19.8393547034898,38.1947627714725));
#2713=CARTESIAN_POINT('Ctrl Pts',(-45.0343831706216,20.9688162774117,35.7059999030573));
#2714=CARTESIAN_POINT('Ctrl Pts',(-45.5292953469347,21.2669237836957,34.196134964679));
#2715=CARTESIAN_POINT('Ctrl Pts',(-45.786043866918,21.2543513490938,33.4254482347308));
#2716=CARTESIAN_POINT('Ctrl Pts',(-43.48370685236,18.779309136781,41.2190812066872));
#2717=CARTESIAN_POINT('Ctrl Pts',(-43.8381859867562,18.9392752228055,40.0539921556908));
#2718=CARTESIAN_POINT('Ctrl Pts',(-44.3065464438218,19.7225589978581,38.2233624716426));
#2719=CARTESIAN_POINT('Ctrl Pts',(-45.0404025468816,20.8218768377457,35.7178774611037));
#2720=CARTESIAN_POINT('Ctrl Pts',(-45.5280268317849,21.111314652672,34.199459001007));
#2721=CARTESIAN_POINT('Ctrl Pts',(-45.7860381398725,21.0981001051409,33.4254463318399));
#2722=CARTESIAN_POINT('Ctrl Pts',(-43.6086854810017,18.5430195281588,41.2765235788927));
#2723=CARTESIAN_POINT('Ctrl Pts',(-43.9475130847537,18.6930809263221,40.1266788950059));
#2724=CARTESIAN_POINT('Ctrl Pts',(-44.3771529442871,19.4291929440194,38.2936866255851));
#2725=CARTESIAN_POINT('Ctrl Pts',(-45.05526279923,20.4538524079057,35.7469276250601));
#2726=CARTESIAN_POINT('Ctrl Pts',(-45.524932794847,20.7221023758933,34.2076255863395));
#2727=CARTESIAN_POINT('Ctrl Pts',(-45.7860314920854,20.7074728486769,33.4254441230198));
#2728=CARTESIAN_POINT('Ctrl Pts',(-43.8010427050722,18.1282734856594,41.3658056719979));
#2729=CARTESIAN_POINT('Ctrl Pts',(-44.1175824001964,18.2629044377737,40.2410587153936));
#2730=CARTESIAN_POINT('Ctrl Pts',(-44.4899392642991,18.9197773416741,38.4036198734429));
#2731=CARTESIAN_POINT('Ctrl Pts',(-45.0789538824842,19.8233076354061,35.7912541268846));
#2732=CARTESIAN_POINT('Ctrl Pts',(-45.5204370454566,20.0589851958367,34.2202412082257));
#2733=CARTESIAN_POINT('Ctrl Pts',(-45.7858983605847,20.0433969903419,33.4253998882198));
#2734=CARTESIAN_POINT('Ctrl Pts',(-44.2391459260094,16.9028933237361,41.5725325884679));
#2735=CARTESIAN_POINT('Ctrl Pts',(-44.5102851452609,16.9966263674976,40.5110555194793));
#2736=CARTESIAN_POINT('Ctrl Pts',(-44.7625683128979,17.4342099033366,38.6561927538137));
#2737=CARTESIAN_POINT('Ctrl Pts',(-45.1350418614231,18.0229513980395,35.8911760436389));
#2738=CARTESIAN_POINT('Ctrl Pts',(-45.5108058880872,18.1804979509068,34.2491890967168));
#2739=CARTESIAN_POINT('Ctrl Pts',(-45.7857408236428,18.1683492053071,33.425347544371));
#2740=CARTESIAN_POINT('Ctrl Pts',(-44.3965802673311,15.5682240217053,41.6530190326623));
#2741=CARTESIAN_POINT('Ctrl Pts',(-44.6607176721474,15.6167301326579,40.6205919234148));
#2742=CARTESIAN_POINT('Ctrl Pts',(-44.8756693942167,15.846619093367,38.7493286527399));
#2743=CARTESIAN_POINT('Ctrl Pts',(-45.1571722575464,16.1862026786969,35.9254567298776));
#2744=CARTESIAN_POINT('Ctrl Pts',(-45.5083110534586,16.289268394803,34.2586810922061));
#2745=CARTESIAN_POINT('Ctrl Pts',(-45.7854108524074,16.293580975698,33.4252379068204));
#2746=CARTESIAN_POINT('Ctrl Pts',(-44.2699545144437,14.419762618802,41.601049613732));
#2747=CARTESIAN_POINT('Ctrl Pts',(-44.5413981610191,14.427266543252,40.5586701619994));
#2748=CARTESIAN_POINT('Ctrl Pts',(-44.7897584657649,14.4740738085425,38.6925199157601));
#2749=CARTESIAN_POINT('Ctrl Pts',(-45.1406827613105,14.5845565832133,35.8958614467072));
#2750=CARTESIAN_POINT('Ctrl Pts',(-45.5111882418841,14.6362069997115,34.2492727277131));
#2751=CARTESIAN_POINT('Ctrl Pts',(-45.785348794056,14.6531013436946,33.4252172870664));
#2752=CARTESIAN_POINT('Ctrl Pts',(-44.2157298302848,14.0952725601941,41.5779827629018));
#2753=CARTESIAN_POINT('Ctrl Pts',(-44.4908111117714,14.0914708933972,40.5305569676533));
#2754=CARTESIAN_POINT('Ctrl Pts',(-44.7537801011229,14.0853336714728,38.6664826625466));
#2755=CARTESIAN_POINT('Ctrl Pts',(-45.1337447206588,14.1279577765527,35.8832469776695));
#2756=CARTESIAN_POINT('Ctrl Pts',(-45.512419597033,14.1642653115294,34.2453839740763));
#2757=CARTESIAN_POINT('Ctrl Pts',(-45.7853452648537,14.1843710707583,33.4252161144397));
#2758=CARTESIAN_POINT('Ctrl Pts',(-44.1746933924928,13.8800242347393,41.5603636655954));
#2759=CARTESIAN_POINT('Ctrl Pts',(-44.4525779880178,13.8687569481597,40.5089134195268));
#2760=CARTESIAN_POINT('Ctrl Pts',(-44.7265677384226,13.8271565080099,38.6464879143114));
#2761=CARTESIAN_POINT('Ctrl Pts',(-45.1284998980724,13.8238837301845,35.8737129317767));
#2762=CARTESIAN_POINT('Ctrl Pts',(-45.5133489751897,13.8497423638753,34.2424624848859));
#2763=CARTESIAN_POINT('Ctrl Pts',(-45.785343827332,13.8718767042547,33.425215636803));
#2764=CARTESIAN_POINT('Ctrl Pts',(-44.0902461657269,13.5065590255078,41.5237688160854));
#2765=CARTESIAN_POINT('Ctrl Pts',(-44.3741046664161,13.4823598199737,40.4638335816253));
#2766=CARTESIAN_POINT('Ctrl Pts',(-44.6708722528887,13.37828823396,38.604593299821));
#2767=CARTESIAN_POINT('Ctrl Pts',(-45.1178041333307,13.292823433649,35.8541302550986));
#2768=CARTESIAN_POINT('Ctrl Pts',(-45.5151771213094,13.2996983595421,34.236484247368));
#2769=CARTESIAN_POINT('Ctrl Pts',(-45.7853317337368,13.3251226447179,33.425211618537));
#2770=CARTESIAN_POINT('Ctrl Pts',(-43.9339633125002,12.9842474303897,41.4552996342202));
#2771=CARTESIAN_POINT('Ctrl Pts',(-44.2299804758894,12.94240582865,40.3786571089629));
#2772=CARTESIAN_POINT('Ctrl Pts',(-44.5691782616765,12.7473220373298,38.525010909092));
#2773=CARTESIAN_POINT('Ctrl Pts',(-45.0983120188425,12.537563309667,35.8178790566542));
#2774=CARTESIAN_POINT('Ctrl Pts',(-45.5186701294429,12.5150317565578,34.2255666259439));
#2775=CARTESIAN_POINT('Ctrl Pts',(-45.7853230121663,12.5439477250092,33.4252087206734));
#2776=CARTESIAN_POINT('Ctrl Pts',(-43.732001065634,12.4820249374313,41.3664068093881));
#2777=CARTESIAN_POINT('Ctrl Pts',(-44.0454631298035,12.4228554920536,40.2683547938297));
#2778=CARTESIAN_POINT('Ctrl Pts',(-44.4418525795925,12.1344057016879,38.4195301505204));
#2779=CARTESIAN_POINT('Ctrl Pts',(-45.073998560041,11.7890568237492,35.7710067555246));
#2780=CARTESIAN_POINT('Ctrl Pts',(-45.5229947889664,11.7327140265509,34.2115131662247));
#2781=CARTESIAN_POINT('Ctrl Pts',(-45.7852910145535,11.7631575798381,33.4251980890194));
#2782=CARTESIAN_POINT('Ctrl Pts',(-43.5443774041065,12.0951610017321,41.283949949309));
#2783=CARTESIAN_POINT('Ctrl Pts',(-43.8760197457772,12.0221908996586,40.1661513245666));
#2784=CARTESIAN_POINT('Ctrl Pts',(-44.3277004770223,11.656975840869,38.320635191217));
#2785=CARTESIAN_POINT('Ctrl Pts',(-45.0522338116905,11.1951523035376,35.7273635692423));
#2786=CARTESIAN_POINT('Ctrl Pts',(-45.5273126355654,11.1083827969939,34.1986024122796));
#2787=CARTESIAN_POINT('Ctrl Pts',(-45.7852794834962,11.13833746939,33.4251942576645));
#2788=CARTESIAN_POINT('Ctrl Pts',(-43.3398893878173,11.719126140753,41.1942918045494));
#2789=CARTESIAN_POINT('Ctrl Pts',(-43.6924356098069,11.6318972452247,40.0555620735612));
#2790=CARTESIAN_POINT('Ctrl Pts',(-44.206387140018,11.1885932736784,38.2127524815664));
#2791=CARTESIAN_POINT('Ctrl Pts',(-45.0291857137455,10.6050115246296,35.6797829067923));
#2792=CARTESIAN_POINT('Ctrl Pts',(-45.5320932099238,10.4851970167476,34.184611827481));
#2793=CARTESIAN_POINT('Ctrl Pts',(-45.7852681644071,10.5135192044607,33.4251904967389));
#2794=CARTESIAN_POINT('Ctrl Pts',(-43.1538141435831,11.4278629816877,41.1131183715235));
#2795=CARTESIAN_POINT('Ctrl Pts',(-43.5263594687791,11.3282741258057,39.9563011112756));
#2796=CARTESIAN_POINT('Ctrl Pts',(-44.1004221567744,10.8196118184065,38.1150817656388));
#2797=CARTESIAN_POINT('Ctrl Pts',(-45.0091797440674,10.1308962630682,35.6364176387526));
#2798=CARTESIAN_POINT('Ctrl Pts',(-45.5364049904393,9.98063530085994,34.1719347813001));
#2799=CARTESIAN_POINT('Ctrl Pts',(-45.7852455007244,10.006107925464,33.4251829664136));
#2800=CARTESIAN_POINT('Ctrl Pts',(-42.99995512752,11.2131857598471,41.0464633932131));
#2801=CARTESIAN_POINT('Ctrl Pts',(-43.3900071110992,11.1030369673044,39.875628874849));
#2802=CARTESIAN_POINT('Ctrl Pts',(-44.0158541579226,10.5427111462178,38.0358923531594));
#2803=CARTESIAN_POINT('Ctrl Pts',(-44.9935616246309,9.76950046538436,35.6006598761075));
#2804=CARTESIAN_POINT('Ctrl Pts',(-45.5401773897329,9.59325085736321,34.1616307370838));
#2805=CARTESIAN_POINT('Ctrl Pts',(-45.7852425930013,9.61553572794907,33.4251820002819));
#2806=CARTESIAN_POINT('Ctrl Pts',(-42.9374676783794,11.1281590779554,41.0194344691125));
#2807=CARTESIAN_POINT('Ctrl Pts',(-43.3346810178489,11.0136941090636,39.842989529747));
#2808=CARTESIAN_POINT('Ctrl Pts',(-43.9817571574477,10.4325683170638,38.0038864848));
#2809=CARTESIAN_POINT('Ctrl Pts',(-44.9872998527286,9.62525900902946,35.5861457674038));
#2810=CARTESIAN_POINT('Ctrl Pts',(-45.5417163260394,9.43837957560415,34.1574567903603));
#2811=CARTESIAN_POINT('Ctrl Pts',(-45.7852418474009,9.45929985252271,33.4251817525457));
#2812=CARTESIAN_POINT('Ctrl Pts',(-42.8576050745036,11.0234824994555,40.9849726592506));
#2813=CARTESIAN_POINT('Ctrl Pts',(-43.2639824961788,10.9034797988181,39.8015079462704));
#2814=CARTESIAN_POINT('Ctrl Pts',(-43.938653699221,10.296065395168,37.9632981805082));
#2815=CARTESIAN_POINT('Ctrl Pts',(-44.9794504841846,9.44563231223296,35.5675997280592));
#2816=CARTESIAN_POINT('Ctrl Pts',(-45.5436631538878,9.24501705227842,34.1521279498967));
#2817=CARTESIAN_POINT('Ctrl Pts',(-45.7852382182255,9.26405614985408,33.4251805467015));
#2818=CARTESIAN_POINT('Ctrl Pts',(-42.7590188075231,10.900511987656,40.9425804913316));
#2819=CARTESIAN_POINT('Ctrl Pts',(-43.1768014606972,10.7735497370167,39.7507350638622));
#2820=CARTESIAN_POINT('Ctrl Pts',(-43.8861906585893,10.1341351924978,37.9138121591141));
#2821=CARTESIAN_POINT('Ctrl Pts',(-44.9700404860751,9.23111059256031,35.544743886032));
#2822=CARTESIAN_POINT('Ctrl Pts',(-45.5460703886911,9.01325946017789,34.1455795518443));
#2823=CARTESIAN_POINT('Ctrl Pts',(-45.7852339725386,9.0297629751794,33.4251791360127));
#2824=CARTESIAN_POINT('Ctrl Pts',(-42.6577362190255,10.780253296125,40.8991936183432));
#2825=CARTESIAN_POINT('Ctrl Pts',(-43.0872774129046,10.6460000873799,39.699040966554));
#2826=CARTESIAN_POINT('Ctrl Pts',(-43.8330129793335,9.97409081221522,37.8636978135131));
#2827=CARTESIAN_POINT('Ctrl Pts',(-44.9606768937971,9.01767275607036,35.5213132567373));
#2828=CARTESIAN_POINT('Ctrl Pts',(-45.5485341273087,8.7818019437918,34.1388776565727));
#2829=CARTESIAN_POINT('Ctrl Pts',(-45.7852290121046,8.79548372859369,33.4251774878392));
#2830=CARTESIAN_POINT('Ctrl Pts',(-42.5711336240607,10.6823552327742,40.862245805056));
#2831=CARTESIAN_POINT('Ctrl Pts',(-43.0107330555258,10.5417536830836,39.6552471097725));
#2832=CARTESIAN_POINT('Ctrl Pts',(-43.78811300625,9.84230638740878,37.8215452099665));
#2833=CARTESIAN_POINT('Ctrl Pts',(-44.9529470627217,8.84076013599802,35.501330727815));
#2834=CARTESIAN_POINT('Ctrl Pts',(-45.5506282990629,8.58919896537629,34.1331675533902));
#2835=CARTESIAN_POINT('Ctrl Pts',(-45.785223527122,8.60027829285218,33.4251756653771));
#2836=CARTESIAN_POINT('Ctrl Pts',(-42.5137918508359,10.619878656927,40.8378616993937));
#2837=CARTESIAN_POINT('Ctrl Pts',(-42.9600671302476,10.4749612612838,39.6264832740194));
#2838=CARTESIAN_POINT('Ctrl Pts',(-43.7586320771355,9.75741236876993,37.7940150680955));
#2839=CARTESIAN_POINT('Ctrl Pts',(-44.9479739435709,8.72619471264963,35.4881476658636));
#2840=CARTESIAN_POINT('Ctrl Pts',(-45.552016324656,8.46408973508601,34.1294003794456));
#2841=CARTESIAN_POINT('Ctrl Pts',(-45.7852215205903,8.47336401456009,33.4251749986789));
#2842=CARTESIAN_POINT('Ctrl Pts',(-42.4871266688758,10.5912684279002,40.8265384819437));
#2843=CARTESIAN_POINT('Ctrl Pts',(-42.9365104735705,10.4443142319112,39.6131562737926));
#2844=CARTESIAN_POINT('Ctrl Pts',(-43.7449663550992,9.71837644384118,37.78128881256));
#2845=CARTESIAN_POINT('Ctrl Pts',(-44.9456897890448,8.6733946028193,35.4820293959249));
#2846=CARTESIAN_POINT('Ctrl Pts',(-45.5526625963785,8.4063549074717,34.1276510144582));
#2847=CARTESIAN_POINT('Ctrl Pts',(-45.785221247108,8.4147760402892,33.4251749078105));
#2848=CARTESIAN_POINT('Ctrl Pts',(-42.4692967686303,10.5722551547073,40.8189713824756));
#2849=CARTESIAN_POINT('Ctrl Pts',(-42.9207588027575,10.4239341325202,39.6042568351918));
#2850=CARTESIAN_POINT('Ctrl Pts',(-43.7358402368846,9.6923919414371,37.7727999159435));
#2851=CARTESIAN_POINT('Ctrl Pts',(-44.9441698805702,8.63821677354224,35.4779410581246));
#2852=CARTESIAN_POINT('Ctrl Pts',(-45.5530944734868,8.36786926421988,34.1264819311931));
#2853=CARTESIAN_POINT('Ctrl Pts',(-45.7852211019121,8.37571543668016,33.4251748595671));
#2854=CARTESIAN_POINT('Ctrl Pts',(-42.4469102102156,10.5486019038511,40.8094784718175));
#2855=CARTESIAN_POINT('Ctrl Pts',(-42.9009776575452,10.3985653026771,39.5931013186517));
#2856=CARTESIAN_POINT('Ctrl Pts',(-43.724406770753,9.65998974912411,37.7621823795272));
#2857=CARTESIAN_POINT('Ctrl Pts',(-44.9422777096781,8.59430277004758,35.4728092787948));
#2858=CARTESIAN_POINT('Ctrl Pts',(-45.5536354041878,8.31978864016494,34.1250143796417));
#2859=CARTESIAN_POINT('Ctrl Pts',(-45.785220555951,8.3269020454226,33.425174678164));
#2860=CARTESIAN_POINT('Ctrl Pts',(-42.4198882690261,10.5204001335045,40.7980331507266));
#2861=CARTESIAN_POINT('Ctrl Pts',(-42.8770982409618,10.3682792940787,39.5796713030483));
#2862=CARTESIAN_POINT('Ctrl Pts',(-43.7106367675909,9.62122387881392,37.7494301777048));
#2863=CARTESIAN_POINT('Ctrl Pts',(-44.9400142975972,8.54166556826777,35.4666249349537));
#2864=CARTESIAN_POINT('Ctrl Pts',(-45.5542870407412,8.26209630063764,34.123245826818));
#2865=CARTESIAN_POINT('Ctrl Pts',(-45.7852199411288,8.26831085711549,33.4251744738807));
#2866=CARTESIAN_POINT('Ctrl Pts',(-42.3836499689387,10.4830424680784,40.782702066731));
#2867=CARTESIAN_POINT('Ctrl Pts',(-42.8450693407589,10.3281088668759,39.5617082332306));
#2868=CARTESIAN_POINT('Ctrl Pts',(-43.6922239092215,9.56970601179393,37.7324196176575));
#2869=CARTESIAN_POINT('Ctrl Pts',(-44.9370199853415,8.47161657337196,35.4583355864615));
#2870=CARTESIAN_POINT('Ctrl Pts',(-45.5551598923128,8.18523806958678,34.1208714059851));
#2871=CARTESIAN_POINT('Ctrl Pts',(-45.785219152579,8.19022950702971,33.425174211874));
#2872=CARTESIAN_POINT('Ctrl Pts',(-42.3379607849132,10.4368053214574,40.7634069516925));
#2873=CARTESIAN_POINT('Ctrl Pts',(-42.8046724638963,10.2783362570978,39.5391340833567));
#2874=CARTESIAN_POINT('Ctrl Pts',(-43.6690643947894,9.50558991539042,37.7111395417746));
#2875=CARTESIAN_POINT('Ctrl Pts',(-44.933277538454,8.38415413992214,35.4479171775612));
#2876=CARTESIAN_POINT('Ctrl Pts',(-45.5562535278429,8.0891225825095,34.1178981014166));
#2877=CARTESIAN_POINT('Ctrl Pts',(-45.7852162662531,8.09251994241207,33.4251732528518));
#2878=CARTESIAN_POINT('Ctrl Pts',(-42.2825198158759,10.3820693017903,40.7400501684339));
#2879=CARTESIAN_POINT('Ctrl Pts',(-42.7556348268122,10.2192396578688,39.5118962835072));
#2880=CARTESIAN_POINT('Ctrl Pts',(-43.6411705126261,9.42922447019175,37.6856257778954));
#2881=CARTESIAN_POINT('Ctrl Pts',(-44.9289249968447,8.27983899293207,35.4352535644113));
#2882=CARTESIAN_POINT('Ctrl Pts',(-45.5575828599783,7.97423379008596,34.1142524082278));
#2883=CARTESIAN_POINT('Ctrl Pts',(-45.7852135592857,7.97565425675084,33.4251723534241));
#2884=CARTESIAN_POINT('Ctrl Pts',(-42.2451471259708,10.3460761562833,40.7243451781002));
#2885=CARTESIAN_POINT('Ctrl Pts',(-42.7225608232824,10.180290391678,39.4936275274323));
#2886=CARTESIAN_POINT('Ctrl Pts',(-43.6222890681289,9.37849640934393,37.6685839017244));
#2887=CARTESIAN_POINT('Ctrl Pts',(-44.9259173380592,8.20993707323652,35.4268440883314));
#2888=CARTESIAN_POINT('Ctrl Pts',(-45.5584615959533,7.897083124275,34.1118646108511));
#2889=CARTESIAN_POINT('Ctrl Pts',(-45.7852109526369,7.89710818755304,33.4251714873286));
#2890=CARTESIAN_POINT('Ctrl Pts',(-42.2204672624273,10.3226008039784,40.7139865817531));
#2891=CARTESIAN_POINT('Ctrl Pts',(-42.7007149118248,10.1548367259709,39.481604416878));
#2892=CARTESIAN_POINT('Ctrl Pts',(-43.6100873931307,9.34551138498396,37.6574651891725));
#2893=CARTESIAN_POINT('Ctrl Pts',(-44.9241877365061,8.16500000017586,35.4211361255498));
#2894=CARTESIAN_POINT('Ctrl Pts',(-45.5590618293563,7.84741971085413,34.1101804977819));
#2895=CARTESIAN_POINT('Ctrl Pts',(-45.7852098013727,7.8465428541029,33.425171104805));
#2896=CARTESIAN_POINT('Ctrl Pts',(-42.2088077284562,10.311553913301,40.7090877724143));
#2897=CARTESIAN_POINT('Ctrl Pts',(-42.6904187201386,10.1428145589676,39.4760105769897));
#2898=CARTESIAN_POINT('Ctrl Pts',(-43.608791494588,9.33421012124126,37.6535314635117));
#2899=CARTESIAN_POINT('Ctrl Pts',(-44.9275920027776,8.16072151067611,35.415397863974));
#2900=CARTESIAN_POINT('Ctrl Pts',(-45.5596555318348,7.84258859574915,34.1074100842821));
#2901=CARTESIAN_POINT('Ctrl Pts',(-45.7851142835735,7.8418253989594,33.4251393676814));
#2902=CARTESIAN_POINT('Ctrl Pts',(-42.185308637106,10.2894938908178,40.6992628720023));
#2903=CARTESIAN_POINT('Ctrl Pts',(-42.6696434569715,10.1188718118314,39.4647859197297));
#2904=CARTESIAN_POINT('Ctrl Pts',(-43.6035045504211,9.3095300692024,37.6450802871949));
#2905=CARTESIAN_POINT('Ctrl Pts',(-44.931964542273,8.14375342931616,35.4055130641089));
#2906=CARTESIAN_POINT('Ctrl Pts',(-45.560292821839,7.82410491909953,34.1027250428987));
#2907=CARTESIAN_POINT('Ctrl Pts',(-45.7845421456471,7.82329898797452,33.4249492668601));
#2908=CARTESIAN_POINT('Ctrl Pts',(-42.1439611859864,10.251206894222,40.6820815347628));
#2909=CARTESIAN_POINT('Ctrl Pts',(-42.6330661103067,10.0774159330184,39.4452719740326));
#2910=CARTESIAN_POINT('Ctrl Pts',(-43.5941496211381,9.26760607978281,37.6307908559498));
#2911=CARTESIAN_POINT('Ctrl Pts',(-44.9396278182289,8.11782102763563,35.3878321660492));
#2912=CARTESIAN_POINT('Ctrl Pts',(-45.5605498972974,7.79683805447834,34.0938768848094));
#2913=CARTESIAN_POINT('Ctrl Pts',(-45.7825401385089,7.79607484045489,33.4242840720116));
#2914=CARTESIAN_POINT('Ctrl Pts',(-42.0841089070633,10.1973063037903,40.6575390943398));
#2915=CARTESIAN_POINT('Ctrl Pts',(-42.5800262777629,10.0194285143357,39.4176762923448));
#2916=CARTESIAN_POINT('Ctrl Pts',(-43.5763318997721,9.20757497213188,37.6105336006548));
#2917=CARTESIAN_POINT('Ctrl Pts',(-44.9463891310769,8.07618747381093,35.3641819105399));
#2918=CARTESIAN_POINT('Ctrl Pts',(-45.5580771169375,7.75548831460888,34.0812231595878));
#2919=CARTESIAN_POINT('Ctrl Pts',(-45.7768346753971,7.75467725907062,33.4223883521624));
#2920=CARTESIAN_POINT('Ctrl Pts',(-42.0232591257464,10.1445611392516,40.6330593389101));
#2921=CARTESIAN_POINT('Ctrl Pts',(-42.5259295935439,9.96315632181247,39.3906282806391));
#2922=CARTESIAN_POINT('Ctrl Pts',(-43.5538807796632,9.14911155810344,37.5907581386541));
#2923=CARTESIAN_POINT('Ctrl Pts',(-44.9480387067276,8.03373406271167,35.3417723155702));
#2924=CARTESIAN_POINT('Ctrl Pts',(-45.5518172179425,7.71622371072768,34.0681987653569));
#2925=CARTESIAN_POINT('Ctrl Pts',(-45.7673785327208,7.71548286763241,33.4192464166145));
#2926=CARTESIAN_POINT('Ctrl Pts',(-41.9739685534777,10.1030805962285,40.613539410335));
#2927=CARTESIAN_POINT('Ctrl Pts',(-42.4819559691422,9.91918863754297,39.3693807462722));
#2928=CARTESIAN_POINT('Ctrl Pts',(-43.5328385366008,9.10326190229106,37.5750987945457));
#2929=CARTESIAN_POINT('Ctrl Pts',(-44.945639583443,7.99856788168033,35.3247576159004));
#2930=CARTESIAN_POINT('Ctrl Pts',(-45.5444763317488,7.68491634060185,34.057798263506));
#2931=CARTESIAN_POINT('Ctrl Pts',(-45.75764016358,7.68431570934291,33.4160107073799));
#2932=CARTESIAN_POINT('Ctrl Pts',(-41.8497277297969,10.0005970437559,40.564864631382));
#2933=CARTESIAN_POINT('Ctrl Pts',(-42.3708286829981,9.81110915231174,39.3169184296508));
#2934=CARTESIAN_POINT('Ctrl Pts',(-43.4754488188778,8.99065265152228,37.5363165091442));
#2935=CARTESIAN_POINT('Ctrl Pts',(-44.9336986972618,7.9102561114087,35.2835163570794));
#2936=CARTESIAN_POINT('Ctrl Pts',(-45.5221954498665,7.60819545698286,34.0317599154815));
#2937=CARTESIAN_POINT('Ctrl Pts',(-45.729629466135,7.60805761012509,33.4067037617217));
#2938=CARTESIAN_POINT('Ctrl Pts',(-41.6307464249532,9.83596456800862,40.4833505199553));
#2939=CARTESIAN_POINT('Ctrl Pts',(-42.1722390970554,9.64318513259098,39.232814893615));
#2940=CARTESIAN_POINT('Ctrl Pts',(-43.3406415370788,8.81628579784101,37.473072535953));
#2941=CARTESIAN_POINT('Ctrl Pts',(-44.8633334546729,7.75858992920402,35.2230616129055));
#2942=CARTESIAN_POINT('Ctrl Pts',(-45.4545109241162,7.48909642081998,33.9890816238549));
#2943=CARTESIAN_POINT('Ctrl Pts',(-45.6553910392527,7.49076601733861,33.3820370069541));
#2944=CARTESIAN_POINT('Ctrl Pts',(-41.3015627769194,9.63012744232639,40.3737877748434));
#2945=CARTESIAN_POINT('Ctrl Pts',(-41.8603352417844,9.44609726196298,39.1297504481193));
#2946=CARTESIAN_POINT('Ctrl Pts',(-43.0713009938348,8.64276186937644,37.3929188463083));
#2947=CARTESIAN_POINT('Ctrl Pts',(-44.6519526291018,7.62126320930952,35.1651073963724));
#2948=CARTESIAN_POINT('Ctrl Pts',(-45.290529868274,7.37771104861499,33.9421492255377));
#2949=CARTESIAN_POINT('Ctrl Pts',(-45.4956304466082,7.37996134500577,33.3289543174931));
#2950=CARTESIAN_POINT('Ctrl Pts',(-41.0701253312247,9.5111944507385,40.3043966934303));
#2951=CARTESIAN_POINT('Ctrl Pts',(-41.6318693041099,9.34117240337106,39.0699497922385));
#2952=CARTESIAN_POINT('Ctrl Pts',(-42.8642827741874,8.58883518775076,37.3516539713392));
#2953=CARTESIAN_POINT('Ctrl Pts',(-44.4876968901487,7.6082507066341,35.1603054659862));
#2954=CARTESIAN_POINT('Ctrl Pts',(-45.1613446461411,7.35365696658598,33.9268021781684));
#2955=CARTESIAN_POINT('Ctrl Pts',(-45.374212647528,7.35437622800436,33.2886115570103));
#2956=CARTESIAN_POINT('Ctrl Pts',(-40.9483081206212,9.45456978583203,40.2693920098937));
#2957=CARTESIAN_POINT('Ctrl Pts',(-41.5098272987143,9.29317009276552,39.041023678616));
#2958=CARTESIAN_POINT('Ctrl Pts',(-42.7556173223062,8.57665835830243,37.3351746912566));
#2959=CARTESIAN_POINT('Ctrl Pts',(-44.4033786390552,7.6164672716916,35.1670539671889));
#2960=CARTESIAN_POINT('Ctrl Pts',(-45.0889204992082,7.35381629971352,33.919953954413));
#2961=CARTESIAN_POINT('Ctrl Pts',(-45.306405005905,7.35450887200501,33.2660815205115));
#2962=CARTESIAN_POINT('Ctrl Pts',(-40.9331318939198,9.44752449370407,40.2650009006216));
#2963=CARTESIAN_POINT('Ctrl Pts',(-41.4935983508456,9.28666508766927,39.0370516455622));
#2964=CARTESIAN_POINT('Ctrl Pts',(-42.7360783495492,8.57226413416298,37.3302600914051));
#2965=CARTESIAN_POINT('Ctrl Pts',(-44.3792765685918,7.61536498866962,35.1598539235702));
#2966=CARTESIAN_POINT('Ctrl Pts',(-45.0633237326324,7.35382548047353,33.9117251371084));
#2967=CARTESIAN_POINT('Ctrl Pts',(-45.2806903106409,7.35450749888069,33.2575374536631));
#2968=CARTESIAN_POINT('Ctrl Pts',(-40.9028802114267,9.4336271461179,40.2562506963683));
#2969=CARTESIAN_POINT('Ctrl Pts',(-41.4616572096164,9.27404218487226,39.029261524479));
#2970=CARTESIAN_POINT('Ctrl Pts',(-42.69949035685,8.56470730120749,37.3215644389507));
#2971=CARTESIAN_POINT('Ctrl Pts',(-44.3365798179591,7.61401222116366,35.1486223376459));
#2972=CARTESIAN_POINT('Ctrl Pts',(-45.0188268696408,7.35385257570731,33.898206139107));
#2973=CARTESIAN_POINT('Ctrl Pts',(-45.2362339913579,7.35451551264105,33.242766220332));
#2974=CARTESIAN_POINT('Ctrl Pts',(-40.8458718227956,9.40790253373845,40.2397241212552));
#2975=CARTESIAN_POINT('Ctrl Pts',(-41.4011761497125,9.25050798566251,39.0144233404175));
#2976=CARTESIAN_POINT('Ctrl Pts',(-42.6287387622582,8.54981907125775,37.3042423214377));
#2977=CARTESIAN_POINT('Ctrl Pts',(-44.2520473568454,7.61083817897044,35.1249272579353));
#2978=CARTESIAN_POINT('Ctrl Pts',(-44.930033169244,7.35389481799336,33.8704705357946));
#2979=CARTESIAN_POINT('Ctrl Pts',(-45.1473253322641,7.35452132840342,33.2132250759049));
#2980=CARTESIAN_POINT('Ctrl Pts',(-40.7848190416173,9.38120815532967,40.2219768882352));
#2981=CARTESIAN_POINT('Ctrl Pts',(-41.3366055053235,9.22616712425604,38.998491178262));
#2982=CARTESIAN_POINT('Ctrl Pts',(-42.5539219114577,8.53473827483392,37.2860007320933));
#2983=CARTESIAN_POINT('Ctrl Pts',(-44.1636794313944,7.60782407943565,35.1005954355726));
#2984=CARTESIAN_POINT('Ctrl Pts',(-44.8376209531873,7.35396242559217,33.841845615928));
#2985=CARTESIAN_POINT('Ctrl Pts',(-45.0549174937189,7.35454778785428,33.1825212802063));
#2986=CARTESIAN_POINT('Ctrl Pts',(-40.723454853189,9.35522538589692,40.2040836913505));
#2987=CARTESIAN_POINT('Ctrl Pts',(-41.2716878392215,9.20242277082017,38.9823709288755));
#2988=CARTESIAN_POINT('Ctrl Pts',(-42.4784387374377,8.51984404068187,37.2673822700741));
#2989=CARTESIAN_POINT('Ctrl Pts',(-44.0742456205454,7.60471388929184,35.0755597454458));
#2990=CARTESIAN_POINT('Ctrl Pts',(-44.7440213244548,7.35400326055291,33.8126493151845));
#2991=CARTESIAN_POINT('Ctrl Pts',(-44.9613249414493,7.35455326016828,33.1514238468171));
#2992=CARTESIAN_POINT('Ctrl Pts',(-40.6619121710022,9.32973107438466,40.1861028461595));
#2993=CARTESIAN_POINT('Ctrl Pts',(-41.2066399657698,9.1791336091281,38.9661497181257));
#2994=CARTESIAN_POINT('Ctrl Pts',(-42.4029407176108,8.50527380738998,37.2487056073895));
#2995=CARTESIAN_POINT('Ctrl Pts',(-43.9850213627283,7.60169355473506,35.0505802280983));
#2996=CARTESIAN_POINT('Ctrl Pts',(-44.6507469734928,7.35404547291025,33.7835618204902));
#2997=CARTESIAN_POINT('Ctrl Pts',(-44.8680964272894,7.35456074923929,33.120447370177));
#2998=CARTESIAN_POINT('Ctrl Pts',(-40.4919094169125,9.26162318992584,40.1362819368259));
#2999=CARTESIAN_POINT('Ctrl Pts',(-41.0270934748683,9.11689847547809,38.9210753624637));
#3000=CARTESIAN_POINT('Ctrl Pts',(-42.1946072083902,8.46624064560887,37.1967933232661));
#3001=CARTESIAN_POINT('Ctrl Pts',(-43.7390666777983,7.59354214543952,34.9812731317014));
#3002=CARTESIAN_POINT('Ctrl Pts',(-44.39381609999,7.35416902605485,33.703240942901));
#3003=CARTESIAN_POINT('Ctrl Pts',(-44.6113750970769,7.35459065493722,33.0351481206932));
#3004=CARTESIAN_POINT('Ctrl Pts',(-40.2724861151356,9.18350857432816,40.0713189251181));
#3005=CARTESIAN_POINT('Ctrl Pts',(-40.7962200904056,9.04548812944606,38.8617475181539));
#3006=CARTESIAN_POINT('Ctrl Pts',(-41.9271878367863,8.42130956514712,37.1286164712691));
#3007=CARTESIAN_POINT('Ctrl Pts',(-43.4249316350162,7.58415494010397,34.8911643641477));
#3008=CARTESIAN_POINT('Ctrl Pts',(-44.0666266884727,7.354507850152,33.600308015267));
#3009=CARTESIAN_POINT('Ctrl Pts',(-44.2847582046981,7.35480786385668,32.9266250939329));
#3010=CARTESIAN_POINT('Ctrl Pts',(-40.0182669992078,9.10625970042453,39.9950662550765));
#3011=CARTESIAN_POINT('Ctrl Pts',(-40.529216248255,8.97479369003481,38.79117517113));
#3012=CARTESIAN_POINT('Ctrl Pts',(-41.6188758408678,8.37658943477897,37.0474868605369));
#3013=CARTESIAN_POINT('Ctrl Pts',(-43.0644306686747,7.57455285015234,34.7856123276128));
#3014=CARTESIAN_POINT('Ctrl Pts',(-43.6921010451502,7.35464701728858,33.4815906293104));
#3015=CARTESIAN_POINT('Ctrl Pts',(-43.9114490391324,7.3548469308658,32.8025879069105));
#3016=CARTESIAN_POINT('Ctrl Pts',(-39.8260702151903,9.05439731132436,39.9369086949109));
#3017=CARTESIAN_POINT('Ctrl Pts',(-40.3277286957655,8.92731543637957,38.736847531173));
#3018=CARTESIAN_POINT('Ctrl Pts',(-41.386542238056,8.34648396234955,36.9850259164234));
#3019=CARTESIAN_POINT('Ctrl Pts',(-42.7934943472009,7.5680487275411,34.7051788409573));
#3020=CARTESIAN_POINT('Ctrl Pts',(-43.4110505703023,7.35475901423003,33.392054731958));
#3021=CARTESIAN_POINT('Ctrl Pts',(-43.6314892531038,7.35489080039445,32.7095673557389));
#3022=CARTESIAN_POINT('Ctrl Pts',(-39.632531208562,9.00866570101632,39.8778209421235));
#3023=CARTESIAN_POINT('Ctrl Pts',(-40.1251843726624,8.88542722555412,38.6811222425725));
#3024=CARTESIAN_POINT('Ctrl Pts',(-41.1532628559753,8.31987255870422,36.920915982589));
#3025=CARTESIAN_POINT('Ctrl Pts',(-42.5220677895054,7.5622472559513,34.6234868409147));
#3026=CARTESIAN_POINT('Ctrl Pts',(-43.1298352196929,7.35485111108302,33.3020175506184));
#3027=CARTESIAN_POINT('Ctrl Pts',(-43.3515216481253,7.35492584071514,32.6165442066119));
#3028=CARTESIAN_POINT('Ctrl Pts',(-39.4378432215613,8.96911540649736,39.8178447421337));
#3029=CARTESIAN_POINT('Ctrl Pts',(-39.921837255221,8.84918504798206,38.624005609971));
#3030=CARTESIAN_POINT('Ctrl Pts',(-40.9192342394079,8.29683731605905,36.8551507694155));
#3031=CARTESIAN_POINT('Ctrl Pts',(-42.2502766602785,7.55720342976178,34.5405569967702));
#3032=CARTESIAN_POINT('Ctrl Pts',(-42.8485188054584,7.35496295426383,33.2114989303554));
#3033=CARTESIAN_POINT('Ctrl Pts',(-43.0715539657728,7.35498918017241,32.5235210317763));
#3034=CARTESIAN_POINT('Ctrl Pts',(-39.2421994357382,8.93579089934065,39.7570245368543));
#3035=CARTESIAN_POINT('Ctrl Pts',(-39.7177534721194,8.81866561695617,38.5654975776657));
#3036=CARTESIAN_POINT('Ctrl Pts',(-40.684614736412,8.27742932082105,36.787714038812));
#3037=CARTESIAN_POINT('Ctrl Pts',(-41.9781830566985,7.55290850074715,34.4564213892114));
#3038=CARTESIAN_POINT('Ctrl Pts',(-42.5671033879942,7.35504631387694,33.1204977809504));
#3039=CARTESIAN_POINT('Ctrl Pts',(-42.7915913299272,7.3550311895271,32.4304995337131));
#3040=CARTESIAN_POINT('Ctrl Pts',(-38.9803265645238,8.89970979974967,39.6748692816628));
#3041=CARTESIAN_POINT('Ctrl Pts',(-39.4449235278546,8.78567511918608,38.4856529545578));
#3042=CARTESIAN_POINT('Ctrl Pts',(-40.3712469617734,8.25647090043486,36.6955787501891));
#3043=CARTESIAN_POINT('Ctrl Pts',(-41.6151194094636,7.5482212924029,34.3426633408718));
#3044=CARTESIAN_POINT('Ctrl Pts',(-42.191802695768,7.35514026202839,32.9985314463518));
#3045=CARTESIAN_POINT('Ctrl Pts',(-42.4183125813618,7.35507693796424,32.3064724531642));
#3046=CARTESIAN_POINT('Ctrl Pts',(-38.651570807063,8.87034779859751,39.5703099980664));
#3047=CARTESIAN_POINT('Ctrl Pts',(-39.1031623322227,8.75893996963851,38.3824983525717));
#3048=CARTESIAN_POINT('Ctrl Pts',(-39.9789688906281,8.23962641408549,36.5762941029939));
#3049=CARTESIAN_POINT('Ctrl Pts',(-41.1610584028719,7.54435369609815,34.1975771686486));
#3050=CARTESIAN_POINT('Ctrl Pts',(-41.7226266019301,7.35524452137313,32.84493404304));
#3051=CARTESIAN_POINT('Ctrl Pts',(-41.9517206639479,7.35513684805563,32.151440768272));
#3052=CARTESIAN_POINT('Ctrl Pts',(-38.2563697558103,8.86047719527546,39.4422901997628));
#3053=CARTESIAN_POINT('Ctrl Pts',(-38.6936044932337,8.75028639992837,38.2536993220505));
#3054=CARTESIAN_POINT('Ctrl Pts',(-39.5087636899717,8.23469426876696,36.4268069448558));
#3055=CARTESIAN_POINT('Ctrl Pts',(-40.6166304930732,7.542992329879,34.019094904604));
#3056=CARTESIAN_POINT('Ctrl Pts',(-41.1598352667793,7.35538729519341,32.658919704901));
#3057=CARTESIAN_POINT('Ctrl Pts',(-41.3918334948357,7.35524329614762,31.9654104322599));
#3058=CARTESIAN_POINT('Ctrl Pts',(-37.7305900662271,8.8811909531091,39.2688500214104));
#3059=CARTESIAN_POINT('Ctrl Pts',(-38.1493570569891,8.77037933092605,38.0755829981081));
#3060=CARTESIAN_POINT('Ctrl Pts',(-38.8843368832221,8.24861278535724,36.2194175811219));
#3061=CARTESIAN_POINT('Ctrl Pts',(-39.8920028849319,7.54554085914913,33.7755950584455));
#3062=CARTESIAN_POINT('Ctrl Pts',(-40.409907563297,7.3554741502987,32.4085581528361));
#3063=CARTESIAN_POINT('Ctrl Pts',(-40.6453065630623,7.35529572728632,31.7173664269292));
#3064=CARTESIAN_POINT('Ctrl Pts',(-37.2096759399552,8.95266422254076,39.0923175973368));
#3065=CARTESIAN_POINT('Ctrl Pts',(-37.6133492416046,8.83726574014,37.8896693982406));
#3066=CARTESIAN_POINT('Ctrl Pts',(-38.2665815022466,8.29333305236924,36.0011192760704));
#3067=CARTESIAN_POINT('Ctrl Pts',(-39.1716138452549,7.55460745075211,33.5244988826508));
#3068=CARTESIAN_POINT('Ctrl Pts',(-39.6616962430354,7.35571151933668,32.1554712970753));
#3069=CARTESIAN_POINT('Ctrl Pts',(-39.898954393384,7.35549654949265,31.4693804887468));
#3070=CARTESIAN_POINT('Ctrl Pts',(-36.8112511272688,9.04744925969921,38.9537894151816));
#3071=CARTESIAN_POINT('Ctrl Pts',(-37.2029582161581,8.92598904213233,37.7394098965358));
#3072=CARTESIAN_POINT('Ctrl Pts',(-37.7930384741397,8.35137932252482,35.8236739191702));
#3073=CARTESIAN_POINT('Ctrl Pts',(-38.6134551572335,7.56642782026542,33.3231950946648));
#3074=CARTESIAN_POINT('Ctrl Pts',(-39.0787536836394,7.35571531182917,31.9552241496889));
#3075=CARTESIAN_POINT('Ctrl Pts',(-39.3157688097938,7.35551192058755,31.2756089289435));
#3076=CARTESIAN_POINT('Ctrl Pts',(-36.6535026880519,9.09110313987947,38.8984354848127));
#3077=CARTESIAN_POINT('Ctrl Pts',(-37.0404854478285,8.96679012093049,37.6787664703948));
#3078=CARTESIAN_POINT('Ctrl Pts',(-37.605247917424,8.37793624465518,35.751870374237));
#3079=CARTESIAN_POINT('Ctrl Pts',(-38.3910901629902,7.57181742435859,33.2419921514651));
#3080=CARTESIAN_POINT('Ctrl Pts',(-38.8458928218955,7.35570299829577,31.8747904063019));
#3081=CARTESIAN_POINT('Ctrl Pts',(-39.0824811468959,7.35551432294351,31.1980958428958));
#3082=CARTESIAN_POINT('Ctrl Pts',(-36.5905511882961,9.10907404076329,38.8763005635791));
#3083=CARTESIAN_POINT('Ctrl Pts',(-36.9756473262256,8.98358285769451,37.6544633270505));
#3084=CARTESIAN_POINT('Ctrl Pts',(-37.5302792635926,8.38885492073612,35.7230777534227));
#3085=CARTESIAN_POINT('Ctrl Pts',(-38.3022257369629,7.57403141199145,33.2094516981461));
#3086=CARTESIAN_POINT('Ctrl Pts',(-38.7527775803273,7.35569649683459,31.8425876736832));
#3087=CARTESIAN_POINT('Ctrl Pts',(-38.9891655313353,7.35551441986399,31.1670904255982));
#3088=CARTESIAN_POINT('Ctrl Pts',(-36.4807848787474,9.14185730379656,38.837586305547));
#3089=CARTESIAN_POINT('Ctrl Pts',(-36.8626337084826,9.0141971248596,37.6118433530586));
#3090=CARTESIAN_POINT('Ctrl Pts',(-37.3994836894132,8.40873406594639,35.6725180337738));
#3091=CARTESIAN_POINT('Ctrl Pts',(-38.1469520956706,7.57805594636356,33.1523584482916));
#3092=CARTESIAN_POINT('Ctrl Pts',(-38.5899183335612,7.35568617170391,31.7861757478136));
#3093=CARTESIAN_POINT('Ctrl Pts',(-38.8258701644272,7.35551502108686,31.1128332579919));
#3094=CARTESIAN_POINT('Ctrl Pts',(-36.13842602212,9.25322185228704,38.7161089393936));
#3095=CARTESIAN_POINT('Ctrl Pts',(-36.5103540281184,9.11808713029067,37.4774092342017));
#3096=CARTESIAN_POINT('Ctrl Pts',(-36.9910040942616,8.4760078240598,35.5126280449179));
#3097=CARTESIAN_POINT('Ctrl Pts',(-37.6605137512674,7.59161845044551,32.9720419780951));
#3098=CARTESIAN_POINT('Ctrl Pts',(-38.0786952229095,7.35565383930227,31.6085306338421));
#3099=CARTESIAN_POINT('Ctrl Pts',(-38.312720025931,7.35551379356861,30.9423319535229));
#3100=CARTESIAN_POINT('Ctrl Pts',(-35.7148892563637,9.43000756517814,38.5627927359649));
#3101=CARTESIAN_POINT('Ctrl Pts',(-36.075252896474,9.28253364590373,37.3048252694434));
#3102=CARTESIAN_POINT('Ctrl Pts',(-36.4829375217068,8.58153866265778,35.305521793866));
#3103=CARTESIAN_POINT('Ctrl Pts',(-37.0485173845599,7.61261126519652,32.7390536018887));
#3104=CARTESIAN_POINT('Ctrl Pts',(-37.4308103201909,7.35560784541437,31.3810205558009));
#3105=CARTESIAN_POINT('Ctrl Pts',(-37.6598387053603,7.35549026364789,30.7254030111534));
#3106=CARTESIAN_POINT('Ctrl Pts',(-35.3395382906407,9.63116306649687,38.4240876401518));
#3107=CARTESIAN_POINT('Ctrl Pts',(-35.6885340872232,9.46902654609243,37.1450457462122));
#3108=CARTESIAN_POINT('Ctrl Pts',(-36.0270134234828,8.69966940000444,35.1124874928171));
#3109=CARTESIAN_POINT('Ctrl Pts',(-36.4897468918062,7.63529828966308,32.5200764315514));
#3110=CARTESIAN_POINT('Ctrl Pts',(-36.8326057773666,7.35540899321541,31.1678320467644));
#3111=CARTESIAN_POINT('Ctrl Pts',(-37.0534851446128,7.35546859241759,30.5239335671816));
#3112=CARTESIAN_POINT('Ctrl Pts',(-35.1701359820767,9.73087597952832,38.3609964401289));
#3113=CARTESIAN_POINT('Ctrl Pts',(-35.513702242172,9.56135689362631,37.07170906926));
#3114=CARTESIAN_POINT('Ctrl Pts',(-35.8198244323902,8.75790135080911,35.0236532145143));
#3115=CARTESIAN_POINT('Ctrl Pts',(-36.2338131777983,7.64627525778199,32.4186600021144));
#3116=CARTESIAN_POINT('Ctrl Pts',(-36.5571587481274,7.35528870817716,31.0690764474487));
#3117=CARTESIAN_POINT('Ctrl Pts',(-36.7735287013173,7.35546468973284,30.4309141266797));
#3118=CARTESIAN_POINT('Ctrl Pts',(-35.1002089339501,9.77355755177782,38.334872574814));
#3119=CARTESIAN_POINT('Ctrl Pts',(-35.4414877002872,9.60086279691964,37.0412461634239));
#3120=CARTESIAN_POINT('Ctrl Pts',(-35.7340755664135,8.78276261237728,34.9867128485339));
#3121=CARTESIAN_POINT('Ctrl Pts',(-36.1275805047866,7.65092056861952,32.3763731381112));
#3122=CARTESIAN_POINT('Ctrl Pts',(-36.4425880410484,7.3552324987942,31.027897673896));
#3123=CARTESIAN_POINT('Ctrl Pts',(-36.6569475425556,7.35546254031636,30.392178407532));
#3124=CARTESIAN_POINT('Ctrl Pts',(-35.0446680349381,9.80837888123208,38.3140764588304));
#3125=CARTESIAN_POINT('Ctrl Pts',(-35.3840933504769,9.63308777458152,37.0169326532363));
#3126=CARTESIAN_POINT('Ctrl Pts',(-35.6657704582431,8.80303443761695,34.957188972646));
#3127=CARTESIAN_POINT('Ctrl Pts',(-36.0426970546227,7.65469347423887,32.3424915139365));
#3128=CARTESIAN_POINT('Ctrl Pts',(-36.3508784989566,7.35518501154193,30.9948872261219));
#3129=CARTESIAN_POINT('Ctrl Pts',(-36.5635505247977,7.35546140143844,30.3611459432168));
#3130=CARTESIAN_POINT('Ctrl Pts',(-34.9894047268204,9.84364403297917,38.2933537400978));
#3131=CARTESIAN_POINT('Ctrl Pts',(-35.3269772339324,9.66570536630958,36.9926708323385));
#3132=CARTESIAN_POINT('Ctrl Pts',(-35.5978041678457,8.82349371537371,34.9277520883336));
#3133=CARTESIAN_POINT('Ctrl Pts',(-35.9582395759162,7.65846283055128,32.3086693860871));
#3134=CARTESIAN_POINT('Ctrl Pts',(-36.2595544035668,7.35513534667797,30.9619524011504));
#3135=CARTESIAN_POINT('Ctrl Pts',(-36.4704853950653,7.35546059941326,30.3302237533359));
#3136=CARTESIAN_POINT('Ctrl Pts',(-34.9482511536659,9.87060426000092,38.2778875646347));
#3137=CARTESIAN_POINT('Ctrl Pts',(-35.2843896661098,9.69067625859094,36.9745232084384));
#3138=CARTESIAN_POINT('Ctrl Pts',(-35.5467905765478,8.8392471467226,34.9055823960595));
#3139=CARTESIAN_POINT('Ctrl Pts',(-35.8942984752571,7.66140651784456,32.283095515125));
#3140=CARTESIAN_POINT('Ctrl Pts',(-36.1902309132654,7.35509325872245,30.9369777517288));
#3141=CARTESIAN_POINT('Ctrl Pts',(-36.3997873348538,7.35545711700756,30.3067333348693));
#3142=CARTESIAN_POINT('Ctrl Pts',(-34.9175770136968,9.89105059844921,38.2663441601948));
#3143=CARTESIAN_POINT('Ctrl Pts',(-35.2526938100483,9.70954996997501,36.9609769619595));
#3144=CARTESIAN_POINT('Ctrl Pts',(-35.5091984271786,8.85094253369478,34.8892278434247));
#3145=CARTESIAN_POINT('Ctrl Pts',(-35.8477806861174,7.66347575830156,32.2642618166556));
#3146=CARTESIAN_POINT('Ctrl Pts',(-36.1398627854786,7.35506054551233,30.9186918897272));
#3147=CARTESIAN_POINT('Ctrl Pts',(-36.3483602364382,7.35545612884526,30.289645962759));
#3148=CARTESIAN_POINT('Ctrl Pts',(-34.9042714665371,9.89994097292887,38.2613495321191));
#3149=CARTESIAN_POINT('Ctrl Pts',(-35.2396361292205,9.71714191727983,36.9554315707941));
#3150=CARTESIAN_POINT('Ctrl Pts',(-35.4983533893487,8.85343015081493,34.8846699156382));
#3151=CARTESIAN_POINT('Ctrl Pts',(-35.8418778459967,7.66277981250301,32.2597730155952));
#3152=CARTESIAN_POINT('Ctrl Pts',(-36.1349376535776,7.35507533561165,30.9155776910229));
#3153=CARTESIAN_POINT('Ctrl Pts',(-36.3429678344516,7.35550607033592,30.2878542618435));
#3154=CARTESIAN_POINT('Ctrl Pts',(-34.8776020447812,9.9179334702143,38.2513777608676));
#3155=CARTESIAN_POINT('Ctrl Pts',(-35.2132027375866,9.73282244548862,36.944296619139));
#3156=CARTESIAN_POINT('Ctrl Pts',(-35.4742989597939,8.85999522625576,34.8746312430195));
#3157=CARTESIAN_POINT('Ctrl Pts',(-35.8239473954037,7.66257412587052,32.2494775994623));
#3158=CARTESIAN_POINT('Ctrl Pts',(-36.1181389782228,7.35550040686089,30.907503277971));
#3159=CARTESIAN_POINT('Ctrl Pts',(-36.3252854103781,7.35600779447248,30.2819790293442));
#3160=CARTESIAN_POINT('Ctrl Pts',(-34.8278938103334,9.95204055780778,38.2329365097724));
#3161=CARTESIAN_POINT('Ctrl Pts',(-35.1642110604154,9.76255152841472,36.9240059564844));
#3162=CARTESIAN_POINT('Ctrl Pts',(-35.4309079014987,8.87307199424622,34.8571151678657));
#3163=CARTESIAN_POINT('Ctrl Pts',(-35.7940516414381,7.66344222952268,32.2320575825941));
#3164=CARTESIAN_POINT('Ctrl Pts',(-36.0918739554309,7.35756860476911,30.8943408321708));
#3165=CARTESIAN_POINT('Ctrl Pts',(-36.2975409946357,7.35826114962022,30.2727605595029));
#3166=CARTESIAN_POINT('Ctrl Pts',(-34.7357255448427,10.0171255962937,38.1992149976378));
#3167=CARTESIAN_POINT('Ctrl Pts',(-35.0734736053186,9.82005640189592,36.8875264743187));
#3168=CARTESIAN_POINT('Ctrl Pts',(-35.3488380130714,8.90315783899828,34.8255693369483));
#3169=CARTESIAN_POINT('Ctrl Pts',(-35.7332779447445,7.67126036659913,32.2012268694131));
#3170=CARTESIAN_POINT('Ctrl Pts',(-36.0392727357292,7.36557245480558,30.8703841426426));
#3171=CARTESIAN_POINT('Ctrl Pts',(-36.2427927941952,7.36667704659466,30.2545697048345));
#3172=CARTESIAN_POINT('Ctrl Pts',(-34.6061587820188,10.1139895037272,38.1532641547807));
#3173=CARTESIAN_POINT('Ctrl Pts',(-34.9467788168435,9.90744990229666,36.8401045810087));
#3174=CARTESIAN_POINT('Ctrl Pts',(-35.2341606354483,8.9602274056166,34.7862152435712));
#3175=CARTESIAN_POINT('Ctrl Pts',(-35.644532596204,7.69986480820807,32.1655737391931));
#3176=CARTESIAN_POINT('Ctrl Pts',(-35.9665341147658,7.38880049552308,30.841878536888));
#3177=CARTESIAN_POINT('Ctrl Pts',(-36.1688753403866,7.39045373340088,30.2300095978561));
#3178=CARTESIAN_POINT('Ctrl Pts',(-34.4542772164512,10.2364438433959,38.1020839735096));
#3179=CARTESIAN_POINT('Ctrl Pts',(-34.799938546802,10.0211241542495,36.7908978951078));
#3180=CARTESIAN_POINT('Ctrl Pts',(-35.1036538049,9.05095391260518,34.7496553420465));
#3181=CARTESIAN_POINT('Ctrl Pts',(-35.5404976781603,7.76264252684483,32.138900212969));
#3182=CARTESIAN_POINT('Ctrl Pts',(-35.8820519842027,7.43546023209126,30.8176500436343));
#3183=CARTESIAN_POINT('Ctrl Pts',(-36.0861052663739,7.43705428904133,30.2025080841052));
#3184=CARTESIAN_POINT('Ctrl Pts',(-34.2569012577534,10.4078470138279,38.0394878369942));
#3185=CARTESIAN_POINT('Ctrl Pts',(-34.6112258223189,10.1845440468434,36.7363350753233));
#3186=CARTESIAN_POINT('Ctrl Pts',(-34.9452152268652,9.19795209615388,34.7179563961866));
#3187=CARTESIAN_POINT('Ctrl Pts',(-35.4168066807266,7.87761980710271,32.130077422748));
#3188=CARTESIAN_POINT('Ctrl Pts',(-35.7801209135742,7.51945535786737,30.8006076059167));
#3189=CARTESIAN_POINT('Ctrl Pts',(-35.9898140173251,7.5201181904344,30.1705139709984));
#3190=CARTESIAN_POINT('Ctrl Pts',(-34.0201550979918,10.637114593266,37.9721855418036));
#3191=CARTESIAN_POINT('Ctrl Pts',(-34.3884707172906,10.4118561809746,36.6879550565486));
#3192=CARTESIAN_POINT('Ctrl Pts',(-34.7844284960165,9.42349022898327,34.7143830585158));
#3193=CARTESIAN_POINT('Ctrl Pts',(-35.3073527991977,8.06318474114858,32.1766963576973));
#3194=CARTESIAN_POINT('Ctrl Pts',(-35.6800629922524,7.66058418063401,30.8093000739086));
#3195=CARTESIAN_POINT('Ctrl Pts',(-35.9018865650215,7.65981246881795,30.141298846239));
#3196=CARTESIAN_POINT('Ctrl Pts',(-33.8421515019914,10.834851851432,37.9290094590585));
#3197=CARTESIAN_POINT('Ctrl Pts',(-34.2222889524217,10.616026401094,36.6666355669124));
#3198=CARTESIAN_POINT('Ctrl Pts',(-34.7056169706529,9.62301150857458,34.7558556445356));
#3199=CARTESIAN_POINT('Ctrl Pts',(-35.2680623901748,8.19989125692956,32.277247778643));
#3200=CARTESIAN_POINT('Ctrl Pts',(-35.6406663581625,7.7887215088718,30.8437672531445));
#3201=CARTESIAN_POINT('Ctrl Pts',(-35.8773761720489,7.78849897890929,30.1331549256561));
#3202=CARTESIAN_POINT('Ctrl Pts',(-33.7540514348024,10.9392326465816,37.909173007152));
#3203=CARTESIAN_POINT('Ctrl Pts',(-34.1405982441185,10.7258099093666,36.6585797036381));
#3204=CARTESIAN_POINT('Ctrl Pts',(-34.6753995093393,9.72365248951667,34.7888560589131));
#3205=CARTESIAN_POINT('Ctrl Pts',(-35.2516315283884,8.26498730889606,32.3360091953199));
#3206=CARTESIAN_POINT('Ctrl Pts',(-35.6325654186584,7.86071243416815,30.8651107691347));
#3207=CARTESIAN_POINT('Ctrl Pts',(-35.8774273662578,7.86012455792369,30.1331719356473));
#3208=CARTESIAN_POINT('Ctrl Pts',(-33.7453550599398,10.949558468211,37.9071788559978));
#3209=CARTESIAN_POINT('Ctrl Pts',(-34.1322996718183,10.7368874051206,36.6577999075323));
#3210=CARTESIAN_POINT('Ctrl Pts',(-34.6692258840775,9.73780151442993,34.7893500674601));
#3211=CARTESIAN_POINT('Ctrl Pts',(-35.2497976047466,8.28457834518454,32.3363594443476));
#3212=CARTESIAN_POINT('Ctrl Pts',(-35.6325227325989,7.88195050215865,30.865401287128));
#3213=CARTESIAN_POINT('Ctrl Pts',(-35.8774268291193,7.88163617021981,30.1331717571755));
#3214=CARTESIAN_POINT('Ctrl Pts',(-33.728080915936,10.970190530662,37.9032367905731));
#3215=CARTESIAN_POINT('Ctrl Pts',(-34.115900846075,10.7589215432854,36.6562610738957));
#3216=CARTESIAN_POINT('Ctrl Pts',(-34.658181901701,9.76440161721966,34.7914158313441));
#3217=CARTESIAN_POINT('Ctrl Pts',(-35.246231536996,8.31852276908987,32.3391698862024));
#3218=CARTESIAN_POINT('Ctrl Pts',(-35.6321449684998,7.91878291050648,30.8666847220437));
#3219=CARTESIAN_POINT('Ctrl Pts',(-35.8774284071005,7.91888800355571,30.1331722814818));
#3220=CARTESIAN_POINT('Ctrl Pts',(-33.6958361621742,11.0091127861626,37.8958826986506));
#3221=CARTESIAN_POINT('Ctrl Pts',(-34.0852027480462,10.8005121277825,36.6534350831244));
#3222=CARTESIAN_POINT('Ctrl Pts',(-34.636533072338,9.81574571872475,34.7944672928322));
#3223=CARTESIAN_POINT('Ctrl Pts',(-35.2394945145342,8.38632765755371,32.3427531564269));
#3224=CARTESIAN_POINT('Ctrl Pts',(-35.6316682107293,7.99224838491248,30.8685343409148));
#3225=CARTESIAN_POINT('Ctrl Pts',(-35.877429765387,7.99321647684506,30.1331727327915));
#3226=CARTESIAN_POINT('Ctrl Pts',(-33.6362918872872,11.0823004006634,37.8823581607067));
#3227=CARTESIAN_POINT('Ctrl Pts',(-34.0285041266068,10.8785346380738,36.6483538912978));
#3228=CARTESIAN_POINT('Ctrl Pts',(-34.5969505213965,9.911112862182,34.8007275537381));
#3229=CARTESIAN_POINT('Ctrl Pts',(-35.2270431526073,8.51051539572595,32.350374350864));
#3230=CARTESIAN_POINT('Ctrl Pts',(-35.630644392276,8.12663011142199,30.872307621007));
#3231=CARTESIAN_POINT('Ctrl Pts',(-35.8774348522169,8.12909082938715,30.1331744229618));
#3232=CARTESIAN_POINT('Ctrl Pts',(-33.5696494487348,11.1672475711989,37.8673249548322));
#3233=CARTESIAN_POINT('Ctrl Pts',(-33.9648482470174,10.9687776719846,36.6429901520087));
#3234=CARTESIAN_POINT('Ctrl Pts',(-34.5518308697708,10.021444186054,34.8076227792579));
#3235=CARTESIAN_POINT('Ctrl Pts',(-35.2129705559973,8.65436549457901,32.3582450693953));
#3236=CARTESIAN_POINT('Ctrl Pts',(-35.6295864897128,8.28182798447781,30.8763479797625));
#3237=CARTESIAN_POINT('Ctrl Pts',(-35.877449464189,8.2859105897265,30.1331792779938));
#3238=CARTESIAN_POINT('Ctrl Pts',(-33.5044716789876,11.2534335129999,37.8527242313234));
#3239=CARTESIAN_POINT('Ctrl Pts',(-33.9025350182607,11.0600907047076,36.6379682495815));
#3240=CARTESIAN_POINT('Ctrl Pts',(-34.5073647734597,10.1324383159928,34.8146444550262));
#3241=CARTESIAN_POINT('Ctrl Pts',(-35.1991410889622,8.79806142085044,32.3661020760859));
#3242=CARTESIAN_POINT('Ctrl Pts',(-35.6284866939195,8.43644434465669,30.8804313080602));
#3243=CARTESIAN_POINT('Ctrl Pts',(-35.8774527811326,8.44197831324032,30.1331803800947));
#3244=CARTESIAN_POINT('Ctrl Pts',(-33.4563229201229,11.3186903751467,37.8419865222328));
#3245=CARTESIAN_POINT('Ctrl Pts',(-33.8564268485224,11.1290940526773,36.6343864426426));
#3246=CARTESIAN_POINT('Ctrl Pts',(-34.4742371288582,10.2161792822761,34.8198463883308));
#3247=CARTESIAN_POINT('Ctrl Pts',(-35.1888804198423,8.90626033609049,32.3717869701459));
#3248=CARTESIAN_POINT('Ctrl Pts',(-35.6276801700634,8.5526578657641,30.8834318000348));
#3249=CARTESIAN_POINT('Ctrl Pts',(-35.8774559197308,8.55922097710054,30.1331814229378));
#3250=CARTESIAN_POINT('Ctrl Pts',(-33.4089197027056,11.3845520427084,37.8314624118667));
#3251=CARTESIAN_POINT('Ctrl Pts',(-33.810970384636,11.1986102975524,36.6309761509968));
#3252=CARTESIAN_POINT('Ctrl Pts',(-34.4414039218214,10.3003337269957,34.8250215201918));
#3253=CARTESIAN_POINT('Ctrl Pts',(-35.1787440567211,9.0146356402116,32.3773641426779));
#3254=CARTESIAN_POINT('Ctrl Pts',(-35.6268748694198,8.66885881604586,30.8864061068948));
#3255=CARTESIAN_POINT('Ctrl Pts',(-35.8774578652574,8.67638303579927,30.1331820693662));
#3256=CARTESIAN_POINT('Ctrl Pts',(-33.2534163768224,11.6060800368268,37.7970906526862));
#3257=CARTESIAN_POINT('Ctrl Pts',(-33.6616211364149,11.4320211150086,36.620164492936));
#3258=CARTESIAN_POINT('Ctrl Pts',(-34.3329170464477,10.5823284860173,34.842077776393));
#3259=CARTESIAN_POINT('Ctrl Pts',(-35.1453770945314,9.3767889739223,32.3954686754112));
#3260=CARTESIAN_POINT('Ctrl Pts',(-35.6242181832915,9.05650563544515,30.89617758777));
#3261=CARTESIAN_POINT('Ctrl Pts',(-35.8774633134315,9.06702311189959,30.1331838795982));
#3262=CARTESIAN_POINT('Ctrl Pts',(-33.0084667943638,11.9976533907473,37.7440653973766));
#3263=CARTESIAN_POINT('Ctrl Pts',(-33.4236129781662,11.8412447419675,36.6053280083434));
#3264=CARTESIAN_POINT('Ctrl Pts',(-34.1563175460455,11.0727540291423,34.8691430181499));
#3265=CARTESIAN_POINT('Ctrl Pts',(-35.0919282165213,9.9982714512234,32.4228330223218));
#3266=CARTESIAN_POINT('Ctrl Pts',(-35.6197168733626,9.71688900821247,30.9114966086619));
#3267=CARTESIAN_POINT('Ctrl Pts',(-35.8775505257017,9.73097126662371,30.133212857094));
#3268=CARTESIAN_POINT('Ctrl Pts',(-32.7641368885767,12.4855403270648,37.6928145568884));
#3269=CARTESIAN_POINT('Ctrl Pts',(-33.182252868387,12.3471887878874,36.5931298657197));
#3270=CARTESIAN_POINT('Ctrl Pts',(-33.9721097703815,11.6718987857347,34.8937458308775));
#3271=CARTESIAN_POINT('Ctrl Pts',(-35.0379821017404,10.7399364778198,32.4486492460121));
#3272=CARTESIAN_POINT('Ctrl Pts',(-35.6147933764797,10.4969212940987,30.9267395567105));
#3273=CARTESIAN_POINT('Ctrl Pts',(-35.8776433537712,10.5121424231583,30.1332437005176));
#3274=CARTESIAN_POINT('Ctrl Pts',(-32.5967458552962,12.8895116434642,37.658458090339));
#3275=CARTESIAN_POINT('Ctrl Pts',(-33.0153350374289,12.7650950978059,36.5863021117944));
#3276=CARTESIAN_POINT('Ctrl Pts',(-33.8430554936932,12.1631528091185,34.9090557518175));
#3277=CARTESIAN_POINT('Ctrl Pts',(-35.0008922246811,11.338310059219,32.4659806541473));
#3278=CARTESIAN_POINT('Ctrl Pts',(-35.6113764200526,11.1225224480483,30.9372990258247));
#3279=CARTESIAN_POINT('Ctrl Pts',(-35.8776664541301,11.1371153445929,30.1332513759347));
#3280=CARTESIAN_POINT('Ctrl Pts',(-32.448588754646,13.3016385380839,37.6285376617931));
#3281=CARTESIAN_POINT('Ctrl Pts',(-32.8664347271678,13.1910352272431,36.580861708073));
#3282=CARTESIAN_POINT('Ctrl Pts',(-33.7272728694123,12.6617238316483,34.9216725438787));
#3283=CARTESIAN_POINT('Ctrl Pts',(-34.9679814499999,11.9395849949316,32.4810979605675));
#3284=CARTESIAN_POINT('Ctrl Pts',(-35.6082750396999,11.7490735043675,30.946606688658));
#3285=CARTESIAN_POINT('Ctrl Pts',(-35.8776846683022,11.7620982280753,30.133257427848));
#3286=CARTESIAN_POINT('Ctrl Pts',(-32.3003994363184,13.8302747456988,37.5994725043669));
#3287=CARTESIAN_POINT('Ctrl Pts',(-32.7156114447493,13.7371736710403,36.5757791600904));
#3288=CARTESIAN_POINT('Ctrl Pts',(-33.6093599314868,13.2973645467338,34.9329089553764));
#3289=CARTESIAN_POINT('Ctrl Pts',(-34.9350088707191,12.6957777575729,32.4958613577426));
#3290=CARTESIAN_POINT('Ctrl Pts',(-35.6050264241352,12.5338563095257,30.9556637911473));
#3291=CARTESIAN_POINT('Ctrl Pts',(-35.877735249017,12.5432960695863,30.1332742339975));
#3292=CARTESIAN_POINT('Ctrl Pts',(-32.2035640871039,14.3717595212029,37.5816284982648));
#3293=CARTESIAN_POINT('Ctrl Pts',(-32.6155597904592,14.2970062997489,36.5746440408713));
#3294=CARTESIAN_POINT('Ctrl Pts',(-33.5309022082438,13.9451508561376,34.9403243036586));
#3295=CARTESIAN_POINT('Ctrl Pts',(-34.9134300915901,13.4563793452746,32.505540033539));
#3296=CARTESIAN_POINT('Ctrl Pts',(-35.6029019718218,13.3201402848668,30.9616172563086));
#3297=CARTESIAN_POINT('Ctrl Pts',(-35.8777438709736,13.3245377804931,30.1332770987631));
#3298=CARTESIAN_POINT('Ctrl Pts',(-32.1577425765799,14.8093875461878,37.5741504510994));
#3299=CARTESIAN_POINT('Ctrl Pts',(-32.5674516092446,14.7498146756357,36.575747440805));
#3300=CARTESIAN_POINT('Ctrl Pts',(-33.4930555367147,14.4676881098151,34.9448908389892));
#3301=CARTESIAN_POINT('Ctrl Pts',(-34.9032905385474,14.0663570225995,32.5101795284411));
#3302=CARTESIAN_POINT('Ctrl Pts',(-35.6018807207205,13.9497233952793,30.9643487138816));
#3303=CARTESIAN_POINT('Ctrl Pts',(-35.8777573181766,13.9495240501859,30.1332815667842));
#3304=CARTESIAN_POINT('Ctrl Pts',(-32.1331432100088,15.2488721057208,37.5712223723559));
#3305=CARTESIAN_POINT('Ctrl Pts',(-32.5409010489061,15.2047312578157,36.5785727288946));
#3306=CARTESIAN_POINT('Ctrl Pts',(-33.4720151201126,14.9920722477846,34.9489177358025));
#3307=CARTESIAN_POINT('Ctrl Pts',(-34.8978915903894,14.6770063786595,32.512797891346));
#3308=CARTESIAN_POINT('Ctrl Pts',(-35.6013284787797,14.57953936229,30.965797664682));
#3309=CARTESIAN_POINT('Ctrl Pts',(-35.8777613279569,14.5745200272907,30.1332828990898));
#3310=CARTESIAN_POINT('Ctrl Pts',(-32.1425109449935,15.7995027651285,37.5760941596191));
#3311=CARTESIAN_POINT('Ctrl Pts',(-32.5486537162345,15.7748412922593,36.5847491409037));
#3312=CARTESIAN_POINT('Ctrl Pts',(-33.4776282602876,15.6488629452127,34.9525708002432));
#3313=CARTESIAN_POINT('Ctrl Pts',(-34.9002900405862,15.4408054933274,32.5121734332049));
#3314=CARTESIAN_POINT('Ctrl Pts',(-35.6015562541308,15.3670857201026,30.9650692142785));
#3315=CARTESIAN_POINT('Ctrl Pts',(-35.877777503578,15.3557536155251,30.133288273666));
#3316=CARTESIAN_POINT('Ctrl Pts',(-32.2176099802211,16.455732732699,37.5956380026061));
#3317=CARTESIAN_POINT('Ctrl Pts',(-32.6234146075142,16.4542331248173,36.5974927857699));
#3318=CARTESIAN_POINT('Ctrl Pts',(-33.5351766033683,16.4332313123154,34.9567922481756));
#3319=CARTESIAN_POINT('Ctrl Pts',(-34.9172921055031,16.3561366235953,32.5052253979275));
#3320=CARTESIAN_POINT('Ctrl Pts',(-35.6031842662935,16.3117368314101,30.9603128838841));
#3321=CARTESIAN_POINT('Ctrl Pts',(-35.8777849107875,16.2932461255924,30.1332907348149));
#3322=CARTESIAN_POINT('Ctrl Pts',(-32.3560513893516,17.1002110792189,37.6286544303859));
#3323=CARTESIAN_POINT('Ctrl Pts',(-32.7620659429573,17.1210231276781,36.6144933750474));
#3324=CARTESIAN_POINT('Ctrl Pts',(-33.6428412342486,17.2063098531839,34.9563232175374));
#3325=CARTESIAN_POINT('Ctrl Pts',(-34.9487894735202,17.2681006500076,32.4918625446839));
#3326=CARTESIAN_POINT('Ctrl Pts',(-35.6063129148372,17.2553245550831,30.9515768020251));
#3327=CARTESIAN_POINT('Ctrl Pts',(-35.877793644675,17.2307372728919,30.1332936367711));
#3328=CARTESIAN_POINT('Ctrl Pts',(-32.8203235729225,18.5636794504908,37.737229784323));
#3329=CARTESIAN_POINT('Ctrl Pts',(-33.228066110169,18.633893369675,36.6663820596594));
#3330=CARTESIAN_POINT('Ctrl Pts',(-34.0030057072269,18.9757979492833,34.9567880481724));
#3331=CARTESIAN_POINT('Ctrl Pts',(-35.0509482384286,19.3830246220173,32.4453271294833));
#3332=CARTESIAN_POINT('Ctrl Pts',(-35.6160068678199,19.4525665890161,30.9225632257046));
#3333=CARTESIAN_POINT('Ctrl Pts',(-35.8777985209016,19.418232336358,30.1332952569655));
#3334=CARTESIAN_POINT('Ctrl Pts',(-33.5747353168298,19.6685230907393,37.9080857304771));
#3335=CARTESIAN_POINT('Ctrl Pts',(-33.96780453571,19.7766575716325,36.728660579857));
#3336=CARTESIAN_POINT('Ctrl Pts',(-34.5768824040008,20.3496664129578,34.8816478105271));
#3337=CARTESIAN_POINT('Ctrl Pts',(-35.2199114653597,21.1499701627407,32.3643421758276));
#3338=CARTESIAN_POINT('Ctrl Pts',(-35.6330847137666,21.3210400345655,30.8741384673624));
#3339=CARTESIAN_POINT('Ctrl Pts',(-35.8778145525602,21.2932160947421,30.1333005837082));
#3340=CARTESIAN_POINT('Ctrl Pts',(-34.3654615411956,20.3832579075242,38.1050323545251));
#3341=CARTESIAN_POINT('Ctrl Pts',(-34.719698084527,20.5525141550638,36.8333099582375));
#3342=CARTESIAN_POINT('Ctrl Pts',(-35.0821667941773,21.3591861385984,34.8340995071466));
#3343=CARTESIAN_POINT('Ctrl Pts',(-35.3680850997728,22.5385135544329,32.2629618500098));
#3344=CARTESIAN_POINT('Ctrl Pts',(-35.6481001168742,22.8557160947421,30.8246618307906));
#3345=CARTESIAN_POINT('Ctrl Pts',(-35.8778145525602,22.8557160947421,30.1333005837082));
#3346=CARTESIAN_POINT('',(-35.8778145525602,22.8557160947421,30.1333005837082));
#3347=CARTESIAN_POINT('Ctrl Pts',(-34.3766919110447,20.3887518241421,38.0645737837078));
#3348=CARTESIAN_POINT('Ctrl Pts',(-34.7243070799916,20.5627871693087,36.8078600788272));
#3349=CARTESIAN_POINT('Ctrl Pts',(-35.0834670345871,21.3645492410387,34.8224070166149));
#3350=CARTESIAN_POINT('Ctrl Pts',(-35.3680850997728,22.5385135544329,32.2629618500099));
#3351=CARTESIAN_POINT('Ctrl Pts',(-35.6481001168742,22.8557160947421,30.8246618307906));
#3352=CARTESIAN_POINT('Ctrl Pts',(-35.8778145525602,22.8557160947421,30.1333005837082));
#3353=CARTESIAN_POINT('',(-35.8778145525602,7.85571609474204,30.1333005837082));
#3354=CARTESIAN_POINT('',(-35.8778145525602,11.6057160947421,30.1333005837082));
#3355=CARTESIAN_POINT('',(-36.3523082029736,7.35571609474204,30.2909577298113));
#3356=CARTESIAN_POINT('Ctrl Pts',(-35.8774261240534,7.85838659548023,30.1331715229075));
#3357=CARTESIAN_POINT('Ctrl Pts',(-35.8773761720489,7.78849897890929,30.1331549256561));
#3358=CARTESIAN_POINT('Ctrl Pts',(-35.8896313685352,7.72415572386362,30.1372268859475));
#3359=CARTESIAN_POINT('Ctrl Pts',(-35.9133444572391,7.66404524066408,30.1451058910451));
#3360=CARTESIAN_POINT('Ctrl Pts',(-35.9370575459429,7.60393475746453,30.1529848961427));
#3361=CARTESIAN_POINT('Ctrl Pts',(-35.9722285268644,7.54805704611111,30.1646709460465));
#3362=CARTESIAN_POINT('Ctrl Pts',(-36.0160492701878,7.50174317519561,30.1792310003833));
#3363=CARTESIAN_POINT('Ctrl Pts',(-36.0379596418495,7.47858623973786,30.1865110275518));
#3364=CARTESIAN_POINT('Ctrl Pts',(-36.0620324541117,7.4578202643896,30.1945095558285));
#3365=CARTESIAN_POINT('Ctrl Pts',(-36.0878638725782,7.43967051744206,30.203092405592));
#3366=CARTESIAN_POINT('Ctrl Pts',(-36.1136952910448,7.42152077049451,30.2116752553555));
#3367=CARTESIAN_POINT('Ctrl Pts',(-36.1412853157157,7.4059872519477,30.2208424266058));
#3368=CARTESIAN_POINT('Ctrl Pts',(-36.1698638188129,7.39346515531305,30.2303380336267));
#3369=CARTESIAN_POINT('Ctrl Pts',(-36.19844232191,7.38094305867839,30.2398336406475));
#3370=CARTESIAN_POINT('Ctrl Pts',(-36.2280093034335,7.37143238395591,30.2496576834388));
#3371=CARTESIAN_POINT('Ctrl Pts',(-36.258721421252,7.36505610305815,30.2598622137668));
#3372=CARTESIAN_POINT('Ctrl Pts',(-36.2740774801612,7.36186796260927,30.2649644789307));
#3373=CARTESIAN_POINT('Ctrl Pts',(-36.2897198231442,7.35946342061657,30.2701618659788));
#3374=CARTESIAN_POINT('Ctrl Pts',(-36.3047986186247,7.35786071367759,30.275172006494));
#3375=CARTESIAN_POINT('Ctrl Pts',(-36.312338016365,7.35705936020809,30.2776770767516));
#3376=CARTESIAN_POINT('Ctrl Pts',(-36.3197365272296,7.35645846550203,30.280135335376));
#3377=CARTESIAN_POINT('Ctrl Pts',(-36.3279594387641,7.35605758944612,30.2828675126434));
#3378=CARTESIAN_POINT('Ctrl Pts',(-36.3320708945313,7.35585715141817,30.284233601277));
#3379=CARTESIAN_POINT('Ctrl Pts',(-36.3363884504659,7.35570671805276,30.2856681695715));
#3380=CARTESIAN_POINT('Ctrl Pts',(-36.3401999047814,7.35560643967114,30.2869345785305));
#3381=CARTESIAN_POINT('Ctrl Pts',(-36.3421056319391,7.35555630048032,30.28756778301));
#3382=CARTESIAN_POINT('Ctrl Pts',(-36.343884833692,7.35551870003546,30.2881589476556));
#3383=CARTESIAN_POINT('Ctrl Pts',(-36.3454484848168,7.35549365712669,30.2886784925929));
#3384=CARTESIAN_POINT('Ctrl Pts',(-36.3470121359415,7.35546861421793,30.2891980375302));
#3385=CARTESIAN_POINT('Ctrl Pts',(-36.3483602364382,7.35545612884526,30.289645962759));
#3386=CARTESIAN_POINT('Ctrl Pts',(-36.3540661104199,7.35545623848259,30.2915418191255));
#3387=CARTESIAN_POINT('',(-45.3108478074045,7.35571609474204,33.2675577033962));
#3388=CARTESIAN_POINT('Ctrl Pts',(-36.3540661104199,7.35545623848259,30.2915418191255));
#3389=CARTESIAN_POINT('Ctrl Pts',(-36.3997873348538,7.35545711700756,30.3067333348693));
#3390=CARTESIAN_POINT('Ctrl Pts',(-36.4469193749948,7.35545943861136,30.3223936138471));
#3391=CARTESIAN_POINT('Ctrl Pts',(-36.4936517649526,7.35546047982102,30.3379211034666));
#3392=CARTESIAN_POINT('Ctrl Pts',(-36.5170179599315,7.35546100042585,30.3456848482764));
#3393=CARTESIAN_POINT('Ctrl Pts',(-36.5402842423646,7.35546120093214,30.3534153957466));
#3394=CARTESIAN_POINT('Ctrl Pts',(-36.5635920108009,7.35546144354503,30.3611597275211));
#3395=CARTESIAN_POINT('Ctrl Pts',(-36.5868997792372,7.35546168615792,30.3689040592956));
#3396=CARTESIAN_POINT('Ctrl Pts',(-36.6102490336767,7.3554619708774,30.3766621753744));
#3397=CARTESIAN_POINT('Ctrl Pts',(-36.6335872805538,7.35546230398482,30.3844166340368));
#3398=CARTESIAN_POINT('Ctrl Pts',(-36.680263774308,7.35546297019966,30.3999255513616));
#3399=CARTESIAN_POINT('Ctrl Pts',(-36.7268962378126,7.35546382996625,30.4154198390206));
#3400=CARTESIAN_POINT('Ctrl Pts',(-36.7735421731729,7.35546458507327,30.430918602892));
#3401=CARTESIAN_POINT('Ctrl Pts',(-36.8201881085332,7.3554653401803,30.4464173667633));
#3402=CARTESIAN_POINT('Ctrl Pts',(-36.8668475157492,7.35546599062776,30.461920606847));
#3403=CARTESIAN_POINT('Ctrl Pts',(-36.9135035578411,7.35546684438927,30.4774227288212));
#3404=CARTESIAN_POINT('Ctrl Pts',(-37.1001277262088,7.35547025943531,30.5394312167179));
#3405=CARTESIAN_POINT('Ctrl Pts',(-37.2866980525926,7.35547692750617,30.6014218148631));
#3406=CARTESIAN_POINT('Ctrl Pts',(-37.4732574435695,7.35548361383157,30.6634087795665));
#3407=CARTESIAN_POINT('Ctrl Pts',(-37.8463762255233,7.35549698648238,30.7873827089733));
#3408=CARTESIAN_POINT('Ctrl Pts',(-38.2194512658494,7.35551043215136,30.911342104613));
#3409=CARTESIAN_POINT('Ctrl Pts',(-38.5926263544943,7.3555138354776,31.0353347427047));
#3410=CARTESIAN_POINT('Ctrl Pts',(-38.6859201266555,7.35551468630916,31.0663329022276));
#3411=CARTESIAN_POINT('Ctrl Pts',(-38.7792201518366,7.35551490949429,31.0973331394038));
#3412=CARTESIAN_POINT('Ctrl Pts',(-38.8725279190525,7.35551475485205,31.1283359489792));
#3413=CARTESIAN_POINT('Ctrl Pts',(-38.9191818026604,7.35551467753094,31.1438373537669));
#3414=CARTESIAN_POINT('Ctrl Pts',(-38.965837621777,7.35551450575297,31.1593394016545));
#3415=CARTESIAN_POINT('Ctrl Pts',(-39.0124947666694,7.35551441618682,31.1748418900495));
#3416=CARTESIAN_POINT('Ctrl Pts',(-39.0358233391156,7.35551437140375,31.182593134247));
#3417=CARTESIAN_POINT('Ctrl Pts',(-39.0591522430058,7.35551434717363,31.1903444885714));
#3418=CARTESIAN_POINT('Ctrl Pts',(-39.0824810780957,7.35551421494077,31.198095820036));
#3419=CARTESIAN_POINT('Ctrl Pts',(-39.1058099131857,7.35551408270791,31.2058471515006));
#3420=CARTESIAN_POINT('Ctrl Pts',(-39.1291386794755,7.35551384247232,31.2135984601054));
#3421=CARTESIAN_POINT('Ctrl Pts',(-39.152467296549,7.35551356061359,31.221349719131));
#3422=CARTESIAN_POINT('Ctrl Pts',(-39.3390962331374,7.35551130574376,31.2833597913356));
#3423=CARTESIAN_POINT('Ctrl Pts',(-39.5257156198863,7.35550638699339,31.3453666904727));
#3424=CARTESIAN_POINT('Ctrl Pts',(-39.7123245585254,7.35548637264262,31.4073701180792));
#3425=CARTESIAN_POINT('Ctrl Pts',(-40.0855424358036,7.35544634394107,31.5313769732924));
#3426=CARTESIAN_POINT('Ctrl Pts',(-40.4587185206427,7.3553459328379,31.6553699423836));
#3427=CARTESIAN_POINT('Ctrl Pts',(-40.8319528595136,7.35529498542394,31.7793822671909));
#3428=CARTESIAN_POINT('Ctrl Pts',(-41.018570028949,7.35526951171697,31.8413884295946));
#3429=CARTESIAN_POINT('Ctrl Pts',(-41.2052017618923,7.35525640393229,31.9033994309272));
#3430=CARTESIAN_POINT('Ctrl Pts',(-41.3918321565494,7.35523210869129,31.9654099875956));
#3431=CARTESIAN_POINT('Ctrl Pts',(-41.5784625512064,7.35520781345029,32.0274205442639));
#3432=CARTESIAN_POINT('Ctrl Pts',(-41.7650916075772,7.35517233075296,32.089430656268));
#3433=CARTESIAN_POINT('Ctrl Pts',(-41.9517245192453,7.35514260738602,32.1514420492484));
#3434=CARTESIAN_POINT('Ctrl Pts',(-42.1383574309135,7.35511288401908,32.2134534422289));
#3435=CARTESIAN_POINT('Ctrl Pts',(-42.3249941978791,7.35508891998252,32.2754661161858));
#3436=CARTESIAN_POINT('Ctrl Pts',(-42.511632703056,7.35506568249129,32.3374793676877));
#3437=CARTESIAN_POINT('Ctrl Pts',(-42.6049519556445,7.35505406374567,32.3684859934387));
#3438=CARTESIAN_POINT('Ctrl Pts',(-42.6982716427858,7.35504262663639,32.3994927635759));
#3439=CARTESIAN_POINT('Ctrl Pts',(-42.7915919256641,7.35502990652263,32.430499731655));
#3440=CARTESIAN_POINT('Ctrl Pts',(-42.8849122085424,7.35501718640887,32.4615066997342));
#3441=CARTESIAN_POINT('Ctrl Pts',(-42.9782330871576,7.35500318329064,32.4925138657552));
#3442=CARTESIAN_POINT('Ctrl Pts',(-43.0715548068573,7.35498562515532,32.5235213112384));
#3443=CARTESIAN_POINT('Ctrl Pts',(-43.164876526557,7.35496806701999,32.5545287567215));
#3444=CARTESIAN_POINT('Ctrl Pts',(-43.2581990873411,7.35494695386756,32.5855364816667));
#3445=CARTESIAN_POINT('Ctrl Pts',(-43.3515216352296,7.3549305572379,32.6165442023271));
#3446=CARTESIAN_POINT('Ctrl Pts',(-43.4448441831181,7.35491416060824,32.6475519229876));
#3447=CARTESIAN_POINT('Ctrl Pts',(-43.538166718111,7.35490248050134,32.6785596393633));
#3448=CARTESIAN_POINT('Ctrl Pts',(-43.6314879499455,7.35488932885979,32.7095669227464));
#3449=CARTESIAN_POINT('Ctrl Pts',(-43.72480918178,7.35487617721823,32.7405742061295));
#3450=CARTESIAN_POINT('Ctrl Pts',(-43.8181291104562,7.35486155404202,32.77158105652));
#3451=CARTESIAN_POINT('Ctrl Pts',(-43.91145272049,7.35484935907777,32.8025891300931));
#3452=CARTESIAN_POINT('Ctrl Pts',(-44.0047763305238,7.35483716411352,32.8335972036661));
#3453=CARTESIAN_POINT('Ctrl Pts',(-44.0981036219153,7.35482739736124,32.8646065004217));
#3454=CARTESIAN_POINT('Ctrl Pts',(-44.191428186879,7.35480019962929,32.8956148912836));
#3455=CARTESIAN_POINT('Ctrl Pts',(-44.3780773168063,7.3547458041654,32.9576316730073));
#3456=CARTESIAN_POINT('Ctrl Pts',(-44.5647155410228,7.35462168478285,33.019644831156));
#3457=CARTESIAN_POINT('Ctrl Pts',(-44.7514083234442,7.35457946122755,33.0816761170309));
#3458=CARTESIAN_POINT('Ctrl Pts',(-44.7980815190496,7.35456890533873,33.0971839384996));
#3459=CARTESIAN_POINT('Ctrl Pts',(-44.8447581245428,7.3545634679391,33.1126928929512));
#3460=CARTESIAN_POINT('Ctrl Pts',(-44.8913931644271,7.35455915911556,33.1281880366484));
#3461=CARTESIAN_POINT('Ctrl Pts',(-44.9147106843693,7.35455700470379,33.135935608497));
#3462=CARTESIAN_POINT('Ctrl Pts',(-44.9380178129093,7.35455513243604,33.1436797276571));
#3463=CARTESIAN_POINT('Ctrl Pts',(-44.961370446213,7.35455351226291,33.1514389664107));
#3464=CARTESIAN_POINT('Ctrl Pts',(-44.9847230795167,7.35455189208978,33.1591982051644));
#3465=CARTESIAN_POINT('Ctrl Pts',(-45.0081212175841,7.35455052401128,33.1669725635117));
#3466=CARTESIAN_POINT('Ctrl Pts',(-45.0314206295078,7.35454740700471,33.1747141187181));
#3467=CARTESIAN_POINT('Ctrl Pts',(-45.0780194533552,7.35454117299157,33.190197229131));
#3468=CARTESIAN_POINT('Ctrl Pts',(-45.1242233726278,7.35452794326613,33.2055491269803));
#3469=CARTESIAN_POINT('Ctrl Pts',(-45.1712366467298,7.35452146553104,33.2211699442819));
#3470=CARTESIAN_POINT('Ctrl Pts',(-45.1947432837808,7.35451822666349,33.2289803529327));
#3471=CARTESIAN_POINT('Ctrl Pts',(-45.2184522595392,7.35451667579352,33.2368579914466));
#3472=CARTESIAN_POINT('Ctrl Pts',(-45.2413150546593,7.35451372148915,33.2444544746186));
#3473=CARTESIAN_POINT('Ctrl Pts',(-45.2584621509994,7.35451150576087,33.2501518369976));
#3474=CARTESIAN_POINT('Ctrl Pts',(-45.2751332707305,7.35450850060073,33.2556910494968));
#3475=CARTESIAN_POINT('Ctrl Pts',(-45.2937655667494,7.35450852169313,33.2618818902237));
#3476=CARTESIAN_POINT('Ctrl Pts',(-45.299976332089,7.35450852872393,33.2639455037994));
#3477=CARTESIAN_POINT('Ctrl Pts',(-45.306405005905,7.35450887200501,33.2660815205115));
#3478=CARTESIAN_POINT('Ctrl Pts',(-45.3084630230486,7.35450484615157,33.266765325467));
#3479=CARTESIAN_POINT('',(-45.7853414578179,7.85571609474204,33.4252148494993));
#3480=CARTESIAN_POINT('Ctrl Pts',(-45.3084630230486,7.35450484615157,33.266765325467));
#3481=CARTESIAN_POINT('Ctrl Pts',(-45.374212647528,7.35437622800436,33.2886115570103));
#3482=CARTESIAN_POINT('Ctrl Pts',(-45.4349215470681,7.36716878650506,33.3087829372517));
#3483=CARTESIAN_POINT('Ctrl Pts',(-45.4919027622789,7.39203251114422,33.3277157422826));
#3484=CARTESIAN_POINT('Ctrl Pts',(-45.5488839774897,7.41689623578338,33.3466485473134));
#3485=CARTESIAN_POINT('Ctrl Pts',(-45.6021375083712,7.453831126561,33.3643427771338));
#3486=CARTESIAN_POINT('Ctrl Pts',(-45.6462321389607,7.49989659378192,33.3789938343422));
#3487=CARTESIAN_POINT('Ctrl Pts',(-45.6903267695502,7.54596206100284,33.3936448915506));
#3488=CARTESIAN_POINT('Ctrl Pts',(-45.7252624998478,7.60115810466706,33.4052527761471));
#3489=CARTESIAN_POINT('Ctrl Pts',(-45.7490629658418,7.66151898007354,33.4131608135703));
#3490=CARTESIAN_POINT('Ctrl Pts',(-45.752038024091,7.66906408949935,33.4141493182482));
#3491=CARTESIAN_POINT('Ctrl Pts',(-45.7548390938355,7.67668989942113,33.4150800128141));
#3492=CARTESIAN_POINT('Ctrl Pts',(-45.7574569248504,7.68439869916821,33.4159498237513));
#3493=CARTESIAN_POINT('Ctrl Pts',(-45.7600747558652,7.69210749891528,33.4168196346885));
#3494=CARTESIAN_POINT('Ctrl Pts',(-45.7625093481504,7.69989928848766,33.4176285619972));
#3495=CARTESIAN_POINT('Ctrl Pts',(-45.7647628191857,7.70770677429846,33.4183773092395));
#3496=CARTESIAN_POINT('Ctrl Pts',(-45.7692697612561,7.72332174592005,33.4198748037241));
#3497=CARTESIAN_POINT('Ctrl Pts',(-45.7730522183266,7.73899950249534,33.4211315779433));
#3498=CARTESIAN_POINT('Ctrl Pts',(-45.7760845394842,7.75511789705983,33.4221391090227));
#3499=CARTESIAN_POINT('Ctrl Pts',(-45.7791168606418,7.77123629162433,33.4231466401021));
#3500=CARTESIAN_POINT('Ctrl Pts',(-45.7813990458865,7.78779532417804,33.4239049280418));
#3501=CARTESIAN_POINT('Ctrl Pts',(-45.7829224436874,7.80368610551294,33.4244110982496));
#3502=CARTESIAN_POINT('Ctrl Pts',(-45.7836841425878,7.81163149618039,33.4246641833536));
#3503=CARTESIAN_POINT('Ctrl Pts',(-45.7842561446273,7.81940982404314,33.4248542390246));
#3504=CARTESIAN_POINT('Ctrl Pts',(-45.784637524616,7.82817807032569,33.4249809578553));
#3505=CARTESIAN_POINT('Ctrl Pts',(-45.7848282146103,7.83256219346696,33.4250443172707));
#3506=CARTESIAN_POINT('Ctrl Pts',(-45.7849712490919,7.83719379621318,33.4250918424761));
#3507=CARTESIAN_POINT('Ctrl Pts',(-45.7850666457825,7.84068896137216,33.4251235393596));
#3508=CARTESIAN_POINT('Ctrl Pts',(-45.7851620424731,7.84418412653115,33.4251552362432));
#3509=CARTESIAN_POINT('Ctrl Pts',(-45.7852098013727,7.8465428541029,33.425171104805));
#3510=CARTESIAN_POINT('Ctrl Pts',(-45.7852100765907,7.85863086232843,33.42517119625));
#3511=CARTESIAN_POINT('',(-45.7853414578179,22.8557160947421,33.4252148494993));
#3512=CARTESIAN_POINT('Ctrl Pts',(-45.7852100765907,7.85863086232843,33.42517119625));
#3513=CARTESIAN_POINT('Ctrl Pts',(-45.7852109526369,7.89710818755303,33.4251714873286));
#3514=CARTESIAN_POINT('Ctrl Pts',(-45.7852122559613,7.93638122215193,33.4251719203764));
#3515=CARTESIAN_POINT('Ctrl Pts',(-45.7852133587847,7.97549535372826,33.4251722868049));
#3516=CARTESIAN_POINT('Ctrl Pts',(-45.7852144616082,8.01460948530458,33.4251726532334));
#3517=CARTESIAN_POINT('Ctrl Pts',(-45.7852153639306,8.05356471385833,33.4251729530426));
#3518=CARTESIAN_POINT('Ctrl Pts',(-45.785216392357,8.09258424105873,33.4251732947517));
#3519=CARTESIAN_POINT('Ctrl Pts',(-45.7852174207834,8.13160376825913,33.4251736364607));
#3520=CARTESIAN_POINT('Ctrl Pts',(-45.7852185753138,8.17068759410619,33.4251740200696));
#3521=CARTESIAN_POINT('Ctrl Pts',(-45.7852192230072,8.20974265275046,33.4251742352747));
#3522=CARTESIAN_POINT('Ctrl Pts',(-45.7852195468539,8.2292701820726,33.4251743428773));
#3523=CARTESIAN_POINT('Ctrl Pts',(-45.7852197439914,8.24879051959405,33.425174408379));
#3524=CARTESIAN_POINT('Ctrl Pts',(-45.7852199450305,8.26831588640595,33.4251744751771));
#3525=CARTESIAN_POINT('Ctrl Pts',(-45.7852201460696,8.28784125321786,33.4251745419751));
#3526=CARTESIAN_POINT('Ctrl Pts',(-45.7852203510103,8.30737164932023,33.4251746100695));
#3527=CARTESIAN_POINT('Ctrl Pts',(-45.7852205626729,8.32689952562293,33.4251746803974));
#3528=CARTESIAN_POINT('Ctrl Pts',(-45.7852207743354,8.34642740192562,33.4251747507252));
#3529=CARTESIAN_POINT('Ctrl Pts',(-45.7852209927199,8.36595275842864,33.4251748232865));
#3530=CARTESIAN_POINT('Ctrl Pts',(-45.7852211139133,8.38548141179933,33.4251748635547));
#3531=CARTESIAN_POINT('Ctrl Pts',(-45.78522117451,8.39524573848468,33.4251748836888));
#3532=CARTESIAN_POINT('Ctrl Pts',(-45.785221210809,8.40501088938694,33.4251748957497));
#3533=CARTESIAN_POINT('Ctrl Pts',(-45.7852212517487,8.41477579602731,33.4251749093525));
#3534=CARTESIAN_POINT('Ctrl Pts',(-45.7852212926884,8.42454070266769,33.4251749229552));
#3535=CARTESIAN_POINT('Ctrl Pts',(-45.7852213382688,8.43430536504617,33.4251749381));
#3536=CARTESIAN_POINT('Ctrl Pts',(-45.7852214056028,8.44406962230729,33.4251749604726));
#3537=CARTESIAN_POINT('Ctrl Pts',(-45.7852216749389,8.48312665135179,33.4251750499633));
#3538=CARTESIAN_POINT('Ctrl Pts',(-45.7852222923333,8.52217719851859,33.4251752551012));
#3539=CARTESIAN_POINT('Ctrl Pts',(-45.785223069595,8.56122459234589,33.4251755133573));
#3540=CARTESIAN_POINT('Ctrl Pts',(-45.7852246241185,8.63931938000049,33.4251760298695));
#3541=CARTESIAN_POINT('Ctrl Pts',(-45.7852268181116,8.71740155429709,33.4251767588543));
#3542=CARTESIAN_POINT('Ctrl Pts',(-45.7852287418471,8.79548918254301,33.4251773980423));
#3543=CARTESIAN_POINT('Ctrl Pts',(-45.7852306655826,8.87357681078893,33.4251780372304));
#3544=CARTESIAN_POINT('Ctrl Pts',(-45.7852323190606,8.95166989298417,33.4251785866215));
#3545=CARTESIAN_POINT('Ctrl Pts',(-45.7852338534141,9.02976529652756,33.4251790964319));
#3546=CARTESIAN_POINT('Ctrl Pts',(-45.7852353877676,9.10786070007096,33.4251796062423));
#3547=CARTESIAN_POINT('Ctrl Pts',(-45.7852368029966,9.18595842496251,33.4251800764719));
#3548=CARTESIAN_POINT('Ctrl Pts',(-45.7852382364461,9.26405602794202,33.4251805527556));
#3549=CARTESIAN_POINT('Ctrl Pts',(-45.7852396698957,9.34215363092153,33.4251810290392));
#3550=CARTESIAN_POINT('Ctrl Pts',(-45.7852411215658,9.42025111198898,33.4251815113769));
#3551=CARTESIAN_POINT('Ctrl Pts',(-45.7852418539893,9.49836223082025,33.4251817547349));
#3552=CARTESIAN_POINT('Ctrl Pts',(-45.7852422202011,9.53741779023589,33.4251818764138));
#3553=CARTESIAN_POINT('Ctrl Pts',(-45.7852424066012,9.57647675909248,33.4251819383479));
#3554=CARTESIAN_POINT('Ctrl Pts',(-45.7852426451874,9.61553485339652,33.4251820176215));
#3555=CARTESIAN_POINT('Ctrl Pts',(-45.7852428837736,9.65459294770056,33.4251820968951));
#3556=CARTESIAN_POINT('Ctrl Pts',(-45.7852431745459,9.69365016745205,33.4251821935082));
#3557=CARTESIAN_POINT('Ctrl Pts',(-45.7852436267169,9.73270454465848,33.4251823437484));
#3558=CARTESIAN_POINT('Ctrl Pts',(-45.7852472440846,10.0451395623099,33.4251835456694));
#3559=CARTESIAN_POINT('Ctrl Pts',(-45.7852611909662,10.3573926570771,33.4251881797157));
#3560=CARTESIAN_POINT('Ctrl Pts',(-45.7852696129565,10.6697497769759,33.4251909780397));
#3561=CARTESIAN_POINT('Ctrl Pts',(-45.7852738239516,10.8259283369253,33.4251923772017));
#3562=CARTESIAN_POINT('Ctrl Pts',(-45.7852766537239,10.9821329031577,33.4251933174331));
#3563=CARTESIAN_POINT('Ctrl Pts',(-45.7852795099922,11.1383377000799,33.4251942664681));
#3564=CARTESIAN_POINT('Ctrl Pts',(-45.7852823662605,11.294542497002,33.4251952155032));
#3565=CARTESIAN_POINT('Ctrl Pts',(-45.7852852490249,11.450747524614,33.4251961733419));
#3566=CARTESIAN_POINT('Ctrl Pts',(-45.7852893040419,11.6069368860335,33.425197520678));
#3567=CARTESIAN_POINT('Ctrl Pts',(-45.7852974140761,11.9193156088723,33.4252002153502));
#3568=CARTESIAN_POINT('Ctrl Pts',(-45.7853102131212,12.2316316669408,33.4252044680118));
#3569=CARTESIAN_POINT('Ctrl Pts',(-45.7853183569579,12.5440246799167,33.4252071739153));
#3570=CARTESIAN_POINT('Ctrl Pts',(-45.7853265007945,12.8564176928927,33.4252098798189));
#3571=CARTESIAN_POINT('Ctrl Pts',(-45.7853299894227,13.1688876607761,33.4252110389643));
#3572=CARTESIAN_POINT('Ctrl Pts',(-45.7853357593826,13.4813315775132,33.4252129561141));
#3573=CARTESIAN_POINT('Ctrl Pts',(-45.7853386443626,13.6375535358818,33.425213914689));
#3574=CARTESIAN_POINT('Ctrl Pts',(-45.7853420996756,13.7937689814637,33.425215062765));
#3575=CARTESIAN_POINT('Ctrl Pts',(-45.7853437306204,13.9500055854923,33.4252156046692));
#3576=CARTESIAN_POINT('Ctrl Pts',(-45.7853445460929,14.0281238875065,33.4252158756213));
#3577=CARTESIAN_POINT('Ctrl Pts',(-45.7853449054733,14.1062474791324,33.4252159950305));
#3578=CARTESIAN_POINT('Ctrl Pts',(-45.7853453792637,14.1843701310234,33.425216152454));
#3579=CARTESIAN_POINT('Ctrl Pts',(-45.7853458530541,14.2624927829143,33.4252163098774));
#3580=CARTESIAN_POINT('Ctrl Pts',(-45.7853464412545,14.3406144950704,33.4252165053152));
#3581=CARTESIAN_POINT('Ctrl Pts',(-45.7853475028467,14.4187354803381,33.4252168580441));
#3582=CARTESIAN_POINT('Ctrl Pts',(-45.7853517492156,14.731219421409,33.4252182689594));
#3583=CARTESIAN_POINT('Ctrl Pts',(-45.785363569854,15.0436917322668,33.4252221965316));
#3584=CARTESIAN_POINT('Ctrl Pts',(-45.7853840254058,15.3561618552734,33.4252289931744));
#3585=CARTESIAN_POINT('Ctrl Pts',(-45.7854658476133,16.6060423472995,33.4252561797455));
#3586=CARTESIAN_POINT('Ctrl Pts',(-45.7856858284369,17.8558878337056,33.4253292714459));
#3587=CARTESIAN_POINT('Ctrl Pts',(-45.785813844304,19.1058824163387,33.4253718065053));
#3588=CARTESIAN_POINT('Ctrl Pts',(-45.7858458482707,19.418381061997,33.4253824402702));
#3589=CARTESIAN_POINT('Ctrl Pts',(-45.7858721044277,19.7308890261695,33.425391164245));
#3590=CARTESIAN_POINT('Ctrl Pts',(-45.7859165575652,20.0433961513934,33.4254059344206));
#3591=CARTESIAN_POINT('Ctrl Pts',(-45.7859610107027,20.3559032766172,33.4254207045962));
#3592=CARTESIAN_POINT('Ctrl Pts',(-45.7860236608206,20.6684095628925,33.4254415209727));
#3593=CARTESIAN_POINT('Ctrl Pts',(-45.7860353492602,20.9809118659642,33.42544540462));
#3594=CARTESIAN_POINT('Ctrl Pts',(-45.7860368103151,21.0199746538481,33.4254458900759));
#3595=CARTESIAN_POINT('Ctrl Pts',(-45.7860374750938,21.0590373794945,33.4254461109579));
#3596=CARTESIAN_POINT('Ctrl Pts',(-45.7860385233638,21.0981001478118,33.4254464592603));
#3597=CARTESIAN_POINT('Ctrl Pts',(-45.7860395716339,21.1371629161291,33.4254468075626));
#3598=CARTESIAN_POINT('Ctrl Pts',(-45.7860410033953,21.1762257271174,33.4254472832853));
#3599=CARTESIAN_POINT('Ctrl Pts',(-45.7860427338401,21.2152886274097,33.4254478582498));
#3600=CARTESIAN_POINT('Ctrl Pts',(-45.7860461947297,21.2934144279945,33.4254490081787));
#3601=CARTESIAN_POINT('Ctrl Pts',(-45.7860508503529,21.3715405857959,33.4254505550745));
#3602=CARTESIAN_POINT('Ctrl Pts',(-45.7860616857641,21.4496683130207,33.4254541552911));
#3603=CARTESIAN_POINT('Ctrl Pts',(-45.7860833565864,21.6059237674703,33.4254613557244));
#3604=CARTESIAN_POINT('Ctrl Pts',(-45.7861297465604,21.7621854996135,33.4254767694411));
#3605=CARTESIAN_POINT('Ctrl Pts',(-45.7861544059269,21.9184418172534,33.4254849628599));
#3606=CARTESIAN_POINT('Ctrl Pts',(-45.7861667356101,21.9965699760733,33.4254890595693));
#3607=CARTESIAN_POINT('Ctrl Pts',(-45.7861736326414,22.0746967812674,33.4254913512043));
#3608=CARTESIAN_POINT('Ctrl Pts',(-45.7861846884432,22.1528246440252,33.4254950246488));
#3609=CARTESIAN_POINT('Ctrl Pts',(-45.786195744245,22.2309525067829,33.4254986980933));
#3610=CARTESIAN_POINT('Ctrl Pts',(-45.7862109588172,22.3090814271044,33.4255037533474));
#3611=CARTESIAN_POINT('Ctrl Pts',(-45.7862193270524,22.3872086687639,33.4255065338103));
#3612=CARTESIAN_POINT('Ctrl Pts',(-45.7862235111699,22.4262722895937,33.4255079240418));
#3613=CARTESIAN_POINT('Ctrl Pts',(-45.7862259837033,22.465335490758,33.4255087455756));
#3614=CARTESIAN_POINT('Ctrl Pts',(-45.7862300155507,22.5043990027584,33.4255100852132));
#3615=CARTESIAN_POINT('Ctrl Pts',(-45.7862340473981,22.5434625147588,33.4255114248508));
#3616=CARTESIAN_POINT('Ctrl Pts',(-45.7862396385596,22.5825263375954,33.4255132825922));
#3617=CARTESIAN_POINT('Ctrl Pts',(-45.7862407428011,22.6215894526383,33.4255136494919));
#3618=CARTESIAN_POINT('Ctrl Pts',(-45.7862408808312,22.6264723420187,33.4255136953544));
#3619=CARTESIAN_POINT('Ctrl Pts',(-45.7862409021478,22.6313549252801,33.4255137024371));
#3620=CARTESIAN_POINT('Ctrl Pts',(-45.7862409332518,22.6362378883603,33.4255137127718));
#3621=CARTESIAN_POINT('Ctrl Pts',(-45.7862409643557,22.6411208514405,33.4255137231065));
#3622=CARTESIAN_POINT('Ctrl Pts',(-45.7862410108562,22.6460027840561,33.425513738557));
#3623=CARTESIAN_POINT('Ctrl Pts',(-45.7862410752663,22.6508860308688,33.4255137599581));
#3624=CARTESIAN_POINT('Ctrl Pts',(-45.7862411396764,22.6557692776816,33.4255137813593));
#3625=CARTESIAN_POINT('Ctrl Pts',(-45.7862412629923,22.6606555440346,33.4255138223327));
#3626=CARTESIAN_POINT('Ctrl Pts',(-45.7862413703355,22.665536766957,33.425513857999));
#3627=CARTESIAN_POINT('Ctrl Pts',(-45.7862414776787,22.6704179898795,33.4255138936653));
#3628=CARTESIAN_POINT('Ctrl Pts',(-45.7862415690492,22.6752941693714,33.4255139240244));
#3629=CARTESIAN_POINT('Ctrl Pts',(-45.7862417203928,22.6801793929569,33.4255139743104));
#3630=CARTESIAN_POINT('Ctrl Pts',(-45.78624202308,22.6899498401279,33.4255140748825));
#3631=CARTESIAN_POINT('Ctrl Pts',(-45.7862425656595,22.6997564636734,33.4255142551621));
#3632=CARTESIAN_POINT('Ctrl Pts',(-45.7862430690211,22.7095029543402,33.425514422411));
#3633=CARTESIAN_POINT('Ctrl Pts',(-45.7862435723827,22.719249445007,33.42551458966));
#3634=CARTESIAN_POINT('Ctrl Pts',(-45.7862440365263,22.7289358027951,33.4255147438782));
#3635=CARTESIAN_POINT('Ctrl Pts',(-45.7862447087931,22.7387324858889,33.4255149672482));
#3636=CARTESIAN_POINT('Ctrl Pts',(-45.7862460533265,22.7583258520766,33.4255154139883));
#3637=CARTESIAN_POINT('Ctrl Pts',(-45.7862482303523,22.7783605194875,33.4255161373355));
#3638=CARTESIAN_POINT('Ctrl Pts',(-45.7862508034418,22.7975249413479,33.4255169922805));
#3639=CARTESIAN_POINT('Ctrl Pts',(-45.786252733259,22.8118982577432,33.4255176334892));
#3640=CARTESIAN_POINT('Ctrl Pts',(-45.786254885862,22.8257820610164,33.4255183487216));
#3641=CARTESIAN_POINT('Ctrl Pts',(-45.7862548874437,22.8413876842101,33.4255183492472));
#3642=CARTESIAN_POINT('Ctrl Pts',(-45.7862548879709,22.846589558608,33.4255183494224));
#3643=CARTESIAN_POINT('Ctrl Pts',(-45.7862546494957,22.8519827463304,33.4255182701857));
#3644=CARTESIAN_POINT('Ctrl Pts',(-45.7862578618695,22.853707454582,33.4255193375417));
#3645=CARTESIAN_POINT('',(-45.3108478074045,23.3557160947421,33.2675577033962));
#3646=CARTESIAN_POINT('Ctrl Pts',(-45.7862578618695,22.853707454582,33.4255193375417));
#3647=CARTESIAN_POINT('Ctrl Pts',(-45.7863870390834,22.9230620884768,33.4255622584769));
#3648=CARTESIAN_POINT('Ctrl Pts',(-45.7744131444914,22.986504066182,33.4215837646732));
#3649=CARTESIAN_POINT('Ctrl Pts',(-45.7508418712338,23.0467072236346,33.4137518797404));
#3650=CARTESIAN_POINT('Ctrl Pts',(-45.7390562346049,23.0768088023609,33.409835937274));
#3651=CARTESIAN_POINT('Ctrl Pts',(-45.7243712533097,23.1061006760241,33.4049566470254));
#3652=CARTESIAN_POINT('Ctrl Pts',(-45.7071412245399,23.1333048717967,33.3992317291878));
#3653=CARTESIAN_POINT('Ctrl Pts',(-45.7028337173474,23.1401059207399,33.3978004997284));
#3654=CARTESIAN_POINT('Ctrl Pts',(-45.6983671446878,23.1467764898149,33.3963164185447));
#3655=CARTESIAN_POINT('Ctrl Pts',(-45.693747967309,23.15334171959,33.3947816323104));
#3656=CARTESIAN_POINT('Ctrl Pts',(-45.6891287899302,23.1599069493651,33.3932468460762));
#3657=CARTESIAN_POINT('Ctrl Pts',(-45.6843570078322,23.1663668398402,33.3916613547915));
#3658=CARTESIAN_POINT('Ctrl Pts',(-45.6794378600675,23.1726960536105,33.3900268992047));
#3659=CARTESIAN_POINT('Ctrl Pts',(-45.669599564538,23.185354481151,33.386757988031));
#3660=CARTESIAN_POINT('Ctrl Pts',(-45.6591718063416,23.197490201872,33.3832932196489));
#3661=CARTESIAN_POINT('Ctrl Pts',(-45.6482281580101,23.2090606649812,33.3796570395602));
#3662=CARTESIAN_POINT('Ctrl Pts',(-45.6263408613472,23.2322015911995,33.3723846793827));
#3663=CARTESIAN_POINT('Ctrl Pts',(-45.6023900041443,23.2530814869705,33.3644266723791));
#3664=CARTESIAN_POINT('Ctrl Pts',(-45.576630800446,23.2712726341994,33.3558678169817));
#3665=CARTESIAN_POINT('Ctrl Pts',(-45.5508715967478,23.2894637814282,33.3473089615843));
#3666=CARTESIAN_POINT('Ctrl Pts',(-45.5233040465542,23.304966180115,33.3381492577932));
#3667=CARTESIAN_POINT('Ctrl Pts',(-45.4947973758749,23.3174967823745,33.3286775180972));
#3668=CARTESIAN_POINT('Ctrl Pts',(-45.4662907051956,23.330027384634,33.3192057784012));
#3669=CARTESIAN_POINT('Ctrl Pts',(-45.4368449140306,23.3395861904663,33.3094220028004));
#3670=CARTESIAN_POINT('Ctrl Pts',(-45.4062129803983,23.3459779463967,33.299244114789));
#3671=CARTESIAN_POINT('Ctrl Pts',(-45.3908970135821,23.3491738243619,33.2941551707833));
#3672=CARTESIAN_POINT('Ctrl Pts',(-45.3752845111492,23.3515779398517,33.288967698675));
#3673=CARTESIAN_POINT('Ctrl Pts',(-45.3602156839084,23.353183058771,33.2839608702468));
#3674=CARTESIAN_POINT('Ctrl Pts',(-45.3526812702879,23.3539856182306,33.2814574560327));
#3675=CARTESIAN_POINT('Ctrl Pts',(-45.3452827754656,23.3545884285477,33.2789992027386));
#3676=CARTESIAN_POINT('Ctrl Pts',(-45.3369612701847,23.3549902828852,33.2762342663212));
#3677=CARTESIAN_POINT('Ctrl Pts',(-45.3328005175442,23.3551912100539,33.2748517981125));
#3678=CARTESIAN_POINT('Ctrl Pts',(-45.3284090122892,23.3553418982278,33.2733926591229));
#3679=CARTESIAN_POINT('Ctrl Pts',(-45.3250932305757,23.355442415813,33.2722909443126));
#3680=CARTESIAN_POINT('Ctrl Pts',(-45.3217774488623,23.3555429333982,33.2711892295024));
#3681=CARTESIAN_POINT('Ctrl Pts',(-45.3195373906904,23.3555932803949,33.2704449388714));
#3682=CARTESIAN_POINT('Ctrl Pts',(-45.3080645078758,23.3555934839294,33.2666329132298));
#3683=CARTESIAN_POINT('',(-36.3523082029736,23.3557160947421,30.2909577298113));
#3684=CARTESIAN_POINT('Ctrl Pts',(-45.3080645078758,23.3555934839294,33.2666329132298));
#3685=CARTESIAN_POINT('Ctrl Pts',(-45.2850814271177,23.3555938916605,33.2589964634737));
#3686=CARTESIAN_POINT('Ctrl Pts',(-45.2616294091391,23.3555943715615,33.251204202773));
#3687=CARTESIAN_POINT('Ctrl Pts',(-45.2382623927448,23.3555947931589,33.2434401850365));
#3688=CARTESIAN_POINT('Ctrl Pts',(-45.2148953763505,23.3555952147563,33.2356761672999));
#3689=CARTESIAN_POINT('Ctrl Pts',(-45.1916133615405,23.3555955780501,33.2279403925277));
#3690=CARTESIAN_POINT('Ctrl Pts',(-45.1683146363515,23.3555961076392,33.2201990654985));
#3691=CARTESIAN_POINT('Ctrl Pts',(-45.1217171859735,23.3555971668173,33.20471641144));
#3692=CARTESIAN_POINT('Ctrl Pts',(-45.0750528940794,23.3555988911767,33.1892115483538));
#3693=CARTESIAN_POINT('Ctrl Pts',(-45.0284177843225,23.3556004987141,33.1737163814405));
#3694=CARTESIAN_POINT('Ctrl Pts',(-44.9817826745656,23.3556021062514,33.1582212145272));
#3695=CARTESIAN_POINT('Ctrl Pts',(-44.9351767469458,23.3556035969669,33.1427357437867));
#3696=CARTESIAN_POINT('Ctrl Pts',(-44.8885404746983,23.3556045627715,33.1272401906196));
#3697=CARTESIAN_POINT('Ctrl Pts',(-44.8652223385745,23.3556050456737,33.1194924140361));
#3698=CARTESIAN_POINT('Ctrl Pts',(-44.8418966162937,23.3556053973483,33.1117421168458));
#3699=CARTESIAN_POINT('Ctrl Pts',(-44.8185712253381,23.3556056111348,33.103991929743));
#3700=CARTESIAN_POINT('Ctrl Pts',(-44.8069085298603,23.3556057180281,33.1001168361916));
#3701=CARTESIAN_POINT('Ctrl Pts',(-44.7952459172138,23.3556057904494,33.0962417701621));
#3702=CARTESIAN_POINT('Ctrl Pts',(-44.7835828167152,23.3556058589268,33.0923665420369));
#3703=CARTESIAN_POINT('Ctrl Pts',(-44.7719197162167,23.3556059274043,33.0884913139116));
#3704=CARTESIAN_POINT('Ctrl Pts',(-44.7602561278661,23.3556059919379,33.0846159236908));
#3705=CARTESIAN_POINT('Ctrl Pts',(-44.7485932594983,23.3556060849381,33.0807407726942));
#3706=CARTESIAN_POINT('Ctrl Pts',(-44.7252675227627,23.3556062709386,33.0729904707012));
#3707=CARTESIAN_POINT('Ctrl Pts',(-44.7019446659582,23.3556065708054,33.0652411256055));
#3708=CARTESIAN_POINT('Ctrl Pts',(-44.6786207198518,23.3556068264829,33.057491418574));
#3709=CARTESIAN_POINT('Ctrl Pts',(-44.6552967737453,23.3556070821604,33.0497417115426));
#3710=CARTESIAN_POINT('Ctrl Pts',(-44.6319717383369,23.3556072936484,33.0419916425753));
#3711=CARTESIAN_POINT('Ctrl Pts',(-44.6086483067054,23.3556075778002,33.0342421064853));
#3712=CARTESIAN_POINT('Ctrl Pts',(-44.5620014434424,23.3556081461037,33.0187430343053));
#3713=CARTESIAN_POINT('Ctrl Pts',(-44.5153609952872,23.3556090050621,33.0032460936345));
#3714=CARTESIAN_POINT('Ctrl Pts',(-44.468726578996,23.3556101434072,32.9877511571349));
#3715=CARTESIAN_POINT('Ctrl Pts',(-44.3754577464135,23.3556124200972,32.9567612841356));
#3716=CARTESIAN_POINT('Ctrl Pts',(-44.2822130412869,23.355615814334,32.9257794278206));
#3717=CARTESIAN_POINT('Ctrl Pts',(-44.1889578392366,23.3556187191018,32.8947940837562));
#3718=CARTESIAN_POINT('Ctrl Pts',(-44.0957026371864,23.3556216238696,32.8638087396917));
#3719=CARTESIAN_POINT('Ctrl Pts',(-44.0024369382125,23.3556240391686,32.8328199078776));
#3720=CARTESIAN_POINT('Ctrl Pts',(-43.9091712539334,23.355626452298,32.8018310809461));
#3721=CARTESIAN_POINT('Ctrl Pts',(-43.8159055696543,23.3556288654274,32.7708422540146));
#3722=CARTESIAN_POINT('Ctrl Pts',(-43.72263990007,23.3556312763873,32.7398534319656));
#3723=CARTESIAN_POINT('Ctrl Pts',(-43.6293680422678,23.3556333998623,32.7088625537947));
#3724=CARTESIAN_POINT('Ctrl Pts',(-43.5360961844655,23.3556355233372,32.6778716756238));
#3725=CARTESIAN_POINT('Ctrl Pts',(-43.4428181384453,23.3556373593272,32.6468787413311));
#3726=CARTESIAN_POINT('Ctrl Pts',(-43.34954260561,23.3556393042084,32.6158866420791));
#3727=CARTESIAN_POINT('Ctrl Pts',(-43.2562670727747,23.3556412490895,32.5848945428271));
#3728=CARTESIAN_POINT('Ctrl Pts',(-43.1629940531243,23.3556433028618,32.553903278616));
#3729=CARTESIAN_POINT('Ctrl Pts',(-43.069699216753,23.3556443614869,32.5229047654944));
#3730=CARTESIAN_POINT('Ctrl Pts',(-43.0230517985674,23.3556448907995,32.5074055089336));
#3731=CARTESIAN_POINT('Ctrl Pts',(-42.9763989262016,23.3556451713253,32.4919044401453));
#3732=CARTESIAN_POINT('Ctrl Pts',(-42.9297477265646,23.3556455251152,32.4764039271444));
#3733=CARTESIAN_POINT('Ctrl Pts',(-42.8830965269277,23.3556458789051,32.4609034141436));
#3734=CARTESIAN_POINT('Ctrl Pts',(-42.8364470000196,23.3556463059591,32.4454034569303));
#3735=CARTESIAN_POINT('Ctrl Pts',(-42.7897991674288,23.3556468085333,32.4299040626776));
#3736=CARTESIAN_POINT('Ctrl Pts',(-42.743151334838,23.3556473111075,32.4144046684249));
#3737=CARTESIAN_POINT('Ctrl Pts',(-42.6965051965646,23.3556478892018,32.3989058371329));
#3738=CARTESIAN_POINT('Ctrl Pts',(-42.6498590896424,23.3556484636509,32.3834070162577));
#3739=CARTESIAN_POINT('Ctrl Pts',(-42.6032129827202,23.3556490381001,32.3679081953825));
#3740=CARTESIAN_POINT('Ctrl Pts',(-42.5565669071494,23.355649608904,32.3524093849243));
#3741=CARTESIAN_POINT('Ctrl Pts',(-42.509919976238,23.3556501435156,32.3369102902672));
#3742=CARTESIAN_POINT('Ctrl Pts',(-42.4166261144154,23.3556512127389,32.305912100953));
#3743=CARTESIAN_POINT('Ctrl Pts',(-42.3233288312308,23.3556521371932,32.2749127748435));
#3744=CARTESIAN_POINT('Ctrl Pts',(-42.2300396663557,23.3556533888339,32.2439161461558));
#3745=CARTESIAN_POINT('Ctrl Pts',(-42.1367505014805,23.3556546404746,32.2129195174681));
#3746=CARTESIAN_POINT('Ctrl Pts',(-42.0434694549148,23.3556562193017,32.1819255862021));
#3747=CARTESIAN_POINT('Ctrl Pts',(-41.9501721334099,23.3556571052235,32.1509262473602));
#3748=CARTESIAN_POINT('Ctrl Pts',(-41.9035234726574,23.3556575481844,32.1354265779392));
#3749=CARTESIAN_POINT('Ctrl Pts',(-41.8568707431702,23.355657817919,32.1199255566242));
#3750=CARTESIAN_POINT('Ctrl Pts',(-41.8102176229985,23.3556580631426,32.1044244054989));
#3751=CARTESIAN_POINT('Ctrl Pts',(-41.7635645028268,23.3556583083662,32.0889232543736));
#3752=CARTESIAN_POINT('Ctrl Pts',(-41.7169109919706,23.3556585290788,32.0734219734379));
#3753=CARTESIAN_POINT('Ctrl Pts',(-41.6702591928776,23.3556588232528,32.0579212612594));
#3754=CARTESIAN_POINT('Ctrl Pts',(-41.5769555946916,23.3556594116008,32.0269198369024));
#3755=CARTESIAN_POINT('Ctrl Pts',(-41.4836588435582,23.3556602937942,31.9959206875743));
#3756=CARTESIAN_POINT('Ctrl Pts',(-41.3903603952303,23.3556610298944,31.9649209743297));
#3757=CARTESIAN_POINT('Ctrl Pts',(-41.2970619469024,23.3556617659947,31.9339212610851));
#3758=CARTESIAN_POINT('Ctrl Pts',(-41.2037618013802,23.3556623560018,31.9029209839239));
#3759=CARTESIAN_POINT('Ctrl Pts',(-41.110451012714,23.355662657408,31.8719171704294));
#3760=CARTESIAN_POINT('Ctrl Pts',(-41.0637956183809,23.3556628081111,31.8564152636822));
#3761=CARTESIAN_POINT('Ctrl Pts',(-41.0171375632618,23.355662886664,31.8409124728516));
#3762=CARTESIAN_POINT('Ctrl Pts',(-40.9704820551367,23.3556629619447,31.8254105282954));
#3763=CARTESIAN_POINT('Ctrl Pts',(-40.9238265470115,23.3556630372255,31.8099085837391));
#3764=CARTESIAN_POINT('Ctrl Pts',(-40.8771735858803,23.3556631092342,31.7944074854572));
#3765=CARTESIAN_POINT('Ctrl Pts',(-40.8305208572744,23.3556631821776,31.7789064644351));
#3766=CARTESIAN_POINT('Ctrl Pts',(-40.0840771995794,23.3556643492723,31.5308901280809));
#3767=CARTESIAN_POINT('Ctrl Pts',(-39.3376930683545,23.355665755668,31.2828935702287));
#3768=CARTESIAN_POINT('Ctrl Pts',(-38.5912769173662,23.3556604746874,31.0348863733624));
#3769=CARTESIAN_POINT('Ctrl Pts',(-38.2180688418721,23.3556578341971,30.9108827749292));
#3770=CARTESIAN_POINT('Ctrl Pts',(-37.8448527614372,23.3556535218627,30.7868765167425));
#3771=CARTESIAN_POINT('Ctrl Pts',(-37.4714888542611,23.3556501952185,30.6628211410552));
#3772=CARTESIAN_POINT('Ctrl Pts',(-37.2848069006731,23.3556485318964,30.6007934532116));
#3773=CARTESIAN_POINT('Ctrl Pts',(-37.0980879903998,23.3556471149969,30.5387534859928));
#3774=CARTESIAN_POINT('Ctrl Pts',(-36.9115951889474,23.3556459973258,30.4767886465895));
#3775=CARTESIAN_POINT('Ctrl Pts',(-36.8649719885843,23.355645717908,30.4612974367387));
#3776=CARTESIAN_POINT('Ctrl Pts',(-36.8183629200225,23.355645457192,30.4458109223763));
#3777=CARTESIAN_POINT('Ctrl Pts',(-36.7716553033464,23.3556452345913,30.4302916640259));
#3778=CARTESIAN_POINT('Ctrl Pts',(-36.7249476866704,23.3556450119906,30.4147724056754));
#3779=CARTESIAN_POINT('Ctrl Pts',(-36.67814152188,23.3556448275052,30.3992204033368));
#3780=CARTESIAN_POINT('Ctrl Pts',(-36.6315885490461,23.3556445411759,30.3837525275639));
#3781=CARTESIAN_POINT('Ctrl Pts',(-36.5850355762123,23.3556442548467,30.3682846517911));
#3782=CARTESIAN_POINT('Ctrl Pts',(-36.5387357953349,23.3556438666736,30.352900902584));
#3783=CARTESIAN_POINT('Ctrl Pts',(-36.4917158672821,23.3556437339745,30.3372778744142));
#3784=CARTESIAN_POINT('Ctrl Pts',(-36.4682059032557,23.3556436676249,30.3294663603294));
#3785=CARTESIAN_POINT('Ctrl Pts',(-36.4445159024355,23.3556436651438,30.3215950265038));
#3786=CARTESIAN_POINT('Ctrl Pts',(-36.4216530690062,23.3556434976612,30.3139985306031));
#3787=CARTESIAN_POINT('Ctrl Pts',(-36.4045059439342,23.3556433720492,30.3083011586775));
#3788=CARTESIAN_POINT('Ctrl Pts',(-36.3878241005196,23.3556431536238,30.3027583830847));
#3789=CARTESIAN_POINT('Ctrl Pts',(-36.3691983466877,23.3556433176349,30.2965697160907));
#3790=CARTESIAN_POINT('Ctrl Pts',(-36.362989762077,23.3556433723052,30.2945068270927));
#3791=CARTESIAN_POINT('Ctrl Pts',(-36.35656518742,23.3556434694685,30.2923721723834));
#3792=CARTESIAN_POINT('Ctrl Pts',(-36.3544880527117,23.3556427811002,30.2916820153499));
#3793=CARTESIAN_POINT('Ctrl Pts',(-36.3544880527117,23.3556427811002,30.2916820153499));
#3794=CARTESIAN_POINT('Ctrl Pts',(-36.3213078560628,23.3556317850894,30.2806574313408));
#3795=CARTESIAN_POINT('Ctrl Pts',(-36.2905585440119,23.3524851474539,30.2704405427093));
#3796=CARTESIAN_POINT('Ctrl Pts',(-36.2602967584107,23.3461009379033,30.2603856415536));
#3797=CARTESIAN_POINT('Ctrl Pts',(-36.1695114016073,23.3269483092515,30.2302209380867));
#3798=CARTESIAN_POINT('Ctrl Pts',(-36.0831137828519,23.278657533363,30.2015141219022));
#3799=CARTESIAN_POINT('Ctrl Pts',(-36.0171942936129,23.2092487962873,30.1796114504186));
#3800=CARTESIAN_POINT('Ctrl Pts',(-35.9293016412942,23.1167038135197,30.1504078884404));
#3801=CARTESIAN_POINT('Ctrl Pts',(-35.8778145525602,22.9866157886416,30.1333005837082));
#3802=CARTESIAN_POINT('Ctrl Pts',(-35.8778145525602,22.8557160947421,30.1333005837082));
#3803=CARTESIAN_POINT('Ctrl Pts',(-33.4805109969855,21.0902099352258,38.8205569031427));
#3804=CARTESIAN_POINT('Ctrl Pts',(-34.3282736736363,21.0902099352258,36.2690835505484));
#3805=CARTESIAN_POINT('Ctrl Pts',(-34.0289807847715,22.5082483624817,33.4401242633094));
#3806=CARTESIAN_POINT('Ctrl Pts',(-34.6664289146812,22.8026071441621,30.7474020872582));
#3807=CARTESIAN_POINT('Ctrl Pts',(-33.5956598303613,21.1908409663104,38.8588167121651));
#3808=CARTESIAN_POINT('Ctrl Pts',(-34.4434225070121,21.1908409663104,36.3073433595708));
#3809=CARTESIAN_POINT('Ctrl Pts',(-34.0519274321181,22.6743723146131,33.4478879511996));
#3810=CARTESIAN_POINT('Ctrl Pts',(-34.6698797733999,22.9925700685553,30.7485920710701));
#3811=CARTESIAN_POINT('Ctrl Pts',(-33.832016218857,21.3844048480793,38.9373494251761));
#3812=CARTESIAN_POINT('Ctrl Pts',(-34.6797788955077,21.3844048480793,36.3858760725818));
#3813=CARTESIAN_POINT('Ctrl Pts',(-34.1484945384496,23.0182759101061,33.4813798102865));
#3814=CARTESIAN_POINT('Ctrl Pts',(-34.7461826525287,23.3759874217172,30.7743825862531));
#3815=CARTESIAN_POINT('Ctrl Pts',(-34.265206788541,21.6947942011841,39.0812830455221));
#3816=CARTESIAN_POINT('Ctrl Pts',(-35.1129694651918,21.6947942011841,36.5298096929278));
#3817=CARTESIAN_POINT('Ctrl Pts',(-34.5317735591627,23.5691837902583,33.6132449141498));
#3818=CARTESIAN_POINT('Ctrl Pts',(-35.1174855923714,23.9578145584079,30.8991591148656));
#3819=CARTESIAN_POINT('Ctrl Pts',(-34.6555886996249,21.9291688267188,39.2109928908239));
#3820=CARTESIAN_POINT('Ctrl Pts',(-35.5033513762757,21.9291688267188,36.6595195382296));
#3821=CARTESIAN_POINT('Ctrl Pts',(-35.0362833887359,23.851449665637,33.7849206479304));
#3822=CARTESIAN_POINT('Ctrl Pts',(-35.6324170682472,24.247244581889,31.0715118864782));
#3823=CARTESIAN_POINT('Ctrl Pts',(-34.9244738921651,22.0675198119537,39.3003337535485));
#3824=CARTESIAN_POINT('Ctrl Pts',(-35.7722365688159,22.0675198119537,36.7488604009542));
#3825=CARTESIAN_POINT('Ctrl Pts',(-35.3805587105724,23.9050113116791,33.9004800665558));
#3826=CARTESIAN_POINT('Ctrl Pts',(-35.9998740910727,24.2866932788085,31.1939686528232));
#3827=CARTESIAN_POINT('Ctrl Pts',(-36.0771994564937,22.6380160691715,39.6833429309187));
#3828=CARTESIAN_POINT('Ctrl Pts',(-36.9249621331445,22.6380160691715,37.1318695783244));
#3829=CARTESIAN_POINT('Ctrl Pts',(-36.8407820808617,24.0186434307537,34.3884353922103));
#3830=CARTESIAN_POINT('Ctrl Pts',(-37.560328399327,24.3045671501935,31.7133156813786));
#3831=CARTESIAN_POINT('Ctrl Pts',(-38.5111716614831,23.1135631818924,40.4920642092724));
#3832=CARTESIAN_POINT('Ctrl Pts',(-39.3589343381339,23.1135631818924,37.9405908566781));
#3833=CARTESIAN_POINT('Ctrl Pts',(-39.7703376525584,24.1105259852601,35.3675392677539));
#3834=CARTESIAN_POINT('Ctrl Pts',(-40.5461259317673,24.3180483859163,32.7071690947133));
#3835=CARTESIAN_POINT('Ctrl Pts',(-40.8585159473702,22.2836186327856,41.2720021509332));
#3836=CARTESIAN_POINT('Ctrl Pts',(-41.706278624021,22.2836186327856,38.7205287983389));
#3837=CARTESIAN_POINT('Ctrl Pts',(-42.6693285200247,23.9491691521365,36.3322320892902));
#3838=CARTESIAN_POINT('Ctrl Pts',(-43.5252899476443,24.2940622878933,33.6974933825744));
#3839=CARTESIAN_POINT('Ctrl Pts',(-41.9869619090187,21.5061727405068,41.6469440910206));
#3840=CARTESIAN_POINT('Ctrl Pts',(-42.8347245856695,21.5061727405068,39.0954707384264));
#3841=CARTESIAN_POINT('Ctrl Pts',(-44.1778859899781,23.7939775985314,36.8316235440044));
#3842=CARTESIAN_POINT('Ctrl Pts',(-45.1681556688579,24.2694720280655,34.2427831080946));
#3843=CARTESIAN_POINT('Ctrl Pts',(-42.3548613478682,21.2349056742015,41.7691838207439));
#3844=CARTESIAN_POINT('Ctrl Pts',(-43.202624024519,21.2349056742015,39.2177104681496));
#3845=CARTESIAN_POINT('Ctrl Pts',(-44.6979877843479,23.6612224948617,37.000646341425));
#3846=CARTESIAN_POINT('Ctrl Pts',(-45.7227280650577,24.1541358329518,34.4258679666233));
#3847=CARTESIAN_POINT('Ctrl Pts',(-42.8111925062306,20.8250680012758,41.9208062250536));
#3848=CARTESIAN_POINT('Ctrl Pts',(-43.6589551828814,20.8250680012758,39.3693328724593));
#3849=CARTESIAN_POINT('Ctrl Pts',(-45.270326858992,23.0750471673251,37.1792133026149));
#3850=CARTESIAN_POINT('Ctrl Pts',(-46.2949333302729,23.554246051585,34.6123790249539));
#3851=CARTESIAN_POINT('Ctrl Pts',(-43.1236935035814,20.4853034357671,42.0246390484303));
#3852=CARTESIAN_POINT('Ctrl Pts',(-43.9714561802322,20.4853034357671,39.473165695836));
#3853=CARTESIAN_POINT('Ctrl Pts',(-45.4080885824403,22.5382879564771,37.220588746652));
#3854=CARTESIAN_POINT('Ctrl Pts',(-46.4063150109256,22.9718720373879,34.6480177865828));
#3855=CARTESIAN_POINT('Ctrl Pts',(-43.8651372222324,19.6262979901891,42.2709940851663));
#3856=CARTESIAN_POINT('Ctrl Pts',(-44.7128998988832,19.6262979901891,39.7195207325721));
#3857=CARTESIAN_POINT('Ctrl Pts',(-45.5563515791394,21.2652136376107,37.2663454898489));
#3858=CARTESIAN_POINT('Ctrl Pts',(-46.4298181502812,21.561682616744,34.6547354515884));
#3859=CARTESIAN_POINT('Ctrl Pts',(-44.8575500579254,17.8647931154701,42.6007371181767));
#3860=CARTESIAN_POINT('Ctrl Pts',(-45.7053127345761,17.8647931154701,40.0492637655824));
#3861=CARTESIAN_POINT('Ctrl Pts',(-45.7534281930931,18.9228588541759,37.3256535166424));
#3862=CARTESIAN_POINT('Ctrl Pts',(-46.4601994295457,19.0875176191685,34.6629078191507));
#3863=CARTESIAN_POINT('Ctrl Pts',(-45.2417635310726,14.8188370696905,42.7283974137739));
#3864=CARTESIAN_POINT('Ctrl Pts',(-46.0895262077234,14.8188370696905,40.1769240611796));
#3865=CARTESIAN_POINT('Ctrl Pts',(-45.8305339892122,15.2124449663017,37.3433109009891));
#3866=CARTESIAN_POINT('Ctrl Pts',(-46.4718584394853,15.3279889906106,34.6643025110286));
#3867=CARTESIAN_POINT('Ctrl Pts',(-44.4566977758941,11.8589679808393,42.4675483458107));
#3868=CARTESIAN_POINT('Ctrl Pts',(-45.3044604525449,11.8589679808393,39.9160749932164));
#3869=CARTESIAN_POINT('Ctrl Pts',(-45.6801963522689,11.5374026049642,37.2883346863865));
#3870=CARTESIAN_POINT('Ctrl Pts',(-46.4507631827205,11.5768055659307,34.6557288466371));
#3871=CARTESIAN_POINT('Ctrl Pts',(-43.2400531056432,10.2618417447005,42.0633011522682));
#3872=CARTESIAN_POINT('Ctrl Pts',(-44.087815782294,10.2618417447005,39.5118277996739));
#3873=CARTESIAN_POINT('Ctrl Pts',(-45.4358730133932,9.2606122300926,37.206856730695));
#3874=CARTESIAN_POINT('Ctrl Pts',(-46.410362749964,9.11810912523022,34.6422124143777));
#3875=CARTESIAN_POINT('Ctrl Pts',(-42.2765918294698,9.42006186640057,41.7431776794881));
#3876=CARTESIAN_POINT('Ctrl Pts',(-43.1243545061206,9.42006186640057,39.1917043268939));
#3877=CARTESIAN_POINT('Ctrl Pts',(-45.2523573385835,7.87297212024206,37.1470468597004));
#3878=CARTESIAN_POINT('Ctrl Pts',(-46.3857004165749,7.52985485129669,34.6343810002068));
#3879=CARTESIAN_POINT('Ctrl Pts',(-41.7917486929121,9.04837560473058,41.5820817719859));
#3880=CARTESIAN_POINT('Ctrl Pts',(-42.6395113695629,9.04837560473058,39.0306084193916));
#3881=CARTESIAN_POINT('Ctrl Pts',(-44.9161984212952,7.1463617532091,37.0509118839585));
#3882=CARTESIAN_POINT('Ctrl Pts',(-46.0733275818972,6.75255688038226,34.5354352566295));
#3883=CARTESIAN_POINT('Ctrl Pts',(-41.2661065225821,8.74437005629361,41.4074298153717));
#3884=CARTESIAN_POINT('Ctrl Pts',(-42.1138691992329,8.74437005629361,38.8559564627775));
#3885=CARTESIAN_POINT('Ctrl Pts',(-44.1840710809148,6.82190469189876,36.8243326406995));
#3886=CARTESIAN_POINT('Ctrl Pts',(-45.3272823158252,6.42527066950539,34.2927450771414));
#3887=CARTESIAN_POINT('Ctrl Pts',(-40.4525865338842,8.34257022512797,41.1371264306916));
#3888=CARTESIAN_POINT('Ctrl Pts',(-41.300349210535,8.34257022512797,38.5856530780973));
#3889=CARTESIAN_POINT('Ctrl Pts',(-43.1562754290402,6.74623724075996,36.4870391127772));
#3890=CARTESIAN_POINT('Ctrl Pts',(-44.2263769753279,6.41418957817973,33.9282635074217));
#3891=CARTESIAN_POINT('Ctrl Pts',(-38.7268794932971,7.75420243517417,40.5637361507751));
#3892=CARTESIAN_POINT('Ctrl Pts',(-39.5746421699479,7.75420243517417,38.0122627981809));
#3893=CARTESIAN_POINT('Ctrl Pts',(-41.0205924318564,6.62931871758252,35.783781096615));
#3894=CARTESIAN_POINT('Ctrl Pts',(-42.003792366408,6.39645628223576,33.1917567070876));
#3895=CARTESIAN_POINT('Ctrl Pts',(-36.2584723553964,7.93706837887076,39.7435733847549));
#3896=CARTESIAN_POINT('Ctrl Pts',(-37.1062350320471,7.93706837887076,37.1921000321606));
#3897=CARTESIAN_POINT('Ctrl Pts',(-38.0588266003172,6.66526068154406,34.8013149858642));
#3898=CARTESIAN_POINT('Ctrl Pts',(-39.0083994005681,6.40195039893742,32.1970005740394));
#3899=CARTESIAN_POINT('Ctrl Pts',(-34.6278541584352,8.7740789486861,39.2017777019406));
#3900=CARTESIAN_POINT('Ctrl Pts',(-35.475616835086,8.7740789486861,36.6503043493463));
#3901=CARTESIAN_POINT('Ctrl Pts',(-35.9632050266787,6.83117378999767,34.1032074317308));
#3902=CARTESIAN_POINT('Ctrl Pts',(-36.7952690015478,6.42714514921595,31.4610941099625));
#3903=CARTESIAN_POINT('Ctrl Pts',(-33.8756833429505,9.29186901372362,38.951858437377));
#3904=CARTESIAN_POINT('Ctrl Pts',(-34.7234460196013,9.29186901372362,36.4003850847827));
#3905=CARTESIAN_POINT('Ctrl Pts',(-34.9610024601124,6.92956996092543,33.7689801711592));
#3906=CARTESIAN_POINT('Ctrl Pts',(-35.7005105177845,6.44170744247882,31.0969618646645));
#3907=CARTESIAN_POINT('Ctrl Pts',(-33.3955777397085,9.6703820466194,38.792336641523));
#3908=CARTESIAN_POINT('Ctrl Pts',(-34.2433404163593,9.67038204661939,36.2408632889287));
#3909=CARTESIAN_POINT('Ctrl Pts',(-34.248443074993,7.26373805407531,33.5224317006903));
#3910=CARTESIAN_POINT('Ctrl Pts',(-34.9591314260722,6.76972453436287,30.8475797597102));
#3911=CARTESIAN_POINT('Ctrl Pts',(-32.9648504767303,10.1098978799817,38.6492214892532));
#3912=CARTESIAN_POINT('Ctrl Pts',(-33.8126131533811,10.1098978799817,36.0977481366589));
#3913=CARTESIAN_POINT('Ctrl Pts',(-33.9245817017597,8.00141215693898,33.4050004042038));
#3914=CARTESIAN_POINT('Ctrl Pts',(-34.6489110848,7.54832500684328,30.741445845829));
#3915=CARTESIAN_POINT('Ctrl Pts',(-32.1226451734323,11.0854383088777,38.3693870079378));
#3916=CARTESIAN_POINT('Ctrl Pts',(-32.9704078500831,11.0854383088777,35.8179136553435));
#3917=CARTESIAN_POINT('Ctrl Pts',(-33.7650853116142,9.44587584463511,33.3501515002804));
#3918=CARTESIAN_POINT('Ctrl Pts',(-34.6278703663358,9.15011347437072,30.7338774886463));
#3919=CARTESIAN_POINT('Ctrl Pts',(-31.1298484449771,12.846289488283,38.0395164211925));
#3920=CARTESIAN_POINT('Ctrl Pts',(-31.9776111216279,12.846289488283,35.4880430685982));
#3921=CARTESIAN_POINT('Ctrl Pts',(-33.5656858753226,11.7896660696471,33.2821537961197));
#3922=CARTESIAN_POINT('Ctrl Pts',(-34.5945569262773,11.6245418941627,30.7222654573443));
#3923=CARTESIAN_POINT('Ctrl Pts',(-30.7456412254814,15.8926588959871,37.9118582034584));
#3924=CARTESIAN_POINT('Ctrl Pts',(-31.5934039021321,15.8926588959871,35.3603848508641));
#3925=CARTESIAN_POINT('Ctrl Pts',(-33.4928203442851,15.4987717102733,33.257803906455));
#3926=CARTESIAN_POINT('Ctrl Pts',(-34.5850884016206,15.3836090260566,30.7190760339172));
#3927=CARTESIAN_POINT('Ctrl Pts',(-31.5307816925344,18.8521103553543,38.1727320954859));
#3928=CARTESIAN_POINT('Ctrl Pts',(-32.3785443691852,18.8521103553543,35.6212587428916));
#3929=CARTESIAN_POINT('Ctrl Pts',(-33.6455552017928,19.1752557203773,33.3101363060099));
#3930=CARTESIAN_POINT('Ctrl Pts',(-34.6077079674096,19.1353199447444,30.7270849486566));
#3931=CARTESIAN_POINT('Ctrl Pts',(-32.7474507560642,20.4495728942041,38.5769873940362));
#3932=CARTESIAN_POINT('Ctrl Pts',(-33.595213432715,20.4495728942041,36.0255140414419));
#3933=CARTESIAN_POINT('Ctrl Pts',(-33.8849835363575,21.4498894078209,33.391392076062));
#3934=CARTESIAN_POINT('Ctrl Pts',(-34.6444600657612,21.5932656073074,30.7398264150233));
#3935=CARTESIAN_POINT('Ctrl Pts',(-33.4805109969855,21.0902099352258,38.8205569031427));
#3936=CARTESIAN_POINT('Ctrl Pts',(-34.3282736736363,21.0902099352258,36.2690835505484));
#3937=CARTESIAN_POINT('Ctrl Pts',(-34.0289807847715,22.5082483624817,33.4401242633094));
#3938=CARTESIAN_POINT('Ctrl Pts',(-34.6664289146812,22.8026071441621,30.7474020872582));
#3939=CARTESIAN_POINT('Ctrl Pts',(-33.4805109969855,21.0902099352258,38.8205569031427));
#3940=CARTESIAN_POINT('Ctrl Pts',(-34.308335788275,21.0902099352258,36.3290897110076));
#3941=CARTESIAN_POINT('Ctrl Pts',(-34.0424240231174,22.4423331565967,33.5730350657926));
#3942=CARTESIAN_POINT('Ctrl Pts',(-34.6229811913942,22.7800072593049,30.9376070190354));
#3943=CARTESIAN_POINT('Origin',(-36.6676224951799,7.35571609474204,29.3419704289846));
#3944=CARTESIAN_POINT('',(-37.2982510795925,7.35571609474204,27.4439958273311));
#3945=CARTESIAN_POINT('',(-36.6676224951799,7.35571609474204,29.3419704289846));
#3946=CARTESIAN_POINT('',(-46.2567906840234,7.35571609474204,30.4205958009159));
#3947=CARTESIAN_POINT('',(-39.5378859807002,7.35571609474204,28.1881458207273));
#3948=CARTESIAN_POINT('',(-45.6261620996108,7.35571609474204,32.3185704025694));
#3949=CARTESIAN_POINT('Origin',(-36.6676224951799,7.85571609474204,29.3419704289846));
#3950=CARTESIAN_POINT('',(-36.8237574291791,7.85571609474204,27.2863386812279));
#3951=CARTESIAN_POINT('',(-36.1931288447665,7.85571609474204,29.1843132828814));
#3952=CARTESIAN_POINT('Origin',(-37.2982510795925,7.85571609474204,27.4439958273311));
#3953=CARTESIAN_POINT('Origin',(-36.1931288447665,22.8557160947421,29.1843132828814));
#3954=CARTESIAN_POINT('',(-36.8237574291791,22.8557160947421,27.2863386812279));
#3955=CARTESIAN_POINT('',(-36.1931288447665,22.8557160947421,29.1843132828814));
#3956=CARTESIAN_POINT('',(-36.8237574291791,19.1057160947421,27.2863386812279));
#3957=CARTESIAN_POINT('Origin',(-36.6676224951799,22.8557160947421,29.3419704289846));
#3958=CARTESIAN_POINT('',(-37.2982510795925,23.3557160947421,27.4439958273311));
#3959=CARTESIAN_POINT('',(-36.6676224951799,23.3557160947421,29.3419704289846));
#3960=CARTESIAN_POINT('Origin',(-37.2982510795925,22.8557160947421,27.4439958273311));
#3961=CARTESIAN_POINT('Origin',(-45.6261620996108,23.3557160947421,32.3185704025694));
#3962=CARTESIAN_POINT('',(-46.2567906840234,23.3557160947421,30.4205958009159));
#3963=CARTESIAN_POINT('',(-45.6261620996108,23.3557160947421,32.3185704025694));
#3964=CARTESIAN_POINT('',(-44.0171557829157,23.3557160947421,29.6764458075197));
#3965=CARTESIAN_POINT('Origin',(-45.6261620996108,22.8557160947421,32.3185704025694));
#3966=CARTESIAN_POINT('',(-46.7312843344368,22.8557160947421,30.578252947019));
#3967=CARTESIAN_POINT('',(-46.1006557500242,22.8557160947421,32.4762275486725));
#3968=CARTESIAN_POINT('Origin',(-46.2567906840234,22.8557160947421,30.4205958009159));
#3969=CARTESIAN_POINT('Origin',(-46.1006557500242,7.85571609474204,32.4762275486726));
#3970=CARTESIAN_POINT('',(-46.7312843344368,7.85571609474204,30.5782529470191));
#3971=CARTESIAN_POINT('',(-46.1006557500242,7.85571609474204,32.4762275486726));
#3972=CARTESIAN_POINT('',(-46.7312843344368,11.6057160947421,30.578252947019));
#3973=CARTESIAN_POINT('Origin',(-45.6261620996108,7.85571609474204,32.3185704025694));
#3974=CARTESIAN_POINT('Origin',(-46.2567906840234,7.85571609474204,30.4205958009159));
#3975=CARTESIAN_POINT('Origin',(-53.2465301252496,15.3557160947421,34.850544168986));
#3976=CARTESIAN_POINT('',(-52.3587790283394,15.3557160947421,32.4480666998024));
#3977=CARTESIAN_POINT('',(-51.7281504439268,15.3557160947421,34.3460413014559));
#3978=CARTESIAN_POINT('Origin',(-53.8771587096622,15.3557160947421,32.9525695673325));
#3979=CARTESIAN_POINT('Origin',(-29.0473539541675,15.3557160947421,26.8100297177254));
#3980=CARTESIAN_POINT('',(-28.1596028572573,15.3557160947421,24.4075522485418));
#3981=CARTESIAN_POINT('',(-27.5289742728447,15.3557160947421,26.3055268501953));
#3982=CARTESIAN_POINT('Origin',(-29.6779825385801,15.3557160947421,24.9120551160719));
#3983=CARTESIAN_POINT('Origin',(-41.777520881808,15.3557160947421,28.9322958141235));
#3984=CARTESIAN_POINT('',(-56.961317695036,24.3557160947421,33.9773244894243));
#3985=CARTESIAN_POINT('',(-55.0633430933825,26.3557160947421,33.3466959050117));
#3986=CARTESIAN_POINT('Origin',(-55.0633430933825,24.3557160947421,33.3466959050117));
#3987=CARTESIAN_POINT('',(-28.4916986702335,26.3557160947421,24.5178957232353));
#3988=CARTESIAN_POINT('',(-55.0633430933825,26.3557160947421,33.3466959050117));
#3989=CARTESIAN_POINT('',(-26.59372406858,24.3557160947421,23.8872671388227));
#3990=CARTESIAN_POINT('Origin',(-28.4916986702335,24.3557160947421,24.5178957232353));
#3991=CARTESIAN_POINT('',(-26.59372406858,6.35571609474207,23.8872671388227));
#3992=CARTESIAN_POINT('',(-26.59372406858,24.3557160947421,23.8872671388227));
#3993=CARTESIAN_POINT('',(-28.4916986702335,4.35571609474207,24.5178957232353));
#3994=CARTESIAN_POINT('Origin',(-28.4916986702335,6.35571609474207,24.5178957232353));
#3995=CARTESIAN_POINT('',(-55.0633430933825,4.35571609474208,33.3466959050117));
#3996=CARTESIAN_POINT('',(-28.4916986702335,4.35571609474207,24.5178957232353));
#3997=CARTESIAN_POINT('',(-56.961317695036,6.35571609474207,33.9773244894243));
#3998=CARTESIAN_POINT('Origin',(-55.0633430933825,6.35571609474207,33.3466959050117));
#3999=CARTESIAN_POINT('',(-56.961317695036,6.35571609474207,33.9773244894243));
#4000=CARTESIAN_POINT('Origin',(-54.4327145089699,24.3557160947421,35.2446705066652));
#4001=CARTESIAN_POINT('',(-54.4327145089699,26.3557160947421,35.2446705066652));
#4002=CARTESIAN_POINT('',(-56.3306891106234,24.3557160947421,35.8752990910778));
#4003=CARTESIAN_POINT('Origin',(-54.4327145089699,26.3557160947421,35.2446705066652));
#4004=CARTESIAN_POINT('',(-27.8610700858209,26.3557160947421,26.4158703248888));
#4005=CARTESIAN_POINT('Origin',(-27.8610700858209,24.3557160947421,26.4158703248888));
#4006=CARTESIAN_POINT('',(-25.9630954841674,24.3557160947421,25.7852417404762));
#4007=CARTESIAN_POINT('Origin',(-25.9630954841674,24.3557160947421,25.7852417404762));
#4008=CARTESIAN_POINT('',(-25.9630954841674,6.35571609474207,25.7852417404762));
#4009=CARTESIAN_POINT('Origin',(-27.8610700858209,6.35571609474207,26.4158703248888));
#4010=CARTESIAN_POINT('',(-27.8610700858209,4.35571609474207,26.4158703248888));
#4011=CARTESIAN_POINT('Origin',(-27.8610700858209,4.35571609474207,26.4158703248888));
#4012=CARTESIAN_POINT('',(-54.4327145089699,4.35571609474208,35.2446705066652));
#4013=CARTESIAN_POINT('Origin',(-54.4327145089699,6.35571609474207,35.2446705066652));
#4014=CARTESIAN_POINT('',(-56.3306891106234,6.35571609474207,35.8752990910778));
#4015=CARTESIAN_POINT('Origin',(-56.3306891106234,6.35571609474207,35.8752990910778));
#4016=UNCERTAINTY_MEASURE_WITH_UNIT(LENGTH_MEASURE(0.01),#4020,
'DISTANCE_ACCURACY_VALUE',
'Maximum model space distance between geometric entities at asserted c
onnectivities');
#4017=UNCERTAINTY_MEASURE_WITH_UNIT(LENGTH_MEASURE(0.01),#4020,
'DISTANCE_ACCURACY_VALUE',
'Maximum model space distance between geometric entities at asserted c
onnectivities');
#4018=(
GEOMETRIC_REPRESENTATION_CONTEXT(3)
GLOBAL_UNCERTAINTY_ASSIGNED_CONTEXT((#4016))
GLOBAL_UNIT_ASSIGNED_CONTEXT((#4020,#4022,#4023))
REPRESENTATION_CONTEXT('','3D')
);
#4019=(
GEOMETRIC_REPRESENTATION_CONTEXT(3)
GLOBAL_UNCERTAINTY_ASSIGNED_CONTEXT((#4017))
GLOBAL_UNIT_ASSIGNED_CONTEXT((#4020,#4022,#4023))
REPRESENTATION_CONTEXT('','3D')
);
#4020=(
LENGTH_UNIT()
NAMED_UNIT(*)
SI_UNIT(.MILLI.,.METRE.)
);
#4021=(
LENGTH_UNIT()
NAMED_UNIT(*)
SI_UNIT($,.METRE.)
);
#4022=(
NAMED_UNIT(*)
PLANE_ANGLE_UNIT()
SI_UNIT($,.RADIAN.)
);
#4023=(
NAMED_UNIT(*)
SI_UNIT($,.STERADIAN.)
SOLID_ANGLE_UNIT()
);
#4024=SHAPE_DEFINITION_REPRESENTATION(#4025,#4026);
#4025=PRODUCT_DEFINITION_SHAPE('',$,#4028);
#4026=SHAPE_REPRESENTATION('',(#908),#4018);
#4027=PRODUCT_DEFINITION_CONTEXT('part definition',#4032,'design');
#4028=PRODUCT_DEFINITION('Exhaust','Exhaust',#4029,#4027);
#4029=PRODUCT_DEFINITION_FORMATION('',$,#4034);
#4030=PRODUCT_RELATED_PRODUCT_CATEGORY('Exhaust','Exhaust',(#4034));
#4031=APPLICATION_PROTOCOL_DEFINITION('international standard',
'automotive_design',2009,#4032);
#4032=APPLICATION_CONTEXT(
'Core Data for Automotive Mechanical Design Process');
#4033=PRODUCT_CONTEXT('part definition',#4032,'mechanical');
#4034=PRODUCT('Exhaust','Exhaust',$,(#4033));
#4035=PRESENTATION_STYLE_ASSIGNMENT((#4036));
#4036=SURFACE_STYLE_USAGE(.BOTH.,#4037);
#4037=SURFACE_SIDE_STYLE('',(#4038));
#4038=SURFACE_STYLE_FILL_AREA(#4039);
#4039=FILL_AREA_STYLE('Steel - Satin',(#4040));
#4040=FILL_AREA_STYLE_COLOUR('Steel - Satin',#4041);
#4041=COLOUR_RGB('Steel - Satin',0.627450980392157,0.627450980392157,0.627450980392157);
ENDSEC;
END-ISO-10303-21;
