ISO-10303-21;
HEADER;
/* Generated by software containing ST-Developer
 * from STEP Tools, Inc. (www.steptools.com) 
 */

FILE_DESCRIPTION(
/* description */ (''),
/* implementation_level */ '2;1');

FILE_NAME(
/* name */ 'Mellow_cpap_hose_intake.step',
/* time_stamp */ '2026-09-26T20:23:31+02:00',
/* author */ (''),
/* organization */ (''),
/* preprocessor_version */ 'ST-DEVELOPER v20.2',
/* originating_system */ 'Autodesk Translation Framework v15.15.0.0',
/* authorisation */ '');

FILE_SCHEMA (('AUTOMOTIVE_DESIGN { 1 0 10303 214 3 1 1 }','MODEL_BASED_INTEGRATED_MANUFACTURING_SCHEMA'));
ENDSEC;

DATA;
#10=MECHANICAL_DESIGN_GEOMETRIC_PRESENTATION_REPRESENTATION('',(#13),#4230);
#11=SHAPE_REPRESENTATION_RELATIONSHIP('SRR','None',#4237,#12);
#12=ADVANCED_BREP_SHAPE_REPRESENTATION('',(#14),#4229);
#13=STYLED_ITEM('',(#4246),#14);
#14=MANIFOLD_SOLID_BREP('Body1',#985);
#15=TOROIDAL_SURFACE('',#1060,7.34950124378878,0.51);
#16=CONICAL_SURFACE('',#1043,1.99999999999999,0.785398163397451);
#17=CONICAL_SURFACE('',#1045,2.00000000000001,0.785398163397453);
#18=CONICAL_SURFACE('',#1048,2.00000000000001,0.785398163397451);
#19=CONICAL_SURFACE('',#1050,1.99999999999999,0.785398163397449);
#20=FACE_BOUND('',#175,.T.);
#21=FACE_BOUND('',#176,.T.);
#22=FACE_BOUND('',#177,.T.);
#23=FACE_BOUND('',#198,.T.);
#24=FACE_BOUND('',#199,.T.);
#25=FACE_BOUND('',#200,.T.);
#26=FACE_BOUND('',#205,.T.);
#27=B_SPLINE_SURFACE_WITH_KNOTS('',3,1,((#1642,#1643),(#1644,#1645),(#1646,
#1647),(#1648,#1649),(#1650,#1651),(#1652,#1653),(#1654,#1655),(#1656,#1657),
(#1658,#1659),(#1660,#1661),(#1662,#1663),(#1664,#1665),(#1666,#1667),(#1668,
#1669),(#1670,#1671),(#1672,#1673),(#1674,#1675),(#1676,#1677),(#1678,#1679),
(#1680,#1681)),.UNSPECIFIED.,.F.,.F.,.F.,(4,2,2,2,2,2,2,2,2,4),(2,2),(-2.4120466915769,
-2.39599431898294,-2.37827991931142,-2.343817422279,-2.28266012255268,-1.51803455492698,
-0.290578087390077,-0.289292106047855,-0.288406408703058,-0.282257897954546),
(0.,0.4),.UNSPECIFIED.);
#28=B_SPLINE_SURFACE_WITH_KNOTS('',3,1,((#1732,#1733),(#1734,#1735),(#1736,
#1737),(#1738,#1739),(#1740,#1741),(#1742,#1743),(#1744,#1745),(#1746,#1747),
(#1748,#1749),(#1750,#1751),(#1752,#1753),(#1754,#1755),(#1756,#1757),(#1758,
#1759),(#1760,#1761),(#1762,#1763),(#1764,#1765),(#1766,#1767),(#1768,#1769),
(#1770,#1771)),.UNSPECIFIED.,.F.,.F.,.F.,(4,2,2,2,2,2,2,2,2,4),(2,2),(-4.88157948269782,
-4.86911421647376,-4.86384692269858,-4.83201596907806,-4.78842222726372,
-4.2223404238741,-3.31729186974079,-3.31633553487829,-3.31566619363114,
-3.31096286840484),(0.,0.4),.UNSPECIFIED.);
#29=B_SPLINE_SURFACE_WITH_KNOTS('',3,3,((#1843,#1844,#1845,#1846,#1847),
(#1848,#1849,#1850,#1851,#1852),(#1853,#1854,#1855,#1856,#1857),(#1858,
#1859,#1860,#1861,#1862)),.UNSPECIFIED.,.F.,.F.,.F.,(4,4),(4,1,4),(0.,1.),
(0.,0.316370317266693,0.632740634533387),.UNSPECIFIED.);
#30=B_SPLINE_SURFACE_WITH_KNOTS('',3,3,((#1879,#1880,#1881,#1882,#1883,
#1884,#1885,#1886,#1887,#1888,#1889,#1890,#1891,#1892,#1893,#1894,#1895,
#1896,#1897,#1898,#1899,#1900,#1901,#1902,#1903,#1904,#1905,#1906,#1907),
(#1908,#1909,#1910,#1911,#1912,#1913,#1914,#1915,#1916,#1917,#1918,#1919,
#1920,#1921,#1922,#1923,#1924,#1925,#1926,#1927,#1928,#1929,#1930,#1931,
#1932,#1933,#1934,#1935,#1936),(#1937,#1938,#1939,#1940,#1941,#1942,#1943,
#1944,#1945,#1946,#1947,#1948,#1949,#1950,#1951,#1952,#1953,#1954,#1955,
#1956,#1957,#1958,#1959,#1960,#1961,#1962,#1963,#1964,#1965),(#1966,#1967,
#1968,#1969,#1970,#1971,#1972,#1973,#1974,#1975,#1976,#1977,#1978,#1979,
#1980,#1981,#1982,#1983,#1984,#1985,#1986,#1987,#1988,#1989,#1990,#1991,
#1992,#1993,#1994)),.UNSPECIFIED.,.F.,.F.,.F.,(4,4),(4,2,1,1,1,1,1,1,1,
1,1,1,1,1,1,1,1,1,1,1,1,1,1,2,4),(0.,1.),(0.,0.00308968820807807,0.00697182612757841,
0.0108539640470787,0.0186182398860794,0.0263825157250801,0.0341467915640808,
0.0496753432420822,0.0574396190810828,0.0652038949200835,0.127318101632089,
0.189432308344094,0.204960860022096,0.220489411700097,0.2515465150561,0.313660721768105,
0.375774928480111,0.500003341904122,0.624231271810102,0.748459201716082,
0.872687131622061,0.934801096575052,0.965858079051547,0.996915061528041,
1.00000473298875),.UNSPECIFIED.);
#31=B_SPLINE_SURFACE_WITH_KNOTS('',3,3,((#2062,#2063,#2064,#2065,#2066),
(#2067,#2068,#2069,#2070,#2071),(#2072,#2073,#2074,#2075,#2076),(#2077,
#2078,#2079,#2080,#2081)),.UNSPECIFIED.,.F.,.F.,.F.,(4,4),(4,1,4),(0.,1.),
(1.45086531851675E-14,0.316370317266694,0.632740634533373),
 .UNSPECIFIED.);
#32=B_SPLINE_SURFACE_WITH_KNOTS('',3,3,((#2095,#2096,#2097,#2098),(#2099,
#2100,#2101,#2102),(#2103,#2104,#2105,#2106),(#2107,#2108,#2109,#2110)),
 .UNSPECIFIED.,.F.,.F.,.F.,(4,4),(4,4),(0.,1.),(0.90363469220639,1.09052040118882),
 .UNSPECIFIED.);
#33=B_SPLINE_SURFACE_WITH_KNOTS('',3,3,((#2119,#2120,#2121,#2122,#2123,
#2124,#2125,#2126,#2127,#2128,#2129,#2130,#2131,#2132,#2133,#2134,#2135,
#2136,#2137,#2138,#2139,#2140,#2141,#2142,#2143,#2144,#2145,#2146,#2147,
#2148,#2149,#2150),(#2151,#2152,#2153,#2154,#2155,#2156,#2157,#2158,#2159,
#2160,#2161,#2162,#2163,#2164,#2165,#2166,#2167,#2168,#2169,#2170,#2171,
#2172,#2173,#2174,#2175,#2176,#2177,#2178,#2179,#2180,#2181,#2182),(#2183,
#2184,#2185,#2186,#2187,#2188,#2189,#2190,#2191,#2192,#2193,#2194,#2195,
#2196,#2197,#2198,#2199,#2200,#2201,#2202,#2203,#2204,#2205,#2206,#2207,
#2208,#2209,#2210,#2211,#2212,#2213,#2214),(#2215,#2216,#2217,#2218,#2219,
#2220,#2221,#2222,#2223,#2224,#2225,#2226,#2227,#2228,#2229,#2230,#2231,
#2232,#2233,#2234,#2235,#2236,#2237,#2238,#2239,#2240,#2241,#2242,#2243,
#2244,#2245,#2246)),.UNSPECIFIED.,.F.,.F.,.F.,(4,4),(4,2,1,1,1,1,1,1,1,
1,1,1,1,1,1,1,1,1,1,1,1,1,1,1,1,2,1,4),(0.,1.),(0.978023880542084,0.989588340064724,
0.991034111967003,0.992479883869283,0.995371427673842,1.00115451528296,
1.00404605908752,1.0127206905012,1.03585304093767,1.05898539137415,1.07055156659239,
1.08211774181063,1.1052500922471,1.17464714355653,1.22091184442948,1.26717654530243,
1.35970594704833,1.54476475054014,1.72982355403195,2.09994699754042,2.28500871929466,
2.37753958017178,2.42380501061034,2.44693772582962,2.45850408343926,2.4700704410489,
2.47585115340545,2.481631865762),.UNSPECIFIED.);
#34=B_SPLINE_SURFACE_WITH_KNOTS('',3,3,((#2283,#2284,#2285,#2286,#2287),
(#2288,#2289,#2290,#2291,#2292),(#2293,#2294,#2295,#2296,#2297),(#2298,
#2299,#2300,#2301,#2302)),.UNSPECIFIED.,.F.,.F.,.F.,(4,4),(4,1,4),(0.,1.),
(0.,0.316370317266769,0.632740634533538),.UNSPECIFIED.);
#35=B_SPLINE_SURFACE_WITH_KNOTS('',3,3,((#2319,#2320,#2321,#2322,#2323),
(#2324,#2325,#2326,#2327,#2328),(#2329,#2330,#2331,#2332,#2333),(#2334,
#2335,#2336,#2337,#2338)),.UNSPECIFIED.,.F.,.F.,.F.,(4,4),(4,1,4),(0.,1.),
(0.,0.316370317266754,0.632740634533509),.UNSPECIFIED.);
#36=B_SPLINE_SURFACE_WITH_KNOTS('',3,3,((#2355,#2356,#2357,#2358,#2359,
#2360,#2361,#2362,#2363,#2364,#2365,#2366,#2367,#2368,#2369,#2370,#2371,
#2372,#2373,#2374,#2375,#2376,#2377,#2378,#2379,#2380,#2381,#2382,#2383),
(#2384,#2385,#2386,#2387,#2388,#2389,#2390,#2391,#2392,#2393,#2394,#2395,
#2396,#2397,#2398,#2399,#2400,#2401,#2402,#2403,#2404,#2405,#2406,#2407,
#2408,#2409,#2410,#2411,#2412),(#2413,#2414,#2415,#2416,#2417,#2418,#2419,
#2420,#2421,#2422,#2423,#2424,#2425,#2426,#2427,#2428,#2429,#2430,#2431,
#2432,#2433,#2434,#2435,#2436,#2437,#2438,#2439,#2440,#2441),(#2442,#2443,
#2444,#2445,#2446,#2447,#2448,#2449,#2450,#2451,#2452,#2453,#2454,#2455,
#2456,#2457,#2458,#2459,#2460,#2461,#2462,#2463,#2464,#2465,#2466,#2467,
#2468,#2469,#2470)),.UNSPECIFIED.,.F.,.F.,.F.,(4,4),(4,2,1,1,1,1,1,1,1,
1,1,1,1,1,1,1,1,1,1,1,1,1,1,2,4),(0.,1.),(1.32360629647749,1.32669776917993,
1.33057935717742,1.33446094517491,1.3422241211699,1.34998729716488,1.35775047315987,
1.37327682514984,1.38104000114483,1.38880317713981,1.45090858509969,1.51301399305958,
1.52854034504955,1.54406669703952,1.57511940101946,1.63722480897934,1.69933021693923,
1.82354103285899,1.9477694143675,2.071997795876,2.19622617738451,2.25834036813876,
2.28939746351589,2.32045455889301,2.32354423035374),.UNSPECIFIED.);
#37=B_SPLINE_SURFACE_WITH_KNOTS('',3,3,((#2544,#2545,#2546,#2547),(#2548,
#2549,#2550,#2551),(#2552,#2553,#2554,#2555),(#2556,#2557,#2558,#2559)),
 .UNSPECIFIED.,.F.,.F.,.F.,(4,4),(4,4),(0.,1.),(0.903634692206533,1.09052040118882),
 .UNSPECIFIED.);
#38=B_SPLINE_SURFACE_WITH_KNOTS('',3,3,((#2568,#2569,#2570,#2571,#2572,
#2573,#2574,#2575,#2576,#2577,#2578,#2579,#2580,#2581,#2582,#2583,#2584,
#2585,#2586,#2587,#2588,#2589,#2590,#2591,#2592,#2593,#2594,#2595,#2596),
(#2597,#2598,#2599,#2600,#2601,#2602,#2603,#2604,#2605,#2606,#2607,#2608,
#2609,#2610,#2611,#2612,#2613,#2614,#2615,#2616,#2617,#2618,#2619,#2620,
#2621,#2622,#2623,#2624,#2625),(#2626,#2627,#2628,#2629,#2630,#2631,#2632,
#2633,#2634,#2635,#2636,#2637,#2638,#2639,#2640,#2641,#2642,#2643,#2644,
#2645,#2646,#2647,#2648,#2649,#2650,#2651,#2652,#2653,#2654),(#2655,#2656,
#2657,#2658,#2659,#2660,#2661,#2662,#2663,#2664,#2665,#2666,#2667,#2668,
#2669,#2670,#2671,#2672,#2673,#2674,#2675,#2676,#2677,#2678,#2679,#2680,
#2681,#2682,#2683)),.UNSPECIFIED.,.F.,.F.,.F.,(4,4),(4,2,1,1,1,1,1,1,1,
1,1,1,1,1,1,1,1,1,1,1,1,1,2,1,4),(0.,1.),(0.978023880542121,0.989588340064738,
0.992479883869297,0.995371427673857,1.00115451528298,1.00693760289209,1.01272069050121,
1.03585304093769,1.08211774181064,1.17464714355654,1.2209118444295,1.26717654530245,
1.3134412461754,1.35970594704835,1.54476475054016,1.72982355403196,2.09994699754044,
2.28500871929469,2.37753958017181,2.42380501061037,2.44693772582965,2.45850408343929,
2.47007044104893,2.47440597531634,2.48163186576203),.UNSPECIFIED.);
#39=B_SPLINE_SURFACE_WITH_KNOTS('',3,3,((#2717,#2718,#2719,#2720),(#2721,
#2722,#2723,#2724),(#2725,#2726,#2727,#2728),(#2729,#2730,#2731,#2732)),
 .UNSPECIFIED.,.F.,.F.,.F.,(4,4),(4,4),(0.,1.),(0.434694857029619,0.621296786871515),
 .UNSPECIFIED.);
#40=B_SPLINE_SURFACE_WITH_KNOTS('',3,3,((#2738,#2739,#2740,#2741),(#2742,
#2743,#2744,#2745),(#2746,#2747,#2748,#2749),(#2750,#2751,#2752,#2753)),
 .UNSPECIFIED.,.F.,.F.,.F.,(4,4),(4,4),(0.,1.),(0.434694857029626,0.621296786871514),
 .UNSPECIFIED.);
#41=B_SPLINE_SURFACE_WITH_KNOTS('',3,3,((#2771,#2772,#2773,#2774),(#2775,
#2776,#2777,#2778),(#2779,#2780,#2781,#2782),(#2783,#2784,#2785,#2786),
(#2787,#2788,#2789,#2790),(#2791,#2792,#2793,#2794),(#2795,#2796,#2797,
#2798),(#2799,#2800,#2801,#2802),(#2803,#2804,#2805,#2806),(#2807,#2808,
#2809,#2810),(#2811,#2812,#2813,#2814),(#2815,#2816,#2817,#2818),(#2819,
#2820,#2821,#2822),(#2823,#2824,#2825,#2826),(#2827,#2828,#2829,#2830),
(#2831,#2832,#2833,#2834),(#2835,#2836,#2837,#2838),(#2839,#2840,#2841,
#2842),(#2843,#2844,#2845,#2846),(#2847,#2848,#2849,#2850),(#2851,#2852,
#2853,#2854),(#2855,#2856,#2857,#2858),(#2859,#2860,#2861,#2862),(#2863,
#2864,#2865,#2866),(#2867,#2868,#2869,#2870),(#2871,#2872,#2873,#2874),
(#2875,#2876,#2877,#2878),(#2879,#2880,#2881,#2882),(#2883,#2884,#2885,
#2886),(#2887,#2888,#2889,#2890)),.UNSPECIFIED.,.T.,.F.,.F.,(4,2,1,2,2,
2,1,2,2,2,1,2,2,2,1,2,4),(4,4),(0.,0.0841399862411062,0.103965003439723,
0.123790020638339,0.25,0.376209979361661,0.396034996560277,0.415860013758892,
0.5,0.584139986241106,0.603965003439722,0.623790020638339,0.75,0.87620997936166,
0.896034996560276,0.915860013758892,1.),(0.0912081089519391,1.),
 .UNSPECIFIED.);
#42=B_SPLINE_SURFACE_WITH_KNOTS('',3,3,((#3025,#3026,#3027,#3028,#3029),
(#3030,#3031,#3032,#3033,#3034),(#3035,#3036,#3037,#3038,#3039),(#3040,
#3041,#3042,#3043,#3044),(#3045,#3046,#3047,#3048,#3049),(#3050,#3051,#3052,
#3053,#3054),(#3055,#3056,#3057,#3058,#3059),(#3060,#3061,#3062,#3063,#3064),
(#3065,#3066,#3067,#3068,#3069),(#3070,#3071,#3072,#3073,#3074),(#3075,
#3076,#3077,#3078,#3079),(#3080,#3081,#3082,#3083,#3084),(#3085,#3086,#3087,
#3088,#3089),(#3090,#3091,#3092,#3093,#3094),(#3095,#3096,#3097,#3098,#3099),
(#3100,#3101,#3102,#3103,#3104),(#3105,#3106,#3107,#3108,#3109),(#3110,
#3111,#3112,#3113,#3114),(#3115,#3116,#3117,#3118,#3119),(#3120,#3121,#3122,
#3123,#3124),(#3125,#3126,#3127,#3128,#3129),(#3130,#3131,#3132,#3133,#3134),
(#3135,#3136,#3137,#3138,#3139),(#3140,#3141,#3142,#3143,#3144),(#3145,
#3146,#3147,#3148,#3149),(#3150,#3151,#3152,#3153,#3154),(#3155,#3156,#3157,
#3158,#3159),(#3160,#3161,#3162,#3163,#3164),(#3165,#3166,#3167,#3168,#3169),
(#3170,#3171,#3172,#3173,#3174),(#3175,#3176,#3177,#3178,#3179),(#3180,
#3181,#3182,#3183,#3184),(#3185,#3186,#3187,#3188,#3189),(#3190,#3191,#3192,
#3193,#3194),(#3195,#3196,#3197,#3198,#3199),(#3200,#3201,#3202,#3203,#3204),
(#3205,#3206,#3207,#3208,#3209),(#3210,#3211,#3212,#3213,#3214),(#3215,
#3216,#3217,#3218,#3219),(#3220,#3221,#3222,#3223,#3224),(#3225,#3226,#3227,
#3228,#3229),(#3230,#3231,#3232,#3233,#3234),(#3235,#3236,#3237,#3238,#3239),
(#3240,#3241,#3242,#3243,#3244),(#3245,#3246,#3247,#3248,#3249),(#3250,
#3251,#3252,#3253,#3254),(#3255,#3256,#3257,#3258,#3259),(#3260,#3261,#3262,
#3263,#3264),(#3265,#3266,#3267,#3268,#3269),(#3270,#3271,#3272,#3273,#3274),
(#3275,#3276,#3277,#3278,#3279),(#3280,#3281,#3282,#3283,#3284),(#3285,
#3286,#3287,#3288,#3289),(#3290,#3291,#3292,#3293,#3294),(#3295,#3296,#3297,
#3298,#3299),(#3300,#3301,#3302,#3303,#3304),(#3305,#3306,#3307,#3308,#3309),
(#3310,#3311,#3312,#3313,#3314),(#3315,#3316,#3317,#3318,#3319),(#3320,
#3321,#3322,#3323,#3324),(#3325,#3326,#3327,#3328,#3329),(#3330,#3331,#3332,
#3333,#3334),(#3335,#3336,#3337,#3338,#3339),(#3340,#3341,#3342,#3343,#3344),
(#3345,#3346,#3347,#3348,#3349),(#3350,#3351,#3352,#3353,#3354),(#3355,
#3356,#3357,#3358,#3359),(#3360,#3361,#3362,#3363,#3364),(#3365,#3366,#3367,
#3368,#3369),(#3370,#3371,#3372,#3373,#3374),(#3375,#3376,#3377,#3378,#3379),
(#3380,#3381,#3382,#3383,#3384),(#3385,#3386,#3387,#3388,#3389),(#3390,
#3391,#3392,#3393,#3394),(#3395,#3396,#3397,#3398,#3399),(#3400,#3401,#3402,
#3403,#3404),(#3405,#3406,#3407,#3408,#3409),(#3410,#3411,#3412,#3413,#3414),
(#3415,#3416,#3417,#3418,#3419),(#3420,#3421,#3422,#3423,#3424),(#3425,
#3426,#3427,#3428,#3429),(#3430,#3431,#3432,#3433,#3434),(#3435,#3436,#3437,
#3438,#3439),(#3440,#3441,#3442,#3443,#3444),(#3445,#3446,#3447,#3448,#3449),
(#3450,#3451,#3452,#3453,#3454),(#3455,#3456,#3457,#3458,#3459),(#3460,
#3461,#3462,#3463,#3464),(#3465,#3466,#3467,#3468,#3469),(#3470,#3471,#3472,
#3473,#3474),(#3475,#3476,#3477,#3478,#3479),(#3480,#3481,#3482,#3483,#3484),
(#3485,#3486,#3487,#3488,#3489),(#3490,#3491,#3492,#3493,#3494),(#3495,
#3496,#3497,#3498,#3499),(#3500,#3501,#3502,#3503,#3504),(#3505,#3506,#3507,
#3508,#3509),(#3510,#3511,#3512,#3513,#3514),(#3515,#3516,#3517,#3518,#3519),
(#3520,#3521,#3522,#3523,#3524),(#3525,#3526,#3527,#3528,#3529),(#3530,
#3531,#3532,#3533,#3534),(#3535,#3536,#3537,#3538,#3539),(#3540,#3541,#3542,
#3543,#3544),(#3545,#3546,#3547,#3548,#3549),(#3550,#3551,#3552,#3553,#3554),
(#3555,#3556,#3557,#3558,#3559),(#3560,#3561,#3562,#3563,#3564),(#3565,
#3566,#3567,#3568,#3569),(#3570,#3571,#3572,#3573,#3574),(#3575,#3576,#3577,
#3578,#3579),(#3580,#3581,#3582,#3583,#3584),(#3585,#3586,#3587,#3588,#3589),
(#3590,#3591,#3592,#3593,#3594),(#3595,#3596,#3597,#3598,#3599),(#3600,
#3601,#3602,#3603,#3604),(#3605,#3606,#3607,#3608,#3609),(#3610,#3611,#3612,
#3613,#3614),(#3615,#3616,#3617,#3618,#3619),(#3620,#3621,#3622,#3623,#3624),
(#3625,#3626,#3627,#3628,#3629),(#3630,#3631,#3632,#3633,#3634),(#3635,
#3636,#3637,#3638,#3639),(#3640,#3641,#3642,#3643,#3644),(#3645,#3646,#3647,
#3648,#3649),(#3650,#3651,#3652,#3653,#3654),(#3655,#3656,#3657,#3658,#3659),
(#3660,#3661,#3662,#3663,#3664),(#3665,#3666,#3667,#3668,#3669),(#3670,
#3671,#3672,#3673,#3674),(#3675,#3676,#3677,#3678,#3679),(#3680,#3681,#3682,
#3683,#3684),(#3685,#3686,#3687,#3688,#3689),(#3690,#3691,#3692,#3693,#3694),
(#3695,#3696,#3697,#3698,#3699),(#3700,#3701,#3702,#3703,#3704),(#3705,
#3706,#3707,#3708,#3709),(#3710,#3711,#3712,#3713,#3714),(#3715,#3716,#3717,
#3718,#3719),(#3720,#3721,#3722,#3723,#3724),(#3725,#3726,#3727,#3728,#3729),
(#3730,#3731,#3732,#3733,#3734),(#3735,#3736,#3737,#3738,#3739),(#3740,
#3741,#3742,#3743,#3744),(#3745,#3746,#3747,#3748,#3749),(#3750,#3751,#3752,
#3753,#3754),(#3755,#3756,#3757,#3758,#3759),(#3760,#3761,#3762,#3763,#3764),
(#3765,#3766,#3767,#3768,#3769),(#3770,#3771,#3772,#3773,#3774),(#3775,
#3776,#3777,#3778,#3779),(#3780,#3781,#3782,#3783,#3784),(#3785,#3786,#3787,
#3788,#3789),(#3790,#3791,#3792,#3793,#3794),(#3795,#3796,#3797,#3798,#3799),
(#3800,#3801,#3802,#3803,#3804),(#3805,#3806,#3807,#3808,#3809),(#3810,
#3811,#3812,#3813,#3814),(#3815,#3816,#3817,#3818,#3819),(#3820,#3821,#3822,
#3823,#3824),(#3825,#3826,#3827,#3828,#3829),(#3830,#3831,#3832,#3833,#3834),
(#3835,#3836,#3837,#3838,#3839),(#3840,#3841,#3842,#3843,#3844),(#3845,
#3846,#3847,#3848,#3849),(#3850,#3851,#3852,#3853,#3854),(#3855,#3856,#3857,
#3858,#3859),(#3860,#3861,#3862,#3863,#3864),(#3865,#3866,#3867,#3868,#3869),
(#3870,#3871,#3872,#3873,#3874),(#3875,#3876,#3877,#3878,#3879),(#3880,
#3881,#3882,#3883,#3884),(#3885,#3886,#3887,#3888,#3889),(#3890,#3891,#3892,
#3893,#3894),(#3895,#3896,#3897,#3898,#3899),(#3900,#3901,#3902,#3903,#3904),
(#3905,#3906,#3907,#3908,#3909),(#3910,#3911,#3912,#3913,#3914),(#3915,
#3916,#3917,#3918,#3919),(#3920,#3921,#3922,#3923,#3924),(#3925,#3926,#3927,
#3928,#3929),(#3930,#3931,#3932,#3933,#3934),(#3935,#3936,#3937,#3938,#3939),
(#3940,#3941,#3942,#3943,#3944),(#3945,#3946,#3947,#3948,#3949),(#3950,
#3951,#3952,#3953,#3954),(#3955,#3956,#3957,#3958,#3959),(#3960,#3961,#3962,
#3963,#3964),(#3965,#3966,#3967,#3968,#3969),(#3970,#3971,#3972,#3973,#3974),
(#3975,#3976,#3977,#3978,#3979),(#3980,#3981,#3982,#3983,#3984),(#3985,
#3986,#3987,#3988,#3989),(#3990,#3991,#3992,#3993,#3994),(#3995,#3996,#3997,
#3998,#3999),(#4000,#4001,#4002,#4003,#4004),(#4005,#4006,#4007,#4008,#4009),
(#4010,#4011,#4012,#4013,#4014),(#4015,#4016,#4017,#4018,#4019),(#4020,
#4021,#4022,#4023,#4024),(#4025,#4026,#4027,#4028,#4029),(#4030,#4031,#4032,
#4033,#4034),(#4035,#4036,#4037,#4038,#4039),(#4040,#4041,#4042,#4043,#4044),
(#4045,#4046,#4047,#4048,#4049),(#4050,#4051,#4052,#4053,#4054),(#4055,
#4056,#4057,#4058,#4059),(#4060,#4061,#4062,#4063,#4064),(#4065,#4066,#4067,
#4068,#4069),(#4070,#4071,#4072,#4073,#4074),(#4075,#4076,#4077,#4078,#4079),
(#4080,#4081,#4082,#4083,#4084),(#4085,#4086,#4087,#4088,#4089),(#4090,
#4091,#4092,#4093,#4094),(#4095,#4096,#4097,#4098,#4099),(#4100,#4101,#4102,
#4103,#4104),(#4105,#4106,#4107,#4108,#4109),(#4110,#4111,#4112,#4113,#4114),
(#4115,#4116,#4117,#4118,#4119),(#4120,#4121,#4122,#4123,#4124),(#4125,
#4126,#4127,#4128,#4129),(#4130,#4131,#4132,#4133,#4134),(#4135,#4136,#4137,
#4138,#4139),(#4140,#4141,#4142,#4143,#4144),(#4145,#4146,#4147,#4148,#4149),
(#4150,#4151,#4152,#4153,#4154),(#4155,#4156,#4157,#4158,#4159),(#4160,
#4161,#4162,#4163,#4164),(#4165,#4166,#4167,#4168,#4169),(#4170,#4171,#4172,
#4173,#4174),(#4175,#4176,#4177,#4178,#4179),(#4180,#4181,#4182,#4183,#4184),
(#4185,#4186,#4187,#4188,#4189),(#4190,#4191,#4192,#4193,#4194),(#4195,
#4196,#4197,#4198,#4199)),.UNSPECIFIED.,.T.,.F.,.F.,(4,1,1,1,1,1,1,1,1,
1,1,1,1,1,2,1,1,1,1,1,1,1,1,2,1,1,1,1,1,1,1,1,1,1,1,1,1,1,1,1,2,1,1,1,1,
1,1,1,1,1,1,1,1,1,1,1,1,1,1,1,1,1,2,1,1,1,1,1,1,1,1,1,2,1,1,1,1,1,1,1,1,
1,1,1,1,2,1,1,1,1,1,1,1,1,1,1,1,1,1,1,1,2,1,1,1,1,1,1,1,1,1,1,1,1,1,1,2,
1,1,1,1,1,1,1,1,1,1,1,1,1,1,1,1,1,1,1,1,1,2,1,1,1,1,1,1,1,1,1,1,1,1,1,1,
1,1,1,1,1,1,1,1,1,1,1,1,1,1,1,1,1,1,1,1,2,1,1,1,1,1,1,1,1,1,1,1,1,1,1,1,
1,1,1,1,1,1,1,1,1,1,1,1,1,1,1,1,2,1,1,1,1,1,1,1,1,1,1,1,1,1,1,1,4),(4,1,
4),(0.,0.0210349965602766,0.0315524948404148,0.036811243980484,0.0420699931205531,
0.0525874914006914,0.0539021786857087,0.055216865970726,0.0578462405407605,
0.0604756151107951,0.0631049896808297,0.073622487960968,0.0762518625310025,
0.0788812371010371,0.0841399862411062,0.0853790498160198,0.0866181133909333,
0.0890962405407603,0.0940524948404144,0.0990087491400684,0.103965003439723,
0.108921257739377,0.118833766338685,0.123790020638339,0.12403652450428,
0.124776036102102,0.125269043833983,0.125762051565865,0.127734082493391,
0.129706113420917,0.13069212888468,0.131678144348443,0.135622206203495,
0.139566268058546,0.14745439176865,0.155342515478754,0.171118762898962,
0.179006886609066,0.186895010319169,0.218447505159585,0.25,0.257888123710104,
0.265776247420208,0.281552494840415,0.313104989680831,0.317049051535882,
0.320993113390934,0.32296514431846,0.324937175245986,0.328881237101038,
0.33282529895609,0.336769360811142,0.338741391738668,0.340713422666194,
0.344657484521246,0.35254560823135,0.360433731941453,0.364377793796505,
0.368321855651557,0.370293886579083,0.371279902042846,0.372265917506609,
0.376209979361661,0.376829511149118,0.377449042936574,0.378688106511488,
0.381166233661315,0.386122487960969,0.388600615110796,0.391078742260623,
0.39355686941045,0.396034996560277,0.415860013758892,0.416024349669519,
0.416188685580147,0.416517357401401,0.41717470104391,0.418489388328927,
0.419804075613944,0.421118762898961,0.426377512039031,0.4316362611791,0.436895010319169,
0.457930006879446,0.478965003439723,0.5,0.505258749140069,0.510517498280138,
0.521034996560277,0.526293745700346,0.52892312027038,0.531552494840415,
0.542069993120553,0.54338468040557,0.544699367690588,0.547328742260622,
0.552587491400691,0.56310498968083,0.568363738820899,0.573622487960968,
0.578881237101037,0.584139986241106,0.58537904981602,0.586618113390933,
0.58909624054076,0.590335304115674,0.591574367690587,0.592193899478044,
0.592813431265501,0.593432963052958,0.593742728946686,0.594052494840414,
0.603965003439722,0.608921257739377,0.613877512039031,0.621311893488512,
0.623790020638339,0.62403652450428,0.624776036102102,0.625762051565865,
0.627734082493391,0.631678144348443,0.635622206203495,0.639566268058546,
0.64745439176865,0.655342515478754,0.659286577333806,0.663230639188858,
0.665202670116384,0.666188685580147,0.66717470104391,0.671118762898962,
0.675062824754014,0.679006886609065,0.686895010319169,0.718447505159585,
0.734223752579792,0.742111876289896,0.75,0.765776247420208,0.781552494840415,
0.789440618550519,0.797328742260623,0.801272804115674,0.805216865970726,
0.809160927825778,0.81310498968083,0.815077020608356,0.817049051535882,
0.819021082463408,0.820007097927171,0.820993113390934,0.828881237101038,
0.836769360811142,0.844657484521245,0.852545608231349,0.856489670086401,
0.857475685550164,0.857968693282045,0.858461701013927,0.860433731941453,
0.862405762868979,0.864377793796505,0.866349824724031,0.868321855651557,
0.86930787111532,0.869800878847201,0.870293886579083,0.872265917506609,
0.873251932970372,0.874237948434134,0.875223963897897,0.875716971629779,
0.87620997936166,0.876829511149117,0.877449042936574,0.878688106511487,
0.881166233661314,0.886122487960968,0.891078742260622,0.896034996560276,
0.898513123710103,0.899752187285017,0.90099125085993,0.901301016753659,
0.901610782647387,0.902230314434844,0.903469378009757,0.903624260956622,
0.903779143903486,0.90393402685035,0.904088909797214,0.904708441584671,
0.905327973372128,0.905482856318992,0.905637739265856,0.90579262221272,
0.905870063686152,0.905908784422868,0.905947505159584,0.910903759459238,
0.912142823034152,0.912762354821609,0.913381886609065,0.914620950183979,
0.915860013758892,0.916517357401401,0.91717470104391,0.918489388328927,
0.921118762898962,0.926377512039031,0.9316362611791,0.936895010319169,0.942153759459239,
0.944783134029273,0.946097821314291,0.947412508599308,0.957930006879446,
0.963188756019515,0.968447505159585,0.978965003439723,1.),(0.0808507782661844,
0.555928803458263,0.912237322352322),.UNSPECIFIED.);
#43=B_SPLINE_CURVE_WITH_KNOTS('',3,(#1362,#1363,#1364,#1365,#1366,#1367,
#1368,#1369,#1370,#1371,#1372,#1373,#1374,#1375,#1376,#1377),
 .UNSPECIFIED.,.F.,.F.,(4,2,2,2,2,2,2,4),(-5.39791841449945,-5.28484542598404,
-4.92905498454279,-4.92146834287758,-4.90954789714448,-4.89725834246753,
-4.88471758686446,-4.88157948269782),.UNSPECIFIED.);
#44=B_SPLINE_CURVE_WITH_KNOTS('',3,(#1378,#1379,#1380,#1381,#1382,#1383,
#1384,#1385,#1386,#1387,#1388,#1389,#1390,#1391,#1392,#1393,#1394,#1395,
#1396,#1397,#1398,#1399,#1400,#1401,#1402,#1403,#1404,#1405,#1406,#1407,
#1408,#1409,#1410,#1411,#1412,#1413,#1414,#1415,#1416,#1417,#1418,#1419,
#1420,#1421,#1422,#1423,#1424,#1425,#1426,#1427,#1428,#1429,#1430,#1431,
#1432,#1433,#1434,#1435,#1436,#1437,#1438,#1439,#1440,#1441,#1442,#1443,
#1444,#1445,#1446,#1447,#1448,#1449,#1450,#1451,#1452,#1453,#1454,#1455,
#1456,#1457,#1458,#1459,#1460,#1461,#1462,#1463,#1464,#1465,#1466,#1467,
#1468,#1469,#1470,#1471,#1472,#1473,#1474,#1475,#1476,#1477,#1478,#1479,
#1480,#1481,#1482,#1483,#1484,#1485,#1486,#1487,#1488,#1489,#1490,#1491,
#1492,#1493,#1494,#1495,#1496,#1497,#1498,#1499,#1500,#1501,#1502,#1503,
#1504,#1505,#1506,#1507,#1508,#1509,#1510,#1511,#1512,#1513,#1514,#1515,
#1516,#1517,#1518,#1519,#1520,#1521,#1522,#1523,#1524,#1525,#1526,#1527,
#1528,#1529,#1530,#1531,#1532,#1533,#1534,#1535,#1536,#1537,#1538,#1539,
#1540,#1541,#1542,#1543,#1544,#1545,#1546,#1547,#1548,#1549,#1550,#1551,
#1552,#1553,#1554,#1555,#1556,#1557,#1558,#1559,#1560,#1561,#1562,#1563,
#1564,#1565,#1566,#1567,#1568,#1569,#1570,#1571,#1572,#1573,#1574,#1575,
#1576,#1577,#1578,#1579),.UNSPECIFIED.,.F.,.F.,(4,3,3,3,3,3,3,3,3,3,3,3,
3,3,3,3,3,3,3,3,3,3,3,3,3,3,3,3,3,3,3,3,3,3,3,3,3,3,3,3,3,3,3,3,3,3,3,3,
3,3,3,3,3,3,3,3,3,3,3,3,3,3,3,3,3,3,3,4),(-0.282257897954546,-0.279324107405181,
-0.278972975792366,-0.278597530343297,-0.275142167378639,-0.272919217473598,
-0.26937392640115,-0.266465212035099,-0.265571201656036,-0.263122504700374,
-0.26140816500238,-0.259667309437627,-0.259228291080949,-0.258787851146022,
-0.257902922400324,-0.256118483447932,-0.255894210085463,-0.255669692541276,
-0.255444939060128,-0.255219957977743,-0.254317927382726,-0.253412943790139,
-0.253356602289308,-0.253185821134167,-0.252956886516398,-0.252726062041098,
-0.252609933095961,-0.252551688038122,-0.252493322051911,-0.249896556411303,
-0.247167398246407,-0.244245593457753,-0.243885026097614,-0.241342205516726,
-0.240012613506409,-0.2386475972945,-0.236625432162263,-0.235828826996236,
-0.234127298281976,-0.232933344595107,-0.232724714507629,-0.232490225547822,
-0.232217515447931,-0.23187662345859,-0.231442801931529,-0.230939863432735,
-0.23051242988634,-0.228931646285393,-0.224916301949923,-0.216903461015868,
-0.211069658866902,-0.200944382874455,-0.185276441000403,-0.169225704640965,
-0.13765981368214,-0.124709445888186,-0.106218599935825,-0.0748543560455011,
-0.0592038718868875,-0.0513874634027265,-0.0435772908048566,0.,0.0186647578126186,
0.0496818514402904,0.080648768188489,0.142412394744619,0.244565506716369,
0.26512648610036),.UNSPECIFIED.);
#45=B_SPLINE_CURVE_WITH_KNOTS('',3,(#1614,#1615,#1616,#1617,#1618,#1619,
#1620,#1621,#1622,#1623,#1624,#1625,#1626,#1627,#1628,#1629,#1630,#1631,
#1632,#1633,#1634,#1635,#1636,#1637),.UNSPECIFIED.,.F.,.F.,(4,2,2,2,2,2,
2,2,2,2,2,4),(-3.31096286840484,-3.30818371590206,-3.29824792887796,-3.2889252094471,
-3.27204269040588,-2.87070185466286,-2.47283263040926,-2.46361434877958,
-2.44830685974057,-2.43261967271967,-2.4164535321869,-2.4120466915769),
 .UNSPECIFIED.);
#46=B_SPLINE_CURVE_WITH_KNOTS('',3,(#1683,#1684,#1685,#1686,#1687,#1688,
#1689,#1690,#1691,#1692),.UNSPECIFIED.,.F.,.F.,(4,2,2,2,4),(-2.4120466915769,
-2.39599431898294,-2.37827991931142,-2.343817422279,-2.29032693202674),
 .UNSPECIFIED.);
#47=B_SPLINE_CURVE_WITH_KNOTS('',3,(#1693,#1694,#1695,#1696,#1697,#1698,
#1699,#1700,#1701,#1702,#1703,#1704,#1705,#1706,#1707,#1708,#1709,#1710,
#1711,#1712),.UNSPECIFIED.,.F.,.F.,(4,2,2,2,2,2,2,2,2,4),(0.282257897954546,
0.288406408703058,0.289292106047855,0.290578087390077,1.51803455492698,
2.28266012255268,2.343817422279,2.37827991931142,2.39599431898294,2.4120466915769),
 .UNSPECIFIED.);
#48=B_SPLINE_CURVE_WITH_KNOTS('',3,(#1714,#1715,#1716,#1717,#1718,#1719,
#1720,#1721,#1722,#1723),.UNSPECIFIED.,.F.,.F.,(4,2,2,2,4),(-0.402551808052399,
-0.290578087390077,-0.289292106047855,-0.288406408703058,-0.282257897954546),
 .UNSPECIFIED.);
#49=B_SPLINE_CURVE_WITH_KNOTS('',3,(#1724,#1725,#1726,#1727,#1728,#1729,
#1730,#1731),.UNSPECIFIED.,.F.,.F.,(4,2,2,4),(-2.29032693202674,-2.28266012255268,
-1.51803455492698,-0.402551808052399),.UNSPECIFIED.);
#50=B_SPLINE_CURVE_WITH_KNOTS('',3,(#1773,#1774,#1775,#1776,#1777,#1778,
#1779,#1780,#1781,#1782),.UNSPECIFIED.,.F.,.F.,(4,2,2,2,4),(-4.88157948269782,
-4.86911421647376,-4.86384692269858,-4.83201596907806,-4.79178055461235),
 .UNSPECIFIED.);
#51=B_SPLINE_CURVE_WITH_KNOTS('',3,(#1783,#1784,#1785,#1786,#1787,#1788,
#1789,#1790,#1791,#1792,#1793,#1794,#1795,#1796,#1797,#1798,#1799,#1800,
#1801,#1802),.UNSPECIFIED.,.F.,.F.,(4,2,2,2,2,2,2,2,2,4),(3.31096286840484,
3.31566619363114,3.31633553487829,3.31729186974079,4.2223404238741,4.78842222726372,
4.83201596907806,4.86384692269858,4.86911421647376,4.88157948269782),
 .UNSPECIFIED.);
#52=B_SPLINE_CURVE_WITH_KNOTS('',3,(#1804,#1805,#1806,#1807,#1808,#1809,
#1810,#1811,#1812,#1813),.UNSPECIFIED.,.F.,.F.,(4,2,2,2,4),(-3.39980654705083,
-3.31729186974079,-3.31633553487829,-3.31566619363114,-3.31096286840484),
 .UNSPECIFIED.);
#53=B_SPLINE_CURVE_WITH_KNOTS('',3,(#1814,#1815,#1816,#1817,#1818,#1819,
#1820,#1821),.UNSPECIFIED.,.F.,.F.,(4,2,2,4),(-4.79178055461235,-4.78842222726372,
-4.2223404238741,-3.39980654705083),.UNSPECIFIED.);
#54=B_SPLINE_CURVE_WITH_KNOTS('',3,(#1867,#1868,#1869,#1870,#1871),
 .UNSPECIFIED.,.F.,.F.,(4,1,4),(-0.632740634533387,-0.316370317266693,0.),
 .UNSPECIFIED.);
#55=B_SPLINE_CURVE_WITH_KNOTS('',3,(#1874,#1875,#1876,#1877,#1878),
 .UNSPECIFIED.,.F.,.F.,(4,1,4),(0.,0.316370317266693,0.632740634533387),
 .UNSPECIFIED.);
#56=B_SPLINE_CURVE_WITH_KNOTS('',3,(#1996,#1997,#1998,#1999,#2000,#2001,
#2002,#2003,#2004,#2005,#2006,#2007,#2008,#2009,#2010,#2011,#2012,#2013,
#2014,#2015,#2016,#2017,#2018,#2019,#2020,#2021,#2022,#2023,#2024),
 .UNSPECIFIED.,.F.,.F.,(4,2,1,1,1,1,1,1,1,1,1,1,1,1,1,1,1,1,1,1,1,1,1,2,
4),(-1.00000473298875,-0.996915061528041,-0.965858079051547,-0.934801096575052,
-0.872687131622061,-0.748459201716082,-0.624231271810102,-0.500003341904122,
-0.375774928480111,-0.313660721768105,-0.2515465150561,-0.220489411700097,
-0.204960860022096,-0.189432308344094,-0.127318101632089,-0.0652038949200835,
-0.0574396190810828,-0.0496753432420822,-0.0341467915640808,-0.0263825157250801,
-0.0186182398860794,-0.0108539640470787,-0.00697182612757841,-0.00308968820807807,
0.),.UNSPECIFIED.);
#57=B_SPLINE_CURVE_WITH_KNOTS('',3,(#2028,#2029,#2030,#2031),
 .UNSPECIFIED.,.F.,.F.,(4,4),(0.,0.00308968820807807),.UNSPECIFIED.);
#58=B_SPLINE_CURVE_WITH_KNOTS('',3,(#2033,#2034,#2035,#2036,#2037,#2038,
#2039,#2040,#2041,#2042,#2043,#2044,#2045,#2046,#2047,#2048,#2049,#2050,
#2051,#2052,#2053,#2054,#2055,#2056,#2057),.UNSPECIFIED.,.F.,.F.,(4,1,1,
1,1,1,1,1,1,1,1,1,1,1,1,1,1,1,1,1,1,1,4),(0.00308968820807807,0.00697182612757841,
0.0108539640470787,0.0186182398860794,0.0263825157250801,0.0341467915640808,
0.0496753432420822,0.0574396190810828,0.0652038949200835,0.127318101632089,
0.189432308344094,0.204960860022096,0.220489411700097,0.2515465150561,0.313660721768105,
0.375774928480111,0.500003341904122,0.624231271810102,0.748459201716082,
0.872687131622061,0.934801096575052,0.965858079051547,0.996915061528041),
 .UNSPECIFIED.);
#59=B_SPLINE_CURVE_WITH_KNOTS('',3,(#2058,#2059,#2060,#2061),
 .UNSPECIFIED.,.F.,.F.,(4,4),(0.997164067322048,1.00000473298875),
 .UNSPECIFIED.);
#60=B_SPLINE_CURVE_WITH_KNOTS('',3,(#2085,#2086,#2087,#2088,#2089),
 .UNSPECIFIED.,.F.,.F.,(4,1,4),(-0.632740634533373,-0.316370317266694,-1.45086531851675E-14),
 .UNSPECIFIED.);
#61=B_SPLINE_CURVE_WITH_KNOTS('',3,(#2090,#2091,#2092,#2093,#2094),
 .UNSPECIFIED.,.F.,.F.,(4,1,4),(1.45086531851675E-14,0.316370317266694,
0.632740634533373),.UNSPECIFIED.);
#62=B_SPLINE_CURVE_WITH_KNOTS('',3,(#2115,#2116,#2117,#2118),
 .UNSPECIFIED.,.F.,.F.,(4,4),(0.90363469220639,1.09052040118882),
 .UNSPECIFIED.);
#63=B_SPLINE_CURVE_WITH_KNOTS('',3,(#2251,#2252,#2253,#2254,#2255,#2256,
#2257,#2258,#2259,#2260,#2261,#2262,#2263,#2264,#2265,#2266,#2267,#2268,
#2269,#2270,#2271,#2272,#2273,#2274,#2275,#2276,#2277,#2278,#2279,#2280,
#2281,#2282),.UNSPECIFIED.,.F.,.F.,(4,2,1,1,1,1,1,1,1,1,1,1,1,1,1,1,1,1,
1,1,1,1,1,1,1,2,1,4),(0.978023880542084,0.989588340064724,0.991034111967003,
0.992479883869283,0.995371427673842,1.00115451528296,1.00404605908752,1.0127206905012,
1.03585304093767,1.05898539137415,1.07055156659239,1.08211774181063,1.1052500922471,
1.17464714355653,1.22091184442948,1.26717654530243,1.35970594704833,1.54476475054014,
1.72982355403195,2.09994699754042,2.28500871929466,2.37753958017178,2.42380501061034,
2.44693772582962,2.45850408343926,2.4700704410489,2.47585115340545,2.481631865762),
 .UNSPECIFIED.);
#64=B_SPLINE_CURVE_WITH_KNOTS('',3,(#2307,#2308,#2309,#2310,#2311),
 .UNSPECIFIED.,.F.,.F.,(4,1,4),(-0.632740634533538,-0.316370317266769,0.),
 .UNSPECIFIED.);
#65=B_SPLINE_CURVE_WITH_KNOTS('',3,(#2314,#2315,#2316,#2317,#2318),
 .UNSPECIFIED.,.F.,.F.,(4,1,4),(0.,0.316370317266769,0.632740634533538),
 .UNSPECIFIED.);
#66=B_SPLINE_CURVE_WITH_KNOTS('',3,(#2343,#2344,#2345,#2346,#2347),
 .UNSPECIFIED.,.F.,.F.,(4,1,4),(-0.632740634533509,-0.316370317266754,0.),
 .UNSPECIFIED.);
#67=B_SPLINE_CURVE_WITH_KNOTS('',3,(#2350,#2351,#2352,#2353,#2354),
 .UNSPECIFIED.,.F.,.F.,(4,1,4),(0.,0.316370317266754,0.632740634533509),
 .UNSPECIFIED.);
#68=B_SPLINE_CURVE_WITH_KNOTS('',3,(#2472,#2473,#2474,#2475),
 .UNSPECIFIED.,.F.,.F.,(4,4),(1.32360629734389,1.32668412509026),
 .UNSPECIFIED.);
#69=B_SPLINE_CURVE_WITH_KNOTS('',3,(#2477,#2478,#2479,#2480,#2481,#2482,
#2483,#2484,#2485,#2486,#2487,#2488,#2489,#2490,#2491,#2492,#2493,#2494,
#2495,#2496,#2497,#2498),.UNSPECIFIED.,.F.,.F.,(4,2,1,1,1,1,1,1,1,1,1,1,
1,1,1,1,1,1,4),(1.32668412509026,1.32669776917993,1.33057935717742,1.33446094517491,
1.3422241211699,1.34998729716488,1.35775047315987,1.37327682514984,1.38104000114483,
1.38880317713981,1.45090858509969,1.51301399305958,1.52854034504955,1.54406669703952,
1.57511940101946,1.63722480897934,1.69933021693923,1.82354103285899,1.82362952771766),
 .UNSPECIFIED.);
#70=B_SPLINE_CURVE_WITH_KNOTS('',3,(#2500,#2501,#2502,#2503,#2504,#2505,
#2506,#2507,#2508,#2509,#2510),.UNSPECIFIED.,.F.,.F.,(4,1,1,1,1,1,2,4),
(1.82362952771766,1.9477694143675,2.071997795876,2.19622617738451,2.25834036813876,
2.28939746351589,2.32045455889301,2.32070356024686),.UNSPECIFIED.);
#71=B_SPLINE_CURVE_WITH_KNOTS('',3,(#2511,#2512,#2513,#2514),
 .UNSPECIFIED.,.F.,.F.,(4,4),(2.32070356024686,2.32354423035374),
 .UNSPECIFIED.);
#72=B_SPLINE_CURVE_WITH_KNOTS('',3,(#2515,#2516,#2517,#2518,#2519,#2520,
#2521,#2522,#2523,#2524,#2525,#2526,#2527,#2528,#2529,#2530,#2531,#2532,
#2533,#2534,#2535,#2536,#2537,#2538,#2539,#2540,#2541,#2542,#2543),
 .UNSPECIFIED.,.F.,.F.,(4,2,1,1,1,1,1,1,1,1,1,1,1,1,1,1,1,1,1,1,1,1,1,2,
4),(-2.32354423035374,-2.32045455889301,-2.28939746351589,-2.25834036813876,
-2.19622617738451,-2.071997795876,-1.9477694143675,-1.82354103285899,-1.69933021693923,
-1.63722480897934,-1.57511940101946,-1.54406669703952,-1.52854034504955,
-1.51301399305958,-1.45090858509969,-1.38880317713981,-1.38104000114483,
-1.37327682514984,-1.35775047315987,-1.34998729716488,-1.3422241211699,
-1.33446094517491,-1.33057935717742,-1.32669776917993,-1.32360629734389),
 .UNSPECIFIED.);
#73=B_SPLINE_CURVE_WITH_KNOTS('',3,(#2564,#2565,#2566,#2567),
 .UNSPECIFIED.,.F.,.F.,(4,4),(0.903634692206533,1.09052040118882),
 .UNSPECIFIED.);
#74=B_SPLINE_CURVE_WITH_KNOTS('',3,(#2688,#2689,#2690,#2691,#2692,#2693,
#2694,#2695,#2696,#2697,#2698,#2699,#2700,#2701,#2702,#2703,#2704,#2705,
#2706,#2707,#2708,#2709,#2710,#2711,#2712,#2713,#2714,#2715,#2716),
 .UNSPECIFIED.,.F.,.F.,(4,2,1,1,1,1,1,1,1,1,1,1,1,1,1,1,1,1,1,1,1,1,2,1,
4),(0.978023880542121,0.989588340064738,0.992479883869297,0.995371427673857,
1.00115451528298,1.00693760289209,1.01272069050121,1.03585304093769,1.08211774181064,
1.17464714355654,1.2209118444295,1.26717654530245,1.3134412461754,1.35970594704835,
1.54476475054016,1.72982355403196,2.09994699754044,2.28500871929469,2.37753958017181,
2.42380501061037,2.44693772582965,2.45850408343929,2.47007044104893,2.47440597531634,
2.48163186576203),.UNSPECIFIED.);
#75=B_SPLINE_CURVE_WITH_KNOTS('',3,(#2734,#2735,#2736,#2737),
 .UNSPECIFIED.,.F.,.F.,(4,4),(0.434694857029619,0.621296786871515),
 .UNSPECIFIED.);
#76=B_SPLINE_CURVE_WITH_KNOTS('',3,(#2755,#2756,#2757,#2758),
 .UNSPECIFIED.,.F.,.F.,(4,4),(0.434694857029626,0.621296786871514),
 .UNSPECIFIED.);
#77=B_SPLINE_CURVE_WITH_KNOTS('',3,(#2892,#2893,#2894,#2895),
 .UNSPECIFIED.,.F.,.F.,(4,4),(0.103671119022327,1.),.UNSPECIFIED.);
#78=B_SPLINE_CURVE_WITH_KNOTS('',3,(#2948,#2949,#2950,#2951,#2952,#2953,
#2954,#2955),.UNSPECIFIED.,.F.,.F.,(4,2,2,4),(0.566548781715152,0.657695147072968,
0.962187593423315,1.00693922763007),.UNSPECIFIED.);
#79=B_SPLINE_CURVE_WITH_KNOTS('',3,(#2967,#2968,#2969,#2970,#2971,#2972,
#2973,#2974),.UNSPECIFIED.,.F.,.F.,(4,2,2,4),(2.96088305646157,3.0686913764623,
3.43325892357125,3.48818171772128),.UNSPECIFIED.);
#80=B_SPLINE_CURVE_WITH_KNOTS('',3,(#2976,#2977,#2978,#2979,#2980,#2981,
#2982,#2983,#2984,#2985,#2986,#2987,#2988,#2989,#2990,#2991,#2992,#2993,
#2994,#2995,#2996,#2997),.UNSPECIFIED.,.F.,.F.,(4,2,2,2,2,2,2,2,2,2,4),
(1.00693922763007,1.26645368831523,1.44628969844934,1.55610095995513,1.57234863018324,
1.64269773146906,1.96291138009231,2.28606548043745,2.44970909813834,2.71000875498021,
2.96088305646157),.UNSPECIFIED.);
#81=B_SPLINE_CURVE_WITH_KNOTS('',3,(#3000,#3001,#3002,#3003,#3004,#3005,
#3006,#3007,#3008,#3009,#3010),.UNSPECIFIED.,.F.,.F.,(4,3,2,2,4),(-0.230614761802925,
0.,0.177727022100481,0.358114846344963,0.566548781715152),.UNSPECIFIED.);
#82=B_SPLINE_CURVE_WITH_KNOTS('',3,(#3011,#3012,#3013,#3014,#3015,#3016,
#3017,#3018,#3019,#3020,#3021,#3022,#3023,#3024),.UNSPECIFIED.,.F.,.F.,
(4,2,2,2,2,2,4),(3.48818171772128,3.79758273999027,3.97785014146867,4.07633560474488,
4.13330859359627,4.39308966383599,4.42516062297881),.UNSPECIFIED.);
#83=B_SPLINE_CURVE_WITH_KNOTS('',3,(#4200,#4201,#4202,#4203,#4204,#4205,
#4206),.UNSPECIFIED.,.F.,.F.,(4,3,4),(0.126147040523702,0.555928803458334,
0.903005472045565),.UNSPECIFIED.);
#84=PLANE('',#1002);
#85=PLANE('',#1006);
#86=PLANE('',#1007);
#87=PLANE('',#1008);
#88=PLANE('',#1012);
#89=PLANE('',#1016);
#90=PLANE('',#1017);
#91=PLANE('',#1018);
#92=PLANE('',#1019);
#93=PLANE('',#1042);
#94=PLANE('',#1052);
#95=PLANE('',#1053);
#96=PLANE('',#1069);
#97=PLANE('',#1071);
#98=PLANE('',#1078);
#99=PLANE('',#1079);
#100=PLANE('',#1080);
#101=PLANE('',#1082);
#102=PLANE('',#1084);
#103=PLANE('',#1088);
#104=PLANE('',#1090);
#105=FACE_OUTER_BOUND('',#160,.T.);
#106=FACE_OUTER_BOUND('',#161,.T.);
#107=FACE_OUTER_BOUND('',#162,.T.);
#108=FACE_OUTER_BOUND('',#163,.T.);
#109=FACE_OUTER_BOUND('',#164,.T.);
#110=FACE_OUTER_BOUND('',#165,.T.);
#111=FACE_OUTER_BOUND('',#166,.T.);
#112=FACE_OUTER_BOUND('',#167,.T.);
#113=FACE_OUTER_BOUND('',#168,.T.);
#114=FACE_OUTER_BOUND('',#169,.T.);
#115=FACE_OUTER_BOUND('',#170,.T.);
#116=FACE_OUTER_BOUND('',#171,.T.);
#117=FACE_OUTER_BOUND('',#172,.T.);
#118=FACE_OUTER_BOUND('',#173,.T.);
#119=FACE_OUTER_BOUND('',#174,.T.);
#120=FACE_OUTER_BOUND('',#178,.T.);
#121=FACE_OUTER_BOUND('',#179,.T.);
#122=FACE_OUTER_BOUND('',#180,.T.);
#123=FACE_OUTER_BOUND('',#181,.T.);
#124=FACE_OUTER_BOUND('',#182,.T.);
#125=FACE_OUTER_BOUND('',#183,.T.);
#126=FACE_OUTER_BOUND('',#184,.T.);
#127=FACE_OUTER_BOUND('',#185,.T.);
#128=FACE_OUTER_BOUND('',#186,.T.);
#129=FACE_OUTER_BOUND('',#187,.T.);
#130=FACE_OUTER_BOUND('',#188,.T.);
#131=FACE_OUTER_BOUND('',#189,.T.);
#132=FACE_OUTER_BOUND('',#190,.T.);
#133=FACE_OUTER_BOUND('',#191,.T.);
#134=FACE_OUTER_BOUND('',#192,.T.);
#135=FACE_OUTER_BOUND('',#193,.T.);
#136=FACE_OUTER_BOUND('',#194,.T.);
#137=FACE_OUTER_BOUND('',#195,.T.);
#138=FACE_OUTER_BOUND('',#196,.T.);
#139=FACE_OUTER_BOUND('',#197,.T.);
#140=FACE_OUTER_BOUND('',#201,.T.);
#141=FACE_OUTER_BOUND('',#202,.T.);
#142=FACE_OUTER_BOUND('',#203,.T.);
#143=FACE_OUTER_BOUND('',#204,.T.);
#144=FACE_OUTER_BOUND('',#206,.T.);
#145=FACE_OUTER_BOUND('',#207,.T.);
#146=FACE_OUTER_BOUND('',#208,.T.);
#147=FACE_OUTER_BOUND('',#209,.T.);
#148=FACE_OUTER_BOUND('',#210,.T.);
#149=FACE_OUTER_BOUND('',#211,.T.);
#150=FACE_OUTER_BOUND('',#212,.T.);
#151=FACE_OUTER_BOUND('',#213,.T.);
#152=FACE_OUTER_BOUND('',#214,.T.);
#153=FACE_OUTER_BOUND('',#215,.T.);
#154=FACE_OUTER_BOUND('',#216,.T.);
#155=FACE_OUTER_BOUND('',#217,.T.);
#156=FACE_OUTER_BOUND('',#218,.T.);
#157=FACE_OUTER_BOUND('',#219,.T.);
#158=FACE_OUTER_BOUND('',#220,.T.);
#159=FACE_OUTER_BOUND('',#221,.T.);
#160=EDGE_LOOP('',(#623,#624,#625,#626));
#161=EDGE_LOOP('',(#627,#628,#629,#630));
#162=EDGE_LOOP('',(#631,#632,#633,#634));
#163=EDGE_LOOP('',(#635,#636,#637,#638));
#164=EDGE_LOOP('',(#639,#640,#641,#642,#643,#644,#645));
#165=EDGE_LOOP('',(#646,#647,#648,#649));
#166=EDGE_LOOP('',(#650,#651,#652,#653));
#167=EDGE_LOOP('',(#654,#655,#656,#657));
#168=EDGE_LOOP('',(#658,#659,#660,#661));
#169=EDGE_LOOP('',(#662,#663,#664,#665));
#170=EDGE_LOOP('',(#666,#667,#668,#669,#670,#671));
#171=EDGE_LOOP('',(#672,#673,#674,#675));
#172=EDGE_LOOP('',(#676,#677,#678,#679,#680,#681));
#173=EDGE_LOOP('',(#682,#683,#684,#685,#686,#687));
#174=EDGE_LOOP('',(#688,#689,#690,#691,#692,#693,#694,#695));
#175=EDGE_LOOP('',(#696,#697,#698,#699,#700,#701,#702,#703,#704,#705,#706,
#707));
#176=EDGE_LOOP('',(#708));
#177=EDGE_LOOP('',(#709));
#178=EDGE_LOOP('',(#710,#711,#712,#713));
#179=EDGE_LOOP('',(#714,#715,#716,#717,#718,#719));
#180=EDGE_LOOP('',(#720,#721,#722,#723));
#181=EDGE_LOOP('',(#724,#725,#726,#727));
#182=EDGE_LOOP('',(#728,#729,#730,#731));
#183=EDGE_LOOP('',(#732,#733,#734,#735));
#184=EDGE_LOOP('',(#736,#737,#738,#739));
#185=EDGE_LOOP('',(#740,#741,#742,#743,#744,#745,#746));
#186=EDGE_LOOP('',(#747,#748,#749,#750));
#187=EDGE_LOOP('',(#751,#752,#753,#754));
#188=EDGE_LOOP('',(#755,#756,#757,#758));
#189=EDGE_LOOP('',(#759,#760,#761,#762));
#190=EDGE_LOOP('',(#763,#764,#765,#766));
#191=EDGE_LOOP('',(#767,#768,#769));
#192=EDGE_LOOP('',(#770,#771,#772));
#193=EDGE_LOOP('',(#773,#774,#775,#776,#777,#778,#779,#780,#781,#782,#783,
#784,#785,#786,#787,#788,#789,#790,#791,#792));
#194=EDGE_LOOP('',(#793,#794,#795));
#195=EDGE_LOOP('',(#796,#797,#798));
#196=EDGE_LOOP('',(#799,#800,#801,#802));
#197=EDGE_LOOP('',(#803,#804,#805,#806,#807,#808,#809,#810));
#198=EDGE_LOOP('',(#811));
#199=EDGE_LOOP('',(#812));
#200=EDGE_LOOP('',(#813,#814,#815,#816,#817,#818,#819,#820,#821,#822,#823,
#824));
#201=EDGE_LOOP('',(#825,#826,#827,#828,#829,#830));
#202=EDGE_LOOP('',(#831,#832,#833,#834,#835));
#203=EDGE_LOOP('',(#836,#837,#838,#839,#840));
#204=EDGE_LOOP('',(#841));
#205=EDGE_LOOP('',(#842));
#206=EDGE_LOOP('',(#843,#844));
#207=EDGE_LOOP('',(#845,#846,#847,#848,#849,#850,#851,#852));
#208=EDGE_LOOP('',(#853,#854));
#209=EDGE_LOOP('',(#855,#856));
#210=EDGE_LOOP('',(#857,#858,#859,#860));
#211=EDGE_LOOP('',(#861,#862,#863,#864,#865,#866,#867,#868,#869,#870,#871,
#872,#873,#874,#875,#876));
#212=EDGE_LOOP('',(#877,#878,#879,#880));
#213=EDGE_LOOP('',(#881,#882,#883,#884));
#214=EDGE_LOOP('',(#885,#886,#887,#888));
#215=EDGE_LOOP('',(#889,#890,#891,#892));
#216=EDGE_LOOP('',(#893,#894,#895,#896));
#217=EDGE_LOOP('',(#897,#898,#899,#900));
#218=EDGE_LOOP('',(#901,#902,#903,#904));
#219=EDGE_LOOP('',(#905,#906,#907,#908));
#220=EDGE_LOOP('',(#909,#910,#911,#912));
#221=EDGE_LOOP('',(#913,#914,#915,#916));
#222=LINE('',#1336,#275);
#223=LINE('',#1339,#276);
#224=LINE('',#1342,#277);
#225=LINE('',#1344,#278);
#226=LINE('',#1345,#279);
#227=LINE('',#1350,#280);
#228=LINE('',#1354,#281);
#229=LINE('',#1356,#282);
#230=LINE('',#1357,#283);
#231=LINE('',#1360,#284);
#232=LINE('',#1582,#285);
#233=LINE('',#1583,#286);
#234=LINE('',#1589,#287);
#235=LINE('',#1592,#288);
#236=LINE('',#1595,#289);
#237=LINE('',#1597,#290);
#238=LINE('',#1598,#291);
#239=LINE('',#1603,#292);
#240=LINE('',#1607,#293);
#241=LINE('',#1609,#294);
#242=LINE('',#1610,#295);
#243=LINE('',#1613,#296);
#244=LINE('',#1640,#297);
#245=LINE('',#1641,#298);
#246=LINE('',#1825,#299);
#247=LINE('',#1829,#300);
#248=LINE('',#1833,#301);
#249=LINE('',#1837,#302);
#250=LINE('',#2250,#303);
#251=LINE('',#2687,#304);
#252=LINE('',#2761,#305);
#253=LINE('',#2763,#306);
#254=LINE('',#2764,#307);
#255=LINE('',#2769,#308);
#256=LINE('',#2902,#309);
#257=LINE('',#2904,#310);
#258=LINE('',#2910,#311);
#259=LINE('',#2914,#312);
#260=LINE('',#2918,#313);
#261=LINE('',#2921,#314);
#262=LINE('',#2937,#315);
#263=LINE('',#2941,#316);
#264=LINE('',#2959,#317);
#265=LINE('',#4208,#318);
#266=LINE('',#4209,#319);
#267=LINE('',#4211,#320);
#268=LINE('',#4213,#321);
#269=LINE('',#4215,#322);
#270=LINE('',#4217,#323);
#271=LINE('',#4219,#324);
#272=LINE('',#4221,#325);
#273=LINE('',#4223,#326);
#274=LINE('',#4225,#327);
#275=VECTOR('',#1097,10.);
#276=VECTOR('',#1100,10.);
#277=VECTOR('',#1103,10.);
#278=VECTOR('',#1104,10.);
#279=VECTOR('',#1105,10.);
#280=VECTOR('',#1110,10.);
#281=VECTOR('',#1115,10.);
#282=VECTOR('',#1116,10.);
#283=VECTOR('',#1117,10.);
#284=VECTOR('',#1120,10.);
#285=VECTOR('',#1123,10.);
#286=VECTOR('',#1124,10.);
#287=VECTOR('',#1129,10.);
#288=VECTOR('',#1132,10.);
#289=VECTOR('',#1135,10.);
#290=VECTOR('',#1136,10.);
#291=VECTOR('',#1137,10.);
#292=VECTOR('',#1142,10.);
#293=VECTOR('',#1147,10.);
#294=VECTOR('',#1148,10.);
#295=VECTOR('',#1149,10.);
#296=VECTOR('',#1152,10.);
#297=VECTOR('',#1155,10.);
#298=VECTOR('',#1156,10.);
#299=VECTOR('',#1159,10.);
#300=VECTOR('',#1162,10.);
#301=VECTOR('',#1165,10.);
#302=VECTOR('',#1168,10.);
#303=VECTOR('',#1189,10.);
#304=VECTOR('',#1204,10.);
#305=VECTOR('',#1211,10.);
#306=VECTOR('',#1212,10.);
#307=VECTOR('',#1213,10.);
#308=VECTOR('',#1220,10.);
#309=VECTOR('',#1233,10.);
#310=VECTOR('',#1236,10.);
#311=VECTOR('',#1241,10.);
#312=VECTOR('',#1244,10.);
#313=VECTOR('',#1247,10.);
#314=VECTOR('',#1250,10.);
#315=VECTOR('',#1269,7.45);
#316=VECTOR('',#1274,7.45);
#317=VECTOR('',#1285,6.45);
#318=VECTOR('',#1302,10.);
#319=VECTOR('',#1303,10.);
#320=VECTOR('',#1306,10.);
#321=VECTOR('',#1309,10.);
#322=VECTOR('',#1312,10.);
#323=VECTOR('',#1315,1.6);
#324=VECTOR('',#1318,1.6);
#325=VECTOR('',#1321,10.);
#326=VECTOR('',#1324,10.);
#327=VECTOR('',#1327,10.);
#328=CIRCLE('',#1000,0.499999999999989);
#329=CIRCLE('',#1001,0.499999999999989);
#330=CIRCLE('',#1004,0.500000000000003);
#331=CIRCLE('',#1005,0.500000000000003);
#332=CIRCLE('',#1010,0.499999999999989);
#333=CIRCLE('',#1011,0.499999999999989);
#334=CIRCLE('',#1014,0.500000000000002);
#335=CIRCLE('',#1015,0.500000000000002);
#336=CIRCLE('',#1020,1.99999999999999);
#337=CIRCLE('',#1021,2.);
#338=CIRCLE('',#1022,2.);
#339=CIRCLE('',#1023,2.);
#340=CIRCLE('',#1024,1.6);
#341=CIRCLE('',#1025,1.6);
#342=CIRCLE('',#1026,4.);
#343=CIRCLE('',#1027,4.00000000000001);
#344=CIRCLE('',#1028,4.);
#345=CIRCLE('',#1029,4.00000000000006);
#346=CIRCLE('',#1030,3.99999999999999);
#347=CIRCLE('',#1031,2.49999999999998);
#348=CIRCLE('',#1032,4.00000000000001);
#349=CIRCLE('',#1033,4.00000000000001);
#350=CIRCLE('',#1034,4.);
#351=CIRCLE('',#1035,4.0000000000001);
#352=CIRCLE('',#1036,4.);
#353=CIRCLE('',#1037,3.99999999999999);
#354=CIRCLE('',#1038,2.49999999999999);
#355=CIRCLE('',#1039,4.);
#356=CIRCLE('',#1040,2.50000000000001);
#357=CIRCLE('',#1041,2.50000000000001);
#358=CIRCLE('',#1044,2.49999999999998);
#359=CIRCLE('',#1046,2.50000000000001);
#360=CIRCLE('',#1047,7.45);
#361=CIRCLE('',#1049,2.50000000000001);
#362=CIRCLE('',#1051,2.49999999999999);
#363=CIRCLE('',#1054,1.99999999999999);
#364=CIRCLE('',#1055,2.);
#365=CIRCLE('',#1056,2.);
#366=CIRCLE('',#1057,2.);
#367=CIRCLE('',#1058,1.6);
#368=CIRCLE('',#1059,1.6);
#369=CIRCLE('',#1061,7.45);
#370=CIRCLE('',#1062,7.45);
#371=CIRCLE('',#1063,0.51);
#372=CIRCLE('',#1064,7.45);
#373=CIRCLE('',#1065,7.45);
#374=CIRCLE('',#1068,7.45);
#375=CIRCLE('',#1070,6.45);
#376=CIRCLE('',#1072,6.45);
#377=CIRCLE('',#1074,6.45);
#378=CIRCLE('',#1075,6.45);
#379=CIRCLE('',#1076,6.45);
#380=CIRCLE('',#1077,6.45);
#381=VERTEX_POINT('',#1332);
#382=VERTEX_POINT('',#1333);
#383=VERTEX_POINT('',#1335);
#384=VERTEX_POINT('',#1337);
#385=VERTEX_POINT('',#1341);
#386=VERTEX_POINT('',#1343);
#387=VERTEX_POINT('',#1347);
#388=VERTEX_POINT('',#1349);
#389=VERTEX_POINT('',#1353);
#390=VERTEX_POINT('',#1355);
#391=VERTEX_POINT('',#1359);
#392=VERTEX_POINT('',#1361);
#393=VERTEX_POINT('',#1581);
#394=VERTEX_POINT('',#1585);
#395=VERTEX_POINT('',#1586);
#396=VERTEX_POINT('',#1588);
#397=VERTEX_POINT('',#1590);
#398=VERTEX_POINT('',#1594);
#399=VERTEX_POINT('',#1596);
#400=VERTEX_POINT('',#1600);
#401=VERTEX_POINT('',#1602);
#402=VERTEX_POINT('',#1606);
#403=VERTEX_POINT('',#1608);
#404=VERTEX_POINT('',#1612);
#405=VERTEX_POINT('',#1639);
#406=VERTEX_POINT('',#1682);
#407=VERTEX_POINT('',#1713);
#408=VERTEX_POINT('',#1772);
#409=VERTEX_POINT('',#1803);
#410=VERTEX_POINT('',#1823);
#411=VERTEX_POINT('',#1824);
#412=VERTEX_POINT('',#1826);
#413=VERTEX_POINT('',#1828);
#414=VERTEX_POINT('',#1830);
#415=VERTEX_POINT('',#1832);
#416=VERTEX_POINT('',#1834);
#417=VERTEX_POINT('',#1836);
#418=VERTEX_POINT('',#1839);
#419=VERTEX_POINT('',#1841);
#420=VERTEX_POINT('',#1863);
#421=VERTEX_POINT('',#1864);
#422=VERTEX_POINT('',#1866);
#423=VERTEX_POINT('',#1872);
#424=VERTEX_POINT('',#1995);
#425=VERTEX_POINT('',#2025);
#426=VERTEX_POINT('',#2027);
#427=VERTEX_POINT('',#2032);
#428=VERTEX_POINT('',#2082);
#429=VERTEX_POINT('',#2083);
#430=VERTEX_POINT('',#2111);
#431=VERTEX_POINT('',#2112);
#432=VERTEX_POINT('',#2247);
#433=VERTEX_POINT('',#2248);
#434=VERTEX_POINT('',#2303);
#435=VERTEX_POINT('',#2304);
#436=VERTEX_POINT('',#2306);
#437=VERTEX_POINT('',#2312);
#438=VERTEX_POINT('',#2339);
#439=VERTEX_POINT('',#2340);
#440=VERTEX_POINT('',#2342);
#441=VERTEX_POINT('',#2348);
#442=VERTEX_POINT('',#2471);
#443=VERTEX_POINT('',#2476);
#444=VERTEX_POINT('',#2499);
#445=VERTEX_POINT('',#2560);
#446=VERTEX_POINT('',#2561);
#447=VERTEX_POINT('',#2684);
#448=VERTEX_POINT('',#2685);
#449=VERTEX_POINT('',#2760);
#450=VERTEX_POINT('',#2762);
#451=VERTEX_POINT('',#2768);
#452=VERTEX_POINT('',#2891);
#453=VERTEX_POINT('',#2900);
#454=VERTEX_POINT('',#2906);
#455=VERTEX_POINT('',#2907);
#456=VERTEX_POINT('',#2909);
#457=VERTEX_POINT('',#2911);
#458=VERTEX_POINT('',#2913);
#459=VERTEX_POINT('',#2915);
#460=VERTEX_POINT('',#2917);
#461=VERTEX_POINT('',#2919);
#462=VERTEX_POINT('',#2922);
#463=VERTEX_POINT('',#2924);
#464=VERTEX_POINT('',#2927);
#465=VERTEX_POINT('',#2928);
#466=VERTEX_POINT('',#2931);
#467=VERTEX_POINT('',#2933);
#468=VERTEX_POINT('',#2939);
#469=VERTEX_POINT('',#2943);
#470=VERTEX_POINT('',#2946);
#471=VERTEX_POINT('',#2947);
#472=VERTEX_POINT('',#2958);
#473=VERTEX_POINT('',#2960);
#474=VERTEX_POINT('',#2962);
#475=VERTEX_POINT('',#2999);
#476=EDGE_CURVE('',#381,#382,#328,.T.);
#477=EDGE_CURVE('',#381,#383,#222,.T.);
#478=EDGE_CURVE('',#383,#384,#329,.T.);
#479=EDGE_CURVE('',#384,#382,#223,.T.);
#480=EDGE_CURVE('',#381,#385,#224,.F.);
#481=EDGE_CURVE('',#386,#385,#225,.T.);
#482=EDGE_CURVE('',#383,#386,#226,.F.);
#483=EDGE_CURVE('',#387,#385,#330,.T.);
#484=EDGE_CURVE('',#387,#388,#227,.T.);
#485=EDGE_CURVE('',#388,#386,#331,.T.);
#486=EDGE_CURVE('',#387,#389,#228,.T.);
#487=EDGE_CURVE('',#389,#390,#229,.T.);
#488=EDGE_CURVE('',#388,#390,#230,.T.);
#489=EDGE_CURVE('',#391,#382,#231,.T.);
#490=EDGE_CURVE('',#392,#391,#43,.T.);
#491=EDGE_CURVE('',#389,#392,#44,.T.);
#492=EDGE_CURVE('',#393,#384,#232,.T.);
#493=EDGE_CURVE('',#393,#391,#233,.T.);
#494=EDGE_CURVE('',#394,#395,#332,.T.);
#495=EDGE_CURVE('',#394,#396,#234,.T.);
#496=EDGE_CURVE('',#396,#397,#333,.T.);
#497=EDGE_CURVE('',#397,#395,#235,.T.);
#498=EDGE_CURVE('',#394,#398,#236,.F.);
#499=EDGE_CURVE('',#399,#398,#237,.T.);
#500=EDGE_CURVE('',#396,#399,#238,.F.);
#501=EDGE_CURVE('',#400,#398,#334,.T.);
#502=EDGE_CURVE('',#400,#401,#239,.T.);
#503=EDGE_CURVE('',#401,#399,#335,.T.);
#504=EDGE_CURVE('',#400,#402,#240,.T.);
#505=EDGE_CURVE('',#402,#403,#241,.T.);
#506=EDGE_CURVE('',#401,#403,#242,.T.);
#507=EDGE_CURVE('',#404,#395,#243,.T.);
#508=EDGE_CURVE('',#402,#404,#45,.T.);
#509=EDGE_CURVE('',#405,#397,#244,.T.);
#510=EDGE_CURVE('',#405,#404,#245,.T.);
#511=EDGE_CURVE('',#404,#406,#46,.T.);
#512=EDGE_CURVE('',#390,#405,#47,.T.);
#513=EDGE_CURVE('',#407,#389,#48,.T.);
#514=EDGE_CURVE('',#406,#407,#49,.T.);
#515=EDGE_CURVE('',#391,#408,#50,.T.);
#516=EDGE_CURVE('',#403,#393,#51,.T.);
#517=EDGE_CURVE('',#409,#402,#52,.T.);
#518=EDGE_CURVE('',#408,#409,#53,.T.);
#519=EDGE_CURVE('',#410,#411,#246,.T.);
#520=EDGE_CURVE('',#411,#412,#336,.T.);
#521=EDGE_CURVE('',#412,#413,#247,.T.);
#522=EDGE_CURVE('',#413,#414,#337,.T.);
#523=EDGE_CURVE('',#414,#415,#248,.T.);
#524=EDGE_CURVE('',#415,#416,#338,.T.);
#525=EDGE_CURVE('',#416,#417,#249,.T.);
#526=EDGE_CURVE('',#417,#410,#339,.T.);
#527=EDGE_CURVE('',#418,#418,#340,.T.);
#528=EDGE_CURVE('',#419,#419,#341,.T.);
#529=EDGE_CURVE('',#420,#421,#342,.T.);
#530=EDGE_CURVE('',#421,#422,#54,.T.);
#531=EDGE_CURVE('',#422,#423,#343,.T.);
#532=EDGE_CURVE('',#423,#420,#55,.T.);
#533=EDGE_CURVE('',#420,#424,#56,.T.);
#534=EDGE_CURVE('',#424,#425,#344,.T.);
#535=EDGE_CURVE('',#425,#426,#57,.T.);
#536=EDGE_CURVE('',#426,#427,#58,.T.);
#537=EDGE_CURVE('',#427,#421,#59,.T.);
#538=EDGE_CURVE('',#428,#429,#345,.T.);
#539=EDGE_CURVE('',#429,#425,#60,.T.);
#540=EDGE_CURVE('',#424,#428,#61,.T.);
#541=EDGE_CURVE('',#430,#431,#346,.T.);
#542=EDGE_CURVE('',#431,#423,#347,.T.);
#543=EDGE_CURVE('',#422,#430,#62,.T.);
#544=EDGE_CURVE('',#432,#433,#348,.T.);
#545=EDGE_CURVE('',#433,#431,#250,.T.);
#546=EDGE_CURVE('',#430,#432,#63,.T.);
#547=EDGE_CURVE('',#434,#435,#349,.T.);
#548=EDGE_CURVE('',#435,#436,#64,.T.);
#549=EDGE_CURVE('',#436,#437,#350,.T.);
#550=EDGE_CURVE('',#437,#434,#65,.T.);
#551=EDGE_CURVE('',#438,#439,#351,.T.);
#552=EDGE_CURVE('',#439,#440,#66,.T.);
#553=EDGE_CURVE('',#440,#441,#352,.T.);
#554=EDGE_CURVE('',#441,#438,#67,.T.);
#555=EDGE_CURVE('',#440,#442,#68,.T.);
#556=EDGE_CURVE('',#442,#443,#69,.T.);
#557=EDGE_CURVE('',#443,#444,#70,.T.);
#558=EDGE_CURVE('',#444,#435,#71,.T.);
#559=EDGE_CURVE('',#434,#441,#72,.T.);
#560=EDGE_CURVE('',#445,#446,#353,.T.);
#561=EDGE_CURVE('',#446,#437,#354,.T.);
#562=EDGE_CURVE('',#436,#445,#73,.T.);
#563=EDGE_CURVE('',#447,#448,#355,.T.);
#564=EDGE_CURVE('',#448,#446,#251,.T.);
#565=EDGE_CURVE('',#445,#447,#74,.T.);
#566=EDGE_CURVE('',#438,#433,#356,.T.);
#567=EDGE_CURVE('',#432,#439,#75,.T.);
#568=EDGE_CURVE('',#428,#448,#357,.T.);
#569=EDGE_CURVE('',#447,#429,#76,.T.);
#570=EDGE_CURVE('',#449,#420,#252,.T.);
#571=EDGE_CURVE('',#449,#450,#253,.T.);
#572=EDGE_CURVE('',#450,#424,#254,.T.);
#573=EDGE_CURVE('',#423,#449,#358,.T.);
#574=EDGE_CURVE('',#451,#441,#255,.T.);
#575=EDGE_CURVE('',#451,#438,#359,.T.);
#576=EDGE_CURVE('',#443,#452,#77,.T.);
#577=EDGE_CURVE('',#452,#452,#360,.T.);
#578=EDGE_CURVE('',#450,#428,#361,.T.);
#579=EDGE_CURVE('',#437,#453,#362,.T.);
#580=EDGE_CURVE('',#453,#434,#256,.T.);
#581=EDGE_CURVE('',#453,#451,#257,.T.);
#582=EDGE_CURVE('',#454,#455,#363,.T.);
#583=EDGE_CURVE('',#455,#456,#258,.T.);
#584=EDGE_CURVE('',#456,#457,#364,.T.);
#585=EDGE_CURVE('',#457,#458,#259,.T.);
#586=EDGE_CURVE('',#458,#459,#365,.T.);
#587=EDGE_CURVE('',#459,#460,#260,.T.);
#588=EDGE_CURVE('',#460,#461,#366,.T.);
#589=EDGE_CURVE('',#461,#454,#261,.T.);
#590=EDGE_CURVE('',#462,#462,#367,.T.);
#591=EDGE_CURVE('',#463,#463,#368,.T.);
#592=EDGE_CURVE('',#464,#465,#369,.T.);
#593=EDGE_CURVE('',#465,#464,#370,.T.);
#594=EDGE_CURVE('',#465,#466,#371,.T.);
#595=EDGE_CURVE('',#467,#466,#372,.T.);
#596=EDGE_CURVE('',#466,#467,#373,.T.);
#597=EDGE_CURVE('',#467,#452,#262,.T.);
#598=EDGE_CURVE('',#468,#468,#374,.T.);
#599=EDGE_CURVE('',#468,#464,#263,.T.);
#600=EDGE_CURVE('',#469,#469,#375,.T.);
#601=EDGE_CURVE('',#470,#471,#78,.F.);
#602=EDGE_CURVE('',#470,#471,#376,.T.);
#603=EDGE_CURVE('',#469,#472,#264,.T.);
#604=EDGE_CURVE('',#473,#472,#377,.T.);
#605=EDGE_CURVE('',#473,#474,#378,.T.);
#606=EDGE_CURVE('',#470,#474,#379,.T.);
#607=EDGE_CURVE('',#472,#471,#380,.T.);
#608=EDGE_CURVE('',#473,#474,#79,.F.);
#609=EDGE_CURVE('',#474,#470,#80,.F.);
#610=EDGE_CURVE('',#471,#475,#81,.F.);
#611=EDGE_CURVE('',#475,#473,#82,.F.);
#612=EDGE_CURVE('',#392,#475,#83,.T.);
#613=EDGE_CURVE('',#461,#413,#265,.T.);
#614=EDGE_CURVE('',#460,#414,#266,.T.);
#615=EDGE_CURVE('',#454,#412,#267,.T.);
#616=EDGE_CURVE('',#455,#411,#268,.T.);
#617=EDGE_CURVE('',#456,#410,#269,.T.);
#618=EDGE_CURVE('',#418,#462,#270,.T.);
#619=EDGE_CURVE('',#419,#463,#271,.T.);
#620=EDGE_CURVE('',#457,#417,#272,.T.);
#621=EDGE_CURVE('',#458,#416,#273,.T.);
#622=EDGE_CURVE('',#459,#415,#274,.T.);
#623=ORIENTED_EDGE('',*,*,#476,.F.);
#624=ORIENTED_EDGE('',*,*,#477,.T.);
#625=ORIENTED_EDGE('',*,*,#478,.T.);
#626=ORIENTED_EDGE('',*,*,#479,.T.);
#627=ORIENTED_EDGE('',*,*,#477,.F.);
#628=ORIENTED_EDGE('',*,*,#480,.T.);
#629=ORIENTED_EDGE('',*,*,#481,.F.);
#630=ORIENTED_EDGE('',*,*,#482,.F.);
#631=ORIENTED_EDGE('',*,*,#483,.F.);
#632=ORIENTED_EDGE('',*,*,#484,.T.);
#633=ORIENTED_EDGE('',*,*,#485,.T.);
#634=ORIENTED_EDGE('',*,*,#481,.T.);
#635=ORIENTED_EDGE('',*,*,#484,.F.);
#636=ORIENTED_EDGE('',*,*,#486,.T.);
#637=ORIENTED_EDGE('',*,*,#487,.T.);
#638=ORIENTED_EDGE('',*,*,#488,.F.);
#639=ORIENTED_EDGE('',*,*,#476,.T.);
#640=ORIENTED_EDGE('',*,*,#489,.F.);
#641=ORIENTED_EDGE('',*,*,#490,.F.);
#642=ORIENTED_EDGE('',*,*,#491,.F.);
#643=ORIENTED_EDGE('',*,*,#486,.F.);
#644=ORIENTED_EDGE('',*,*,#483,.T.);
#645=ORIENTED_EDGE('',*,*,#480,.F.);
#646=ORIENTED_EDGE('',*,*,#479,.F.);
#647=ORIENTED_EDGE('',*,*,#492,.F.);
#648=ORIENTED_EDGE('',*,*,#493,.T.);
#649=ORIENTED_EDGE('',*,*,#489,.T.);
#650=ORIENTED_EDGE('',*,*,#494,.F.);
#651=ORIENTED_EDGE('',*,*,#495,.T.);
#652=ORIENTED_EDGE('',*,*,#496,.T.);
#653=ORIENTED_EDGE('',*,*,#497,.T.);
#654=ORIENTED_EDGE('',*,*,#495,.F.);
#655=ORIENTED_EDGE('',*,*,#498,.T.);
#656=ORIENTED_EDGE('',*,*,#499,.F.);
#657=ORIENTED_EDGE('',*,*,#500,.F.);
#658=ORIENTED_EDGE('',*,*,#501,.F.);
#659=ORIENTED_EDGE('',*,*,#502,.T.);
#660=ORIENTED_EDGE('',*,*,#503,.T.);
#661=ORIENTED_EDGE('',*,*,#499,.T.);
#662=ORIENTED_EDGE('',*,*,#502,.F.);
#663=ORIENTED_EDGE('',*,*,#504,.T.);
#664=ORIENTED_EDGE('',*,*,#505,.T.);
#665=ORIENTED_EDGE('',*,*,#506,.F.);
#666=ORIENTED_EDGE('',*,*,#494,.T.);
#667=ORIENTED_EDGE('',*,*,#507,.F.);
#668=ORIENTED_EDGE('',*,*,#508,.F.);
#669=ORIENTED_EDGE('',*,*,#504,.F.);
#670=ORIENTED_EDGE('',*,*,#501,.T.);
#671=ORIENTED_EDGE('',*,*,#498,.F.);
#672=ORIENTED_EDGE('',*,*,#497,.F.);
#673=ORIENTED_EDGE('',*,*,#509,.F.);
#674=ORIENTED_EDGE('',*,*,#510,.T.);
#675=ORIENTED_EDGE('',*,*,#507,.T.);
#676=ORIENTED_EDGE('',*,*,#511,.F.);
#677=ORIENTED_EDGE('',*,*,#510,.F.);
#678=ORIENTED_EDGE('',*,*,#512,.F.);
#679=ORIENTED_EDGE('',*,*,#487,.F.);
#680=ORIENTED_EDGE('',*,*,#513,.F.);
#681=ORIENTED_EDGE('',*,*,#514,.F.);
#682=ORIENTED_EDGE('',*,*,#515,.F.);
#683=ORIENTED_EDGE('',*,*,#493,.F.);
#684=ORIENTED_EDGE('',*,*,#516,.F.);
#685=ORIENTED_EDGE('',*,*,#505,.F.);
#686=ORIENTED_EDGE('',*,*,#517,.F.);
#687=ORIENTED_EDGE('',*,*,#518,.F.);
#688=ORIENTED_EDGE('',*,*,#519,.T.);
#689=ORIENTED_EDGE('',*,*,#520,.T.);
#690=ORIENTED_EDGE('',*,*,#521,.T.);
#691=ORIENTED_EDGE('',*,*,#522,.T.);
#692=ORIENTED_EDGE('',*,*,#523,.T.);
#693=ORIENTED_EDGE('',*,*,#524,.T.);
#694=ORIENTED_EDGE('',*,*,#525,.T.);
#695=ORIENTED_EDGE('',*,*,#526,.T.);
#696=ORIENTED_EDGE('',*,*,#492,.T.);
#697=ORIENTED_EDGE('',*,*,#478,.F.);
#698=ORIENTED_EDGE('',*,*,#482,.T.);
#699=ORIENTED_EDGE('',*,*,#485,.F.);
#700=ORIENTED_EDGE('',*,*,#488,.T.);
#701=ORIENTED_EDGE('',*,*,#512,.T.);
#702=ORIENTED_EDGE('',*,*,#509,.T.);
#703=ORIENTED_EDGE('',*,*,#496,.F.);
#704=ORIENTED_EDGE('',*,*,#500,.T.);
#705=ORIENTED_EDGE('',*,*,#503,.F.);
#706=ORIENTED_EDGE('',*,*,#506,.T.);
#707=ORIENTED_EDGE('',*,*,#516,.T.);
#708=ORIENTED_EDGE('',*,*,#527,.T.);
#709=ORIENTED_EDGE('',*,*,#528,.T.);
#710=ORIENTED_EDGE('',*,*,#529,.T.);
#711=ORIENTED_EDGE('',*,*,#530,.T.);
#712=ORIENTED_EDGE('',*,*,#531,.T.);
#713=ORIENTED_EDGE('',*,*,#532,.T.);
#714=ORIENTED_EDGE('',*,*,#529,.F.);
#715=ORIENTED_EDGE('',*,*,#533,.T.);
#716=ORIENTED_EDGE('',*,*,#534,.T.);
#717=ORIENTED_EDGE('',*,*,#535,.T.);
#718=ORIENTED_EDGE('',*,*,#536,.T.);
#719=ORIENTED_EDGE('',*,*,#537,.T.);
#720=ORIENTED_EDGE('',*,*,#538,.T.);
#721=ORIENTED_EDGE('',*,*,#539,.T.);
#722=ORIENTED_EDGE('',*,*,#534,.F.);
#723=ORIENTED_EDGE('',*,*,#540,.T.);
#724=ORIENTED_EDGE('',*,*,#541,.T.);
#725=ORIENTED_EDGE('',*,*,#542,.T.);
#726=ORIENTED_EDGE('',*,*,#531,.F.);
#727=ORIENTED_EDGE('',*,*,#543,.T.);
#728=ORIENTED_EDGE('',*,*,#544,.T.);
#729=ORIENTED_EDGE('',*,*,#545,.T.);
#730=ORIENTED_EDGE('',*,*,#541,.F.);
#731=ORIENTED_EDGE('',*,*,#546,.T.);
#732=ORIENTED_EDGE('',*,*,#547,.T.);
#733=ORIENTED_EDGE('',*,*,#548,.T.);
#734=ORIENTED_EDGE('',*,*,#549,.T.);
#735=ORIENTED_EDGE('',*,*,#550,.T.);
#736=ORIENTED_EDGE('',*,*,#551,.T.);
#737=ORIENTED_EDGE('',*,*,#552,.T.);
#738=ORIENTED_EDGE('',*,*,#553,.T.);
#739=ORIENTED_EDGE('',*,*,#554,.T.);
#740=ORIENTED_EDGE('',*,*,#553,.F.);
#741=ORIENTED_EDGE('',*,*,#555,.T.);
#742=ORIENTED_EDGE('',*,*,#556,.T.);
#743=ORIENTED_EDGE('',*,*,#557,.T.);
#744=ORIENTED_EDGE('',*,*,#558,.T.);
#745=ORIENTED_EDGE('',*,*,#547,.F.);
#746=ORIENTED_EDGE('',*,*,#559,.T.);
#747=ORIENTED_EDGE('',*,*,#560,.T.);
#748=ORIENTED_EDGE('',*,*,#561,.T.);
#749=ORIENTED_EDGE('',*,*,#549,.F.);
#750=ORIENTED_EDGE('',*,*,#562,.T.);
#751=ORIENTED_EDGE('',*,*,#563,.T.);
#752=ORIENTED_EDGE('',*,*,#564,.T.);
#753=ORIENTED_EDGE('',*,*,#560,.F.);
#754=ORIENTED_EDGE('',*,*,#565,.T.);
#755=ORIENTED_EDGE('',*,*,#551,.F.);
#756=ORIENTED_EDGE('',*,*,#566,.T.);
#757=ORIENTED_EDGE('',*,*,#544,.F.);
#758=ORIENTED_EDGE('',*,*,#567,.T.);
#759=ORIENTED_EDGE('',*,*,#538,.F.);
#760=ORIENTED_EDGE('',*,*,#568,.T.);
#761=ORIENTED_EDGE('',*,*,#563,.F.);
#762=ORIENTED_EDGE('',*,*,#569,.T.);
#763=ORIENTED_EDGE('',*,*,#533,.F.);
#764=ORIENTED_EDGE('',*,*,#570,.F.);
#765=ORIENTED_EDGE('',*,*,#571,.T.);
#766=ORIENTED_EDGE('',*,*,#572,.T.);
#767=ORIENTED_EDGE('',*,*,#532,.F.);
#768=ORIENTED_EDGE('',*,*,#573,.T.);
#769=ORIENTED_EDGE('',*,*,#570,.T.);
#770=ORIENTED_EDGE('',*,*,#554,.F.);
#771=ORIENTED_EDGE('',*,*,#574,.F.);
#772=ORIENTED_EDGE('',*,*,#575,.T.);
#773=ORIENTED_EDGE('',*,*,#556,.F.);
#774=ORIENTED_EDGE('',*,*,#555,.F.);
#775=ORIENTED_EDGE('',*,*,#552,.F.);
#776=ORIENTED_EDGE('',*,*,#567,.F.);
#777=ORIENTED_EDGE('',*,*,#546,.F.);
#778=ORIENTED_EDGE('',*,*,#543,.F.);
#779=ORIENTED_EDGE('',*,*,#530,.F.);
#780=ORIENTED_EDGE('',*,*,#537,.F.);
#781=ORIENTED_EDGE('',*,*,#536,.F.);
#782=ORIENTED_EDGE('',*,*,#535,.F.);
#783=ORIENTED_EDGE('',*,*,#539,.F.);
#784=ORIENTED_EDGE('',*,*,#569,.F.);
#785=ORIENTED_EDGE('',*,*,#565,.F.);
#786=ORIENTED_EDGE('',*,*,#562,.F.);
#787=ORIENTED_EDGE('',*,*,#548,.F.);
#788=ORIENTED_EDGE('',*,*,#558,.F.);
#789=ORIENTED_EDGE('',*,*,#557,.F.);
#790=ORIENTED_EDGE('',*,*,#576,.T.);
#791=ORIENTED_EDGE('',*,*,#577,.T.);
#792=ORIENTED_EDGE('',*,*,#576,.F.);
#793=ORIENTED_EDGE('',*,*,#540,.F.);
#794=ORIENTED_EDGE('',*,*,#572,.F.);
#795=ORIENTED_EDGE('',*,*,#578,.T.);
#796=ORIENTED_EDGE('',*,*,#550,.F.);
#797=ORIENTED_EDGE('',*,*,#579,.T.);
#798=ORIENTED_EDGE('',*,*,#580,.T.);
#799=ORIENTED_EDGE('',*,*,#559,.F.);
#800=ORIENTED_EDGE('',*,*,#580,.F.);
#801=ORIENTED_EDGE('',*,*,#581,.T.);
#802=ORIENTED_EDGE('',*,*,#574,.T.);
#803=ORIENTED_EDGE('',*,*,#582,.T.);
#804=ORIENTED_EDGE('',*,*,#583,.T.);
#805=ORIENTED_EDGE('',*,*,#584,.T.);
#806=ORIENTED_EDGE('',*,*,#585,.T.);
#807=ORIENTED_EDGE('',*,*,#586,.T.);
#808=ORIENTED_EDGE('',*,*,#587,.T.);
#809=ORIENTED_EDGE('',*,*,#588,.T.);
#810=ORIENTED_EDGE('',*,*,#589,.T.);
#811=ORIENTED_EDGE('',*,*,#590,.T.);
#812=ORIENTED_EDGE('',*,*,#591,.T.);
#813=ORIENTED_EDGE('',*,*,#545,.F.);
#814=ORIENTED_EDGE('',*,*,#566,.F.);
#815=ORIENTED_EDGE('',*,*,#575,.F.);
#816=ORIENTED_EDGE('',*,*,#581,.F.);
#817=ORIENTED_EDGE('',*,*,#579,.F.);
#818=ORIENTED_EDGE('',*,*,#561,.F.);
#819=ORIENTED_EDGE('',*,*,#564,.F.);
#820=ORIENTED_EDGE('',*,*,#568,.F.);
#821=ORIENTED_EDGE('',*,*,#578,.F.);
#822=ORIENTED_EDGE('',*,*,#571,.F.);
#823=ORIENTED_EDGE('',*,*,#573,.F.);
#824=ORIENTED_EDGE('',*,*,#542,.F.);
#825=ORIENTED_EDGE('',*,*,#592,.F.);
#826=ORIENTED_EDGE('',*,*,#593,.F.);
#827=ORIENTED_EDGE('',*,*,#594,.T.);
#828=ORIENTED_EDGE('',*,*,#595,.F.);
#829=ORIENTED_EDGE('',*,*,#596,.F.);
#830=ORIENTED_EDGE('',*,*,#594,.F.);
#831=ORIENTED_EDGE('',*,*,#595,.T.);
#832=ORIENTED_EDGE('',*,*,#596,.T.);
#833=ORIENTED_EDGE('',*,*,#597,.T.);
#834=ORIENTED_EDGE('',*,*,#577,.F.);
#835=ORIENTED_EDGE('',*,*,#597,.F.);
#836=ORIENTED_EDGE('',*,*,#598,.F.);
#837=ORIENTED_EDGE('',*,*,#599,.T.);
#838=ORIENTED_EDGE('',*,*,#592,.T.);
#839=ORIENTED_EDGE('',*,*,#593,.T.);
#840=ORIENTED_EDGE('',*,*,#599,.F.);
#841=ORIENTED_EDGE('',*,*,#598,.T.);
#842=ORIENTED_EDGE('',*,*,#600,.T.);
#843=ORIENTED_EDGE('',*,*,#601,.T.);
#844=ORIENTED_EDGE('',*,*,#602,.F.);
#845=ORIENTED_EDGE('',*,*,#600,.F.);
#846=ORIENTED_EDGE('',*,*,#603,.T.);
#847=ORIENTED_EDGE('',*,*,#604,.F.);
#848=ORIENTED_EDGE('',*,*,#605,.T.);
#849=ORIENTED_EDGE('',*,*,#606,.F.);
#850=ORIENTED_EDGE('',*,*,#602,.T.);
#851=ORIENTED_EDGE('',*,*,#607,.F.);
#852=ORIENTED_EDGE('',*,*,#603,.F.);
#853=ORIENTED_EDGE('',*,*,#608,.T.);
#854=ORIENTED_EDGE('',*,*,#605,.F.);
#855=ORIENTED_EDGE('',*,*,#606,.T.);
#856=ORIENTED_EDGE('',*,*,#609,.T.);
#857=ORIENTED_EDGE('',*,*,#604,.T.);
#858=ORIENTED_EDGE('',*,*,#607,.T.);
#859=ORIENTED_EDGE('',*,*,#610,.T.);
#860=ORIENTED_EDGE('',*,*,#611,.T.);
#861=ORIENTED_EDGE('',*,*,#490,.T.);
#862=ORIENTED_EDGE('',*,*,#515,.T.);
#863=ORIENTED_EDGE('',*,*,#518,.T.);
#864=ORIENTED_EDGE('',*,*,#517,.T.);
#865=ORIENTED_EDGE('',*,*,#508,.T.);
#866=ORIENTED_EDGE('',*,*,#511,.T.);
#867=ORIENTED_EDGE('',*,*,#514,.T.);
#868=ORIENTED_EDGE('',*,*,#513,.T.);
#869=ORIENTED_EDGE('',*,*,#491,.T.);
#870=ORIENTED_EDGE('',*,*,#612,.T.);
#871=ORIENTED_EDGE('',*,*,#610,.F.);
#872=ORIENTED_EDGE('',*,*,#601,.F.);
#873=ORIENTED_EDGE('',*,*,#609,.F.);
#874=ORIENTED_EDGE('',*,*,#608,.F.);
#875=ORIENTED_EDGE('',*,*,#611,.F.);
#876=ORIENTED_EDGE('',*,*,#612,.F.);
#877=ORIENTED_EDGE('',*,*,#522,.F.);
#878=ORIENTED_EDGE('',*,*,#613,.F.);
#879=ORIENTED_EDGE('',*,*,#588,.F.);
#880=ORIENTED_EDGE('',*,*,#614,.T.);
#881=ORIENTED_EDGE('',*,*,#521,.F.);
#882=ORIENTED_EDGE('',*,*,#615,.F.);
#883=ORIENTED_EDGE('',*,*,#589,.F.);
#884=ORIENTED_EDGE('',*,*,#613,.T.);
#885=ORIENTED_EDGE('',*,*,#520,.F.);
#886=ORIENTED_EDGE('',*,*,#616,.F.);
#887=ORIENTED_EDGE('',*,*,#582,.F.);
#888=ORIENTED_EDGE('',*,*,#615,.T.);
#889=ORIENTED_EDGE('',*,*,#519,.F.);
#890=ORIENTED_EDGE('',*,*,#617,.F.);
#891=ORIENTED_EDGE('',*,*,#583,.F.);
#892=ORIENTED_EDGE('',*,*,#616,.T.);
#893=ORIENTED_EDGE('',*,*,#527,.F.);
#894=ORIENTED_EDGE('',*,*,#618,.T.);
#895=ORIENTED_EDGE('',*,*,#590,.F.);
#896=ORIENTED_EDGE('',*,*,#618,.F.);
#897=ORIENTED_EDGE('',*,*,#528,.F.);
#898=ORIENTED_EDGE('',*,*,#619,.T.);
#899=ORIENTED_EDGE('',*,*,#591,.F.);
#900=ORIENTED_EDGE('',*,*,#619,.F.);
#901=ORIENTED_EDGE('',*,*,#526,.F.);
#902=ORIENTED_EDGE('',*,*,#620,.F.);
#903=ORIENTED_EDGE('',*,*,#584,.F.);
#904=ORIENTED_EDGE('',*,*,#617,.T.);
#905=ORIENTED_EDGE('',*,*,#525,.F.);
#906=ORIENTED_EDGE('',*,*,#621,.F.);
#907=ORIENTED_EDGE('',*,*,#585,.F.);
#908=ORIENTED_EDGE('',*,*,#620,.T.);
#909=ORIENTED_EDGE('',*,*,#524,.F.);
#910=ORIENTED_EDGE('',*,*,#622,.F.);
#911=ORIENTED_EDGE('',*,*,#586,.F.);
#912=ORIENTED_EDGE('',*,*,#621,.T.);
#913=ORIENTED_EDGE('',*,*,#523,.F.);
#914=ORIENTED_EDGE('',*,*,#614,.F.);
#915=ORIENTED_EDGE('',*,*,#587,.F.);
#916=ORIENTED_EDGE('',*,*,#622,.T.);
#917=CYLINDRICAL_SURFACE('',#999,0.499999999999989);
#918=CYLINDRICAL_SURFACE('',#1003,0.500000000000003);
#919=CYLINDRICAL_SURFACE('',#1009,0.499999999999989);
#920=CYLINDRICAL_SURFACE('',#1013,0.500000000000002);
#921=CYLINDRICAL_SURFACE('',#1066,7.45);
#922=CYLINDRICAL_SURFACE('',#1067,7.45);
#923=CYLINDRICAL_SURFACE('',#1073,6.45);
#924=CYLINDRICAL_SURFACE('',#1081,2.);
#925=CYLINDRICAL_SURFACE('',#1083,1.99999999999999);
#926=CYLINDRICAL_SURFACE('',#1085,1.6);
#927=CYLINDRICAL_SURFACE('',#1086,1.6);
#928=CYLINDRICAL_SURFACE('',#1087,2.);
#929=CYLINDRICAL_SURFACE('',#1089,2.);
#930=ADVANCED_FACE('',(#105),#917,.F.);
#931=ADVANCED_FACE('',(#106),#84,.F.);
#932=ADVANCED_FACE('',(#107),#918,.F.);
#933=ADVANCED_FACE('',(#108),#85,.F.);
#934=ADVANCED_FACE('',(#109),#86,.F.);
#935=ADVANCED_FACE('',(#110),#87,.F.);
#936=ADVANCED_FACE('',(#111),#919,.F.);
#937=ADVANCED_FACE('',(#112),#88,.F.);
#938=ADVANCED_FACE('',(#113),#920,.F.);
#939=ADVANCED_FACE('',(#114),#89,.F.);
#940=ADVANCED_FACE('',(#115),#90,.F.);
#941=ADVANCED_FACE('',(#116),#91,.F.);
#942=ADVANCED_FACE('',(#117),#27,.F.);
#943=ADVANCED_FACE('',(#118),#28,.F.);
#944=ADVANCED_FACE('',(#119,#20,#21,#22),#92,.F.);
#945=ADVANCED_FACE('',(#120),#29,.T.);
#946=ADVANCED_FACE('',(#121),#30,.T.);
#947=ADVANCED_FACE('',(#122),#31,.T.);
#948=ADVANCED_FACE('',(#123),#32,.T.);
#949=ADVANCED_FACE('',(#124),#33,.T.);
#950=ADVANCED_FACE('',(#125),#34,.T.);
#951=ADVANCED_FACE('',(#126),#35,.T.);
#952=ADVANCED_FACE('',(#127),#36,.T.);
#953=ADVANCED_FACE('',(#128),#37,.T.);
#954=ADVANCED_FACE('',(#129),#38,.T.);
#955=ADVANCED_FACE('',(#130),#39,.T.);
#956=ADVANCED_FACE('',(#131),#40,.T.);
#957=ADVANCED_FACE('',(#132),#93,.T.);
#958=ADVANCED_FACE('',(#133),#16,.T.);
#959=ADVANCED_FACE('',(#134),#17,.T.);
#960=ADVANCED_FACE('',(#135),#41,.F.);
#961=ADVANCED_FACE('',(#136),#18,.T.);
#962=ADVANCED_FACE('',(#137),#19,.T.);
#963=ADVANCED_FACE('',(#138),#94,.T.);
#964=ADVANCED_FACE('',(#139,#23,#24,#25),#95,.T.);
#965=ADVANCED_FACE('',(#140),#15,.T.);
#966=ADVANCED_FACE('',(#141),#921,.T.);
#967=ADVANCED_FACE('',(#142),#922,.T.);
#968=ADVANCED_FACE('',(#143,#26),#96,.F.);
#969=ADVANCED_FACE('',(#144),#97,.T.);
#970=ADVANCED_FACE('',(#145),#923,.F.);
#971=ADVANCED_FACE('',(#146),#98,.T.);
#972=ADVANCED_FACE('',(#147),#99,.T.);
#973=ADVANCED_FACE('',(#148),#100,.T.);
#974=ADVANCED_FACE('',(#149),#42,.T.);
#975=ADVANCED_FACE('',(#150),#924,.T.);
#976=ADVANCED_FACE('',(#151),#101,.T.);
#977=ADVANCED_FACE('',(#152),#925,.T.);
#978=ADVANCED_FACE('',(#153),#102,.T.);
#979=ADVANCED_FACE('',(#154),#926,.F.);
#980=ADVANCED_FACE('',(#155),#927,.F.);
#981=ADVANCED_FACE('',(#156),#928,.T.);
#982=ADVANCED_FACE('',(#157),#103,.T.);
#983=ADVANCED_FACE('',(#158),#929,.T.);
#984=ADVANCED_FACE('',(#159),#104,.T.);
#985=CLOSED_SHELL('',(#930,#931,#932,#933,#934,#935,#936,#937,#938,#939,
#940,#941,#942,#943,#944,#945,#946,#947,#948,#949,#950,#951,#952,#953,#954,
#955,#956,#957,#958,#959,#960,#961,#962,#963,#964,#965,#966,#967,#968,#969,
#970,#971,#972,#973,#974,#975,#976,#977,#978,#979,#980,#981,#982,#983,#984));
#986=DERIVED_UNIT_ELEMENT(#988,1.);
#987=DERIVED_UNIT_ELEMENT(#4232,-3.);
#988=(
MASS_UNIT()
NAMED_UNIT(*)
SI_UNIT(.KILO.,.GRAM.)
);
#989=DERIVED_UNIT((#986,#987));
#990=MEASURE_REPRESENTATION_ITEM('density measure',
POSITIVE_RATIO_MEASURE(7850.),#989);
#991=PROPERTY_DEFINITION_REPRESENTATION(#996,#993);
#992=PROPERTY_DEFINITION_REPRESENTATION(#997,#994);
#993=REPRESENTATION('material name',(#995),#4229);
#994=REPRESENTATION('density',(#990),#4229);
#995=DESCRIPTIVE_REPRESENTATION_ITEM('Steel','Steel');
#996=PROPERTY_DEFINITION('material property','material name',#4239);
#997=PROPERTY_DEFINITION('material property','density of part',#4239);
#998=AXIS2_PLACEMENT_3D('',#1330,#1091,#1092);
#999=AXIS2_PLACEMENT_3D('',#1331,#1093,#1094);
#1000=AXIS2_PLACEMENT_3D('',#1334,#1095,#1096);
#1001=AXIS2_PLACEMENT_3D('',#1338,#1098,#1099);
#1002=AXIS2_PLACEMENT_3D('',#1340,#1101,#1102);
#1003=AXIS2_PLACEMENT_3D('',#1346,#1106,#1107);
#1004=AXIS2_PLACEMENT_3D('',#1348,#1108,#1109);
#1005=AXIS2_PLACEMENT_3D('',#1351,#1111,#1112);
#1006=AXIS2_PLACEMENT_3D('',#1352,#1113,#1114);
#1007=AXIS2_PLACEMENT_3D('',#1358,#1118,#1119);
#1008=AXIS2_PLACEMENT_3D('',#1580,#1121,#1122);
#1009=AXIS2_PLACEMENT_3D('',#1584,#1125,#1126);
#1010=AXIS2_PLACEMENT_3D('',#1587,#1127,#1128);
#1011=AXIS2_PLACEMENT_3D('',#1591,#1130,#1131);
#1012=AXIS2_PLACEMENT_3D('',#1593,#1133,#1134);
#1013=AXIS2_PLACEMENT_3D('',#1599,#1138,#1139);
#1014=AXIS2_PLACEMENT_3D('',#1601,#1140,#1141);
#1015=AXIS2_PLACEMENT_3D('',#1604,#1143,#1144);
#1016=AXIS2_PLACEMENT_3D('',#1605,#1145,#1146);
#1017=AXIS2_PLACEMENT_3D('',#1611,#1150,#1151);
#1018=AXIS2_PLACEMENT_3D('',#1638,#1153,#1154);
#1019=AXIS2_PLACEMENT_3D('',#1822,#1157,#1158);
#1020=AXIS2_PLACEMENT_3D('',#1827,#1160,#1161);
#1021=AXIS2_PLACEMENT_3D('',#1831,#1163,#1164);
#1022=AXIS2_PLACEMENT_3D('',#1835,#1166,#1167);
#1023=AXIS2_PLACEMENT_3D('',#1838,#1169,#1170);
#1024=AXIS2_PLACEMENT_3D('',#1840,#1171,#1172);
#1025=AXIS2_PLACEMENT_3D('',#1842,#1173,#1174);
#1026=AXIS2_PLACEMENT_3D('',#1865,#1175,#1176);
#1027=AXIS2_PLACEMENT_3D('',#1873,#1177,#1178);
#1028=AXIS2_PLACEMENT_3D('',#2026,#1179,#1180);
#1029=AXIS2_PLACEMENT_3D('',#2084,#1181,#1182);
#1030=AXIS2_PLACEMENT_3D('',#2113,#1183,#1184);
#1031=AXIS2_PLACEMENT_3D('',#2114,#1185,#1186);
#1032=AXIS2_PLACEMENT_3D('',#2249,#1187,#1188);
#1033=AXIS2_PLACEMENT_3D('',#2305,#1190,#1191);
#1034=AXIS2_PLACEMENT_3D('',#2313,#1192,#1193);
#1035=AXIS2_PLACEMENT_3D('',#2341,#1194,#1195);
#1036=AXIS2_PLACEMENT_3D('',#2349,#1196,#1197);
#1037=AXIS2_PLACEMENT_3D('',#2562,#1198,#1199);
#1038=AXIS2_PLACEMENT_3D('',#2563,#1200,#1201);
#1039=AXIS2_PLACEMENT_3D('',#2686,#1202,#1203);
#1040=AXIS2_PLACEMENT_3D('',#2733,#1205,#1206);
#1041=AXIS2_PLACEMENT_3D('',#2754,#1207,#1208);
#1042=AXIS2_PLACEMENT_3D('',#2759,#1209,#1210);
#1043=AXIS2_PLACEMENT_3D('',#2765,#1214,#1215);
#1044=AXIS2_PLACEMENT_3D('',#2766,#1216,#1217);
#1045=AXIS2_PLACEMENT_3D('',#2767,#1218,#1219);
#1046=AXIS2_PLACEMENT_3D('',#2770,#1221,#1222);
#1047=AXIS2_PLACEMENT_3D('',#2896,#1223,#1224);
#1048=AXIS2_PLACEMENT_3D('',#2897,#1225,#1226);
#1049=AXIS2_PLACEMENT_3D('',#2898,#1227,#1228);
#1050=AXIS2_PLACEMENT_3D('',#2899,#1229,#1230);
#1051=AXIS2_PLACEMENT_3D('',#2901,#1231,#1232);
#1052=AXIS2_PLACEMENT_3D('',#2903,#1234,#1235);
#1053=AXIS2_PLACEMENT_3D('',#2905,#1237,#1238);
#1054=AXIS2_PLACEMENT_3D('',#2908,#1239,#1240);
#1055=AXIS2_PLACEMENT_3D('',#2912,#1242,#1243);
#1056=AXIS2_PLACEMENT_3D('',#2916,#1245,#1246);
#1057=AXIS2_PLACEMENT_3D('',#2920,#1248,#1249);
#1058=AXIS2_PLACEMENT_3D('',#2923,#1251,#1252);
#1059=AXIS2_PLACEMENT_3D('',#2925,#1253,#1254);
#1060=AXIS2_PLACEMENT_3D('',#2926,#1255,#1256);
#1061=AXIS2_PLACEMENT_3D('',#2929,#1257,#1258);
#1062=AXIS2_PLACEMENT_3D('',#2930,#1259,#1260);
#1063=AXIS2_PLACEMENT_3D('',#2932,#1261,#1262);
#1064=AXIS2_PLACEMENT_3D('',#2934,#1263,#1264);
#1065=AXIS2_PLACEMENT_3D('',#2935,#1265,#1266);
#1066=AXIS2_PLACEMENT_3D('',#2936,#1267,#1268);
#1067=AXIS2_PLACEMENT_3D('',#2938,#1270,#1271);
#1068=AXIS2_PLACEMENT_3D('',#2940,#1272,#1273);
#1069=AXIS2_PLACEMENT_3D('',#2942,#1275,#1276);
#1070=AXIS2_PLACEMENT_3D('',#2944,#1277,#1278);
#1071=AXIS2_PLACEMENT_3D('',#2945,#1279,#1280);
#1072=AXIS2_PLACEMENT_3D('',#2956,#1281,#1282);
#1073=AXIS2_PLACEMENT_3D('',#2957,#1283,#1284);
#1074=AXIS2_PLACEMENT_3D('',#2961,#1286,#1287);
#1075=AXIS2_PLACEMENT_3D('',#2963,#1288,#1289);
#1076=AXIS2_PLACEMENT_3D('',#2964,#1290,#1291);
#1077=AXIS2_PLACEMENT_3D('',#2965,#1292,#1293);
#1078=AXIS2_PLACEMENT_3D('',#2966,#1294,#1295);
#1079=AXIS2_PLACEMENT_3D('',#2975,#1296,#1297);
#1080=AXIS2_PLACEMENT_3D('',#2998,#1298,#1299);
#1081=AXIS2_PLACEMENT_3D('',#4207,#1300,#1301);
#1082=AXIS2_PLACEMENT_3D('',#4210,#1304,#1305);
#1083=AXIS2_PLACEMENT_3D('',#4212,#1307,#1308);
#1084=AXIS2_PLACEMENT_3D('',#4214,#1310,#1311);
#1085=AXIS2_PLACEMENT_3D('',#4216,#1313,#1314);
#1086=AXIS2_PLACEMENT_3D('',#4218,#1316,#1317);
#1087=AXIS2_PLACEMENT_3D('',#4220,#1319,#1320);
#1088=AXIS2_PLACEMENT_3D('',#4222,#1322,#1323);
#1089=AXIS2_PLACEMENT_3D('',#4224,#1325,#1326);
#1090=AXIS2_PLACEMENT_3D('',#4226,#1328,#1329);
#1091=DIRECTION('axis',(0.,0.,1.));
#1092=DIRECTION('refdir',(1.,0.,0.));
#1093=DIRECTION('center_axis',(-1.,0.,0.));
#1094=DIRECTION('ref_axis',(0.,-0.707106781186548,0.707106781186548));
#1095=DIRECTION('center_axis',(-1.,2.53504783507548E-39,-4.74394995525215E-16));
#1096=DIRECTION('ref_axis',(0.,-0.707106781186548,0.707106781186548));
#1097=DIRECTION('',(-1.,0.,0.));
#1098=DIRECTION('center_axis',(-1.,0.,-4.74394995525215E-16));
#1099=DIRECTION('ref_axis',(0.,-0.707106781186548,0.707106781186548));
#1100=DIRECTION('',(1.,0.,0.));
#1101=DIRECTION('center_axis',(0.,-1.,8.88178419700125E-16));
#1102=DIRECTION('ref_axis',(-4.74394995525215E-16,8.88178419700125E-16,
1.));
#1103=DIRECTION('',(-4.74394995525215E-16,8.88178419700125E-16,1.));
#1104=DIRECTION('',(1.,0.,0.));
#1105=DIRECTION('',(-4.74394995525215E-16,8.88178419700125E-16,1.));
#1106=DIRECTION('center_axis',(-1.,0.,0.));
#1107=DIRECTION('ref_axis',(0.,-0.707106781186548,-0.707106781186548));
#1108=DIRECTION('center_axis',(-1.,2.53504783507548E-39,-4.74394995525215E-16));
#1109=DIRECTION('ref_axis',(0.,-0.707106781186548,-0.707106781186548));
#1110=DIRECTION('',(-1.,0.,0.));
#1111=DIRECTION('center_axis',(-1.,0.,-4.74394995525215E-16));
#1112=DIRECTION('ref_axis',(0.,-0.707106781186548,-0.707106781186548));
#1113=DIRECTION('center_axis',(0.,2.34695317228469E-32,-1.));
#1114=DIRECTION('ref_axis',(-2.53506323822476E-39,-1.,-2.34695317228469E-32));
#1115=DIRECTION('',(2.53506323822476E-39,1.,2.34695317228469E-32));
#1116=DIRECTION('',(-1.,-2.77555756156289E-16,0.));
#1117=DIRECTION('',(-1.11338283966388E-47,1.,2.34695317228469E-32));
#1118=DIRECTION('center_axis',(1.,-2.53504783507548E-39,4.74394995525215E-16));
#1119=DIRECTION('ref_axis',(2.53504782394165E-39,1.,2.34695317228469E-32));
#1120=DIRECTION('',(-2.53506323822476E-39,-1.,-2.34695317228469E-32));
#1121=DIRECTION('center_axis',(0.,-2.34695317228469E-32,1.));
#1122=DIRECTION('ref_axis',(2.53506323822476E-39,1.,2.34695317228469E-32));
#1123=DIRECTION('',(1.11338283966388E-47,-1.,-2.34695317228469E-32));
#1124=DIRECTION('',(1.,0.,0.));
#1125=DIRECTION('center_axis',(-1.,0.,0.));
#1126=DIRECTION('ref_axis',(0.,0.707106781186548,-0.707106781186548));
#1127=DIRECTION('center_axis',(-1.,2.53504783507548E-39,-4.74394995525215E-16));
#1128=DIRECTION('ref_axis',(0.,0.707106781186548,-0.707106781186548));
#1129=DIRECTION('',(-1.,0.,0.));
#1130=DIRECTION('center_axis',(-1.,0.,-4.74394995525215E-16));
#1131=DIRECTION('ref_axis',(0.,0.707106781186548,-0.707106781186548));
#1132=DIRECTION('',(1.,0.,0.));
#1133=DIRECTION('center_axis',(0.,1.,2.34695317228469E-32));
#1134=DIRECTION('ref_axis',(4.74394995525215E-16,2.34695317228469E-32,-1.));
#1135=DIRECTION('',(4.74394995525215E-16,2.34695317228469E-32,-1.));
#1136=DIRECTION('',(1.,0.,0.));
#1137=DIRECTION('',(4.74394995525215E-16,2.34695317228469E-32,-1.));
#1138=DIRECTION('center_axis',(-1.,0.,0.));
#1139=DIRECTION('ref_axis',(0.,0.707106781186557,0.707106781186538));
#1140=DIRECTION('center_axis',(-1.,2.53504783507548E-39,-4.74394995525215E-16));
#1141=DIRECTION('ref_axis',(0.,0.707106781186557,0.707106781186538));
#1142=DIRECTION('',(-1.,0.,0.));
#1143=DIRECTION('center_axis',(-1.,0.,-4.74394995525215E-16));
#1144=DIRECTION('ref_axis',(0.,0.707106781186557,0.707106781186538));
#1145=DIRECTION('center_axis',(0.,-2.34695317228469E-32,1.));
#1146=DIRECTION('ref_axis',(2.53506323822476E-39,1.,2.34695317228469E-32));
#1147=DIRECTION('',(-2.53506323822476E-39,-1.,-2.34695317228469E-32));
#1148=DIRECTION('',(-1.,0.,0.));
#1149=DIRECTION('',(1.11338283966388E-47,-1.,-2.34695317228469E-32));
#1150=DIRECTION('center_axis',(1.,-2.53504783507548E-39,4.74394995525215E-16));
#1151=DIRECTION('ref_axis',(2.53504782394165E-39,1.,2.34695317228469E-32));
#1152=DIRECTION('',(2.53506323822476E-39,1.,2.34695317228469E-32));
#1153=DIRECTION('center_axis',(0.,2.34695317228469E-32,-1.));
#1154=DIRECTION('ref_axis',(-2.53506323822476E-39,-1.,-2.34695317228469E-32));
#1155=DIRECTION('',(-1.11338283966388E-47,1.,2.34695317228469E-32));
#1156=DIRECTION('',(1.,2.77555756156289E-16,0.));
#1157=DIRECTION('center_axis',(1.,0.,4.74394995525215E-16));
#1158=DIRECTION('ref_axis',(4.74394995525215E-16,0.,-1.));
#1159=DIRECTION('',(-4.74394995525215E-16,-2.34695317228469E-32,1.));
#1160=DIRECTION('center_axis',(-1.,0.,-4.74394995525215E-16));
#1161=DIRECTION('ref_axis',(0.,-2.34695317228469E-32,1.));
#1162=DIRECTION('',(-1.11338283966388E-47,1.,2.34695317228469E-32));
#1163=DIRECTION('center_axis',(-1.,0.,-4.74394995525215E-16));
#1164=DIRECTION('ref_axis',(0.,1.,2.34695317228469E-32));
#1165=DIRECTION('',(4.74394995525215E-16,2.34695317228469E-32,-1.));
#1166=DIRECTION('center_axis',(-1.,0.,-4.74394995525215E-16));
#1167=DIRECTION('ref_axis',(0.,2.34695317228469E-32,-1.));
#1168=DIRECTION('',(1.11338283966388E-47,-1.,-2.34695317228469E-32));
#1169=DIRECTION('center_axis',(-1.,0.,-4.74394995525215E-16));
#1170=DIRECTION('ref_axis',(0.,-1.,-2.34695317228469E-32));
#1171=DIRECTION('center_axis',(1.,0.,4.74394995525215E-16));
#1172=DIRECTION('ref_axis',(0.,1.,2.34695317228469E-32));
#1173=DIRECTION('center_axis',(1.,0.,4.74394995525215E-16));
#1174=DIRECTION('ref_axis',(0.,1.,2.34695317228469E-32));
#1175=DIRECTION('center_axis',(-0.00309240511841442,0.00309240511835164,
0.999990436984858));
#1176=DIRECTION('ref_axis',(-0.70710678118655,-0.707106781186545,-4.44089209850063E-14));
#1177=DIRECTION('center_axis',(-0.074720794096219,-0.910288749843596,-0.407174649060834));
#1178=DIRECTION('ref_axis',(-0.165688691833851,-0.391307482606133,0.905221360472033));
#1179=DIRECTION('center_axis',(0.00309240511840092,-0.00309240511840093,
0.999990436984858));
#1180=DIRECTION('ref_axis',(-0.707106781186549,-0.707106781186546,0.));
#1181=DIRECTION('center_axis',(-0.0747207940962221,-0.910288749843596,0.407174649060834));
#1182=DIRECTION('ref_axis',(-0.707106781186538,-0.23954574812806,-0.665295298761221));
#1183=DIRECTION('center_axis',(-0.0912041555127856,-0.992464493402872,-0.0818292817503642));
#1184=DIRECTION('ref_axis',(-0.077374981100158,-0.0748608510909203,0.994187590585244));
#1185=DIRECTION('center_axis',(1.,-2.53506324935859E-39,4.74394995525215E-16));
#1186=DIRECTION('ref_axis',(4.74394995525215E-16,-3.70074341541722E-15,
-1.));
#1187=DIRECTION('center_axis',(0.0912041555127835,-0.992464493402872,0.0818292817503608));
#1188=DIRECTION('ref_axis',(-0.0773749811001532,0.0748608510909175,0.994187590585245));
#1189=DIRECTION('',(2.53506323822476E-39,1.,2.34695317228469E-32));
#1190=DIRECTION('center_axis',(-0.00309240511840995,-0.00309240511835029,
-0.999990436984858));
#1191=DIRECTION('ref_axis',(-0.707106781186548,0.707106781186547,4.21884749357559E-14));
#1192=DIRECTION('center_axis',(-0.0747207940962328,0.910288749843707,0.407174649060584));
#1193=DIRECTION('ref_axis',(-0.165688691833783,0.391307482605892,-0.905221360472149));
#1194=DIRECTION('center_axis',(-0.0747207940962315,0.910288749843704,-0.407174649060591));
#1195=DIRECTION('ref_axis',(-0.707106781186532,0.239545748127879,0.665295298761292));
#1196=DIRECTION('center_axis',(-0.00309240511840206,-0.00309240511839895,
0.999990436984858));
#1197=DIRECTION('ref_axis',(-0.289718953498197,0.957109538380216,0.00206386179740115));
#1198=DIRECTION('center_axis',(-0.0912041555127856,0.992464493402872,0.0818292817503657));
#1199=DIRECTION('ref_axis',(-0.0773749811001535,0.0748608510909222,-0.994187590585245));
#1200=DIRECTION('center_axis',(1.,-2.53506324935859E-39,4.74394995525215E-16));
#1201=DIRECTION('ref_axis',(-4.74394995525215E-16,-2.34695317228469E-32,
1.));
#1202=DIRECTION('center_axis',(0.0912041555127941,0.99246449340287,-0.0818292817503721));
#1203=DIRECTION('ref_axis',(-0.0773749811001555,-0.0748608510909279,-0.994187590585244));
#1204=DIRECTION('',(-2.53506323822476E-39,-1.,-2.34695317228469E-32));
#1205=DIRECTION('center_axis',(1.,-2.53506324935859E-39,4.74394995525215E-16));
#1206=DIRECTION('ref_axis',(-2.80898265212994E-30,-1.,5.92118946466747E-15));
#1207=DIRECTION('center_axis',(1.,-2.53506324935859E-39,4.74394995525215E-16));
#1208=DIRECTION('ref_axis',(2.53506323822476E-39,1.,2.34695317228469E-32));
#1209=DIRECTION('center_axis',(0.707106781186549,0.707106781186546,-1.35579819308293E-16));
#1210=DIRECTION('ref_axis',(-1.91738819249881E-16,0.,-1.));
#1211=DIRECTION('',(0.707106781186544,-0.707106781186551,-4.39625888431462E-14));
#1212=DIRECTION('',(-4.74394995525215E-16,6.66133814775098E-16,1.));
#1213=DIRECTION('',(0.70710678118654,-0.707106781186555,0.));
#1214=DIRECTION('center_axis',(-1.,0.,0.));
#1215=DIRECTION('ref_axis',(2.9649687220326E-16,-3.70074341541722E-15,-1.));
#1216=DIRECTION('center_axis',(1.,-2.53506324935859E-39,4.74394995525215E-16));
#1217=DIRECTION('ref_axis',(4.74394995525215E-16,-3.70074341541722E-15,
-1.));
#1218=DIRECTION('center_axis',(-1.,0.,0.));
#1219=DIRECTION('ref_axis',(-1.75561415758121E-30,-1.,5.92118946466747E-15));
#1220=DIRECTION('',(0.707106781186543,0.707106781186552,0.));
#1221=DIRECTION('center_axis',(1.,-2.53506324935859E-39,4.74394995525215E-16));
#1222=DIRECTION('ref_axis',(-2.80898265212994E-30,-1.,5.92118946466747E-15));
#1223=DIRECTION('center_axis',(-1.,6.83787615284967E-48,-4.74394995525215E-16));
#1224=DIRECTION('ref_axis',(-4.29595224378918E-48,1.,2.34695317228469E-32));
#1225=DIRECTION('center_axis',(-1.,0.,0.));
#1226=DIRECTION('ref_axis',(1.58441452389048E-39,1.,2.34695317228469E-32));
#1227=DIRECTION('center_axis',(1.,-2.53506324935859E-39,4.74394995525215E-16));
#1228=DIRECTION('ref_axis',(2.53506323822476E-39,1.,2.34695317228469E-32));
#1229=DIRECTION('center_axis',(-1.,0.,0.));
#1230=DIRECTION('ref_axis',(-2.9649687220326E-16,-2.34695317228469E-32,
1.));
#1231=DIRECTION('center_axis',(1.,-2.53506324935859E-39,4.74394995525215E-16));
#1232=DIRECTION('ref_axis',(-4.74394995525215E-16,-2.34695317228469E-32,
1.));
#1233=DIRECTION('',(0.707106781186544,0.707106781186551,4.39625888431462E-14));
#1234=DIRECTION('center_axis',(0.707106781186549,-0.707106781186546,1.59152188524387E-15));
#1235=DIRECTION('ref_axis',(2.25075183492547E-15,0.,-1.));
#1236=DIRECTION('',(4.74394995525215E-16,-1.77635683940026E-15,-1.));
#1237=DIRECTION('center_axis',(1.,-2.53506324935859E-39,4.74394995525215E-16));
#1238=DIRECTION('ref_axis',(2.53506323822476E-39,1.,2.34695317228469E-32));
#1239=DIRECTION('center_axis',(1.,-2.53506324935859E-39,4.74394995525215E-16));
#1240=DIRECTION('ref_axis',(-4.74394995525215E-16,-2.34695317228469E-32,
1.));
#1241=DIRECTION('',(4.74394995525215E-16,2.34695317228469E-32,-1.));
#1242=DIRECTION('center_axis',(1.,-2.53506324935859E-39,4.74394995525215E-16));
#1243=DIRECTION('ref_axis',(-2.53506323822476E-39,-1.,-2.34695317228469E-32));
#1244=DIRECTION('',(2.53506323822476E-39,1.,2.34695317228469E-32));
#1245=DIRECTION('center_axis',(1.,-2.53506324935859E-39,4.74394995525215E-16));
#1246=DIRECTION('ref_axis',(4.74394995525215E-16,2.34695317228469E-32,-1.));
#1247=DIRECTION('',(-4.74394995525215E-16,-2.34695317228469E-32,1.));
#1248=DIRECTION('center_axis',(1.,-2.53506324935859E-39,4.74394995525215E-16));
#1249=DIRECTION('ref_axis',(2.53506323822476E-39,1.,2.34695317228469E-32));
#1250=DIRECTION('',(-2.53506323822476E-39,-1.,-2.34695317228469E-32));
#1251=DIRECTION('center_axis',(-1.,2.53506324935859E-39,-4.74394995525215E-16));
#1252=DIRECTION('ref_axis',(2.53506323822476E-39,1.,2.34695317228469E-32));
#1253=DIRECTION('center_axis',(-1.,2.53506324935859E-39,-4.74394995525215E-16));
#1254=DIRECTION('ref_axis',(2.53506323822476E-39,1.,2.34695317228469E-32));
#1255=DIRECTION('center_axis',(1.,0.,0.));
#1256=DIRECTION('ref_axis',(0.,-1.,0.));
#1257=DIRECTION('center_axis',(1.,4.85686339722342E-48,4.74394995525215E-16));
#1258=DIRECTION('ref_axis',(0.,1.,2.34695317228469E-32));
#1259=DIRECTION('center_axis',(1.,4.85686339722342E-48,4.74394995525215E-16));
#1260=DIRECTION('ref_axis',(0.,1.,2.34695317228469E-32));
#1261=DIRECTION('center_axis',(0.,0.,1.));
#1262=DIRECTION('ref_axis',(0.,1.,0.));
#1263=DIRECTION('center_axis',(-1.,-4.85686339722342E-48,-4.74394995525215E-16));
#1264=DIRECTION('ref_axis',(0.,1.,2.34695317228469E-32));
#1265=DIRECTION('center_axis',(-1.,-4.85686339722342E-48,-4.74394995525215E-16));
#1266=DIRECTION('ref_axis',(0.,1.,2.34695317228469E-32));
#1267=DIRECTION('center_axis',(1.,0.,0.));
#1268=DIRECTION('ref_axis',(0.,1.,2.34695317228469E-32));
#1269=DIRECTION('',(-1.,0.,0.));
#1270=DIRECTION('center_axis',(1.,0.,0.));
#1271=DIRECTION('ref_axis',(0.,1.,2.34695317228469E-32));
#1272=DIRECTION('center_axis',(1.,-6.83787615284967E-48,4.74394995525215E-16));
#1273=DIRECTION('ref_axis',(-4.29595224378918E-48,1.,2.34695317228469E-32));
#1274=DIRECTION('',(-1.,0.,0.));
#1275=DIRECTION('center_axis',(-1.,6.83787615284967E-48,-4.74394995525215E-16));
#1276=DIRECTION('ref_axis',(-4.74394995525215E-16,0.,1.));
#1277=DIRECTION('center_axis',(-1.,6.83787615284967E-48,-4.74394995525215E-16));
#1278=DIRECTION('ref_axis',(0.,1.,0.));
#1279=DIRECTION('center_axis',(1.,-6.83787615284967E-48,4.74394995525215E-16));
#1280=DIRECTION('ref_axis',(6.83787615284967E-48,1.,0.));
#1281=DIRECTION('center_axis',(-1.,6.83787615284967E-48,-4.74394995525215E-16));
#1282=DIRECTION('ref_axis',(6.83787615284967E-48,1.,0.));
#1283=DIRECTION('center_axis',(-1.,0.,0.));
#1284=DIRECTION('ref_axis',(0.,1.,0.));
#1285=DIRECTION('',(-1.,0.,0.));
#1286=DIRECTION('center_axis',(1.,-6.83787615284967E-48,4.74394995525215E-16));
#1287=DIRECTION('ref_axis',(0.,1.,0.));
#1288=DIRECTION('center_axis',(-1.,6.83787615284967E-48,-4.74394995525215E-16));
#1289=DIRECTION('ref_axis',(6.83787615284967E-48,1.,0.));
#1290=DIRECTION('center_axis',(1.,-6.83787615284967E-48,4.74394995525215E-16));
#1291=DIRECTION('ref_axis',(0.,1.,0.));
#1292=DIRECTION('center_axis',(1.,-6.83787615284967E-48,4.74394995525215E-16));
#1293=DIRECTION('ref_axis',(0.,1.,0.));
#1294=DIRECTION('center_axis',(1.,-6.83787615284967E-48,4.74394995525215E-16));
#1295=DIRECTION('ref_axis',(6.83787615284967E-48,1.,0.));
#1296=DIRECTION('center_axis',(-1.,6.83787615284967E-48,-4.74394995525215E-16));
#1297=DIRECTION('ref_axis',(-4.74394995525215E-16,0.,1.));
#1298=DIRECTION('center_axis',(-1.,6.83787615284967E-48,-4.74394995525215E-16));
#1299=DIRECTION('ref_axis',(-4.74394995525215E-16,0.,1.));
#1300=DIRECTION('center_axis',(-1.,0.,0.));
#1301=DIRECTION('ref_axis',(0.,1.,2.34695317228469E-32));
#1302=DIRECTION('',(-1.,0.,0.));
#1303=DIRECTION('',(-1.,0.,0.));
#1304=DIRECTION('center_axis',(0.,-2.34695317228469E-32,1.));
#1305=DIRECTION('ref_axis',(2.53506323822476E-39,1.,2.34695317228469E-32));
#1306=DIRECTION('',(-1.,0.,0.));
#1307=DIRECTION('center_axis',(-1.,0.,0.));
#1308=DIRECTION('ref_axis',(0.,-2.34695317228469E-32,1.));
#1309=DIRECTION('',(-1.,0.,0.));
#1310=DIRECTION('center_axis',(0.,-1.,-2.34695317228469E-32));
#1311=DIRECTION('ref_axis',(-4.74394995525215E-16,-2.34695317228469E-32,
1.));
#1312=DIRECTION('',(-1.,0.,0.));
#1313=DIRECTION('center_axis',(-1.,0.,0.));
#1314=DIRECTION('ref_axis',(0.,1.,2.34695317228469E-32));
#1315=DIRECTION('',(1.,0.,0.));
#1316=DIRECTION('center_axis',(-1.,0.,0.));
#1317=DIRECTION('ref_axis',(0.,1.,2.34695317228469E-32));
#1318=DIRECTION('',(1.,0.,0.));
#1319=DIRECTION('center_axis',(-1.,0.,0.));
#1320=DIRECTION('ref_axis',(0.,-1.,-2.34695317228469E-32));
#1321=DIRECTION('',(-1.,0.,0.));
#1322=DIRECTION('center_axis',(0.,2.34695317228469E-32,-1.));
#1323=DIRECTION('ref_axis',(-2.53506323822476E-39,-1.,-2.34695317228469E-32));
#1324=DIRECTION('',(-1.,0.,0.));
#1325=DIRECTION('center_axis',(-1.,0.,0.));
#1326=DIRECTION('ref_axis',(0.,2.34695317228469E-32,-1.));
#1327=DIRECTION('',(-1.,0.,0.));
#1328=DIRECTION('center_axis',(0.,1.,2.34695317228469E-32));
#1329=DIRECTION('ref_axis',(4.74394995525215E-16,2.34695317228469E-32,-1.));
#1330=CARTESIAN_POINT('',(0.,0.,0.));
#1331=CARTESIAN_POINT('Origin',(40.0562179868964,-22.756716094742,68.0833076905287));
#1332=CARTESIAN_POINT('',(41.0562179868964,-23.256716094742,68.0833076905287));
#1333=CARTESIAN_POINT('',(41.0562179868964,-22.756716094742,68.5833076905287));
#1334=CARTESIAN_POINT('Origin',(41.0562179868964,-22.756716094742,68.0833076905287));
#1335=CARTESIAN_POINT('',(37.0562179868964,-23.256716094742,68.0833076905287));
#1336=CARTESIAN_POINT('',(40.0562179868964,-23.256716094742,68.0833076905287));
#1337=CARTESIAN_POINT('',(37.0562179868964,-22.756716094742,68.5833076905287));
#1338=CARTESIAN_POINT('Origin',(37.0562179868964,-22.756716094742,68.0833076905287));
#1339=CARTESIAN_POINT('',(40.0562179868964,-22.756716094742,68.5833076905287));
#1340=CARTESIAN_POINT('Origin',(40.0562179868964,-23.256716094742,58.0833076905287));
#1341=CARTESIAN_POINT('',(41.0562179868964,-23.256716094742,58.0833076905287));
#1342=CARTESIAN_POINT('',(41.0562179868964,-23.256716094742,60.5833076905287));
#1343=CARTESIAN_POINT('',(37.0562179868964,-23.256716094742,58.0833076905287));
#1344=CARTESIAN_POINT('',(40.0562179868964,-23.256716094742,58.0833076905287));
#1345=CARTESIAN_POINT('',(37.0562179868964,-23.256716094742,60.5833076905287));
#1346=CARTESIAN_POINT('Origin',(40.0562179868964,-22.756716094742,58.0833076905287));
#1347=CARTESIAN_POINT('',(41.0562179868964,-22.756716094742,57.5833076905287));
#1348=CARTESIAN_POINT('Origin',(41.0562179868964,-22.756716094742,58.0833076905287));
#1349=CARTESIAN_POINT('',(37.0562179868964,-22.756716094742,57.5833076905287));
#1350=CARTESIAN_POINT('',(40.0562179868964,-22.756716094742,57.5833076905287));
#1351=CARTESIAN_POINT('Origin',(37.0562179868964,-22.756716094742,58.0833076905287));
#1352=CARTESIAN_POINT('Origin',(40.0562179868964,-7.85571609474203,57.5833076905287));
#1353=CARTESIAN_POINT('',(41.0562179868964,-22.6707698158139,57.5833076905345));
#1354=CARTESIAN_POINT('',(41.0562179868964,-7.85571609474203,57.5833076905287));
#1355=CARTESIAN_POINT('',(37.0562179868964,-22.6707698158139,57.5833076905345));
#1356=CARTESIAN_POINT('',(41.0562179868964,-22.6707698158139,57.5833076905403));
#1357=CARTESIAN_POINT('',(37.0562179868964,-11.605716094742,57.5833076905287));
#1358=CARTESIAN_POINT('Origin',(41.0562179868964,-15.355716094742,63.0833076905287));
#1359=CARTESIAN_POINT('',(41.0562179868964,-22.6707698157792,68.5833076905287));
#1360=CARTESIAN_POINT('',(41.0562179868964,-22.855716094742,68.5833076905287));
#1361=CARTESIAN_POINT('',(41.0562179868965,-23.0241140431553,63.0833076905287));
#1362=CARTESIAN_POINT('Ctrl Pts',(41.0562179868964,-23.0241140431592,63.0833076905287));
#1363=CARTESIAN_POINT('Ctrl Pts',(41.0562179868964,-23.0241140431592,63.4602176507177));
#1364=CARTESIAN_POINT('Ctrl Pts',(41.0562179868964,-23.0241961655488,63.8371276113839));
#1365=CARTESIAN_POINT('Ctrl Pts',(41.0562179868964,-23.0246000979267,65.4000056590404));
#1366=CARTESIAN_POINT('Ctrl Pts',(41.0562179868964,-23.0251130871751,66.7466414462953));
#1367=CARTESIAN_POINT('Ctrl Pts',(41.0562179868964,-23.0234797885703,68.0512484588567));
#1368=CARTESIAN_POINT('Ctrl Pts',(41.0562179869,-23.0234594296061,68.080605303692));
#1369=CARTESIAN_POINT('Ctrl Pts',(41.0562179869,-23.0106308638277,68.1809966524948));
#1370=CARTESIAN_POINT('Ctrl Pts',(41.0562179868964,-22.9936675184871,68.2413803634433));
#1371=CARTESIAN_POINT('Ctrl Pts',(41.0562179868964,-22.9415201279586,68.356565711966));
#1372=CARTESIAN_POINT('Ctrl Pts',(41.0562179868964,-22.9057732925165,68.4111564614031));
#1373=CARTESIAN_POINT('Ctrl Pts',(41.0562179868964,-22.8164209925022,68.5059455979482));
#1374=CARTESIAN_POINT('Ctrl Pts',(41.0562179868964,-22.7647661316103,68.543353232264));
#1375=CARTESIAN_POINT('Ctrl Pts',(41.0562179868964,-22.6964223584836,68.5741488449804));
#1376=CARTESIAN_POINT('Ctrl Pts',(41.0562179868964,-22.6833336313462,68.5791678821462));
#1377=CARTESIAN_POINT('Ctrl Pts',(41.0562179868964,-22.6707698157792,68.5833076905286));
#1378=CARTESIAN_POINT('Ctrl Pts',(41.0566632678635,-22.6735542893131,57.5829622792433));
#1379=CARTESIAN_POINT('Ctrl Pts',(41.0566628126668,-22.6865220612419,57.5871796094203));
#1380=CARTESIAN_POINT('Ctrl Pts',(41.056649706026,-22.6992329529792,57.5921227712126));
#1381=CARTESIAN_POINT('Ctrl Pts',(41.0566628289511,-22.7117674110504,57.5977382694269));
#1382=CARTESIAN_POINT('Ctrl Pts',(41.0566643995724,-22.7132676014711,57.598410362036));
#1383=CARTESIAN_POINT('Ctrl Pts',(41.0566662967656,-22.7147652297523,57.599092084233));
#1384=CARTESIAN_POINT('Ctrl Pts',(41.0566685495281,-22.7162604075214,57.5997833436596));
#1385=CARTESIAN_POINT('Ctrl Pts',(41.0566709582814,-22.7178591177157,57.6005224688092));
#1386=CARTESIAN_POINT('Ctrl Pts',(41.0566737731117,-22.7194550247533,57.6012724975608));
#1387=CARTESIAN_POINT('Ctrl Pts',(41.0566768785966,-22.7210478657497,57.6020332464858));
#1388=CARTESIAN_POINT('Ctrl Pts',(41.0567054595196,-22.7357073690175,57.6090346994724));
#1389=CARTESIAN_POINT('Ctrl Pts',(41.0567555610098,-22.7502517115288,57.6170123482821));
#1390=CARTESIAN_POINT('Ctrl Pts',(41.0568048942677,-22.764510048125,57.6259136443749));
#1391=CARTESIAN_POINT('Ctrl Pts',(41.0568366319932,-22.7736829102257,57.6316401441685));
#1392=CARTESIAN_POINT('Ctrl Pts',(41.0568679315239,-22.7827385723026,57.6377494194992));
#1393=CARTESIAN_POINT('Ctrl Pts',(41.0568935004484,-22.7916406520913,57.6442339687599));
#1394=CARTESIAN_POINT('Ctrl Pts',(41.0569342792709,-22.8058382117976,57.6545759087876));
#1395=CARTESIAN_POINT('Ctrl Pts',(41.0569595672142,-22.8196458131417,57.6658694209773));
#1396=CARTESIAN_POINT('Ctrl Pts',(41.0569735749616,-22.8330191223746,57.6780461223022));
#1397=CARTESIAN_POINT('Ctrl Pts',(41.0569850675401,-22.8439911796451,57.6880364292619));
#1398=CARTESIAN_POINT('Ctrl Pts',(41.0569890920467,-22.8546713239567,57.6986221983506));
#1399=CARTESIAN_POINT('Ctrl Pts',(41.0569970861124,-22.8650339722819,57.7097902459896));
#1400=CARTESIAN_POINT('Ctrl Pts',(41.0569995431353,-22.8682189928757,57.7132228107748));
#1401=CARTESIAN_POINT('Ctrl Pts',(41.0570024419879,-22.8713739880924,57.7167105352218));
#1402=CARTESIAN_POINT('Ctrl Pts',(41.0570056188398,-22.8744969468316,57.7202525729337));
#1403=CARTESIAN_POINT('Ctrl Pts',(41.0570143202461,-22.8830507396473,57.72995422424));
#1404=CARTESIAN_POINT('Ctrl Pts',(41.0570319745651,-22.8912819900421,57.7399728597804));
#1405=CARTESIAN_POINT('Ctrl Pts',(41.0570445926646,-22.8991621246634,57.75026724611));
#1406=CARTESIAN_POINT('Ctrl Pts',(41.0570534266319,-22.9046790293075,57.7574743752366));
#1407=CARTESIAN_POINT('Ctrl Pts',(41.0570599285424,-22.9100240427203,57.7648169337785));
#1408=CARTESIAN_POINT('Ctrl Pts',(41.0570631397949,-22.915197350552,57.7722845968633));
#1409=CARTESIAN_POINT('Ctrl Pts',(41.0570664007161,-22.9204506744631,57.7798677630538));
#1410=CARTESIAN_POINT('Ctrl Pts',(41.0570662856372,-22.925526992564,57.7875798973548));
#1411=CARTESIAN_POINT('Ctrl Pts',(41.0570676708415,-22.9304298373799,57.7954058459406));
#1412=CARTESIAN_POINT('Ctrl Pts',(41.0570680201698,-22.9316662632602,57.7973794359139));
#1413=CARTESIAN_POINT('Ctrl Pts',(41.05706846913,-22.9328916504511,57.7993602797928));
#1414=CARTESIAN_POINT('Ctrl Pts',(41.0570687093721,-22.9341055544722,57.8013484062186));
#1415=CARTESIAN_POINT('Ctrl Pts',(41.0570689503921,-22.9353233892163,57.8033429703644));
#1416=CARTESIAN_POINT('Ctrl Pts',(41.0570689816455,-22.9365296668708,57.8053448640024));
#1417=CARTESIAN_POINT('Ctrl Pts',(41.0570687505118,-22.9377242082914,57.8073539105589));
#1418=CARTESIAN_POINT('Ctrl Pts',(41.0570682861196,-22.9401242723119,57.8113904724332));
#1419=CARTESIAN_POINT('Ctrl Pts',(41.0570667568167,-22.9424769624238,57.8154558997918));
#1420=CARTESIAN_POINT('Ctrl Pts',(41.057063996474,-22.9447815436316,57.819549204273));
#1421=CARTESIAN_POINT('Ctrl Pts',(41.057058430305,-22.9494286799081,57.82780326088));
#1422=CARTESIAN_POINT('Ctrl Pts',(41.0570477950804,-22.953880335046,57.8361704932668));
#1423=CARTESIAN_POINT('Ctrl Pts',(41.0570394069449,-22.9581417119803,57.8446388062211));
#1424=CARTESIAN_POINT('Ctrl Pts',(41.0570383527002,-22.9586772939527,57.845703127877));
#1425=CARTESIAN_POINT('Ctrl Pts',(41.0570373354562,-22.9592098678638,57.8467690497061));
#1426=CARTESIAN_POINT('Ctrl Pts',(41.057036394771,-22.9597394843311,57.8478365374589));
#1427=CARTESIAN_POINT('Ctrl Pts',(41.0570354530616,-22.9602696774279,57.8489051874585));
#1428=CARTESIAN_POINT('Ctrl Pts',(41.0570345880115,-22.9607969064926,57.8499754068322));
#1429=CARTESIAN_POINT('Ctrl Pts',(41.0570336837709,-22.9613209782113,57.8510472409972));
#1430=CARTESIAN_POINT('Ctrl Pts',(41.0570327785801,-22.961845600657,57.852120201512));
#1431=CARTESIAN_POINT('Ctrl Pts',(41.057031834186,-22.9623670592701,57.8531947801759));
#1432=CARTESIAN_POINT('Ctrl Pts',(41.0570309006397,-22.9628854167603,57.8542709414586));
#1433=CARTESIAN_POINT('Ctrl Pts',(41.0570299661481,-22.963404299176,57.8553481925382));
#1434=CARTESIAN_POINT('Ctrl Pts',(41.0570290424829,-22.9639200740913,57.8564270294699));
#1435=CARTESIAN_POINT('Ctrl Pts',(41.0570280715513,-22.9644326376942,57.8575074748904));
#1436=CARTESIAN_POINT('Ctrl Pts',(41.0570241787348,-22.9664876907094,57.8618393716666));
#1437=CARTESIAN_POINT('Ctrl Pts',(41.0570195209121,-22.9684911349051,57.8661971124875));
#1438=CARTESIAN_POINT('Ctrl Pts',(41.0570155301259,-22.9704440119941,57.8705791379513));
#1439=CARTESIAN_POINT('Ctrl Pts',(41.0570115262749,-22.9724032822603,57.8749755089491));
#1440=CARTESIAN_POINT('Ctrl Pts',(41.0570081932558,-22.9743116532658,57.8793963247275));
#1441=CARTESIAN_POINT('Ctrl Pts',(41.0570068147543,-22.9761697422004,57.8838400512016));
#1442=CARTESIAN_POINT('Ctrl Pts',(41.057006728933,-22.9762854211145,57.8841167039729));
#1443=CARTESIAN_POINT('Ctrl Pts',(41.0570066507135,-22.9764009050919,57.8843934455888));
#1444=CARTESIAN_POINT('Ctrl Pts',(41.0570065796244,-22.9765161931272,57.8846702763731));
#1445=CARTESIAN_POINT('Ctrl Pts',(41.0570063641406,-22.9768656517596,57.8855093999396));
#1446=CARTESIAN_POINT('Ctrl Pts',(41.0570064523501,-22.97721224657,57.8863469906024));
#1447=CARTESIAN_POINT('Ctrl Pts',(41.0570068113952,-22.977555989718,57.8871830499897));
#1448=CARTESIAN_POINT('Ctrl Pts',(41.0570072927004,-22.9780167823983,57.8883037997358));
#1449=CARTESIAN_POINT('Ctrl Pts',(41.0570082607137,-22.9784724508371,57.8894217976309));
#1450=CARTESIAN_POINT('Ctrl Pts',(41.0570096718517,-22.9789230726233,57.8905370135079));
#1451=CARTESIAN_POINT('Ctrl Pts',(41.0570110946386,-22.9793774142968,57.891661435503));
#1452=CARTESIAN_POINT('Ctrl Pts',(41.0570129678779,-22.9798266256395,57.8927830294377));
#1453=CARTESIAN_POINT('Ctrl Pts',(41.0570152441274,-22.9802707820912,57.8939017860037));
#1454=CARTESIAN_POINT('Ctrl Pts',(41.0570163893199,-22.980494239418,57.8944646380136));
#1455=CARTESIAN_POINT('Ctrl Pts',(41.0570176366619,-22.9807164174405,57.8950267717492));
#1456=CARTESIAN_POINT('Ctrl Pts',(41.0570190359032,-22.9809374057484,57.8955881260808));
#1457=CARTESIAN_POINT('Ctrl Pts',(41.0570197376997,-22.9810482435482,57.8958696761756));
#1458=CARTESIAN_POINT('Ctrl Pts',(41.0570204776204,-22.9811587819337,57.8961510303011));
#1459=CARTESIAN_POINT('Ctrl Pts',(41.0570211961051,-22.9812689372367,57.8964322493527));
#1460=CARTESIAN_POINT('Ctrl Pts',(41.0570219160815,-22.9813793212441,57.8967140522711));
#1461=CARTESIAN_POINT('Ctrl Pts',(41.0570226146341,-22.9814893207254,57.8969957194535));
#1462=CARTESIAN_POINT('Ctrl Pts',(41.0570233310348,-22.9815989925485,57.8972772138229));
#1463=CARTESIAN_POINT('Ctrl Pts',(41.0570552044728,-22.9864784101745,57.9098012017493));
#1464=CARTESIAN_POINT('Ctrl Pts',(41.0571212289214,-22.9907117481524,57.9219792524217));
#1465=CARTESIAN_POINT('Ctrl Pts',(41.0571902033636,-22.9944358792286,57.9337767919751));
#1466=CARTESIAN_POINT('Ctrl Pts',(41.0572626943729,-22.9983498800051,57.9461758128548));
#1467=CARTESIAN_POINT('Ctrl Pts',(41.057338401686,-23.0017014009602,57.9581552576899));
#1468=CARTESIAN_POINT('Ctrl Pts',(41.0573960860824,-23.0046147767414,57.9697204893775));
#1469=CARTESIAN_POINT('Ctrl Pts',(41.0574578423221,-23.0077338027539,57.9821020910601));
#1470=CARTESIAN_POINT('Ctrl Pts',(41.0574988562602,-23.010350708796,57.9940095963203));
#1471=CARTESIAN_POINT('Ctrl Pts',(41.0575109074558,-23.0125789860216,58.005489432557));
#1472=CARTESIAN_POINT('Ctrl Pts',(41.057512394642,-23.0128539681286,58.0069061097638));
#1473=CARTESIAN_POINT('Ctrl Pts',(41.057513462508,-23.0131229855075,58.008316313362));
#1474=CARTESIAN_POINT('Ctrl Pts',(41.0575141137117,-23.0133862131392,58.009720161656));
#1475=CARTESIAN_POINT('Ctrl Pts',(41.05751870618,-23.0152425670788,58.0196204874459));
#1476=CARTESIAN_POINT('Ctrl Pts',(41.05750147275,-23.0168123549765,58.0292052260667));
#1477=CARTESIAN_POINT('Ctrl Pts',(41.0574579745724,-23.0181413496633,58.0385660567224));
#1478=CARTESIAN_POINT('Ctrl Pts',(41.0574352302114,-23.0188362554426,58.0434606551629));
#1479=CARTESIAN_POINT('Ctrl Pts',(41.0574055892221,-23.0194650429952,58.0482932800233));
#1480=CARTESIAN_POINT('Ctrl Pts',(41.0573739893297,-23.0200323871591,58.0530296767801));
#1481=CARTESIAN_POINT('Ctrl Pts',(41.0573415475241,-23.020614847023,58.0578922649342));
#1482=CARTESIAN_POINT('Ctrl Pts',(41.0573068862113,-23.0211325883398,58.0626554483101));
#1483=CARTESIAN_POINT('Ctrl Pts',(41.0572641912803,-23.021592280564,58.0674410179656));
#1484=CARTESIAN_POINT('Ctrl Pts',(41.0572009420675,-23.0222732787669,58.0745304664356));
#1485=CARTESIAN_POINT('Ctrl Pts',(41.0571205320027,-23.0228269861579,58.0816608900623));
#1486=CARTESIAN_POINT('Ctrl Pts',(41.0570581581781,-23.0232559841965,58.088517562738));
#1487=CARTESIAN_POINT('Ctrl Pts',(41.0570335868362,-23.0234249822908,58.0912186581076));
#1488=CARTESIAN_POINT('Ctrl Pts',(41.0570118008706,-23.0235745721248,58.0938779255233));
#1489=CARTESIAN_POINT('Ctrl Pts',(41.0569949344937,-23.0237046911089,58.0964781189291));
#1490=CARTESIAN_POINT('Ctrl Pts',(41.0569589083344,-23.0239826220051,58.1020320670219));
#1491=CARTESIAN_POINT('Ctrl Pts',(41.0569448176372,-23.0241720696719,58.1073220021685));
#1492=CARTESIAN_POINT('Ctrl Pts',(41.0569028119116,-23.024294910162,58.1132155555113));
#1493=CARTESIAN_POINT('Ctrl Pts',(41.0568733367163,-23.0243811066833,58.1173510306775));
#1494=CARTESIAN_POINT('Ctrl Pts',(41.0568302899453,-23.0244343914364,58.1217817683519));
#1495=CARTESIAN_POINT('Ctrl Pts',(41.0567575571099,-23.0244611772292,58.1267992842272));
#1496=CARTESIAN_POINT('Ctrl Pts',(41.0567448478583,-23.0244658577477,58.1276760391529));
#1497=CARTESIAN_POINT('Ctrl Pts',(41.0567272987902,-23.0244722337493,58.1286197569897));
#1498=CARTESIAN_POINT('Ctrl Pts',(41.0567109116825,-23.0244782727854,58.1295442811355));
#1499=CARTESIAN_POINT('Ctrl Pts',(41.0566924934577,-23.0244850603361,58.1305833963842));
#1500=CARTESIAN_POINT('Ctrl Pts',(41.0566754755513,-23.0244914451743,58.1315992349836));
#1501=CARTESIAN_POINT('Ctrl Pts',(41.0566636824434,-23.0244961273957,58.1325371138578));
#1502=CARTESIAN_POINT('Ctrl Pts',(41.0566499670871,-23.024501572808,58.1336278647473));
#1503=CARTESIAN_POINT('Ctrl Pts',(41.0566432443129,-23.0245047405202,58.1346142388974));
#1504=CARTESIAN_POINT('Ctrl Pts',(41.0566447630101,-23.0245051926627,58.1354789092877));
#1505=CARTESIAN_POINT('Ctrl Pts',(41.0566466614059,-23.024505757848,58.1365597611138));
#1506=CARTESIAN_POINT('Ctrl Pts',(41.0566613563972,-23.0245021072654,58.1374516129975));
#1507=CARTESIAN_POINT('Ctrl Pts',(41.0566857668887,-23.0244952437282,58.1382001918288));
#1508=CARTESIAN_POINT('Ctrl Pts',(41.0567168318508,-23.0244865091428,58.1391528384791));
#1509=CARTESIAN_POINT('Ctrl Pts',(41.0567634834393,-23.0244726208059,58.1398755813024));
#1510=CARTESIAN_POINT('Ctrl Pts',(41.0568136388515,-23.024457573526,58.1405453091988));
#1511=CARTESIAN_POINT('Ctrl Pts',(41.0568717850848,-23.0244401288952,58.1413217389558));
#1512=CARTESIAN_POINT('Ctrl Pts',(41.0569345502031,-23.0244211569287,58.1420282194582));
#1513=CARTESIAN_POINT('Ctrl Pts',(41.0569790791643,-23.0244082386274,58.1429984555579));
#1514=CARTESIAN_POINT('Ctrl Pts',(41.0570169230992,-23.0243972597198,58.1438230324355));
#1515=CARTESIAN_POINT('Ctrl Pts',(41.0570415660078,-23.0243906636712,58.1448385484908));
#1516=CARTESIAN_POINT('Ctrl Pts',(41.0570369034447,-23.0243937995066,58.1462796856326));
#1517=CARTESIAN_POINT('Ctrl Pts',(41.0570196598211,-23.0244053968114,58.151609463746));
#1518=CARTESIAN_POINT('Ctrl Pts',(41.0569750895067,-23.0244261913468,58.157336102053));
#1519=CARTESIAN_POINT('Ctrl Pts',(41.0569478413858,-23.024441115424,58.1628138918136));
#1520=CARTESIAN_POINT('Ctrl Pts',(41.0568786285044,-23.0244790240338,58.1767280114143));
#1521=CARTESIAN_POINT('Ctrl Pts',(41.0569213305579,-23.0244790190596,58.189033828662));
#1522=CARTESIAN_POINT('Ctrl Pts',(41.056941192405,-23.0244863636719,58.2016789684115));
#1523=CARTESIAN_POINT('Ctrl Pts',(41.0569808278157,-23.0245010202504,58.2269130417403));
#1524=CARTESIAN_POINT('Ctrl Pts',(41.0569290495119,-23.0245450564895,58.2535066196692));
#1525=CARTESIAN_POINT('Ctrl Pts',(41.0568949242991,-23.0245819039221,58.279884303458));
#1526=CARTESIAN_POINT('Ctrl Pts',(41.0568700792109,-23.0246087309406,58.299088751623));
#1527=CARTESIAN_POINT('Ctrl Pts',(41.0568546655672,-23.0246317292885,58.3181774314975));
#1528=CARTESIAN_POINT('Ctrl Pts',(41.0568445451741,-23.0246522997335,58.3372101423119));
#1529=CARTESIAN_POINT('Ctrl Pts',(41.056826979996,-23.0246880022527,58.3702437360059));
#1530=CARTESIAN_POINT('Ctrl Pts',(41.0568253811989,-23.0247163726352,58.4030937538787));
#1531=CARTESIAN_POINT('Ctrl Pts',(41.0568178083866,-23.0247448138192,58.4360783135837));
#1532=CARTESIAN_POINT('Ctrl Pts',(41.0568060901497,-23.0247888239598,58.4871189138186));
#1533=CARTESIAN_POINT('Ctrl Pts',(41.0567799915672,-23.0248330169422,58.5384831195228));
#1534=CARTESIAN_POINT('Ctrl Pts',(41.0567495990509,-23.0248751411677,58.5900291365418));
#1535=CARTESIAN_POINT('Ctrl Pts',(41.0567184639937,-23.0249182945598,58.6428345104832));
#1536=CARTESIAN_POINT('Ctrl Pts',(41.0566828751248,-23.0249592195998,58.6957640728612));
#1537=CARTESIAN_POINT('Ctrl Pts',(41.0566538536037,-23.0249955192062,58.7486614952094));
#1538=CARTESIAN_POINT('Ctrl Pts',(41.056596778953,-23.025066907172,58.852691256116));
#1539=CARTESIAN_POINT('Ctrl Pts',(41.0565651696392,-23.0251204050522,58.9565950507242));
#1540=CARTESIAN_POINT('Ctrl Pts',(41.0565264324242,-23.0251706739298,59.060824277549));
#1541=CARTESIAN_POINT('Ctrl Pts',(41.0565105399159,-23.025191297471,59.103585840149));
#1542=CARTESIAN_POINT('Ctrl Pts',(41.0564934404725,-23.0252113806736,59.1464023602861));
#1543=CARTESIAN_POINT('Ctrl Pts',(41.0564762986521,-23.0252294656653,59.1892605526184));
#1544=CARTESIAN_POINT('Ctrl Pts',(41.0564518231496,-23.0252552878506,59.2504545082515));
#1545=CARTESIAN_POINT('Ctrl Pts',(41.0564272439397,-23.0252770293475,59.311687527398));
#1546=CARTESIAN_POINT('Ctrl Pts',(41.0564059537044,-23.0252903998446,59.3729244635893));
#1547=CARTESIAN_POINT('Ctrl Pts',(41.0563698411256,-23.0253130789332,59.4767947898442));
#1548=CARTESIAN_POINT('Ctrl Pts',(41.0563431714493,-23.0253115949076,59.5806761901879));
#1549=CARTESIAN_POINT('Ctrl Pts',(41.0563132193515,-23.0253210631806,59.6846820038135));
#1550=CARTESIAN_POINT('Ctrl Pts',(41.0562982735159,-23.0253257877663,59.7365799977279));
#1551=CARTESIAN_POINT('Ctrl Pts',(41.0562825142733,-23.0253332607091,59.7885090149573));
#1552=CARTESIAN_POINT('Ctrl Pts',(41.0562678282185,-23.0253396148837,59.8404537198808));
#1553=CARTESIAN_POINT('Ctrl Pts',(41.0562604934803,-23.0253427883845,59.8663967532181));
#1554=CARTESIAN_POINT('Ctrl Pts',(41.0562534261339,-23.0253456820262,59.8923436942521));
#1555=CARTESIAN_POINT('Ctrl Pts',(41.0562465209889,-23.0253479055778,59.9182987788756));
#1556=CARTESIAN_POINT('Ctrl Pts',(41.0562396213527,-23.0253501273554,59.94423315668));
#1557=CARTESIAN_POINT('Ctrl Pts',(41.0562328837151,-23.0253516805593,59.970175666706));
#1558=CARTESIAN_POINT('Ctrl Pts',(41.0562268021019,-23.0253513781985,59.9961265584908));
#1559=CARTESIAN_POINT('Ctrl Pts',(41.0561928694037,-23.0253496911592,60.1409209972538));
#1560=CARTESIAN_POINT('Ctrl Pts',(41.0561793589006,-23.0252900226104,60.2859765806782));
#1561=CARTESIAN_POINT('Ctrl Pts',(41.0561662945864,-23.0252297529744,60.4312954357648));
#1562=CARTESIAN_POINT('Ctrl Pts',(41.0561606989595,-23.0252039386538,60.4935375161168));
#1563=CARTESIAN_POINT('Ctrl Pts',(41.0561551904678,-23.0251780669045,60.5557772007096));
#1564=CARTESIAN_POINT('Ctrl Pts',(41.0561482418758,-23.0251567471443,60.6180103963491));
#1565=CARTESIAN_POINT('Ctrl Pts',(41.0561366947061,-23.0251213179679,60.7214295178442));
#1566=CARTESIAN_POINT('Ctrl Pts',(41.0561212022562,-23.0250985057812,60.824830705684));
#1567=CARTESIAN_POINT('Ctrl Pts',(41.0561096990989,-23.0250672372091,60.9282365718155));
#1568=CARTESIAN_POINT('Ctrl Pts',(41.0560982145505,-23.0250360192207,61.03147515652));
#1569=CARTESIAN_POINT('Ctrl Pts',(41.0560906836317,-23.02499632543,61.1347184306697));
#1570=CARTESIAN_POINT('Ctrl Pts',(41.0560831555767,-23.0249588646763,61.2379581624322));
#1571=CARTESIAN_POINT('Ctrl Pts',(41.056068140844,-23.0248841490688,61.4438701778318));
#1572=CARTESIAN_POINT('Ctrl Pts',(41.0560533455018,-23.024818589177,61.6497681553036));
#1573=CARTESIAN_POINT('Ctrl Pts',(41.0560650776706,-23.0247109850882,61.8557081798377));
#1574=CARTESIAN_POINT('Ctrl Pts',(41.056084481932,-23.0245330147656,62.1963198886818));
#1575=CARTESIAN_POINT('Ctrl Pts',(41.056177489923,-23.0242385258149,62.537049779772));
#1576=CARTESIAN_POINT('Ctrl Pts',(41.0562090498644,-23.0241444383187,62.8776569803172));
#1577=CARTESIAN_POINT('Ctrl Pts',(41.0562154021262,-23.024125500755,62.9462130672858));
#1578=CARTESIAN_POINT('Ctrl Pts',(41.0562191917879,-23.0241147152552,63.0147640368961));
#1579=CARTESIAN_POINT('Ctrl Pts',(41.0562191917879,-23.0241147152552,63.0833076905287));
#1580=CARTESIAN_POINT('Origin',(40.0562179868964,-22.855716094742,68.5833076905287));
#1581=CARTESIAN_POINT('',(37.0562179868964,-22.6707698157792,68.5833076905287));
#1582=CARTESIAN_POINT('',(37.0562179868964,-19.105716094742,68.5833076905287));
#1583=CARTESIAN_POINT('',(41.0562179868964,-22.6707698157792,68.5833076905286));
#1584=CARTESIAN_POINT('Origin',(40.0562179868964,-7.95471609474202,58.0833076905287));
#1585=CARTESIAN_POINT('',(41.0562179868964,-7.45471609474203,58.0833076905287));
#1586=CARTESIAN_POINT('',(41.0562179868964,-7.95471609474202,57.5833076905287));
#1587=CARTESIAN_POINT('Origin',(41.0562179868964,-7.95471609474202,58.0833076905287));
#1588=CARTESIAN_POINT('',(37.0562179868964,-7.45471609474203,58.0833076905287));
#1589=CARTESIAN_POINT('',(40.0562179868964,-7.45471609474203,58.0833076905287));
#1590=CARTESIAN_POINT('',(37.0562179868964,-7.95471609474202,57.5833076905287));
#1591=CARTESIAN_POINT('Origin',(37.0562179868964,-7.95471609474202,58.0833076905287));
#1592=CARTESIAN_POINT('',(40.0562179868964,-7.95471609474202,57.5833076905287));
#1593=CARTESIAN_POINT('Origin',(40.0562179868964,-7.45471609474203,68.0833076905287));
#1594=CARTESIAN_POINT('',(41.0562179868964,-7.45471609474203,68.0833076905287));
#1595=CARTESIAN_POINT('',(41.0562179868964,-7.45471609474203,65.5833076905287));
#1596=CARTESIAN_POINT('',(37.0562179868964,-7.45471609474203,68.0833076905287));
#1597=CARTESIAN_POINT('',(40.0562179868964,-7.45471609474203,68.0833076905287));
#1598=CARTESIAN_POINT('',(37.0562179868964,-7.45471609474203,65.5833076905287));
#1599=CARTESIAN_POINT('Origin',(40.0562179868964,-7.95471609474203,68.0833076905287));
#1600=CARTESIAN_POINT('',(41.0562179868964,-7.95471609474203,68.5833076905287));
#1601=CARTESIAN_POINT('Origin',(41.0562179868964,-7.95471609474203,68.0833076905287));
#1602=CARTESIAN_POINT('',(37.0562179868964,-7.95471609474203,68.5833076905287));
#1603=CARTESIAN_POINT('',(40.0562179868964,-7.95471609474203,68.5833076905287));
#1604=CARTESIAN_POINT('Origin',(37.0562179868964,-7.95471609474203,68.0833076905287));
#1605=CARTESIAN_POINT('Origin',(40.0562179868964,-22.855716094742,68.5833076905287));
#1606=CARTESIAN_POINT('',(41.0562179868964,-8.04066237367025,68.583307690523));
#1607=CARTESIAN_POINT('',(41.0562179868964,-22.855716094742,68.5833076905287));
#1608=CARTESIAN_POINT('',(37.0562179868964,-8.04066237367025,68.583307690523));
#1609=CARTESIAN_POINT('',(41.0562179868964,-8.04066237367025,68.5833076905172));
#1610=CARTESIAN_POINT('',(37.0562179868964,-19.105716094742,68.5833076905287));
#1611=CARTESIAN_POINT('Origin',(41.0562179868964,-15.355716094742,63.0833076905287));
#1612=CARTESIAN_POINT('',(41.0562179868964,-8.04066237329917,57.5833076905956));
#1613=CARTESIAN_POINT('',(41.0562179868964,-7.85571609474203,57.5833076905287));
#1614=CARTESIAN_POINT('Ctrl Pts',(41.0562179868964,-8.04066237367025,68.5833076905172));
#1615=CARTESIAN_POINT('Ctrl Pts',(41.0562179868964,-8.02443675319922,68.5779613083374));
#1616=CARTESIAN_POINT('Ctrl Pts',(41.0562179868964,-8.00852030553323,68.5715262271118));
#1617=CARTESIAN_POINT('Ctrl Pts',(41.0562179868964,-7.93749220896833,68.5376367739795));
#1618=CARTESIAN_POINT('Ctrl Pts',(41.0562179868979,-7.88490396931323,68.4977667526512));
#1619=CARTESIAN_POINT('Ctrl Pts',(41.0562179868979,-7.79644925151364,68.398360876109));
#1620=CARTESIAN_POINT('Ctrl Pts',(41.0562179869032,-7.76187940299271,68.3425770845792));
#1621=CARTESIAN_POINT('Ctrl Pts',(41.0562179869032,-7.69108735023339,68.1740810256999));
#1622=CARTESIAN_POINT('Ctrl Pts',(41.0562179868412,-7.68802531989469,68.1087082322358));
#1623=CARTESIAN_POINT('Ctrl Pts',(41.0562179868412,-7.68583905473688,66.3799797202683));
#1624=CARTESIAN_POINT('Ctrl Pts',(41.0562179868964,-7.68731619335797,64.6892605448095));
#1625=CARTESIAN_POINT('Ctrl Pts',(41.0562179868964,-7.68732007859347,61.4974958028485));
#1626=CARTESIAN_POINT('Ctrl Pts',(41.0562179868964,-7.68583734361274,59.818191972041));
#1627=CARTESIAN_POINT('Ctrl Pts',(41.0562179868964,-7.68795141731255,58.1158905219684));
#1628=CARTESIAN_POINT('Ctrl Pts',(41.0562179868964,-7.68797233063494,58.0880237213268));
#1629=CARTESIAN_POINT('Ctrl Pts',(41.0562179868964,-7.69991604896086,57.9894837793671));
#1630=CARTESIAN_POINT('Ctrl Pts',(41.0562179868964,-7.71653713388223,57.9288905574778));
#1631=CARTESIAN_POINT('Ctrl Pts',(41.0562179868964,-7.7679189534334,57.8135401068438));
#1632=CARTESIAN_POINT('Ctrl Pts',(41.0562179868964,-7.80313296913381,57.7589467052495));
#1633=CARTESIAN_POINT('Ctrl Pts',(41.0562179868964,-7.89176489285996,57.6633368591455));
#1634=CARTESIAN_POINT('Ctrl Pts',(41.0562179868735,-7.94340022863521,57.6253041636486));
#1635=CARTESIAN_POINT('Ctrl Pts',(41.0562179868735,-8.01305571884165,57.5932121307169));
#1636=CARTESIAN_POINT('Ctrl Pts',(41.0562179868964,-8.0272023039199,57.5877428169149));
#1637=CARTESIAN_POINT('Ctrl Pts',(41.0562179868964,-8.04066237329917,57.5833076906625));
#1638=CARTESIAN_POINT('Origin',(40.0562179868964,-7.85571609474203,57.5833076905287));
#1639=CARTESIAN_POINT('',(37.0562179868964,-8.04066237329917,57.5833076905956));
#1640=CARTESIAN_POINT('',(37.0562179868964,-11.605716094742,57.5833076905287));
#1641=CARTESIAN_POINT('',(41.0562179868964,-8.04066237329917,57.5833076906625));
#1642=CARTESIAN_POINT('Ctrl Pts',(41.0562179868964,-8.04066237329917,57.5833076906625));
#1643=CARTESIAN_POINT('Ctrl Pts',(37.0562179868964,-8.04066237329917,57.5833076906625));
#1644=CARTESIAN_POINT('Ctrl Pts',(41.0562179868964,-8.08969206779876,57.5671522846914));
#1645=CARTESIAN_POINT('Ctrl Pts',(37.0562179868964,-8.08969206779876,57.5671522846914));
#1646=CARTESIAN_POINT('Ctrl Pts',(41.0562179870151,-8.12991022946451,57.5656250874999));
#1647=CARTESIAN_POINT('Ctrl Pts',(37.0562179870151,-8.12991022946451,57.5656250874999));
#1648=CARTESIAN_POINT('Ctrl Pts',(41.0562179870151,-8.20725507376524,57.5627536917754));
#1649=CARTESIAN_POINT('Ctrl Pts',(37.0562179870151,-8.20725507376524,57.5627536917754));
#1650=CARTESIAN_POINT('Ctrl Pts',(41.0562179868964,-8.24797173667853,57.5612510159073));
#1651=CARTESIAN_POINT('Ctrl Pts',(37.0562179868964,-8.24797173667853,57.5612510159073));
#1652=CARTESIAN_POINT('Ctrl Pts',(41.0562179868964,-8.36833041750345,57.5568363441861));
#1653=CARTESIAN_POINT('Ctrl Pts',(37.0562179868964,-8.36833041750345,57.5568363441861));
#1654=CARTESIAN_POINT('Ctrl Pts',(41.0562179868964,-8.44809378766235,57.5539455632936));
#1655=CARTESIAN_POINT('Ctrl Pts',(37.0562179868964,-8.44809378766235,57.5539455632936));
#1656=CARTESIAN_POINT('Ctrl Pts',(41.0562179868964,-8.67022458918211,57.5459971528876));
#1657=CARTESIAN_POINT('Ctrl Pts',(37.0562179868964,-8.67022458918211,57.5459971528876));
#1658=CARTESIAN_POINT('Ctrl Pts',(41.0562179868964,-8.81273817369859,57.5410130382453));
#1659=CARTESIAN_POINT('Ctrl Pts',(37.0562179868964,-8.81273817369859,57.5410130382453));
#1660=CARTESIAN_POINT('Ctrl Pts',(41.0562179868964,-10.7446638742616,57.4751233938604));
#1661=CARTESIAN_POINT('Ctrl Pts',(37.0562179868964,-10.7446638742616,57.4751233938604));
#1662=CARTESIAN_POINT('Ctrl Pts',(41.0562179868964,-12.5193536389629,57.4338886454549));
#1663=CARTESIAN_POINT('Ctrl Pts',(37.0562179868964,-12.5193536389629,57.4338886454549));
#1664=CARTESIAN_POINT('Ctrl Pts',(41.0562179868964,-17.1357996600606,57.4013948253368));
#1665=CARTESIAN_POINT('Ctrl Pts',(37.0562179868964,-17.1357996600606,57.4013948253368));
#1666=CARTESIAN_POINT('Ctrl Pts',(41.0562179869094,-19.9026735257327,57.4662908022174));
#1667=CARTESIAN_POINT('Ctrl Pts',(37.0562179869094,-19.9026735257327,57.4662908022174));
#1668=CARTESIAN_POINT('Ctrl Pts',(41.0562179869094,-22.5352380215243,57.5639069649623));
#1669=CARTESIAN_POINT('Ctrl Pts',(37.0562179869094,-22.5352380215243,57.5639069649623));
#1670=CARTESIAN_POINT('Ctrl Pts',(41.0562179868964,-22.5679705427312,57.5650992060749));
#1671=CARTESIAN_POINT('Ctrl Pts',(37.0562179868964,-22.5679705427312,57.5650992060749));
#1672=CARTESIAN_POINT('Ctrl Pts',(41.0562179868964,-22.5780782836011,57.5655213362816));
#1673=CARTESIAN_POINT('Ctrl Pts',(37.0562179868964,-22.5780782836011,57.5655213362816));
#1674=CARTESIAN_POINT('Ctrl Pts',(41.0562179868964,-22.5822109702667,57.5657702368425));
#1675=CARTESIAN_POINT('Ctrl Pts',(37.0562179868964,-22.5822109702667,57.5657702368425));
#1676=CARTESIAN_POINT('Ctrl Pts',(41.0562179868964,-22.6151081973565,57.5683613170078));
#1677=CARTESIAN_POINT('Ctrl Pts',(37.0562179868964,-22.6151081973565,57.5683613170078));
#1678=CARTESIAN_POINT('Ctrl Pts',(41.0562179868964,-22.6433800453486,57.5742826932537));
#1679=CARTESIAN_POINT('Ctrl Pts',(37.0562179868964,-22.6433800453486,57.5742826932537));
#1680=CARTESIAN_POINT('Ctrl Pts',(41.0562179868964,-22.6707698158139,57.5833076905403));
#1681=CARTESIAN_POINT('Ctrl Pts',(37.0562179868964,-22.6707698158139,57.5833076905403));
#1682=CARTESIAN_POINT('',(41.0562179868964,-8.9020328508154,57.5379733928211));
#1683=CARTESIAN_POINT('Ctrl Pts',(41.0562179868964,-8.04066237329917,57.5833076906625));
#1684=CARTESIAN_POINT('Ctrl Pts',(41.0562179868964,-8.08969206779876,57.5671522846914));
#1685=CARTESIAN_POINT('Ctrl Pts',(41.0562179870151,-8.12991022946451,57.5656250874999));
#1686=CARTESIAN_POINT('Ctrl Pts',(41.0562179870151,-8.20725507376524,57.5627536917754));
#1687=CARTESIAN_POINT('Ctrl Pts',(41.0562179868964,-8.24797173667853,57.5612510159073));
#1688=CARTESIAN_POINT('Ctrl Pts',(41.0562179868964,-8.36833041750345,57.5568363441861));
#1689=CARTESIAN_POINT('Ctrl Pts',(41.0562179868964,-8.44809378766235,57.5539455632936));
#1690=CARTESIAN_POINT('Ctrl Pts',(41.0562179868964,-8.65241410859858,57.5466344576118));
#1691=CARTESIAN_POINT('Ctrl Pts',(41.0562179868964,-8.77701349595294,57.5422642419268));
#1692=CARTESIAN_POINT('Ctrl Pts',(41.0562179868964,-8.90203285077686,57.537973391698));
#1693=CARTESIAN_POINT('Ctrl Pts',(37.0562179868964,-22.6707698158139,57.5833076905403));
#1694=CARTESIAN_POINT('Ctrl Pts',(37.0562179868964,-22.6433800453486,57.5742826932537));
#1695=CARTESIAN_POINT('Ctrl Pts',(37.0562179868964,-22.6151081973565,57.5683613170078));
#1696=CARTESIAN_POINT('Ctrl Pts',(37.0562179868964,-22.5822109702667,57.5657702368425));
#1697=CARTESIAN_POINT('Ctrl Pts',(37.0562179868964,-22.5780782836011,57.5655213362816));
#1698=CARTESIAN_POINT('Ctrl Pts',(37.0562179868964,-22.5679705427312,57.5650992060749));
#1699=CARTESIAN_POINT('Ctrl Pts',(37.0562179869094,-22.5352380215243,57.5639069649623));
#1700=CARTESIAN_POINT('Ctrl Pts',(37.0562179869094,-19.9026735257327,57.4662908022174));
#1701=CARTESIAN_POINT('Ctrl Pts',(37.0562179868964,-17.1357996600606,57.4013948253368));
#1702=CARTESIAN_POINT('Ctrl Pts',(37.0562179868964,-12.5193536389629,57.4338886454549));
#1703=CARTESIAN_POINT('Ctrl Pts',(37.0562179868964,-10.7446638742616,57.4751233938604));
#1704=CARTESIAN_POINT('Ctrl Pts',(37.0562179868964,-8.81273817369859,57.5410130382453));
#1705=CARTESIAN_POINT('Ctrl Pts',(37.0562179868964,-8.67022458918211,57.5459971528876));
#1706=CARTESIAN_POINT('Ctrl Pts',(37.0562179868964,-8.44809378766235,57.5539455632936));
#1707=CARTESIAN_POINT('Ctrl Pts',(37.0562179868964,-8.36833041750345,57.5568363441861));
#1708=CARTESIAN_POINT('Ctrl Pts',(37.0562179868964,-8.24797173667853,57.5612510159073));
#1709=CARTESIAN_POINT('Ctrl Pts',(37.0562179870151,-8.20725507376524,57.5627536917754));
#1710=CARTESIAN_POINT('Ctrl Pts',(37.0562179870151,-8.12991022946451,57.5656250874999));
#1711=CARTESIAN_POINT('Ctrl Pts',(37.0562179868964,-8.08969206779876,57.5671522846914));
#1712=CARTESIAN_POINT('Ctrl Pts',(37.0562179868964,-8.04066237329917,57.5833076906625));
#1713=CARTESIAN_POINT('',(41.0562179868964,-21.8093993386686,57.5379733928211));
#1714=CARTESIAN_POINT('Ctrl Pts',(41.0562179869091,-21.8093993890401,57.5379719256259));
#1715=CARTESIAN_POINT('Ctrl Pts',(41.0562179869093,-22.0515377520196,57.5462849729065));
#1716=CARTESIAN_POINT('Ctrl Pts',(41.0562179869094,-22.2925806033053,57.5549091660229));
#1717=CARTESIAN_POINT('Ctrl Pts',(41.0562179869094,-22.5352380215243,57.5639069649623));
#1718=CARTESIAN_POINT('Ctrl Pts',(41.0562179868964,-22.5679705427312,57.5650992060749));
#1719=CARTESIAN_POINT('Ctrl Pts',(41.0562179868964,-22.5780782836011,57.5655213362816));
#1720=CARTESIAN_POINT('Ctrl Pts',(41.0562179868964,-22.5822109702667,57.5657702368425));
#1721=CARTESIAN_POINT('Ctrl Pts',(41.0562179868964,-22.6151081973565,57.5683613170078));
#1722=CARTESIAN_POINT('Ctrl Pts',(41.0562179868964,-22.6433800453486,57.5742826932537));
#1723=CARTESIAN_POINT('Ctrl Pts',(41.0562179868964,-22.6707698158139,57.5833076905403));
#1724=CARTESIAN_POINT('Ctrl Pts',(41.0562179868964,-8.90203285077686,57.537973391698));
#1725=CARTESIAN_POINT('Ctrl Pts',(41.0562179868964,-8.91995191581972,57.5373583827304));
#1726=CARTESIAN_POINT('Ctrl Pts',(41.0562179868964,-8.93787960849904,57.5367450042136));
#1727=CARTESIAN_POINT('Ctrl Pts',(41.0562179868964,-10.7446638742616,57.4751233938604));
#1728=CARTESIAN_POINT('Ctrl Pts',(41.0562179868964,-12.5193536389629,57.4338886454549));
#1729=CARTESIAN_POINT('Ctrl Pts',(41.0562179868964,-16.8763120345036,57.40322128322));
#1730=CARTESIAN_POINT('Ctrl Pts',(41.0562179869071,-19.3972158457723,57.4551573084052));
#1731=CARTESIAN_POINT('Ctrl Pts',(41.0562179869091,-21.8093993890401,57.5379719256259));
#1732=CARTESIAN_POINT('Ctrl Pts',(41.0562179868964,-22.6707698157792,68.5833076905286));
#1733=CARTESIAN_POINT('Ctrl Pts',(37.0562179868964,-22.6707698157792,68.5833076905286));
#1734=CARTESIAN_POINT('Ctrl Pts',(41.0562179868964,-22.6208634718477,68.5997519546014));
#1735=CARTESIAN_POINT('Ctrl Pts',(37.0562179868964,-22.6208634718477,68.5997519546014));
#1736=CARTESIAN_POINT('Ctrl Pts',(41.0562179868964,-22.5788340093202,68.6010906942879));
#1737=CARTESIAN_POINT('Ctrl Pts',(37.0562179868964,-22.5788340093202,68.6010906942879));
#1738=CARTESIAN_POINT('Ctrl Pts',(41.0562179868964,-22.5237335106377,68.6031353520731));
#1739=CARTESIAN_POINT('Ctrl Pts',(37.0562179868964,-22.5237335106377,68.6031353520731));
#1740=CARTESIAN_POINT('Ctrl Pts',(41.0562179868964,-22.5073091063605,68.6037433739638));
#1741=CARTESIAN_POINT('Ctrl Pts',(37.0562179868964,-22.5073091063605,68.6037433739638));
#1742=CARTESIAN_POINT('Ctrl Pts',(41.0562179868964,-22.3912202204074,68.6080304295737));
#1743=CARTESIAN_POINT('Ctrl Pts',(37.0562179868964,-22.3912202204074,68.6080304295737));
#1744=CARTESIAN_POINT('Ctrl Pts',(41.0562179868964,-22.2912885542211,68.6116666348321));
#1745=CARTESIAN_POINT('Ctrl Pts',(37.0562179868964,-22.2912885542211,68.6116666348321));
#1746=CARTESIAN_POINT('Ctrl Pts',(41.0562179868964,-22.0535971436679,68.6201788145497));
#1747=CARTESIAN_POINT('Ctrl Pts',(37.0562179868964,-22.0535971436679,68.6201788145497));
#1748=CARTESIAN_POINT('Ctrl Pts',(41.0562179868964,-21.9157869100551,68.6250062835748));
#1749=CARTESIAN_POINT('Ctrl Pts',(37.0562179868964,-21.9157869100551,68.6250062835748));
#1750=CARTESIAN_POINT('Ctrl Pts',(41.0562179868964,-19.9808691731073,68.6911677141893));
#1751=CARTESIAN_POINT('Ctrl Pts',(37.0562179868964,-19.9808691731073,68.6911677141893));
#1752=CARTESIAN_POINT('Ctrl Pts',(41.0562179868964,-18.1993907896348,68.7326735704748));
#1753=CARTESIAN_POINT('Ctrl Pts',(37.0562179868964,-18.1993907896348,68.7326735704748));
#1754=CARTESIAN_POINT('Ctrl Pts',(41.0562179868964,-13.5758725376075,68.7652215783863));
#1755=CARTESIAN_POINT('Ctrl Pts',(37.0562179868964,-13.5758725376075,68.7652215783863));
#1756=CARTESIAN_POINT('Ctrl Pts',(41.0562179869071,-10.8090815396509,68.7003322339682));
#1757=CARTESIAN_POINT('Ctrl Pts',(37.0562179869071,-10.8090815396509,68.7003322339682));
#1758=CARTESIAN_POINT('Ctrl Pts',(41.0562179869071,-8.1766245137478,68.6027243776157));
#1759=CARTESIAN_POINT('Ctrl Pts',(37.0562179869071,-8.1766245137478,68.6027243776157));
#1760=CARTESIAN_POINT('Ctrl Pts',(41.0562179868964,-8.1434100768332,68.6015122573124));
#1761=CARTESIAN_POINT('Ctrl Pts',(37.0562179868964,-8.1434100768332,68.6015122573124));
#1762=CARTESIAN_POINT('Ctrl Pts',(41.0562179868964,-8.1334933839587,68.6011010788833));
#1763=CARTESIAN_POINT('Ctrl Pts',(37.0562179868964,-8.1334933839587,68.6011010788833));
#1764=CARTESIAN_POINT('Ctrl Pts',(41.0562179868964,-8.12940005805518,68.6008564945298));
#1765=CARTESIAN_POINT('Ctrl Pts',(37.0562179868964,-8.12940005805518,68.6008564945298));
#1766=CARTESIAN_POINT('Ctrl Pts',(41.0562179868964,-8.09646754589376,68.5982840241244));
#1767=CARTESIAN_POINT('Ctrl Pts',(37.0562179868964,-8.09646754589376,68.5982840241244));
#1768=CARTESIAN_POINT('Ctrl Pts',(41.0562179868964,-8.06812195712143,68.5923556913558));
#1769=CARTESIAN_POINT('Ctrl Pts',(37.0562179868964,-8.06812195712143,68.5923556913558));
#1770=CARTESIAN_POINT('Ctrl Pts',(41.0562179868964,-8.04066237367025,68.5833076905172));
#1771=CARTESIAN_POINT('Ctrl Pts',(37.0562179868964,-8.04066237367025,68.5833076905172));
#1772=CARTESIAN_POINT('',(41.0562179868964,-21.8093993386687,68.6286419882364));
#1773=CARTESIAN_POINT('Ctrl Pts',(41.0562179868964,-22.6707698157792,68.5833076905286));
#1774=CARTESIAN_POINT('Ctrl Pts',(41.0562179868964,-22.6208634718477,68.5997519546014));
#1775=CARTESIAN_POINT('Ctrl Pts',(41.0562179868964,-22.5788340093202,68.6010906942879));
#1776=CARTESIAN_POINT('Ctrl Pts',(41.0562179868964,-22.5237335106377,68.6031353520731));
#1777=CARTESIAN_POINT('Ctrl Pts',(41.0562179868964,-22.5073091063605,68.6037433739638));
#1778=CARTESIAN_POINT('Ctrl Pts',(41.0562179868964,-22.3912202204074,68.6080304295737));
#1779=CARTESIAN_POINT('Ctrl Pts',(41.0562179868964,-22.2912885542211,68.6116666348321));
#1780=CARTESIAN_POINT('Ctrl Pts',(41.0562179868964,-22.0641804885524,68.6197998049192));
#1781=CARTESIAN_POINT('Ctrl Pts',(41.0562179868964,-21.9370173080926,68.6242619487216));
#1782=CARTESIAN_POINT('Ctrl Pts',(41.0562179868964,-21.8093993386834,68.628641988666));
#1783=CARTESIAN_POINT('Ctrl Pts',(37.0562179868964,-8.04066237367025,68.5833076905172));
#1784=CARTESIAN_POINT('Ctrl Pts',(37.0562179868964,-8.06812195712143,68.5923556913558));
#1785=CARTESIAN_POINT('Ctrl Pts',(37.0562179868964,-8.09646754589376,68.5982840241244));
#1786=CARTESIAN_POINT('Ctrl Pts',(37.0562179868964,-8.12940005805518,68.6008564945298));
#1787=CARTESIAN_POINT('Ctrl Pts',(37.0562179868964,-8.1334933839587,68.6011010788833));
#1788=CARTESIAN_POINT('Ctrl Pts',(37.0562179868964,-8.1434100768332,68.6015122573124));
#1789=CARTESIAN_POINT('Ctrl Pts',(37.0562179869071,-8.1766245137478,68.6027243776157));
#1790=CARTESIAN_POINT('Ctrl Pts',(37.0562179869071,-10.8090815396509,68.7003322339682));
#1791=CARTESIAN_POINT('Ctrl Pts',(37.0562179868964,-13.5758725376075,68.7652215783863));
#1792=CARTESIAN_POINT('Ctrl Pts',(37.0562179868964,-18.1993907896348,68.7326735704748));
#1793=CARTESIAN_POINT('Ctrl Pts',(37.0562179868964,-19.9808691731073,68.6911677141893));
#1794=CARTESIAN_POINT('Ctrl Pts',(37.0562179868964,-21.9157869100551,68.6250062835748));
#1795=CARTESIAN_POINT('Ctrl Pts',(37.0562179868964,-22.0535971436679,68.6201788145497));
#1796=CARTESIAN_POINT('Ctrl Pts',(37.0562179868964,-22.2912885542211,68.6116666348321));
#1797=CARTESIAN_POINT('Ctrl Pts',(37.0562179868964,-22.3912202204074,68.6080304295737));
#1798=CARTESIAN_POINT('Ctrl Pts',(37.0562179868964,-22.5073091063605,68.6037433739638));
#1799=CARTESIAN_POINT('Ctrl Pts',(37.0562179868964,-22.5237335106377,68.6031353520731));
#1800=CARTESIAN_POINT('Ctrl Pts',(37.0562179868964,-22.5788340093202,68.6010906942879));
#1801=CARTESIAN_POINT('Ctrl Pts',(37.0562179868964,-22.6208634718477,68.5997519546014));
#1802=CARTESIAN_POINT('Ctrl Pts',(37.0562179868964,-22.6707698157792,68.5833076905286));
#1803=CARTESIAN_POINT('',(41.0562179868964,-8.90203285081532,68.6286419882364));
#1804=CARTESIAN_POINT('Ctrl Pts',(41.0562179869069,-8.9020328007,68.6286434479722));
#1805=CARTESIAN_POINT('Ctrl Pts',(41.0562179869071,-8.66004660901058,68.6203356314718));
#1806=CARTESIAN_POINT('Ctrl Pts',(41.0562179869071,-8.41915505096864,68.6117170736427));
#1807=CARTESIAN_POINT('Ctrl Pts',(41.0562179869071,-8.1766245137478,68.6027243776157));
#1808=CARTESIAN_POINT('Ctrl Pts',(41.0562179868964,-8.1434100768332,68.6015122573124));
#1809=CARTESIAN_POINT('Ctrl Pts',(41.0562179868964,-8.1334933839587,68.6011010788833));
#1810=CARTESIAN_POINT('Ctrl Pts',(41.0562179868964,-8.12940005805518,68.6008564945298));
#1811=CARTESIAN_POINT('Ctrl Pts',(41.0562179868964,-8.09646754589376,68.5982840241244));
#1812=CARTESIAN_POINT('Ctrl Pts',(41.0562179868964,-8.06812195712143,68.5923556913558));
#1813=CARTESIAN_POINT('Ctrl Pts',(41.0562179868964,-8.04066237367025,68.5833076905172));
#1814=CARTESIAN_POINT('Ctrl Pts',(41.0562179868964,-21.8093993386834,68.628641988666));
#1815=CARTESIAN_POINT('Ctrl Pts',(41.0562179868964,-21.7987474559444,68.6290075772433));
#1816=CARTESIAN_POINT('Ctrl Pts',(41.0562179868964,-21.7880924048128,68.6293725938251));
#1817=CARTESIAN_POINT('Ctrl Pts',(41.0562179868964,-19.9808691731073,68.6911677141893));
#1818=CARTESIAN_POINT('Ctrl Pts',(41.0562179868964,-18.1993907896348,68.7326735704748));
#1819=CARTESIAN_POINT('Ctrl Pts',(41.0562179868964,-13.8352024567083,68.7633959832878));
#1820=CARTESIAN_POINT('Ctrl Pts',(41.0562179869053,-11.3142320224228,68.7114585390175));
#1821=CARTESIAN_POINT('Ctrl Pts',(41.0562179869069,-8.9020328007,68.6286434479722));
#1822=CARTESIAN_POINT('Origin',(37.0562179868964,-15.355716094742,63.0833076905287));
#1823=CARTESIAN_POINT('',(37.0562179868964,-26.355716094742,46.0833076905287));
#1824=CARTESIAN_POINT('',(37.0562179868964,-26.355716094742,80.0833076905287));
#1825=CARTESIAN_POINT('',(37.0562179868964,-26.355716094742,54.5833076905287));
#1826=CARTESIAN_POINT('',(37.0562179868964,-24.355716094742,82.0833076905287));
#1827=CARTESIAN_POINT('Origin',(37.0562179868964,-24.355716094742,80.0833076905287));
#1828=CARTESIAN_POINT('',(37.0562179868964,-6.35571609474204,82.0833076905287));
#1829=CARTESIAN_POINT('',(37.0562179868964,-19.855716094742,82.0833076905287));
#1830=CARTESIAN_POINT('',(37.0562179868964,-4.35571609474204,80.0833076905287));
#1831=CARTESIAN_POINT('Origin',(37.0562179868964,-6.35571609474204,80.0833076905287));
#1832=CARTESIAN_POINT('',(37.0562179868964,-4.35571609474204,46.0833076905287));
#1833=CARTESIAN_POINT('',(37.0562179868964,-4.35571609474204,71.5833076905287));
#1834=CARTESIAN_POINT('',(37.0562179868964,-6.35571609474204,44.0833076905287));
#1835=CARTESIAN_POINT('Origin',(37.0562179868964,-6.35571609474204,46.0833076905287));
#1836=CARTESIAN_POINT('',(37.0562179868964,-24.355716094742,44.0833076905287));
#1837=CARTESIAN_POINT('',(37.0562179868964,-10.855716094742,44.0833076905287));
#1838=CARTESIAN_POINT('Origin',(37.0562179868964,-24.355716094742,46.0833076905287));
#1839=CARTESIAN_POINT('',(37.0562179868964,-16.955716094742,75.8333076905287));
#1840=CARTESIAN_POINT('Origin',(37.0562179868964,-15.355716094742,75.8333076905287));
#1841=CARTESIAN_POINT('',(37.0562179868964,-16.955716094742,50.3333076905287));
#1842=CARTESIAN_POINT('Origin',(37.0562179868964,-15.355716094742,50.3333076905287));
#1843=CARTESIAN_POINT('Ctrl Pts',(41.221890344307,-7.6158409181255,56.690837851144));
#1844=CARTESIAN_POINT('Ctrl Pts',(41.1225968425133,-7.3250204666508,56.7983788489463));
#1845=CARTESIAN_POINT('Ctrl Pts',(40.9742668154754,-6.80578204431841,57.1774280324294));
#1846=CARTESIAN_POINT('Ctrl Pts',(40.9550422254589,-6.61111243107689,57.7852101891331));
#1847=CARTESIAN_POINT('Ctrl Pts',(40.9915427966901,-6.62150062255694,58.0915631377184));
#1848=CARTESIAN_POINT('Ctrl Pts',(40.4073174296314,-7.50392545574889,56.5901197651931));
#1849=CARTESIAN_POINT('Ctrl Pts',(40.3738965098393,-7.19224148905998,56.6898431697338));
#1850=CARTESIAN_POINT('Ctrl Pts',(40.3346114398078,-6.62675960857545,57.0937087254201));
#1851=CARTESIAN_POINT('Ctrl Pts',(40.3431205779477,-6.41918275779543,57.7583279938156));
#1852=CARTESIAN_POINT('Ctrl Pts',(40.3643592652034,-6.43165637323781,58.0890365326652));
#1853=CARTESIAN_POINT('Ctrl Pts',(39.6386851005207,-7.28847462812469,56.2495051251325));
#1854=CARTESIAN_POINT('Ctrl Pts',(39.6754463058743,-6.92712492493865,56.3996251356579));
#1855=CARTESIAN_POINT('Ctrl Pts',(39.7441017082932,-6.30027412192252,56.9241100383081));
#1856=CARTESIAN_POINT('Ctrl Pts',(39.7788620118669,-6.07768267362271,57.7003093728224));
#1857=CARTESIAN_POINT('Ctrl Pts',(39.7853478240287,-6.08484593187428,58.0861734889576));
#1858=CARTESIAN_POINT('Ctrl Pts',(39.0562179868962,-7.0087939802132,55.7311336043007));
#1859=CARTESIAN_POINT('Ctrl Pts',(39.1350161246784,-6.57256772650136,55.9719512414724));
#1860=CARTESIAN_POINT('Ctrl Pts',(39.2726202059221,-5.86597332872273,56.6868275186092));
#1861=CARTESIAN_POINT('Ctrl Pts',(39.3252526365647,-5.62475074441032,57.6179152700956));
#1862=CARTESIAN_POINT('Ctrl Pts',(39.3219914859366,-5.62148959378225,58.0833076905288));
#1863=CARTESIAN_POINT('',(39.3219914859366,-5.62148959378225,58.0833076905288));
#1864=CARTESIAN_POINT('',(40.9915427966901,-6.62150062255694,58.0915631377184));
#1865=CARTESIAN_POINT('Origin',(42.1504186106828,-2.79306246903607,58.083307690529));
#1866=CARTESIAN_POINT('',(41.221890344307,-7.6158409181255,56.690837851144));
#1867=CARTESIAN_POINT('Ctrl Pts',(40.9915427966901,-6.62150062255694,58.0915631377184));
#1868=CARTESIAN_POINT('Ctrl Pts',(40.9550422254589,-6.61111243107689,57.7852101891331));
#1869=CARTESIAN_POINT('Ctrl Pts',(40.9742668154754,-6.80578204431841,57.1774280324294));
#1870=CARTESIAN_POINT('Ctrl Pts',(41.1225968425133,-7.3250204666508,56.7983788489463));
#1871=CARTESIAN_POINT('Ctrl Pts',(41.221890344307,-7.6158409181255,56.690837851144));
#1872=CARTESIAN_POINT('',(39.0562179868963,-7.00879398021322,55.7311336043007));
#1873=CARTESIAN_POINT('Origin',(41.8846451116424,-6.05061098770096,53.0699524092558));
#1874=CARTESIAN_POINT('Ctrl Pts',(39.0562179868962,-7.0087939802132,55.7311336043007));
#1875=CARTESIAN_POINT('Ctrl Pts',(39.1350161246784,-6.57256772650136,55.9719512414724));
#1876=CARTESIAN_POINT('Ctrl Pts',(39.2726202059221,-5.86597332872273,56.6868275186092));
#1877=CARTESIAN_POINT('Ctrl Pts',(39.3252526365647,-5.62475074441032,57.6179152700956));
#1878=CARTESIAN_POINT('Ctrl Pts',(39.3219914859366,-5.62148959378225,58.0833076905288));
#1879=CARTESIAN_POINT('Ctrl Pts',(39.3219914859366,-5.62148959378225,68.0833076905287));
#1880=CARTESIAN_POINT('Ctrl Pts',(39.3219596373779,-5.62145774522349,68.0730088283242));
#1881=CARTESIAN_POINT('Ctrl Pts',(39.3219700832359,-5.62146819108152,68.0627096547084));
#1882=CARTESIAN_POINT('Ctrl Pts',(39.3220889255999,-5.62158703344552,68.039470836528));
#1883=CARTESIAN_POINT('Ctrl Pts',(39.3222207789057,-5.62171888675131,68.013590590654));
#1884=CARTESIAN_POINT('Ctrl Pts',(39.3224825012332,-5.62198060907874,67.9618300738858));
#1885=CARTESIAN_POINT('Ctrl Pts',(39.3228059370423,-5.62230404488784,67.8971293934484));
#1886=CARTESIAN_POINT('Ctrl Pts',(39.3231881263127,-5.6226862341583,67.8194885117916));
#1887=CARTESIAN_POINT('Ctrl Pts',(39.3236898186353,-5.62318792648092,67.7159672527433));
#1888=CARTESIAN_POINT('Ctrl Pts',(39.3241797002517,-5.62367780809728,67.6124458715321));
#1889=CARTESIAN_POINT('Ctrl Pts',(39.3246578283179,-5.62415593616352,67.5089243721322));
#1890=CARTESIAN_POINT('Ctrl Pts',(39.3258336139357,-5.62533172178129,67.2501204346085));
#1891=CARTESIAN_POINT('Ctrl Pts',(39.3276833652084,-5.62718147305393,66.8101523258833));
#1892=CARTESIAN_POINT('Ctrl Pts',(39.3293670231835,-5.62886513102903,66.3443016073489));
#1893=CARTESIAN_POINT('Ctrl Pts',(39.3303762666084,-5.62987437445392,66.0337337673462));
#1894=CARTESIAN_POINT('Ctrl Pts',(39.3310189187487,-5.63051702659421,65.8266883924642));
#1895=CARTESIAN_POINT('Ctrl Pts',(39.3320639740493,-5.63156208189486,65.4643584579947));
#1896=CARTESIAN_POINT('Ctrl Pts',(39.3333298317889,-5.63282793963441,64.9467420661555));
#1897=CARTESIAN_POINT('Ctrl Pts',(39.3348477836818,-5.63434589152732,64.1185520487157));
#1898=CARTESIAN_POINT('Ctrl Pts',(39.3357322940034,-5.63523040184902,63.0833098391545));
#1899=CARTESIAN_POINT('Ctrl Pts',(39.3346705318716,-5.63416863971717,61.8410181082605));
#1900=CARTESIAN_POINT('Ctrl Pts',(39.3319903876342,-5.6314884954798,60.5987336364876));
#1901=CARTESIAN_POINT('Ctrl Pts',(39.3285537134314,-5.62805182127699,59.5635049422046));
#1902=CARTESIAN_POINT('Ctrl Pts',(39.3255071781622,-5.62500528600783,58.8388521331821));
#1903=CARTESIAN_POINT('Ctrl Pts',(39.3235791465897,-5.62307725443533,58.4247669175219));
#1904=CARTESIAN_POINT('Ctrl Pts',(39.3225521534824,-5.62205026132799,58.2177257610781));
#1905=CARTESIAN_POINT('Ctrl Pts',(39.3219700831288,-5.62146819097441,58.1039057156759));
#1906=CARTESIAN_POINT('Ctrl Pts',(39.3219596375505,-5.62145774539613,58.0936064969094));
#1907=CARTESIAN_POINT('Ctrl Pts',(39.3219914859367,-5.62148959378226,58.0833076905289));
#1908=CARTESIAN_POINT('Ctrl Pts',(39.7853478240287,-6.08484593187427,68.0804418920999));
#1909=CARTESIAN_POINT('Ctrl Pts',(39.7854136139627,-6.08491245817958,68.0726800906396));
#1910=CARTESIAN_POINT('Ctrl Pts',(39.7855194700349,-6.08501910808366,68.0649464447504));
#1911=CARTESIAN_POINT('Ctrl Pts',(39.7858465044962,-6.08534806956446,68.0473311869492));
#1912=CARTESIAN_POINT('Ctrl Pts',(39.7861325243833,-6.08563522023396,68.0196080824229));
#1913=CARTESIAN_POINT('Ctrl Pts',(39.7867468425184,-6.08625241260718,67.9688043918772));
#1914=CARTESIAN_POINT('Ctrl Pts',(39.7874923178801,-6.08700109249389,67.9033867151152));
#1915=CARTESIAN_POINT('Ctrl Pts',(39.7883907170173,-6.0879034999894,67.8260016472557));
#1916=CARTESIAN_POINT('Ctrl Pts',(39.7895733871126,-6.08909161091698,67.7222256899703));
#1917=CARTESIAN_POINT('Ctrl Pts',(39.790744200303,-6.09026701335178,67.6186934317618));
#1918=CARTESIAN_POINT('Ctrl Pts',(39.7918981381446,-6.0914265211715,67.5150515911672));
#1919=CARTESIAN_POINT('Ctrl Pts',(39.794757656236,-6.0942987142233,67.2560131338224));
#1920=CARTESIAN_POINT('Ctrl Pts',(39.7994127377218,-6.09896519841584,66.815383237511));
#1921=CARTESIAN_POINT('Ctrl Pts',(39.8038577064263,-6.10342339462616,66.3489197091876));
#1922=CARTESIAN_POINT('Ctrl Pts',(39.8065757763413,-6.10615482292563,66.0380466262872));
#1923=CARTESIAN_POINT('Ctrl Pts',(39.808319677259,-6.10790782138243,65.8308059707628));
#1924=CARTESIAN_POINT('Ctrl Pts',(39.8111858434876,-6.11078781275391,65.4681075698021));
#1925=CARTESIAN_POINT('Ctrl Pts',(39.8147039048082,-6.11431991469615,64.9498272577458));
#1926=CARTESIAN_POINT('Ctrl Pts',(39.8189204040382,-6.11855669597477,64.1207332953107));
#1927=CARTESIAN_POINT('Ctrl Pts',(39.8212098748304,-6.12085292616287,63.0835219931302));
#1928=CARTESIAN_POINT('Ctrl Pts',(39.818461270265,-6.11809142047753,61.8393659209407));
#1929=CARTESIAN_POINT('Ctrl Pts',(39.8109414663342,-6.11054098959737,60.5954420274534));
#1930=CARTESIAN_POINT('Ctrl Pts',(39.80159246357,-6.1011580176584,59.5593816246701));
#1931=CARTESIAN_POINT('Ctrl Pts',(39.7939338025619,-6.0934688492939,58.8333207052364));
#1932=CARTESIAN_POINT('Ctrl Pts',(39.7892841130518,-6.0887993082092,58.4197505785313));
#1933=CARTESIAN_POINT('Ctrl Pts',(39.7869031316542,-6.0864092457302,58.2107203364683));
#1934=CARTESIAN_POINT('Ctrl Pts',(39.7855336914432,-6.08503353076305,58.1001836122078));
#1935=CARTESIAN_POINT('Ctrl Pts',(39.7854136136061,-6.08491245781899,58.0939352483459));
#1936=CARTESIAN_POINT('Ctrl Pts',(39.7853478240287,-6.08484593187428,58.0861734889577));
#1937=CARTESIAN_POINT('Ctrl Pts',(40.3643592652034,-6.4316563732378,68.0775788483923));
#1938=CARTESIAN_POINT('Ctrl Pts',(40.3645685518843,-6.43177441301508,68.0723513225816));
#1939=CARTESIAN_POINT('Ctrl Pts',(40.3648199569723,-6.4319260574857,68.0671803818958));
#1940=CARTESIAN_POINT('Ctrl Pts',(40.365476319357,-6.43234146090811,68.0551824797634));
#1941=CARTESIAN_POINT('Ctrl Pts',(40.365990469912,-6.43270833920071,68.0256185409561));
#1942=CARTESIAN_POINT('Ctrl Pts',(40.3671402326865,-6.43349422824748,67.9757706078406));
#1943=CARTESIAN_POINT('Ctrl Pts',(40.3685218337492,-6.43444946514937,67.9096367097918));
#1944=CARTESIAN_POINT('Ctrl Pts',(40.3702015852644,-6.43560124062964,67.8325071552723));
#1945=CARTESIAN_POINT('Ctrl Pts',(40.3724139744168,-6.43711946391639,67.7284767548911));
#1946=CARTESIAN_POINT('Ctrl Pts',(40.3746151539009,-6.43862348277968,67.6249336155692));
#1947=CARTESIAN_POINT('Ctrl Pts',(40.3767926347622,-6.44010900476757,67.5211715419398));
#1948=CARTESIAN_POINT('Ctrl Pts',(40.3822026619333,-6.44379194719161,67.2618987732462));
#1949=CARTESIAN_POINT('Ctrl Pts',(40.3911082258975,-6.44979969003936,66.8206078250555));
#1950=CARTESIAN_POINT('Ctrl Pts',(40.3997506784014,-6.455565090589,66.3535321740081));
#1951=CARTESIAN_POINT('Ctrl Pts',(40.4050738235344,-6.45910192805173,66.0423541737786));
#1952=CARTESIAN_POINT('Ctrl Pts',(40.4084979396651,-6.46137290640864,65.8349184463489));
#1953=CARTESIAN_POINT('Ctrl Pts',(40.4141444520462,-6.46510644228821,65.4718519906973));
#1954=CARTESIAN_POINT('Ctrl Pts',(40.4211050580694,-6.46968709236123,64.952908552714));
#1955=CARTESIAN_POINT('Ctrl Pts',(40.4294561601946,-6.47517261852746,64.122911760516));
#1956=CARTESIAN_POINT('Ctrl Pts',(40.4339005647009,-6.47811313420211,63.0837339185464));
#1957=CARTESIAN_POINT('Ctrl Pts',(40.4285609294147,-6.4745778972946,61.8377159515048));
#1958=CARTESIAN_POINT('Ctrl Pts',(40.41363171292,-6.46478677740584,60.592154622347));
#1959=CARTESIAN_POINT('Ctrl Pts',(40.3952745737499,-6.45262225732027,59.5552634559969));
#1960=CARTESIAN_POINT('Ctrl Pts',(40.3806216701848,-6.44272446076325,58.8277959062326));
#1961=CARTESIAN_POINT('Ctrl Pts',(40.3718495731057,-6.43674442439359,58.4147402218702));
#1962=CARTESIAN_POINT('Ctrl Pts',(40.3674272510327,-6.43369323763061,58.2037230510749));
#1963=CARTESIAN_POINT('Ctrl Pts',(40.3648595730958,-6.43194350249462,58.0964659989912));
#1964=CARTESIAN_POINT('Ctrl Pts',(40.3645685507499,-6.43177441237527,58.0942640301406));
#1965=CARTESIAN_POINT('Ctrl Pts',(40.3643592652034,-6.43165637323782,58.0890365326652));
#1966=CARTESIAN_POINT('Ctrl Pts',(40.9915427966901,-6.62150062255693,68.0750522433391));
#1967=CARTESIAN_POINT('Ctrl Pts',(40.9918992630789,-6.6216020741501,68.0720603852504));
#1968=CARTESIAN_POINT('Ctrl Pts',(40.9923015570552,-6.62172560114138,68.0691498570563));
#1969=CARTESIAN_POINT('Ctrl Pts',(40.9933027220461,-6.62205345253973,68.0621057665798));
#1970=CARTESIAN_POINT('Ctrl Pts',(40.9940512404252,-6.62239059419067,68.0309179200949));
#1971=CARTESIAN_POINT('Ctrl Pts',(40.9957551173681,-6.62307791771524,67.9819121159783));
#1972=CARTESIAN_POINT('Ctrl Pts',(40.9977933722646,-6.62392564592568,67.915145589548));
#1973=CARTESIAN_POINT('Ctrl Pts',(41.0002803211772,-6.62493847049397,67.8382402587757));
#1974=CARTESIAN_POINT('Ctrl Pts',(41.0035557024788,-6.62627560623662,67.73398399853));
#1975=CARTESIAN_POINT('Ctrl Pts',(41.0068199984512,-6.62759613939662,67.6304298988061));
#1976=CARTESIAN_POINT('Ctrl Pts',(41.0100531688816,-6.62889782234068,67.5265604708853));
#1977=CARTESIAN_POINT('Ctrl Pts',(41.0180927035046,-6.63212059814926,67.2670779089049));
#1978=CARTESIAN_POINT('Ctrl Pts',(41.0313711477443,-6.63734994765696,66.8251997417975));
#1979=CARTESIAN_POINT('Ctrl Pts',(41.0443211712311,-6.64231393436035,66.3575815873671));
#1980=CARTESIAN_POINT('Ctrl Pts',(41.0523151231954,-6.64533928346179,66.0461336180747));
#1981=CARTESIAN_POINT('Ctrl Pts',(41.0574609789742,-6.64727733995402,65.8385253623098));
#1982=CARTESIAN_POINT('Ctrl Pts',(41.0659537746034,-6.65045429096306,65.475133980206));
#1983=CARTESIAN_POINT('Ctrl Pts',(41.076432065425,-6.65433284122217,64.9556070958744));
#1984=CARTESIAN_POINT('Ctrl Pts',(41.0890014408682,-6.65895361620722,64.1248188275692));
#1985=CARTESIAN_POINT('Ctrl Pts',(41.0956385188583,-6.6614340565843,63.0839210232558));
#1986=CARTESIAN_POINT('Ctrl Pts',(41.0876610530098,-6.65845667070654,61.8362775558466));
#1987=CARTESIAN_POINT('Ctrl Pts',(41.0651719795969,-6.65020620221914,60.5892770056821));
#1988=CARTESIAN_POINT('Ctrl Pts',(41.0375826726618,-6.63980791076949,59.5516495079823));
#1989=CARTESIAN_POINT('Ctrl Pts',(41.0157314492357,-6.63119645136806,58.8229341718822));
#1990=CARTESIAN_POINT('Ctrl Pts',(41.0027065759464,-6.62595876584067,58.4103268980348));
#1991=CARTESIAN_POINT('Ctrl Pts',(40.9961774231725,-6.62325458313851,58.197554360796));
#1992=CARTESIAN_POINT('Ctrl Pts',(40.9923685820247,-6.62173060871289,58.093188010097));
#1993=CARTESIAN_POINT('Ctrl Pts',(40.9918992611467,-6.62160207360021,58.09455497959));
#1994=CARTESIAN_POINT('Ctrl Pts',(40.9915427966901,-6.62150062255695,58.0915631377184));
#1995=CARTESIAN_POINT('',(39.3219914859366,-5.62148959378225,68.0833076905287));
#1996=CARTESIAN_POINT('Ctrl Pts',(39.3219914859367,-5.62148959378226,58.0833076905289));
#1997=CARTESIAN_POINT('Ctrl Pts',(39.3219596375505,-5.62145774539613,58.0936064969094));
#1998=CARTESIAN_POINT('Ctrl Pts',(39.3219700831288,-5.62146819097441,58.1039057156759));
#1999=CARTESIAN_POINT('Ctrl Pts',(39.3225521534824,-5.62205026132799,58.2177257610781));
#2000=CARTESIAN_POINT('Ctrl Pts',(39.3235791465897,-5.62307725443533,58.4247669175219));
#2001=CARTESIAN_POINT('Ctrl Pts',(39.3255071781622,-5.62500528600783,58.8388521331821));
#2002=CARTESIAN_POINT('Ctrl Pts',(39.3285537134314,-5.62805182127699,59.5635049422046));
#2003=CARTESIAN_POINT('Ctrl Pts',(39.3319903876342,-5.6314884954798,60.5987336364876));
#2004=CARTESIAN_POINT('Ctrl Pts',(39.3346705318716,-5.63416863971717,61.8410181082605));
#2005=CARTESIAN_POINT('Ctrl Pts',(39.3357322940034,-5.63523040184902,63.0833098391545));
#2006=CARTESIAN_POINT('Ctrl Pts',(39.3348477836818,-5.63434589152732,64.1185520487157));
#2007=CARTESIAN_POINT('Ctrl Pts',(39.3333298317889,-5.63282793963441,64.9467420661555));
#2008=CARTESIAN_POINT('Ctrl Pts',(39.3320639740493,-5.63156208189486,65.4643584579947));
#2009=CARTESIAN_POINT('Ctrl Pts',(39.3310189187487,-5.63051702659421,65.8266883924642));
#2010=CARTESIAN_POINT('Ctrl Pts',(39.3303762666084,-5.62987437445392,66.0337337673462));
#2011=CARTESIAN_POINT('Ctrl Pts',(39.3293670231835,-5.62886513102903,66.3443016073489));
#2012=CARTESIAN_POINT('Ctrl Pts',(39.3276833652084,-5.62718147305393,66.8101523258833));
#2013=CARTESIAN_POINT('Ctrl Pts',(39.3258336139357,-5.62533172178129,67.2501204346085));
#2014=CARTESIAN_POINT('Ctrl Pts',(39.3246578283179,-5.62415593616352,67.5089243721322));
#2015=CARTESIAN_POINT('Ctrl Pts',(39.3241797002517,-5.62367780809728,67.6124458715321));
#2016=CARTESIAN_POINT('Ctrl Pts',(39.3236898186353,-5.62318792648092,67.7159672527433));
#2017=CARTESIAN_POINT('Ctrl Pts',(39.3231881263127,-5.6226862341583,67.8194885117916));
#2018=CARTESIAN_POINT('Ctrl Pts',(39.3228059370423,-5.62230404488784,67.8971293934484));
#2019=CARTESIAN_POINT('Ctrl Pts',(39.3224825012332,-5.62198060907874,67.9618300738858));
#2020=CARTESIAN_POINT('Ctrl Pts',(39.3222207789057,-5.62171888675131,68.013590590654));
#2021=CARTESIAN_POINT('Ctrl Pts',(39.3220889255999,-5.62158703344552,68.039470836528));
#2022=CARTESIAN_POINT('Ctrl Pts',(39.3219700832359,-5.62146819108152,68.0627096547084));
#2023=CARTESIAN_POINT('Ctrl Pts',(39.3219596373779,-5.62145774522349,68.0730088283242));
#2024=CARTESIAN_POINT('Ctrl Pts',(39.3219914859366,-5.62148959378225,68.0833076905287));
#2025=CARTESIAN_POINT('',(40.9915427966901,-6.62150062255693,68.0750522433391));
#2026=CARTESIAN_POINT('Origin',(42.1504186106828,-2.79306246903607,68.0833076905287));
#2027=CARTESIAN_POINT('',(40.992745903886,-6.62187094383425,68.0660706738856));
#2028=CARTESIAN_POINT('Ctrl Pts',(40.9915427966901,-6.62150062255693,68.0750522433391));
#2029=CARTESIAN_POINT('Ctrl Pts',(40.9918992630789,-6.6216020741501,68.0720603852504));
#2030=CARTESIAN_POINT('Ctrl Pts',(40.9923015570552,-6.62172560114138,68.0691498570563));
#2031=CARTESIAN_POINT('Ctrl Pts',(40.9927452410499,-6.62187089429427,68.0660281436223));
#2032=CARTESIAN_POINT('',(40.9927459038861,-6.62187094383426,58.100544707172));
#2033=CARTESIAN_POINT('Ctrl Pts',(40.9927452410499,-6.62187089429427,68.0660281436223));
#2034=CARTESIAN_POINT('Ctrl Pts',(40.9933027220461,-6.62205345253973,68.0621057665798));
#2035=CARTESIAN_POINT('Ctrl Pts',(40.9940512404252,-6.62239059419067,68.0309179200949));
#2036=CARTESIAN_POINT('Ctrl Pts',(40.9957551173681,-6.62307791771524,67.9819121159783));
#2037=CARTESIAN_POINT('Ctrl Pts',(40.9977933722646,-6.62392564592568,67.915145589548));
#2038=CARTESIAN_POINT('Ctrl Pts',(41.0002803211772,-6.62493847049397,67.8382402587757));
#2039=CARTESIAN_POINT('Ctrl Pts',(41.0035557024788,-6.62627560623662,67.73398399853));
#2040=CARTESIAN_POINT('Ctrl Pts',(41.0068199984512,-6.62759613939662,67.6304298988061));
#2041=CARTESIAN_POINT('Ctrl Pts',(41.0100531688816,-6.62889782234068,67.5265604708853));
#2042=CARTESIAN_POINT('Ctrl Pts',(41.0180927035046,-6.63212059814926,67.2670779089049));
#2043=CARTESIAN_POINT('Ctrl Pts',(41.0313711477443,-6.63734994765696,66.8251997417975));
#2044=CARTESIAN_POINT('Ctrl Pts',(41.0443211712311,-6.64231393436035,66.3575815873671));
#2045=CARTESIAN_POINT('Ctrl Pts',(41.0523151231954,-6.64533928346179,66.0461336180747));
#2046=CARTESIAN_POINT('Ctrl Pts',(41.0574609789742,-6.64727733995402,65.8385253623098));
#2047=CARTESIAN_POINT('Ctrl Pts',(41.0659537746034,-6.65045429096306,65.475133980206));
#2048=CARTESIAN_POINT('Ctrl Pts',(41.076432065425,-6.65433284122217,64.9556070958744));
#2049=CARTESIAN_POINT('Ctrl Pts',(41.0890014408682,-6.65895361620722,64.1248188275692));
#2050=CARTESIAN_POINT('Ctrl Pts',(41.0956385188583,-6.6614340565843,63.0839210232558));
#2051=CARTESIAN_POINT('Ctrl Pts',(41.0876610530098,-6.65845667070654,61.8362775558466));
#2052=CARTESIAN_POINT('Ctrl Pts',(41.0651719795969,-6.65020620221914,60.5892770056821));
#2053=CARTESIAN_POINT('Ctrl Pts',(41.0375826726618,-6.63980791076949,59.5516495079823));
#2054=CARTESIAN_POINT('Ctrl Pts',(41.0157314492357,-6.63119645136806,58.8229341718822));
#2055=CARTESIAN_POINT('Ctrl Pts',(41.0027065759464,-6.62595876584067,58.4103268980348));
#2056=CARTESIAN_POINT('Ctrl Pts',(40.9961774231725,-6.62325458313851,58.197554360796));
#2057=CARTESIAN_POINT('Ctrl Pts',(40.9927132151421,-6.62186850158808,58.1026313287836));
#2058=CARTESIAN_POINT('Ctrl Pts',(40.9926275848458,-6.62183535362128,58.1005508387834));
#2059=CARTESIAN_POINT('Ctrl Pts',(40.9922936671275,-6.62171006657754,58.0933800348877));
#2060=CARTESIAN_POINT('Ctrl Pts',(40.991870532618,-6.6215938973595,58.094313858173));
#2061=CARTESIAN_POINT('Ctrl Pts',(40.9915427966901,-6.62150062255695,58.0915631377184));
#2062=CARTESIAN_POINT('Ctrl Pts',(40.9915427966901,-6.62150062255693,68.0750522433391));
#2063=CARTESIAN_POINT('Ctrl Pts',(40.9550422254589,-6.6111124310769,68.3814051919245));
#2064=CARTESIAN_POINT('Ctrl Pts',(40.9742659464821,-6.8057860870292,68.9891830317704));
#2065=CARTESIAN_POINT('Ctrl Pts',(41.1225968425133,-7.32502046665082,69.3682365321112));
#2066=CARTESIAN_POINT('Ctrl Pts',(41.2218903443071,-7.61584091812551,69.4757775299135));
#2067=CARTESIAN_POINT('Ctrl Pts',(40.3643592652034,-6.4316563732378,68.0775788483923));
#2068=CARTESIAN_POINT('Ctrl Pts',(40.3431205779477,-6.41918275779544,68.4082873872415));
#2069=CARTESIAN_POINT('Ctrl Pts',(40.3346123211958,-6.62676516941806,69.0729061871509));
#2070=CARTESIAN_POINT('Ctrl Pts',(40.3738965098393,-7.19224148905995,69.4767722113237));
#2071=CARTESIAN_POINT('Ctrl Pts',(40.4073174296314,-7.5039254557489,69.5764956158644));
#2072=CARTESIAN_POINT('Ctrl Pts',(39.7853478240287,-6.08484593187427,68.0804418921));
#2073=CARTESIAN_POINT('Ctrl Pts',(39.7788620118669,-6.07768267362272,68.4663060082343));
#2074=CARTESIAN_POINT('Ctrl Pts',(39.7441036104103,-6.30027995285941,69.2425065516079));
#2075=CARTESIAN_POINT('Ctrl Pts',(39.6754463058743,-6.92712492493856,69.7669902453995));
#2076=CARTESIAN_POINT('Ctrl Pts',(39.6386851005207,-7.2884746281247,69.917110255925));
#2077=CARTESIAN_POINT('Ctrl Pts',(39.3219914859366,-5.62148959378225,68.0833076905288));
#2078=CARTESIAN_POINT('Ctrl Pts',(39.3252526365647,-5.62475074441033,68.5487001109607));
#2079=CARTESIAN_POINT('Ctrl Pts',(39.2726196507796,-5.86597841019668,69.479788624683));
#2080=CARTESIAN_POINT('Ctrl Pts',(39.1350161246784,-6.57256772650123,70.1946641395851));
#2081=CARTESIAN_POINT('Ctrl Pts',(39.0562179868963,-7.0087939802132,70.4354817767568));
#2082=CARTESIAN_POINT('',(39.0562179868963,-7.00879398021323,70.4354817767567));
#2083=CARTESIAN_POINT('',(41.2218903443071,-7.61584091812551,69.4757775299135));
#2084=CARTESIAN_POINT('Origin',(41.8846451116424,-6.05061098770097,73.0966629718017));
#2085=CARTESIAN_POINT('Ctrl Pts',(41.2218903443071,-7.61584091812551,69.4757775299135));
#2086=CARTESIAN_POINT('Ctrl Pts',(41.1225968425133,-7.32502046665082,69.3682365321112));
#2087=CARTESIAN_POINT('Ctrl Pts',(40.9742659464821,-6.8057860870292,68.9891830317704));
#2088=CARTESIAN_POINT('Ctrl Pts',(40.9550422254589,-6.6111124310769,68.3814051919245));
#2089=CARTESIAN_POINT('Ctrl Pts',(40.9915427966901,-6.62150062255693,68.0750522433391));
#2090=CARTESIAN_POINT('Ctrl Pts',(39.3219914859366,-5.62148959378225,68.0833076905288));
#2091=CARTESIAN_POINT('Ctrl Pts',(39.3252526365647,-5.62475074441033,68.5487001109607));
#2092=CARTESIAN_POINT('Ctrl Pts',(39.2726196507796,-5.86597841019668,69.479788624683));
#2093=CARTESIAN_POINT('Ctrl Pts',(39.1350161246784,-6.57256772650123,70.1946641395851));
#2094=CARTESIAN_POINT('Ctrl Pts',(39.0562179868963,-7.0087939802132,70.4354817767568));
#2095=CARTESIAN_POINT('Ctrl Pts',(39.0562179868964,-7.00879398021325,55.7311336043008));
#2096=CARTESIAN_POINT('Ctrl Pts',(39.0562179868964,-7.28224961523457,55.632673364475));
#2097=CARTESIAN_POINT('Ctrl Pts',(39.0562179868964,-7.57307485101345,55.5833076905287));
#2098=CARTESIAN_POINT('Ctrl Pts',(39.0562179868964,-7.85571609474204,55.5833076905287));
#2099=CARTESIAN_POINT('Ctrl Pts',(39.6386851005209,-7.28847462812471,56.2495051251326));
#2100=CARTESIAN_POINT('Ctrl Pts',(39.6577173887096,-7.50886047996945,56.1809878054452));
#2101=CARTESIAN_POINT('Ctrl Pts',(39.6797571820025,-7.74133998824349,56.1527295825613));
#2102=CARTESIAN_POINT('Ctrl Pts',(39.7035859267337,-7.96309639848856,56.1641326896448));
#2103=CARTESIAN_POINT('Ctrl Pts',(40.4073174296315,-7.50392545574889,56.5901197651931));
#2104=CARTESIAN_POINT('Ctrl Pts',(40.4487891252224,-7.68867584470627,56.5347204271296));
#2105=CARTESIAN_POINT('Ctrl Pts',(40.4964361543072,-7.88384118635538,56.5120000295648));
#2106=CARTESIAN_POINT('Ctrl Pts',(40.5479341974709,-8.07014953817353,56.5214420589554));
#2107=CARTESIAN_POINT('Ctrl Pts',(41.2218903443071,-7.6158409181255,56.690837851144));
#2108=CARTESIAN_POINT('Ctrl Pts',(41.2805448244125,-7.78763385600274,56.6273114249211));
#2109=CARTESIAN_POINT('Ctrl Pts',(41.3471237358788,-7.97247310019546,56.5909957501935));
#2110=CARTESIAN_POINT('Ctrl Pts',(41.4179845021258,-8.15515949910573,56.5827546406347));
#2111=CARTESIAN_POINT('',(41.4179845021258,-8.15515949910572,56.5827546406347));
#2112=CARTESIAN_POINT('',(39.0562179868964,-7.85571609474203,55.5833076905287));
#2113=CARTESIAN_POINT('Origin',(41.7274844265265,-7.85571609474204,52.6060042782937));
#2114=CARTESIAN_POINT('Origin',(39.0562179868964,-7.85571609474203,58.0833076905287));
#2115=CARTESIAN_POINT('Ctrl Pts',(41.2218903443071,-7.6158409181255,56.690837851144));
#2116=CARTESIAN_POINT('Ctrl Pts',(41.2805448244125,-7.78763385600274,56.6273114249211));
#2117=CARTESIAN_POINT('Ctrl Pts',(41.3471237358788,-7.97247310019546,56.5909957501935));
#2118=CARTESIAN_POINT('Ctrl Pts',(41.4179845021258,-8.15515949910573,56.5827546406347));
#2119=CARTESIAN_POINT('Ctrl Pts',(39.0562179868964,-7.8557160947423,55.5833076905287));
#2120=CARTESIAN_POINT('Ctrl Pts',(39.0562179868964,-7.89397381294768,55.5833076905287));
#2121=CARTESIAN_POINT('Ctrl Pts',(39.0562179868963,-7.93231418862296,55.5833076905285));
#2122=CARTESIAN_POINT('Ctrl Pts',(39.0562179868962,-7.97551243235586,55.5833076905284));
#2123=CARTESIAN_POINT('Ctrl Pts',(39.0562179868962,-7.98511309396968,55.5833076905284));
#2124=CARTESIAN_POINT('Ctrl Pts',(39.0562179868962,-8.00431314259024,55.5833076905284));
#2125=CARTESIAN_POINT('Ctrl Pts',(39.0562179868962,-8.03791215513942,55.5833076905284));
#2126=CARTESIAN_POINT('Ctrl Pts',(39.0562179868962,-8.07631076417829,55.5833076905284));
#2127=CARTESIAN_POINT('Ctrl Pts',(39.0562179868962,-8.13390749210007,55.5833076905284));
#2128=CARTESIAN_POINT('Ctrl Pts',(39.0562179868962,-8.24909869799511,55.5833076905284));
#2129=CARTESIAN_POINT('Ctrl Pts',(39.0562179868963,-8.4314750974067,55.5833076905285));
#2130=CARTESIAN_POINT('Ctrl Pts',(39.0562179868963,-8.62343949276248,55.5833076905285));
#2131=CARTESIAN_POINT('Ctrl Pts',(39.0562179868963,-8.77700691326721,55.5833076905285));
#2132=CARTESIAN_POINT('Ctrl Pts',(39.0562179868963,-8.9305724716539,55.5833076905285));
#2133=CARTESIAN_POINT('Ctrl Pts',(39.0562179868963,-9.27609176189477,55.5833076905285));
#2134=CARTESIAN_POINT('Ctrl Pts',(39.0562179868963,-9.73679283172032,55.5833076905286));
#2135=CARTESIAN_POINT('Ctrl Pts',(39.0562179868964,-10.2743866160016,55.5833076905286));
#2136=CARTESIAN_POINT('Ctrl Pts',(39.0562179868964,-10.8889354479776,55.5833076905286));
#2137=CARTESIAN_POINT('Ctrl Pts',(39.0562179868964,-11.96534592618,55.5833076905286));
#2138=CARTESIAN_POINT('Ctrl Pts',(39.0562179868964,-13.504963304891,55.5833076905287));
#2139=CARTESIAN_POINT('Ctrl Pts',(39.0562179868964,-15.9727841197825,55.5833076905287));
#2140=CARTESIAN_POINT('Ctrl Pts',(39.0562179868964,-18.4402231862774,55.5833076905287));
#2141=CARTESIAN_POINT('Ctrl Pts',(39.0562179868964,-20.5906034003744,55.5833076905287));
#2142=CARTESIAN_POINT('Ctrl Pts',(39.0562179868964,-21.6656947355512,55.5833076905287));
#2143=CARTESIAN_POINT('Ctrl Pts',(39.0562179868964,-22.2031541114357,55.5833076905288));
#2144=CARTESIAN_POINT('Ctrl Pts',(39.0562179868964,-22.4719274615841,55.5833076905287));
#2145=CARTESIAN_POINT('Ctrl Pts',(39.0562179868964,-22.6255191086832,55.5833076905287));
#2146=CARTESIAN_POINT('Ctrl Pts',(39.0562179868964,-22.7023161802194,55.5833076905287));
#2147=CARTESIAN_POINT('Ctrl Pts',(39.0562179868964,-22.759914363695,55.5833076905287));
#2148=CARTESIAN_POINT('Ctrl Pts',(39.0562179868964,-22.7982807835136,55.5833076905287));
#2149=CARTESIAN_POINT('Ctrl Pts',(39.0562179868964,-22.8365844038578,55.5833076905287));
#2150=CARTESIAN_POINT('Ctrl Pts',(39.0562179868964,-22.855716094742,55.5833076905287));
#2151=CARTESIAN_POINT('Ctrl Pts',(39.7035859267337,-7.96309639848875,56.1641326896448));
#2152=CARTESIAN_POINT('Ctrl Pts',(39.7053417917735,-7.99167979106989,56.1643304540659));
#2153=CARTESIAN_POINT('Ctrl Pts',(39.707106314841,-8.02024600696545,56.164714866797));
#2154=CARTESIAN_POINT('Ctrl Pts',(39.7090838976552,-8.05279330848885,56.1653541085269));
#2155=CARTESIAN_POINT('Ctrl Pts',(39.7094011996898,-8.06315184421039,56.165388659555));
#2156=CARTESIAN_POINT('Ctrl Pts',(39.7101066618802,-8.08206596315477,56.1655193670812));
#2157=CARTESIAN_POINT('Ctrl Pts',(39.711301024196,-8.1162201522764,56.1657099535421));
#2158=CARTESIAN_POINT('Ctrl Pts',(39.7126907154335,-8.15468405677277,56.1659438124242));
#2159=CARTESIAN_POINT('Ctrl Pts',(39.7147645620411,-8.21273131981639,56.1662786901817));
#2160=CARTESIAN_POINT('Ctrl Pts',(39.7189305640365,-8.32858469138178,56.1669399346213));
#2161=CARTESIAN_POINT('Ctrl Pts',(39.7255573490392,-8.51207918771449,56.1679172508921));
#2162=CARTESIAN_POINT('Ctrl Pts',(39.7325713925407,-8.7049650636588,56.1688629723252));
#2163=CARTESIAN_POINT('Ctrl Pts',(39.7381894739577,-8.85918282865431,56.1695720965407));
#2164=CARTESIAN_POINT('Ctrl Pts',(39.743809758815,-9.01331254841455,56.1702424588262));
#2165=CARTESIAN_POINT('Ctrl Pts',(39.7564494717111,-9.35986290492311,56.1716013168454));
#2166=CARTESIAN_POINT('Ctrl Pts',(39.7731748391244,-9.82100365931307,56.1728337602165));
#2167=CARTESIAN_POINT('Ctrl Pts',(39.7920007746827,-10.3573571608204,56.1736764462793));
#2168=CARTESIAN_POINT('Ctrl Pts',(39.8125858214896,-10.9689356014526,56.1740451690543));
#2169=CARTESIAN_POINT('Ctrl Pts',(39.8455871221752,-12.0356231660578,56.1729905808926));
#2170=CARTESIAN_POINT('Ctrl Pts',(39.8798086564249,-13.5508087260302,56.1683281523092));
#2171=CARTESIAN_POINT('Ctrl Pts',(39.899302373589,-15.9563151349521,56.1632944421141));
#2172=CARTESIAN_POINT('Ctrl Pts',(39.859629232005,-18.3663585144583,56.1735391562967));
#2173=CARTESIAN_POINT('Ctrl Pts',(39.7871594792703,-20.5040090751376,56.1742166614979));
#2174=CARTESIAN_POINT('Ctrl Pts',(39.7479736122537,-21.5801960312454,56.1707786651154));
#2175=CARTESIAN_POINT('Ctrl Pts',(39.7282467694991,-22.1196591321367,56.1682662325927));
#2176=CARTESIAN_POINT('Ctrl Pts',(39.7184957739033,-22.39031223993,56.1668196900147));
#2177=CARTESIAN_POINT('Ctrl Pts',(39.7129231248505,-22.5442634654414,56.1659103851679));
#2178=CARTESIAN_POINT('Ctrl Pts',(39.7102006056736,-22.6225650047478,56.1654862019614));
#2179=CARTESIAN_POINT('Ctrl Pts',(39.7080318130399,-22.677919528947,56.1650448279322));
#2180=CARTESIAN_POINT('Ctrl Pts',(39.7061360654629,-22.7032140033481,56.1644470116784));
#2181=CARTESIAN_POINT('Ctrl Pts',(39.7044639892202,-22.7340419790032,56.1642315864936));
#2182=CARTESIAN_POINT('Ctrl Pts',(39.7035859267337,-22.7483357909955,56.1641326896448));
#2183=CARTESIAN_POINT('Ctrl Pts',(40.5479341974709,-8.07014953817365,56.5214420589554));
#2184=CARTESIAN_POINT('Ctrl Pts',(40.5512872526304,-8.08909200365956,56.5214711467156));
#2185=CARTESIAN_POINT('Ctrl Pts',(40.5548254494966,-8.10791733172711,56.5217535737793));
#2186=CARTESIAN_POINT('Ctrl Pts',(40.5589909690125,-8.12984998807533,56.5223286564255));
#2187=CARTESIAN_POINT('Ctrl Pts',(40.5597268856827,-8.14096332210974,56.5221784528836));
#2188=CARTESIAN_POINT('Ctrl Pts',(40.561308890638,-8.15959178481503,56.5220368653346));
#2189=CARTESIAN_POINT('Ctrl Pts',(40.564014962539,-8.1942978483061,56.5216908974829));
#2190=CARTESIAN_POINT('Ctrl Pts',(40.5671461966187,-8.23282528195037,56.5213367851052));
#2191=CARTESIAN_POINT('Ctrl Pts',(40.5718268471359,-8.2913191595565,56.5207619464696));
#2192=CARTESIAN_POINT('Ctrl Pts',(40.5812159654429,-8.40782760114214,56.5195939090634));
#2193=CARTESIAN_POINT('Ctrl Pts',(40.5961246947508,-8.59242832998671,56.5175729046155));
#2194=CARTESIAN_POINT('Ctrl Pts',(40.6118581455807,-8.78622379672991,56.5152329924171));
#2195=CARTESIAN_POINT('Ctrl Pts',(40.6244356139331,-8.94108259435124,56.5132373839684));
#2196=CARTESIAN_POINT('Ctrl Pts',(40.6369982239391,-9.09576738051373,56.5111555121954));
#2197=CARTESIAN_POINT('Ctrl Pts',(40.6651798147071,-9.44332885999313,56.5061649038135));
#2198=CARTESIAN_POINT('Ctrl Pts',(40.7021982437694,-9.90488505547294,56.4984321319846));
#2199=CARTESIAN_POINT('Ctrl Pts',(40.7435250907678,-10.4399791775062,56.4884085654075));
#2200=CARTESIAN_POINT('Ctrl Pts',(40.7883787105914,-11.0485744426885,56.4762408338823));
#2201=CARTESIAN_POINT('Ctrl Pts',(40.859348553256,-12.105545545203,56.4534708819416));
#2202=CARTESIAN_POINT('Ctrl Pts',(40.9307431765916,-13.5963921432469,56.4230218808106));
#2203=CARTESIAN_POINT('Ctrl Pts',(40.9698687427956,-15.9399624922863,56.4012757157332));
#2204=CARTESIAN_POINT('Ctrl Pts',(40.8902731767983,-18.2929070420826,56.4457100221004));
#2205=CARTESIAN_POINT('Ctrl Pts',(40.7333958383103,-20.4177725528018,56.4925357073867));
#2206=CARTESIAN_POINT('Ctrl Pts',(40.6464123760191,-21.4949986416507,56.5096445272397));
#2207=CARTESIAN_POINT('Ctrl Pts',(40.6022491791409,-22.0364326502154,56.5165328034668));
#2208=CARTESIAN_POINT('Ctrl Pts',(40.5802993499214,-22.3089472377963,56.519511746716));
#2209=CARTESIAN_POINT('Ctrl Pts',(40.567750916657,-22.4632505027332,56.5210063093425));
#2210=CARTESIAN_POINT('Ctrl Pts',(40.5615771974112,-22.5430480575455,56.5218249482348));
#2211=CARTESIAN_POINT('Ctrl Pts',(40.556750254569,-22.5961646767209,56.5221206151597));
#2212=CARTESIAN_POINT('Ctrl Pts',(40.5529201479263,-22.6084323400257,56.5214141501411));
#2213=CARTESIAN_POINT('Ctrl Pts',(40.549610973239,-22.6318100164734,56.5214566049885));
#2214=CARTESIAN_POINT('Ctrl Pts',(40.5479341974709,-22.6412826513105,56.5214420589554));
#2215=CARTESIAN_POINT('Ctrl Pts',(41.4179845021259,-8.1551594991058,56.5827546406347));
#2216=CARTESIAN_POINT('Ctrl Pts',(41.4223623693148,-8.16644609441103,56.5822454945296));
#2217=CARTESIAN_POINT('Ctrl Pts',(41.4271282192909,-8.17752516425376,56.5818779563149));
#2218=CARTESIAN_POINT('Ctrl Pts',(41.4328959571569,-8.19101584438912,56.5815518098909));
#2219=CARTESIAN_POINT('Ctrl Pts',(41.433945095282,-8.20271553226982,56.58098442775));
#2220=CARTESIAN_POINT('Ctrl Pts',(41.4361778233847,-8.22109689255089,56.5801320314483));
#2221=CARTESIAN_POINT('Ctrl Pts',(41.4400072405077,-8.25620211747712,56.5784665323719));
#2222=CARTESIAN_POINT('Ctrl Pts',(41.4444278551156,-8.29473679501262,56.5766374210692));
#2223=CARTESIAN_POINT('Ctrl Pts',(41.4510340865835,-8.35351887128212,56.5738147317386));
#2224=CARTESIAN_POINT('Ctrl Pts',(41.4642674000962,-8.47041386258889,56.5681453656226));
#2225=CARTESIAN_POINT('Ctrl Pts',(41.4852120120852,-8.65567537344778,56.5588934574491));
#2226=CARTESIAN_POINT('Ctrl Pts',(41.5072048518088,-8.84995869159299,56.5488127272923));
#2227=CARTESIAN_POINT('Ctrl Pts',(41.5247197372601,-9.0051371951557,56.5405488543893));
#2228=CARTESIAN_POINT('Ctrl Pts',(41.5421690671172,-9.1600727332817,56.5321627471695));
#2229=CARTESIAN_POINT('Ctrl Pts',(41.5811612056029,-9.50800915642846,56.5128938033225));
#2230=CARTESIAN_POINT('Ctrl Pts',(41.6318354105788,-9.96933459357009,56.4859646733741));
#2231=CARTESIAN_POINT('Ctrl Pts',(41.6876340242256,-10.502864792398,56.453693626168));
#2232=CARTESIAN_POINT('Ctrl Pts',(41.7475310255826,-11.1085605449543,56.4167664551951));
#2233=CARTESIAN_POINT('Ctrl Pts',(41.840636445823,-12.1573054902531,56.3535533258151));
#2234=CARTESIAN_POINT('Ctrl Pts',(41.9309372178635,-13.6294835040876,56.2799527690061));
#2235=CARTESIAN_POINT('Ctrl Pts',(41.9783246618428,-15.9281827460391,56.2330324713366));
#2236=CARTESIAN_POINT('Ctrl Pts',(41.8822381155873,-18.2392367846438,56.3289181464746));
#2237=CARTESIAN_POINT('Ctrl Pts',(41.6749194720867,-20.351922236332,56.4639220963497));
#2238=CARTESIAN_POINT('Ctrl Pts',(41.5553964493399,-21.4286734885355,56.5258768192392));
#2239=CARTESIAN_POINT('Ctrl Pts',(41.4938471780217,-21.9709989886562,56.5546276839372));
#2240=CARTESIAN_POINT('Ctrl Pts',(41.4630032111312,-22.2446715235839,56.5682845534885));
#2241=CARTESIAN_POINT('Ctrl Pts',(41.4453183536529,-22.3990781573234,56.5757431689801));
#2242=CARTESIAN_POINT('Ctrl Pts',(41.4365813400801,-22.4799732568656,56.5795970366752));
#2243=CARTESIAN_POINT('Ctrl Pts',(41.4297817972233,-22.5312567001856,56.5819231462272));
#2244=CARTESIAN_POINT('Ctrl Pts',(41.4245785171882,-22.5331799133956,56.5817058308785));
#2245=CARTESIAN_POINT('Ctrl Pts',(41.4201737597637,-22.5506285573081,56.5825000298959));
#2246=CARTESIAN_POINT('Ctrl Pts',(41.4179845021258,-22.5562726903783,56.5827546406347));
#2247=CARTESIAN_POINT('',(41.4179845021258,-22.5562726903783,56.5827546406347));
#2248=CARTESIAN_POINT('',(39.0562179868964,-22.855716094742,55.5833076905287));
#2249=CARTESIAN_POINT('Origin',(41.7274844265264,-22.855716094742,52.6060042782937));
#2250=CARTESIAN_POINT('',(39.0562179868964,-11.605716094742,55.5833076905287));
#2251=CARTESIAN_POINT('Ctrl Pts',(41.4179845021259,-8.1551594991058,56.5827546406347));
#2252=CARTESIAN_POINT('Ctrl Pts',(41.4223623693148,-8.16644609441103,56.5822454945296));
#2253=CARTESIAN_POINT('Ctrl Pts',(41.4271282192909,-8.17752516425376,56.5818779563149));
#2254=CARTESIAN_POINT('Ctrl Pts',(41.4328959571569,-8.19101584438912,56.5815518098909));
#2255=CARTESIAN_POINT('Ctrl Pts',(41.433945095282,-8.20271553226982,56.58098442775));
#2256=CARTESIAN_POINT('Ctrl Pts',(41.4361778233847,-8.22109689255089,56.5801320314483));
#2257=CARTESIAN_POINT('Ctrl Pts',(41.4400072405077,-8.25620211747712,56.5784665323719));
#2258=CARTESIAN_POINT('Ctrl Pts',(41.4444278551156,-8.29473679501262,56.5766374210692));
#2259=CARTESIAN_POINT('Ctrl Pts',(41.4510340865835,-8.35351887128212,56.5738147317386));
#2260=CARTESIAN_POINT('Ctrl Pts',(41.4642674000962,-8.47041386258889,56.5681453656226));
#2261=CARTESIAN_POINT('Ctrl Pts',(41.4852120120852,-8.65567537344778,56.5588934574491));
#2262=CARTESIAN_POINT('Ctrl Pts',(41.5072048518088,-8.84995869159299,56.5488127272923));
#2263=CARTESIAN_POINT('Ctrl Pts',(41.5247197372601,-9.0051371951557,56.5405488543893));
#2264=CARTESIAN_POINT('Ctrl Pts',(41.5421690671172,-9.1600727332817,56.5321627471695));
#2265=CARTESIAN_POINT('Ctrl Pts',(41.5811612056029,-9.50800915642846,56.5128938033225));
#2266=CARTESIAN_POINT('Ctrl Pts',(41.6318354105788,-9.96933459357009,56.4859646733741));
#2267=CARTESIAN_POINT('Ctrl Pts',(41.6876340242256,-10.502864792398,56.453693626168));
#2268=CARTESIAN_POINT('Ctrl Pts',(41.7475310255826,-11.1085605449543,56.4167664551951));
#2269=CARTESIAN_POINT('Ctrl Pts',(41.840636445823,-12.1573054902531,56.3535533258151));
#2270=CARTESIAN_POINT('Ctrl Pts',(41.9309372178635,-13.6294835040876,56.2799527690061));
#2271=CARTESIAN_POINT('Ctrl Pts',(41.9783246618428,-15.9281827460391,56.2330324713366));
#2272=CARTESIAN_POINT('Ctrl Pts',(41.8822381155873,-18.2392367846438,56.3289181464746));
#2273=CARTESIAN_POINT('Ctrl Pts',(41.6749194720867,-20.351922236332,56.4639220963497));
#2274=CARTESIAN_POINT('Ctrl Pts',(41.5553964493399,-21.4286734885355,56.5258768192392));
#2275=CARTESIAN_POINT('Ctrl Pts',(41.4938471780217,-21.9709989886562,56.5546276839372));
#2276=CARTESIAN_POINT('Ctrl Pts',(41.4630032111312,-22.2446715235839,56.5682845534885));
#2277=CARTESIAN_POINT('Ctrl Pts',(41.4453183536529,-22.3990781573234,56.5757431689801));
#2278=CARTESIAN_POINT('Ctrl Pts',(41.4365813400801,-22.4799732568656,56.5795970366752));
#2279=CARTESIAN_POINT('Ctrl Pts',(41.4297817972233,-22.5312567001856,56.5819231462272));
#2280=CARTESIAN_POINT('Ctrl Pts',(41.4245785171882,-22.5331799133956,56.5817058308785));
#2281=CARTESIAN_POINT('Ctrl Pts',(41.4201737597637,-22.5506285573081,56.5825000298959));
#2282=CARTESIAN_POINT('Ctrl Pts',(41.4179845021258,-22.5562726903783,56.5827546406347));
#2283=CARTESIAN_POINT('Ctrl Pts',(41.2218903443072,-23.0955912713581,69.4757775299137));
#2284=CARTESIAN_POINT('Ctrl Pts',(41.1225968425134,-23.3864117228329,69.3682365321114));
#2285=CARTESIAN_POINT('Ctrl Pts',(40.9742650900716,-23.905642118282,68.9891787774203));
#2286=CARTESIAN_POINT('Ctrl Pts',(40.9550422254589,-24.1003197584071,68.3814051919244));
#2287=CARTESIAN_POINT('Ctrl Pts',(40.9915427966901,-24.0899315669271,68.075052243339));
#2288=CARTESIAN_POINT('Ctrl Pts',(40.4073174296314,-23.2075067337347,69.5764956158645));
#2289=CARTESIAN_POINT('Ctrl Pts',(40.3738965098394,-23.5191907004239,69.4767722113238));
#2290=CARTESIAN_POINT('Ctrl Pts',(40.3346131898213,-24.0846615397437,69.0729057254479));
#2291=CARTESIAN_POINT('Ctrl Pts',(40.3431205779477,-24.2922494316886,68.4082873872418));
#2292=CARTESIAN_POINT('Ctrl Pts',(40.3643592652034,-24.2797758162462,68.0775788483922));
#2293=CARTESIAN_POINT('Ctrl Pts',(39.6386851005207,-23.4229575613588,69.9171102559252));
#2294=CARTESIAN_POINT('Ctrl Pts',(39.6754463058743,-23.7843072645454,69.7669902453996));
#2295=CARTESIAN_POINT('Ctrl Pts',(39.7441054849849,-24.4111464901191,69.2425077429621));
#2296=CARTESIAN_POINT('Ctrl Pts',(39.7788620118669,-24.6337495158613,68.466306008235));
#2297=CARTESIAN_POINT('Ctrl Pts',(39.7853478240287,-24.6265862576098,68.0804418920999));
#2298=CARTESIAN_POINT('Ctrl Pts',(39.0562179868961,-23.7026382092702,70.4354817767571));
#2299=CARTESIAN_POINT('Ctrl Pts',(39.1350161246783,-24.1388644629829,70.1946641395852));
#2300=CARTESIAN_POINT('Ctrl Pts',(39.2726191036755,-24.8454487713927,69.4797893758804));
#2301=CARTESIAN_POINT('Ctrl Pts',(39.3252526365647,-25.0866814450737,68.5487001109617));
#2302=CARTESIAN_POINT('Ctrl Pts',(39.3219914859366,-25.0899425957018,68.0833076905286));
#2303=CARTESIAN_POINT('',(39.3219914859366,-25.0899425957018,68.0833076905286));
#2304=CARTESIAN_POINT('',(40.9915427966901,-24.0899315669271,68.075052243339));
#2305=CARTESIAN_POINT('Origin',(42.1504186106828,-27.918369720448,68.0833076905285));
#2306=CARTESIAN_POINT('',(41.2218903443072,-23.0955912713581,69.4757775299137));
#2307=CARTESIAN_POINT('Ctrl Pts',(40.9915427966901,-24.0899315669271,68.075052243339));
#2308=CARTESIAN_POINT('Ctrl Pts',(40.9550422254589,-24.1003197584071,68.3814051919244));
#2309=CARTESIAN_POINT('Ctrl Pts',(40.9742650900716,-23.905642118282,68.9891787774203));
#2310=CARTESIAN_POINT('Ctrl Pts',(41.1225968425134,-23.3864117228329,69.3682365321114));
#2311=CARTESIAN_POINT('Ctrl Pts',(41.2218903443072,-23.0955912713581,69.4757775299137));
#2312=CARTESIAN_POINT('',(39.0562179868961,-23.7026382092702,70.435481776757));
#2313=CARTESIAN_POINT('Origin',(41.8846451116423,-24.6608212017817,73.0966629718023));
#2314=CARTESIAN_POINT('Ctrl Pts',(39.0562179868961,-23.7026382092702,70.4354817767571));
#2315=CARTESIAN_POINT('Ctrl Pts',(39.1350161246783,-24.1388644629829,70.1946641395852));
#2316=CARTESIAN_POINT('Ctrl Pts',(39.2726191036755,-24.8454487713927,69.4797893758804));
#2317=CARTESIAN_POINT('Ctrl Pts',(39.3252526365647,-25.0866814450737,68.5487001109617));
#2318=CARTESIAN_POINT('Ctrl Pts',(39.3219914859366,-25.0899425957018,68.0833076905286));
#2319=CARTESIAN_POINT('Ctrl Pts',(40.9915427966901,-24.0899315669271,58.0915631377183));
#2320=CARTESIAN_POINT('Ctrl Pts',(40.9550422254589,-24.1003197584071,57.785210189133));
#2321=CARTESIAN_POINT('Ctrl Pts',(40.974265656621,-23.9056447539698,57.1774337892163));
#2322=CARTESIAN_POINT('Ctrl Pts',(41.1225968425134,-23.3864117228329,56.7983788489461));
#2323=CARTESIAN_POINT('Ctrl Pts',(41.2218903443072,-23.0955912713581,56.6908378511438));
#2324=CARTESIAN_POINT('Ctrl Pts',(40.3643592652034,-24.2797758162462,58.0890365326651));
#2325=CARTESIAN_POINT('Ctrl Pts',(40.3431205779477,-24.2922494316886,57.7583279938151));
#2326=CARTESIAN_POINT('Ctrl Pts',(40.3346126151912,-24.0846651651935,57.0937093501748));
#2327=CARTESIAN_POINT('Ctrl Pts',(40.3738965098394,-23.5191907004237,56.6898431697335));
#2328=CARTESIAN_POINT('Ctrl Pts',(40.4073174296314,-23.2075067337347,56.5901197651929));
#2329=CARTESIAN_POINT('Ctrl Pts',(39.7853478240287,-24.6265862576098,58.0861734889575));
#2330=CARTESIAN_POINT('Ctrl Pts',(39.7788620118669,-24.6337495158613,57.7003093728214));
#2331=CARTESIAN_POINT('Ctrl Pts',(39.7441042448797,-24.4111502916596,56.9241084262234));
#2332=CARTESIAN_POINT('Ctrl Pts',(39.6754463058742,-23.7843072645451,56.3996251356577));
#2333=CARTESIAN_POINT('Ctrl Pts',(39.6386851005207,-23.4229575613588,56.2495051251323));
#2334=CARTESIAN_POINT('Ctrl Pts',(39.3219914859366,-25.0899425957018,58.0833076905287));
#2335=CARTESIAN_POINT('Ctrl Pts',(39.3252526365647,-25.0866814450737,57.6179152700942));
#2336=CARTESIAN_POINT('Ctrl Pts',(39.2726194656065,-24.8454520843129,56.686826502124));
#2337=CARTESIAN_POINT('Ctrl Pts',(39.1350161246783,-24.1388644629824,55.971951241472));
#2338=CARTESIAN_POINT('Ctrl Pts',(39.0562179868961,-23.7026382092702,55.7311336043003));
#2339=CARTESIAN_POINT('',(39.0562179868961,-23.7026382092702,55.7311336043004));
#2340=CARTESIAN_POINT('',(41.2218903443072,-23.0955912713581,56.6908378511438));
#2341=CARTESIAN_POINT('Origin',(41.8846451116423,-24.6608212017817,53.0699524092552));
#2342=CARTESIAN_POINT('',(40.9915427966901,-24.0899315669271,58.0915631377183));
#2343=CARTESIAN_POINT('Ctrl Pts',(41.2218903443072,-23.0955912713581,56.6908378511438));
#2344=CARTESIAN_POINT('Ctrl Pts',(41.1225968425134,-23.3864117228329,56.7983788489461));
#2345=CARTESIAN_POINT('Ctrl Pts',(40.974265656621,-23.9056447539698,57.1774337892163));
#2346=CARTESIAN_POINT('Ctrl Pts',(40.9550422254589,-24.1003197584071,57.785210189133));
#2347=CARTESIAN_POINT('Ctrl Pts',(40.9915427966901,-24.0899315669271,58.0915631377183));
#2348=CARTESIAN_POINT('',(39.3219914859366,-25.0899425957018,58.0833076905287));
#2349=CARTESIAN_POINT('Origin',(42.1504186106828,-27.918369720448,58.0833076905287));
#2350=CARTESIAN_POINT('Ctrl Pts',(39.3219914859366,-25.0899425957018,58.0833076905287));
#2351=CARTESIAN_POINT('Ctrl Pts',(39.3252526365647,-25.0866814450737,57.6179152700942));
#2352=CARTESIAN_POINT('Ctrl Pts',(39.2726194656065,-24.8454520843129,56.686826502124));
#2353=CARTESIAN_POINT('Ctrl Pts',(39.1350161246783,-24.1388644629824,55.971951241472));
#2354=CARTESIAN_POINT('Ctrl Pts',(39.0562179868961,-23.7026382092702,55.7311336043003));
#2355=CARTESIAN_POINT('Ctrl Pts',(39.3219914859634,-25.089942595675,58.0833076818704));
#2356=CARTESIAN_POINT('Ctrl Pts',(39.3219596398677,-25.0899744417708,58.093605739948));
#2357=CARTESIAN_POINT('Ctrl Pts',(39.3219700784615,-25.0899640031769,58.1039047822104));
#2358=CARTESIAN_POINT('Ctrl Pts',(39.3220888838919,-25.0898451977465,58.127136422838));
#2359=CARTESIAN_POINT('Ctrl Pts',(39.3222206089154,-25.089713472723,58.1529914387613));
#2360=CARTESIAN_POINT('Ctrl Pts',(39.3224819282533,-25.0894521533851,58.2046716908439));
#2361=CARTESIAN_POINT('Ctrl Pts',(39.3228046479589,-25.0891294336795,58.2692271809232));
#2362=CARTESIAN_POINT('Ctrl Pts',(39.3231858042194,-25.088748277419,58.3466526105176));
#2363=CARTESIAN_POINT('Ctrl Pts',(39.3236860621769,-25.0882480194615,58.4498657542075));
#2364=CARTESIAN_POINT('Ctrl Pts',(39.3241746267175,-25.0877594549208,58.5530880541174));
#2365=CARTESIAN_POINT('Ctrl Pts',(39.324651831125,-25.0872822505134,58.6563829164786));
#2366=CARTESIAN_POINT('Ctrl Pts',(39.3258259309101,-25.0861081507282,58.9147370470088));
#2367=CARTESIAN_POINT('Ctrl Pts',(39.3276798946178,-25.0842541870204,59.3554643262641));
#2368=CARTESIAN_POINT('Ctrl Pts',(39.3293686554722,-25.0825654261659,59.8227672345666));
#2369=CARTESIAN_POINT('Ctrl Pts',(39.3303777639859,-25.0815563176522,60.1333453230083));
#2370=CARTESIAN_POINT('Ctrl Pts',(39.3310202198458,-25.0809138617923,60.3403513556379));
#2371=CARTESIAN_POINT('Ctrl Pts',(39.3320650083703,-25.0798690732678,60.7026358421374));
#2372=CARTESIAN_POINT('Ctrl Pts',(39.3333305049193,-25.0786035767188,61.2201707330456));
#2373=CARTESIAN_POINT('Ctrl Pts',(39.3348480416343,-25.0770860400038,62.048241120373));
#2374=CARTESIAN_POINT('Ctrl Pts',(39.3357323078583,-25.0762017737799,63.0833796567174));
#2375=CARTESIAN_POINT('Ctrl Pts',(39.3346705808124,-25.0772635008259,64.3256026931899));
#2376=CARTESIAN_POINT('Ctrl Pts',(39.3319904287704,-25.0799436528679,65.5678817150016));
#2377=CARTESIAN_POINT('Ctrl Pts',(39.3285537381935,-25.0833803434449,66.6031078341143));
#2378=CARTESIAN_POINT('Ctrl Pts',(39.3255071925189,-25.0864268891194,67.3277615394786));
#2379=CARTESIAN_POINT('Ctrl Pts',(39.3235791533004,-25.088354928338,67.7418476429111));
#2380=CARTESIAN_POINT('Ctrl Pts',(39.3225521555975,-25.0893819260409,67.9488892856699));
#2381=CARTESIAN_POINT('Ctrl Pts',(39.3219700831225,-25.089963998516,68.0627096639892));
#2382=CARTESIAN_POINT('Ctrl Pts',(39.3219596375505,-25.0899744440879,68.073008884148));
#2383=CARTESIAN_POINT('Ctrl Pts',(39.3219914859367,-25.0899425957018,68.0833076905285));
#2384=CARTESIAN_POINT('Ctrl Pts',(39.7853478239731,-24.6265862576653,58.0861734824317));
#2385=CARTESIAN_POINT('Ctrl Pts',(39.785413608748,-24.6265197365767,58.0939346778564));
#2386=CARTESIAN_POINT('Ctrl Pts',(39.7855194567339,-24.6264130935626,58.1016681845943));
#2387=CARTESIAN_POINT('Ctrl Pts',(39.7858463898885,-24.6260842318975,58.1192779368474));
#2388=CARTESIAN_POINT('Ctrl Pts',(39.7861321248281,-24.6257973610692,58.1469744588266));
#2389=CARTESIAN_POINT('Ctrl Pts',(39.7867455017249,-24.6251811069897,58.1976982544201));
#2390=CARTESIAN_POINT('Ctrl Pts',(39.787489302571,-24.6244340829452,58.2629695289577));
#2391=CARTESIAN_POINT('Ctrl Pts',(39.788385243663,-24.6235341160071,58.3401385566315));
#2392=CARTESIAN_POINT('Ctrl Pts',(39.7895644587191,-24.6223494549992,58.4436055437861));
#2393=CARTESIAN_POINT('Ctrl Pts',(39.7907319955059,-24.6211772307607,58.5468365803414));
#2394=CARTESIAN_POINT('Ctrl Pts',(39.7918835701861,-24.6200200883335,58.6502513754858));
#2395=CARTESIAN_POINT('Ctrl Pts',(39.794738568481,-24.6171522866355,58.908837824166));
#2396=CARTESIAN_POINT('Ctrl Pts',(39.799403065928,-24.6124750623839,59.3502129144445));
#2397=CARTESIAN_POINT('Ctrl Pts',(39.8038613985447,-24.608002322068,59.8181211707111));
#2398=CARTESIAN_POINT('Ctrl Pts',(39.8065791356586,-24.6052710461375,60.1290029790022));
#2399=CARTESIAN_POINT('Ctrl Pts',(39.8083225153788,-24.6035184990505,60.3362039077214));
#2400=CARTESIAN_POINT('Ctrl Pts',(39.8111879185818,-24.6006390165865,60.6988556731794));
#2401=CARTESIAN_POINT('Ctrl Pts',(39.8147047935152,-24.5971074462348,61.2170537022203));
#2402=CARTESIAN_POINT('Ctrl Pts',(39.8189199632372,-24.5928715268364,62.0460295174636));
#2403=CARTESIAN_POINT('Ctrl Pts',(39.8212085452529,-24.5905755384404,63.0831487865981));
#2404=CARTESIAN_POINT('Ctrl Pts',(39.8184601070739,-24.5933371834195,64.3272504831049));
#2405=CARTESIAN_POINT('Ctrl Pts',(39.8109406857919,-24.6008886401438,65.571174062351));
#2406=CARTESIAN_POINT('Ctrl Pts',(39.8015921659742,-24.6102729913372,66.6072380306638));
#2407=CARTESIAN_POINT('Ctrl Pts',(39.7939337080012,-24.6179628781481,67.3332959060683));
#2408=CARTESIAN_POINT('Ctrl Pts',(39.7892840767771,-24.6226326693512,67.7468660834436));
#2409=CARTESIAN_POINT('Ctrl Pts',(39.7869031295791,-24.6250229120132,67.9558949972338));
#2410=CARTESIAN_POINT('Ctrl Pts',(39.7855336916535,-24.6263986596045,68.0664317583777));
#2411=CARTESIAN_POINT('Ctrl Pts',(39.7854136136061,-24.626519731665,68.0726801327115));
#2412=CARTESIAN_POINT('Ctrl Pts',(39.7853478240287,-24.6265862576097,68.0804418920997));
#2413=CARTESIAN_POINT('Ctrl Pts',(40.3643592650272,-24.2797758163451,58.0890365282697));
#2414=CARTESIAN_POINT('Ctrl Pts',(40.3645685353441,-24.2796577858029,58.0942636459188));
#2415=CARTESIAN_POINT('Ctrl Pts',(40.3648199310457,-24.2795061475594,58.0994344396838));
#2416=CARTESIAN_POINT('Ctrl Pts',(40.3654760917371,-24.2790908704025,58.1114285064602));
#2417=CARTESIAN_POINT('Ctrl Pts',(40.3659897280604,-24.2787243503327,58.140964511705));
#2418=CARTESIAN_POINT('Ctrl Pts',(40.3671377394576,-24.2779396583142,58.1907329192672));
#2419=CARTESIAN_POINT('Ctrl Pts',(40.3685162360153,-24.2769865394522,58.2567192048628));
#2420=CARTESIAN_POINT('Ctrl Pts',(40.3701913922217,-24.2758378890289,58.3336321319663));
#2421=CARTESIAN_POINT('Ctrl Pts',(40.3723972813418,-24.2743240879465,58.437352708554));
#2422=CARTESIAN_POINT('Ctrl Pts',(40.3745922895303,-24.2728241705477,58.5405924891029));
#2423=CARTESIAN_POINT('Ctrl Pts',(40.3767652272397,-24.2713417001607,58.6441271093755));
#2424=CARTESIAN_POINT('Ctrl Pts',(40.3821665217573,-24.26766446889,58.9029456709256));
#2425=CARTESIAN_POINT('Ctrl Pts',(40.3910901906122,-24.2616432254008,59.3449678588057));
#2426=CARTESIAN_POINT('Ctrl Pts',(40.3997593110439,-24.2558591773109,59.8134807878503));
#2427=CARTESIAN_POINT('Ctrl Pts',(40.4050819460568,-24.2523225604452,60.1246659927035));
#2428=CARTESIAN_POINT('Ctrl Pts',(40.4085050943769,-24.2500521759134,60.3320616092823));
#2429=CARTESIAN_POINT('Ctrl Pts',(40.414150255979,-24.2463193394553,60.6950802434638));
#2430=CARTESIAN_POINT('Ctrl Pts',(40.4211088388999,-24.2417394870659,61.213940616541));
#2431=CARTESIAN_POINT('Ctrl Pts',(40.4294575140566,-24.2362551592279,62.043820741053));
#2432=CARTESIAN_POINT('Ctrl Pts',(40.4339004468688,-24.2333150526798,63.0829181688415));
#2433=CARTESIAN_POINT('Ctrl Pts',(40.4285609786458,-24.2368504196281,64.3288960540178));
#2434=CARTESIAN_POINT('Ctrl Pts',(40.4136318363362,-24.2466426395318,65.5744621977527));
#2435=CARTESIAN_POINT('Ctrl Pts',(40.3952747471615,-24.258808645707,66.611363062324));
#2436=CARTESIAN_POINT('Ctrl Pts',(40.380621773473,-24.2687072224865,67.3388236369866));
#2437=CARTESIAN_POINT('Ctrl Pts',(40.3718496349906,-24.2746875322452,67.7518785370913));
#2438=CARTESIAN_POINT('Ctrl Pts',(40.3674272648758,-24.2777389164943,67.9628925689722));
#2439=CARTESIAN_POINT('Ctrl Pts',(40.3648595729134,-24.2794886879508,68.0701493625313));
#2440=CARTESIAN_POINT('Ctrl Pts',(40.3645685507499,-24.2796577771087,68.0723513509167));
#2441=CARTESIAN_POINT('Ctrl Pts',(40.3643592652034,-24.2797758162462,68.0775788483922));
#2442=CARTESIAN_POINT('Ctrl Pts',(40.9915427963904,-24.0899315670124,58.0915631352031));
#2443=CARTESIAN_POINT('Ctrl Pts',(40.9918992349216,-24.0898301233528,58.0945547596888));
#2444=CARTESIAN_POINT('Ctrl Pts',(40.9923015182191,-24.0897066015003,58.097465134107));
#2445=CARTESIAN_POINT('Ctrl Pts',(40.9933023769337,-24.089378851243,58.1045068622088));
#2446=CARTESIAN_POINT('Ctrl Pts',(40.9940501466455,-24.0890420394411,58.1356655834852));
#2447=CARTESIAN_POINT('Ctrl Pts',(40.9957514365313,-24.0883557741139,58.1845921868777));
#2448=CARTESIAN_POINT('Ctrl Pts',(40.9977851171001,-24.0875099363017,58.2512100322958));
#2449=CARTESIAN_POINT('Ctrl Pts',(41.0002652718141,-24.0864998791648,58.3278982155801));
#2450=CARTESIAN_POINT('Ctrl Pts',(41.0035310175303,-24.0851666373388,58.4318438958069));
#2451=CARTESIAN_POINT('Ctrl Pts',(41.0067861880437,-24.0838497634971,58.5350927510444));
#2452=CARTESIAN_POINT('Ctrl Pts',(41.010012574859,-24.0825507321854,58.6387343640003));
#2453=CARTESIAN_POINT('Ctrl Pts',(41.0180390870214,-24.0793329718439,58.89776077888));
#2454=CARTESIAN_POINT('Ctrl Pts',(41.0313449426898,-24.0740925470898,59.3403579111366));
#2455=CARTESIAN_POINT('Ctrl Pts',(41.0443355601559,-24.0691132885222,59.8094067904282));
#2456=CARTESIAN_POINT('Ctrl Pts',(41.0523288591817,-24.0660882710414,60.1208606236292));
#2457=CARTESIAN_POINT('Ctrl Pts',(41.0574733047347,-24.0641507771591,60.328428429475));
#2458=CARTESIAN_POINT('Ctrl Pts',(41.0659642066239,-24.0609745992167,60.6917709438373));
#2459=CARTESIAN_POINT('Ctrl Pts',(41.0764397750272,-24.0570971408813,61.2112140709205));
#2460=CARTESIAN_POINT('Ctrl Pts',(41.0890057153901,-24.0524776638991,62.0418869705572));
#2461=CARTESIAN_POINT('Ctrl Pts',(41.0956408801981,-24.0499979380299,63.082714584487));
#2462=CARTESIAN_POINT('Ctrl Pts',(41.0876635054324,-24.0529752331869,64.3303305513869));
#2463=CARTESIAN_POINT('Ctrl Pts',(41.0651738480282,-24.0612257547243,65.5773404370537));
#2464=CARTESIAN_POINT('Ctrl Pts',(41.0375836951314,-24.0716241448779,66.6149830396869));
#2465=CARTESIAN_POINT('Ctrl Pts',(41.0157318939359,-24.0802356729765,67.3436879474346));
#2466=CARTESIAN_POINT('Ctrl Pts',(41.0027068008724,-24.0854733922053,67.7562937042178));
#2467=CARTESIAN_POINT('Ctrl Pts',(40.9961774618652,-24.0881775989398,67.9690615109848));
#2468=CARTESIAN_POINT('Ctrl Pts',(40.9923685811648,-24.0897015808492,68.0734273434511));
#2469=CARTESIAN_POINT('Ctrl Pts',(40.9918992611467,-24.0898301158838,68.0720604014674));
#2470=CARTESIAN_POINT('Ctrl Pts',(40.9915427966901,-24.0899315669271,68.075052243339));
#2471=CARTESIAN_POINT('',(40.9927459038861,-24.0895612456498,58.1005447071719));
#2472=CARTESIAN_POINT('Ctrl Pts',(40.99154279669,-24.0899315669271,58.0915631377183));
#2473=CARTESIAN_POINT('Ctrl Pts',(40.9918976620199,-24.0898305710011,58.0945415579067));
#2474=CARTESIAN_POINT('Ctrl Pts',(40.9922979683143,-24.089707691347,58.0974394437593));
#2475=CARTESIAN_POINT('Ctrl Pts',(40.9927393714084,-24.0895632176504,58.1005457271554));
#2476=CARTESIAN_POINT('',(41.0929291771197,-24.0509945621978,63.0833076905287));
#2477=CARTESIAN_POINT('Ctrl Pts',(40.9927393714084,-24.0895632176504,58.1005457271554));
#2478=CARTESIAN_POINT('Ctrl Pts',(40.9927413281597,-24.0895625771948,58.1005594973897));
#2479=CARTESIAN_POINT('Ctrl Pts',(40.9927432857186,-24.0895619363148,58.1005732717194));
#2480=CARTESIAN_POINT('Ctrl Pts',(40.9933023769337,-24.089378851243,58.1045068622088));
#2481=CARTESIAN_POINT('Ctrl Pts',(40.9940501466455,-24.0890420394411,58.1356655834852));
#2482=CARTESIAN_POINT('Ctrl Pts',(40.9957514365313,-24.0883557741139,58.1845921868777));
#2483=CARTESIAN_POINT('Ctrl Pts',(40.9977851171001,-24.0875099363017,58.2512100322958));
#2484=CARTESIAN_POINT('Ctrl Pts',(41.0002652718141,-24.0864998791648,58.3278982155801));
#2485=CARTESIAN_POINT('Ctrl Pts',(41.0035310175303,-24.0851666373388,58.4318438958069));
#2486=CARTESIAN_POINT('Ctrl Pts',(41.0067861880437,-24.0838497634971,58.5350927510444));
#2487=CARTESIAN_POINT('Ctrl Pts',(41.010012574859,-24.0825507321854,58.6387343640003));
#2488=CARTESIAN_POINT('Ctrl Pts',(41.0180390870214,-24.0793329718439,58.89776077888));
#2489=CARTESIAN_POINT('Ctrl Pts',(41.0313449426898,-24.0740925470898,59.3403579111366));
#2490=CARTESIAN_POINT('Ctrl Pts',(41.0443355601559,-24.0691132885222,59.8094067904282));
#2491=CARTESIAN_POINT('Ctrl Pts',(41.0523288591817,-24.0660882710414,60.1208606236292));
#2492=CARTESIAN_POINT('Ctrl Pts',(41.0574733047347,-24.0641507771591,60.328428429475));
#2493=CARTESIAN_POINT('Ctrl Pts',(41.0659642066239,-24.0609745992167,60.6917709438373));
#2494=CARTESIAN_POINT('Ctrl Pts',(41.0764397750272,-24.0570971408813,61.2112140709205));
#2495=CARTESIAN_POINT('Ctrl Pts',(41.0890057153901,-24.0524776638991,62.0418869705572));
#2496=CARTESIAN_POINT('Ctrl Pts',(41.0929884798895,-24.050989205896,62.6666448161722));
#2497=CARTESIAN_POINT('Ctrl Pts',(41.0929842930683,-24.0509900951138,63.083011236429));
#2498=CARTESIAN_POINT('Ctrl Pts',(41.0929842887393,-24.0509900962504,63.0833076682621));
#2499=CARTESIAN_POINT('',(40.9927459038861,-24.0895612456498,68.0660706738855));
#2500=CARTESIAN_POINT('Ctrl Pts',(41.0929842887393,-24.0509900962504,63.0833076682621));
#2501=CARTESIAN_POINT('Ctrl Pts',(41.0929782160563,-24.0509916906353,63.4991398952755));
#2502=CARTESIAN_POINT('Ctrl Pts',(41.0876581652167,-24.0529771922903,64.3306266564644));
#2503=CARTESIAN_POINT('Ctrl Pts',(41.0651738480282,-24.0612257547243,65.5773404370537));
#2504=CARTESIAN_POINT('Ctrl Pts',(41.0375836951314,-24.0716241448779,66.6149830396869));
#2505=CARTESIAN_POINT('Ctrl Pts',(41.0157318939359,-24.0802356729765,67.3436879474346));
#2506=CARTESIAN_POINT('Ctrl Pts',(41.0027068008724,-24.0854733922053,67.7562937042178));
#2507=CARTESIAN_POINT('Ctrl Pts',(40.9961774618652,-24.0881775989398,67.9690615109848));
#2508=CARTESIAN_POINT('Ctrl Pts',(40.9926854420142,-24.0895748007685,68.0647451480949));
#2509=CARTESIAN_POINT('Ctrl Pts',(40.9926568574821,-24.0895858530038,68.0654359812314));
#2510=CARTESIAN_POINT('Ctrl Pts',(40.9926275874633,-24.0895968351799,68.0660645423552));
#2511=CARTESIAN_POINT('Ctrl Pts',(40.9926275874633,-24.0895968351799,68.0660645423552));
#2512=CARTESIAN_POINT('Ctrl Pts',(40.9922936677234,-24.0897221226093,68.073235325835));
#2513=CARTESIAN_POINT('Ctrl Pts',(40.9918705331303,-24.0898382919787,68.0723015185848));
#2514=CARTESIAN_POINT('Ctrl Pts',(40.9915427966901,-24.0899315669271,68.075052243339));
#2515=CARTESIAN_POINT('Ctrl Pts',(39.3219914859367,-25.0899425957018,68.0833076905285));
#2516=CARTESIAN_POINT('Ctrl Pts',(39.3219596375505,-25.0899744440879,68.073008884148));
#2517=CARTESIAN_POINT('Ctrl Pts',(39.3219700831225,-25.089963998516,68.0627096639892));
#2518=CARTESIAN_POINT('Ctrl Pts',(39.3225521555975,-25.0893819260409,67.9488892856699));
#2519=CARTESIAN_POINT('Ctrl Pts',(39.3235791533004,-25.088354928338,67.7418476429111));
#2520=CARTESIAN_POINT('Ctrl Pts',(39.3255071925189,-25.0864268891194,67.3277615394786));
#2521=CARTESIAN_POINT('Ctrl Pts',(39.3285537381935,-25.0833803434449,66.6031078341143));
#2522=CARTESIAN_POINT('Ctrl Pts',(39.3319904287704,-25.0799436528679,65.5678817150016));
#2523=CARTESIAN_POINT('Ctrl Pts',(39.3346705808124,-25.0772635008259,64.3256026931899));
#2524=CARTESIAN_POINT('Ctrl Pts',(39.3357323078583,-25.0762017737799,63.0833796567174));
#2525=CARTESIAN_POINT('Ctrl Pts',(39.3348480416343,-25.0770860400038,62.048241120373));
#2526=CARTESIAN_POINT('Ctrl Pts',(39.3333305049193,-25.0786035767188,61.2201707330456));
#2527=CARTESIAN_POINT('Ctrl Pts',(39.3320650083703,-25.0798690732678,60.7026358421374));
#2528=CARTESIAN_POINT('Ctrl Pts',(39.3310202198458,-25.0809138617923,60.3403513556379));
#2529=CARTESIAN_POINT('Ctrl Pts',(39.3303777639859,-25.0815563176522,60.1333453230083));
#2530=CARTESIAN_POINT('Ctrl Pts',(39.3293686554722,-25.0825654261659,59.8227672345666));
#2531=CARTESIAN_POINT('Ctrl Pts',(39.3276798946178,-25.0842541870204,59.3554643262641));
#2532=CARTESIAN_POINT('Ctrl Pts',(39.3258259309101,-25.0861081507282,58.9147370470088));
#2533=CARTESIAN_POINT('Ctrl Pts',(39.324651831125,-25.0872822505134,58.6563829164786));
#2534=CARTESIAN_POINT('Ctrl Pts',(39.3241746267175,-25.0877594549208,58.5530880541174));
#2535=CARTESIAN_POINT('Ctrl Pts',(39.3236860621769,-25.0882480194615,58.4498657542075));
#2536=CARTESIAN_POINT('Ctrl Pts',(39.3231858042194,-25.088748277419,58.3466526105176));
#2537=CARTESIAN_POINT('Ctrl Pts',(39.3228046479589,-25.0891294336795,58.2692271809232));
#2538=CARTESIAN_POINT('Ctrl Pts',(39.3224819282533,-25.0894521533851,58.2046716908439));
#2539=CARTESIAN_POINT('Ctrl Pts',(39.3222206089154,-25.089713472723,58.1529914387613));
#2540=CARTESIAN_POINT('Ctrl Pts',(39.3220888838919,-25.0898451977465,58.127136422838));
#2541=CARTESIAN_POINT('Ctrl Pts',(39.3219700784762,-25.0899640031622,58.1039047850969));
#2542=CARTESIAN_POINT('Ctrl Pts',(39.3219596398735,-25.0899744417649,58.0936057457207));
#2543=CARTESIAN_POINT('Ctrl Pts',(39.3219914859366,-25.0899425957018,58.0833076905287));
#2544=CARTESIAN_POINT('Ctrl Pts',(39.0562179868964,-23.7026382092701,70.4354817767569));
#2545=CARTESIAN_POINT('Ctrl Pts',(39.0562179868964,-23.4291825742493,70.5339420165824));
#2546=CARTESIAN_POINT('Ctrl Pts',(39.0562179868964,-23.1383573384704,70.5833076905287));
#2547=CARTESIAN_POINT('Ctrl Pts',(39.0562179868964,-22.855716094742,70.5833076905287));
#2548=CARTESIAN_POINT('Ctrl Pts',(39.6386851005209,-23.4229575613588,69.917110255925));
#2549=CARTESIAN_POINT('Ctrl Pts',(39.6577173887096,-23.2025717095144,69.9856275756122));
#2550=CARTESIAN_POINT('Ctrl Pts',(39.6797571820025,-22.9700922012404,70.0138857984961));
#2551=CARTESIAN_POINT('Ctrl Pts',(39.7035859267337,-22.7483357909955,70.0024826914126));
#2552=CARTESIAN_POINT('Ctrl Pts',(40.4073174296316,-23.2075067337347,69.5764956158645));
#2553=CARTESIAN_POINT('Ctrl Pts',(40.4487891252225,-23.0227563447776,69.6318949539279));
#2554=CARTESIAN_POINT('Ctrl Pts',(40.4964361543072,-22.8275910031285,69.6546153514927));
#2555=CARTESIAN_POINT('Ctrl Pts',(40.5479341974709,-22.6412826513105,69.645173322102));
#2556=CARTESIAN_POINT('Ctrl Pts',(41.2218903443072,-23.0955912713581,69.4757775299137));
#2557=CARTESIAN_POINT('Ctrl Pts',(41.2805448244126,-22.9237983334811,69.5393039561364));
#2558=CARTESIAN_POINT('Ctrl Pts',(41.3471237358788,-22.7389590892885,69.5756196308639));
#2559=CARTESIAN_POINT('Ctrl Pts',(41.4179845021258,-22.5562726903783,69.5838607404228));
#2560=CARTESIAN_POINT('',(41.4179845021258,-22.5562726903783,69.5838607404228));
#2561=CARTESIAN_POINT('',(39.0562179868964,-22.855716094742,70.5833076905287));
#2562=CARTESIAN_POINT('Origin',(41.7274844265265,-22.855716094742,73.5606111027637));
#2563=CARTESIAN_POINT('Origin',(39.0562179868964,-22.855716094742,68.0833076905287));
#2564=CARTESIAN_POINT('Ctrl Pts',(41.2218903443072,-23.0955912713581,69.4757775299137));
#2565=CARTESIAN_POINT('Ctrl Pts',(41.2805448244126,-22.9237983334811,69.5393039561364));
#2566=CARTESIAN_POINT('Ctrl Pts',(41.3471237358788,-22.7389590892885,69.5756196308639));
#2567=CARTESIAN_POINT('Ctrl Pts',(41.4179845021258,-22.5562726903783,69.5838607404228));
#2568=CARTESIAN_POINT('Ctrl Pts',(39.0562179868964,-22.8557160947415,70.5833076905287));
#2569=CARTESIAN_POINT('Ctrl Pts',(39.0562179868964,-22.8174583765362,70.5833076905287));
#2570=CARTESIAN_POINT('Ctrl Pts',(39.0562179868965,-22.7791180590552,70.5833076905289));
#2571=CARTESIAN_POINT('Ctrl Pts',(39.0562179868966,-22.7311192506336,70.583307690529));
#2572=CARTESIAN_POINT('Ctrl Pts',(39.0562179868966,-22.711918890993,70.583307690529));
#2573=CARTESIAN_POINT('Ctrl Pts',(39.0562179868966,-22.673520090732,70.583307690529));
#2574=CARTESIAN_POINT('Ctrl Pts',(39.0562179868966,-22.6255218141056,70.583307690529));
#2575=CARTESIAN_POINT('Ctrl Pts',(39.0562179868966,-22.5679254180475,70.583307690529));
#2576=CARTESIAN_POINT('Ctrl Pts',(39.0562179868966,-22.4527347616231,70.583307690529));
#2577=CARTESIAN_POINT('Ctrl Pts',(39.0562179868966,-22.2031668489041,70.583307690529));
#2578=CARTESIAN_POINT('Ctrl Pts',(39.0562179868965,-21.665682113169,70.583307690529));
#2579=CARTESIAN_POINT('Ctrl Pts',(39.0562179868965,-21.051434997054,70.5833076905288));
#2580=CARTESIAN_POINT('Ctrl Pts',(39.0562179868965,-20.437046055154,70.5833076905288));
#2581=CARTESIAN_POINT('Ctrl Pts',(39.0562179868965,-19.9761280471641,70.5833076905288));
#2582=CARTESIAN_POINT('Ctrl Pts',(39.0562179868965,-19.5149596430537,70.5833076905288));
#2583=CARTESIAN_POINT('Ctrl Pts',(39.0562179868965,-18.5921289161238,70.5833076905288));
#2584=CARTESIAN_POINT('Ctrl Pts',(39.0562179868964,-17.2064769874918,70.5833076905287));
#2585=CARTESIAN_POINT('Ctrl Pts',(39.0562179868964,-14.738652301542,70.5833076905288));
#2586=CARTESIAN_POINT('Ctrl Pts',(39.0562179868964,-12.271215186991,70.5833076905287));
#2587=CARTESIAN_POINT('Ctrl Pts',(39.0562179868964,-10.1208286743199,70.5833076905288));
#2588=CARTESIAN_POINT('Ctrl Pts',(39.0562179868964,-9.04573798190429,70.5833076905287));
#2589=CARTESIAN_POINT('Ctrl Pts',(39.0562179868964,-8.50827811816621,70.5833076905288));
#2590=CARTESIAN_POINT('Ctrl Pts',(39.0562179868964,-8.23950476245997,70.5833076905288));
#2591=CARTESIAN_POINT('Ctrl Pts',(39.0562179868964,-8.08591310650385,70.5833076905288));
#2592=CARTESIAN_POINT('Ctrl Pts',(39.0562179868964,-8.00911601882228,70.5833076905287));
#2593=CARTESIAN_POINT('Ctrl Pts',(39.0562179868964,-7.95631634054994,70.5833076905287));
#2594=CARTESIAN_POINT('Ctrl Pts',(39.0562179868964,-7.91794447852615,70.5833076905287));
#2595=CARTESIAN_POINT('Ctrl Pts',(39.0562179868964,-7.87963070834715,70.5833076905287));
#2596=CARTESIAN_POINT('Ctrl Pts',(39.0562179868964,-7.855716094742,70.5833076905287));
#2597=CARTESIAN_POINT('Ctrl Pts',(39.7035859267337,-22.7483357909951,70.0024826914126));
#2598=CARTESIAN_POINT('Ctrl Pts',(39.7053417917735,-22.719752398414,70.0022849269915));
#2599=CARTESIAN_POINT('Ctrl Pts',(39.7071073233588,-22.6912159767819,70.0018985860688));
#2600=CARTESIAN_POINT('Ctrl Pts',(39.7093020919506,-22.6549857548018,70.0011906210008));
#2601=CARTESIAN_POINT('Ctrl Pts',(39.7099497072082,-22.6345978083535,70.0011104383341));
#2602=CARTESIAN_POINT('Ctrl Pts',(39.71135621308,-22.5966266638348,70.0008558152557));
#2603=CARTESIAN_POINT('Ctrl Pts',(39.7130693965402,-22.5479364284708,70.0005842309541));
#2604=CARTESIAN_POINT('Ctrl Pts',(39.7151542384161,-22.4901415613999,70.0002425878814));
#2605=CARTESIAN_POINT('Ctrl Pts',(39.719314385957,-22.3741022023471,69.9995886748441));
#2606=CARTESIAN_POINT('Ctrl Pts',(39.7283879587524,-22.1231491150864,69.9982452414944));
#2607=CARTESIAN_POINT('Ctrl Pts',(39.7480690057306,-21.5830834616656,69.9957379234763));
#2608=CARTESIAN_POINT('Ctrl Pts',(39.7705271208165,-20.967676955062,69.9939802001589));
#2609=CARTESIAN_POINT('Ctrl Pts',(39.7920323251481,-20.3546231076911,69.9930073028535));
#2610=CARTESIAN_POINT('Ctrl Pts',(39.807480408306,-19.895950605286,69.9927352119783));
#2611=CARTESIAN_POINT('Ctrl Pts',(39.8220302106957,-19.438183027956,69.9929231442512));
#2612=CARTESIAN_POINT('Ctrl Pts',(39.8490278724791,-18.5248207434525,69.9940201553896));
#2613=CARTESIAN_POINT('Ctrl Pts',(39.8798065551532,-17.1609120734078,69.998247440179));
#2614=CARTESIAN_POINT('Ctrl Pts',(39.8993027732988,-14.7553993967469,70.0032225654599));
#2615=CARTESIAN_POINT('Ctrl Pts',(39.8596118518556,-12.3452877668803,69.9930247923021));
#2616=CARTESIAN_POINT('Ctrl Pts',(39.787150549742,-10.2076036575048,69.9923759889435));
#2617=CARTESIAN_POINT('Ctrl Pts',(39.7479628290825,-9.13147785555056,69.9958366061335));
#2618=CARTESIAN_POINT('Ctrl Pts',(39.7282410401559,-8.59191285499772,69.9983515368343));
#2619=CARTESIAN_POINT('Ctrl Pts',(39.7184849523723,-8.32139425326673,69.9998044864501));
#2620=CARTESIAN_POINT('Ctrl Pts',(39.7129205191392,-8.16723401943654,70.000706798642));
#2621=CARTESIAN_POINT('Ctrl Pts',(39.7101845778432,-8.08927640504355,70.0011431334277));
#2622=CARTESIAN_POINT('Ctrl Pts',(39.7082289980997,-8.03770247458514,70.0015192167386));
#2623=CARTESIAN_POINT('Ctrl Pts',(39.70637837291,-8.01123250745732,70.0021006278022));
#2624=CARTESIAN_POINT('Ctrl Pts',(39.7046835048418,-7.98096366347889,70.0023590703517));
#2625=CARTESIAN_POINT('Ctrl Pts',(39.7035859267337,-7.96309639848853,70.0024826914126));
#2626=CARTESIAN_POINT('Ctrl Pts',(40.5479341974709,-22.6412826513103,69.645173322102));
#2627=CARTESIAN_POINT('Ctrl Pts',(40.5512872526304,-22.6223401858244,69.6451442343419));
#2628=CARTESIAN_POINT('Ctrl Pts',(40.5548272326869,-22.6035742536241,69.6448582505979));
#2629=CARTESIAN_POINT('Ctrl Pts',(40.5594516472124,-22.5790725204303,69.6442251753492));
#2630=CARTESIAN_POINT('Ctrl Pts',(40.5609437227671,-22.5575019685645,69.6444970920052));
#2631=CARTESIAN_POINT('Ctrl Pts',(40.5641009552274,-22.5199584603173,69.644797802428));
#2632=CARTESIAN_POINT('Ctrl Pts',(40.5679778772633,-22.4705806454617,69.6452944285615));
#2633=CARTESIAN_POINT('Ctrl Pts',(40.5726756131133,-22.4125903396662,69.6458516550606));
#2634=CARTESIAN_POINT('Ctrl Pts',(40.5820560305918,-22.2957100251606,69.6470427129029));
#2635=CARTESIAN_POINT('Ctrl Pts',(40.602466086944,-22.0433874141173,69.6497948384041));
#2636=CARTESIAN_POINT('Ctrl Pts',(40.646554957382,-21.5007746496023,69.6566867290695));
#2637=CARTESIAN_POINT('Ctrl Pts',(40.6963408954209,-20.8842437225754,69.6668023124693));
#2638=CARTESIAN_POINT('Ctrl Pts',(40.7435543099077,-20.2725471301718,69.6782462563643));
#2639=CARTESIAN_POINT('Ctrl Pts',(40.7772141823211,-19.8161294849913,69.6873866745576));
#2640=CARTESIAN_POINT('Ctrl Pts',(40.8086558619217,-19.3617644427871,69.6968924862071));
#2641=CARTESIAN_POINT('Ctrl Pts',(40.8665263569583,-18.4578539442963,69.7160926088481));
#2642=CARTESIAN_POINT('Ctrl Pts',(40.9307372678116,-17.1156078522807,69.7435275225498));
#2643=CARTESIAN_POINT('Ctrl Pts',(40.9698858688957,-14.7720272408633,69.7652283833007));
#2644=CARTESIAN_POINT('Ctrl Pts',(40.890254481598,-12.4189452391268,69.7208519301287));
#2645=CARTESIAN_POINT('Ctrl Pts',(40.7333882101237,-10.294019715978,69.6740639186825));
#2646=CARTESIAN_POINT('Ctrl Pts',(40.6463971887578,-9.21691546428231,69.6569826221872));
#2647=CARTESIAN_POINT('Ctrl Pts',(40.6022407963625,-8.67527858763789,69.6500923482393));
#2648=CARTESIAN_POINT('Ctrl Pts',(40.5802826636842,-8.40303254895455,69.6471272959282));
#2649=CARTESIAN_POINT('Ctrl Pts',(40.5677469613225,-8.24831202313774,69.6456143850673));
#2650=CARTESIAN_POINT('Ctrl Pts',(40.5615523175584,-8.16920110464307,69.644826667111));
#2651=CARTESIAN_POINT('Ctrl Pts',(40.5571780439331,-8.11885060998805,69.6444818457177));
#2652=CARTESIAN_POINT('Ctrl Pts',(40.5533963418872,-8.10424157422255,69.6451158789144));
#2653=CARTESIAN_POINT('Ctrl Pts',(40.550030167181,-8.08199033171986,69.6451551395606));
#2654=CARTESIAN_POINT('Ctrl Pts',(40.5479341974709,-8.0701495381735,69.645173322102));
#2655=CARTESIAN_POINT('Ctrl Pts',(41.4179845021259,-22.5562726903782,69.5838607404228));
#2656=CARTESIAN_POINT('Ctrl Pts',(41.4223623693148,-22.544986095073,69.5843698865278));
#2657=CARTESIAN_POINT('Ctrl Pts',(41.4271304414207,-22.5339897521537,69.5847327588141));
#2658=CARTESIAN_POINT('Ctrl Pts',(41.4335342308747,-22.5188161379368,69.5851056026084));
#2659=CARTESIAN_POINT('Ctrl Pts',(41.4356570440473,-22.4963315034375,69.5861897446801));
#2660=CARTESIAN_POINT('Ctrl Pts',(41.4401126444535,-22.4591687782651,69.5879251931782));
#2661=CARTESIAN_POINT('Ctrl Pts',(41.4455929544883,-22.4093009312336,69.5903081131298));
#2662=CARTESIAN_POINT('Ctrl Pts',(41.4522184909321,-22.3512212497113,69.5930987563601));
#2663=CARTESIAN_POINT('Ctrl Pts',(41.4654378059258,-22.2338076185233,69.5988126804684));
#2664=CARTESIAN_POINT('Ctrl Pts',(41.494109331656,-21.980694655455,69.6114516902989));
#2665=CARTESIAN_POINT('Ctrl Pts',(41.5555900853558,-21.4367245560633,69.6402091293483));
#2666=CARTESIAN_POINT('Ctrl Pts',(41.6239214462486,-20.8200673315934,69.6759564326037));
#2667=CARTESIAN_POINT('Ctrl Pts',(41.6876702024973,-20.2100949214403,69.7128335426302));
#2668=CARTESIAN_POINT('Ctrl Pts',(41.7326152806057,-19.75586288044,69.7405571501672));
#2669=CARTESIAN_POINT('Ctrl Pts',(41.7741351968778,-19.3044840218144,69.7677937338985));
#2670=CARTESIAN_POINT('Ctrl Pts',(41.849705086177,-18.4083666757389,69.8203470216569));
#2671=CARTESIAN_POINT('Ctrl Pts',(41.930927599975,-17.0827395084873,69.8865882695892));
#2672=CARTESIAN_POINT('Ctrl Pts',(41.9783378794142,-14.7840196765241,69.9335479859021));
#2673=CARTESIAN_POINT('Ctrl Pts',(41.8822168582464,-12.4727771195868,69.8376953883992));
#2674=CARTESIAN_POINT('Ctrl Pts',(41.6749103582357,-10.3600106202995,69.7027149718672));
#2675=CARTESIAN_POINT('Ctrl Pts',(41.555378239435,-9.28343049538545,69.6407736272767));
#2676=CARTESIAN_POINT('Ctrl Pts',(41.4938369759452,-8.74082235391087,69.6120092704558));
#2677=CARTESIAN_POINT('Ctrl Pts',(41.4629827945319,-8.46752440669426,69.5983740255476));
#2678=CARTESIAN_POINT('Ctrl Pts',(41.4453135233901,-8.31253581804577,69.5908824312797));
#2679=CARTESIAN_POINT('Ctrl Pts',(41.4365508640542,-8.23259837456547,69.5870830289824));
#2680=CARTESIAN_POINT('Ctrl Pts',(41.4303797054244,-8.18327349485518,69.5848192988016));
#2681=CARTESIAN_POINT('Ctrl Pts',(41.4252158298635,-8.17808683941947,69.5848673986804));
#2682=CARTESIAN_POINT('Ctrl Pts',(41.4207210741732,-8.16221466544348,69.5841790038463));
#2683=CARTESIAN_POINT('Ctrl Pts',(41.4179845021258,-8.15515949910571,69.5838607404228));
#2684=CARTESIAN_POINT('',(41.4179845021258,-8.15515949910571,69.5838607404228));
#2685=CARTESIAN_POINT('',(39.0562179868964,-7.85571609474199,70.5833076905287));
#2686=CARTESIAN_POINT('Origin',(41.7274844265264,-7.855716094742,73.5606111027637));
#2687=CARTESIAN_POINT('',(39.0562179868964,-19.105716094742,70.5833076905287));
#2688=CARTESIAN_POINT('Ctrl Pts',(41.4179845021259,-22.5562726903782,69.5838607404228));
#2689=CARTESIAN_POINT('Ctrl Pts',(41.4223623693148,-22.544986095073,69.5843698865278));
#2690=CARTESIAN_POINT('Ctrl Pts',(41.4271304414207,-22.5339897521537,69.5847327588141));
#2691=CARTESIAN_POINT('Ctrl Pts',(41.4335342308747,-22.5188161379368,69.5851056026084));
#2692=CARTESIAN_POINT('Ctrl Pts',(41.4356570440473,-22.4963315034375,69.5861897446801));
#2693=CARTESIAN_POINT('Ctrl Pts',(41.4401126444535,-22.4591687782651,69.5879251931782));
#2694=CARTESIAN_POINT('Ctrl Pts',(41.4455929544883,-22.4093009312336,69.5903081131298));
#2695=CARTESIAN_POINT('Ctrl Pts',(41.4522184909321,-22.3512212497113,69.5930987563601));
#2696=CARTESIAN_POINT('Ctrl Pts',(41.4654378059258,-22.2338076185233,69.5988126804684));
#2697=CARTESIAN_POINT('Ctrl Pts',(41.494109331656,-21.980694655455,69.6114516902989));
#2698=CARTESIAN_POINT('Ctrl Pts',(41.5555900853558,-21.4367245560633,69.6402091293483));
#2699=CARTESIAN_POINT('Ctrl Pts',(41.6239214462486,-20.8200673315934,69.6759564326037));
#2700=CARTESIAN_POINT('Ctrl Pts',(41.6876702024973,-20.2100949214403,69.7128335426302));
#2701=CARTESIAN_POINT('Ctrl Pts',(41.7326152806057,-19.75586288044,69.7405571501672));
#2702=CARTESIAN_POINT('Ctrl Pts',(41.7741351968778,-19.3044840218144,69.7677937338985));
#2703=CARTESIAN_POINT('Ctrl Pts',(41.849705086177,-18.4083666757389,69.8203470216569));
#2704=CARTESIAN_POINT('Ctrl Pts',(41.930927599975,-17.0827395084873,69.8865882695892));
#2705=CARTESIAN_POINT('Ctrl Pts',(41.9783378794142,-14.7840196765241,69.9335479859021));
#2706=CARTESIAN_POINT('Ctrl Pts',(41.8822168582464,-12.4727771195868,69.8376953883992));
#2707=CARTESIAN_POINT('Ctrl Pts',(41.6749103582357,-10.3600106202995,69.7027149718672));
#2708=CARTESIAN_POINT('Ctrl Pts',(41.555378239435,-9.28343049538545,69.6407736272767));
#2709=CARTESIAN_POINT('Ctrl Pts',(41.4938369759452,-8.74082235391087,69.6120092704558));
#2710=CARTESIAN_POINT('Ctrl Pts',(41.4629827945319,-8.46752440669426,69.5983740255476));
#2711=CARTESIAN_POINT('Ctrl Pts',(41.4453135233901,-8.31253581804577,69.5908824312797));
#2712=CARTESIAN_POINT('Ctrl Pts',(41.4365508640542,-8.23259837456547,69.5870830289824));
#2713=CARTESIAN_POINT('Ctrl Pts',(41.4303797054244,-8.18327349485518,69.5848192988016));
#2714=CARTESIAN_POINT('Ctrl Pts',(41.4252158298635,-8.17808683941947,69.5848673986804));
#2715=CARTESIAN_POINT('Ctrl Pts',(41.4207210741732,-8.16221466544348,69.5841790038463));
#2716=CARTESIAN_POINT('Ctrl Pts',(41.4179845021258,-8.15515949910571,69.5838607404228));
#2717=CARTESIAN_POINT('Ctrl Pts',(39.0562179868964,-22.8557160947304,55.5833076905287));
#2718=CARTESIAN_POINT('Ctrl Pts',(39.0562179868964,-23.1374785117299,55.5833076905274));
#2719=CARTESIAN_POINT('Ctrl Pts',(39.0562179868964,-23.4283409207999,55.6323703193374));
#2720=CARTESIAN_POINT('Ctrl Pts',(39.0562179868964,-23.7026382092718,55.7311336043012));
#2721=CARTESIAN_POINT('Ctrl Pts',(39.7035859267347,-22.7483357909863,56.1641326896453));
#2722=CARTESIAN_POINT('Ctrl Pts',(39.6798312735886,-22.9694026859359,56.1527650386575));
#2723=CARTESIAN_POINT('Ctrl Pts',(39.6577759671002,-23.2018933965135,56.1807769199079));
#2724=CARTESIAN_POINT('Ctrl Pts',(39.6386851005208,-23.4229575613601,56.2495051251328));
#2725=CARTESIAN_POINT('Ctrl Pts',(40.547934197473,-22.6412826513028,56.5214420589558));
#2726=CARTESIAN_POINT('Ctrl Pts',(40.4965962790533,-22.8270117077666,56.5120293880107));
#2727=CARTESIAN_POINT('Ctrl Pts',(40.4489167685809,-23.0221877121285,56.5345499166772));
#2728=CARTESIAN_POINT('Ctrl Pts',(40.4073174296313,-23.2075067337358,56.5901197651933));
#2729=CARTESIAN_POINT('Ctrl Pts',(41.4179845021288,-22.5562726903708,56.5827546406343));
#2730=CARTESIAN_POINT('Ctrl Pts',(41.3473440658468,-22.7383910557971,56.5909701258099));
#2731=CARTESIAN_POINT('Ctrl Pts',(41.2807253536801,-22.9232695818291,56.6271159005692));
#2732=CARTESIAN_POINT('Ctrl Pts',(41.2218903443068,-23.0955912713592,56.6908378511442));
#2733=CARTESIAN_POINT('Origin',(39.0562179868964,-22.855716094742,58.0833076905287));
#2734=CARTESIAN_POINT('Ctrl Pts',(41.4179845021288,-22.5562726903708,56.5827546406343));
#2735=CARTESIAN_POINT('Ctrl Pts',(41.3473440658468,-22.7383910557971,56.5909701258099));
#2736=CARTESIAN_POINT('Ctrl Pts',(41.2807253536801,-22.9232695818291,56.6271159005692));
#2737=CARTESIAN_POINT('Ctrl Pts',(41.2218903443068,-23.0955912713592,56.6908378511442));
#2738=CARTESIAN_POINT('Ctrl Pts',(39.0562179868964,-7.85571609475365,70.5833076905287));
#2739=CARTESIAN_POINT('Ctrl Pts',(39.0562179868964,-7.57395367775432,70.5833076905301));
#2740=CARTESIAN_POINT('Ctrl Pts',(39.0562179868964,-7.28309126868406,70.53424506172));
#2741=CARTESIAN_POINT('Ctrl Pts',(39.0562179868964,-7.00879398021224,70.4354817767563));
#2742=CARTESIAN_POINT('Ctrl Pts',(39.7035859267347,-7.96309639849768,70.0024826914122));
#2743=CARTESIAN_POINT('Ctrl Pts',(39.6798312735886,-7.74202950354828,70.0138503423999));
#2744=CARTESIAN_POINT('Ctrl Pts',(39.6577759671002,-7.50953879297047,69.9858384611495));
#2745=CARTESIAN_POINT('Ctrl Pts',(39.6386851005208,-7.2884746281239,69.9171102559246));
#2746=CARTESIAN_POINT('Ctrl Pts',(40.547934197473,-8.07014953818119,69.6451733221017));
#2747=CARTESIAN_POINT('Ctrl Pts',(40.4965962790533,-7.88442048171755,69.6545859930467));
#2748=CARTESIAN_POINT('Ctrl Pts',(40.4489167685809,-7.68924447735549,69.6320654643802));
#2749=CARTESIAN_POINT('Ctrl Pts',(40.4073174296313,-7.50392545574821,69.5764956158642));
#2750=CARTESIAN_POINT('Ctrl Pts',(41.4179845021288,-8.15515949911324,69.5838607404231));
#2751=CARTESIAN_POINT('Ctrl Pts',(41.3473440658468,-7.973041133687,69.5756452552476));
#2752=CARTESIAN_POINT('Ctrl Pts',(41.2807253536801,-7.78816260765486,69.5394994804882));
#2753=CARTESIAN_POINT('Ctrl Pts',(41.2218903443068,-7.61584091812487,69.4757775299133));
#2754=CARTESIAN_POINT('Origin',(39.0562179868964,-7.85571609474203,68.0833076905287));
#2755=CARTESIAN_POINT('Ctrl Pts',(41.4179845021288,-8.15515949911324,69.5838607404231));
#2756=CARTESIAN_POINT('Ctrl Pts',(41.3473440658468,-7.973041133687,69.5756452552476));
#2757=CARTESIAN_POINT('Ctrl Pts',(41.2807253536801,-7.78816260765486,69.5394994804882));
#2758=CARTESIAN_POINT('Ctrl Pts',(41.2218903443068,-7.61584091812487,69.4757775299133));
#2759=CARTESIAN_POINT('Origin',(39.5562179868964,-5.85571609474203,65.5833076905287));
#2760=CARTESIAN_POINT('',(39.0562179868964,-5.35571609474204,58.0833076905289));
#2761=CARTESIAN_POINT('',(39.0562179868964,-5.35571609474204,58.0833076905289));
#2762=CARTESIAN_POINT('',(39.0562179868964,-5.35571609474203,68.0833076905287));
#2763=CARTESIAN_POINT('',(39.0562179868964,-5.35571609474203,65.5833076905287));
#2764=CARTESIAN_POINT('',(39.0562179868964,-5.35571609474203,68.0833076905287));
#2765=CARTESIAN_POINT('Origin',(39.5562179868964,-7.85571609474203,58.0833076905287));
#2766=CARTESIAN_POINT('Origin',(39.0562179868964,-7.85571609474203,58.0833076905287));
#2767=CARTESIAN_POINT('Origin',(39.5562179868964,-22.855716094742,58.0833076905287));
#2768=CARTESIAN_POINT('',(39.0562179868964,-25.355716094742,58.0833076905287));
#2769=CARTESIAN_POINT('',(39.0562179868964,-25.355716094742,58.0833076905287));
#2770=CARTESIAN_POINT('Origin',(39.0562179868964,-22.855716094742,58.0833076905287));
#2771=CARTESIAN_POINT('Ctrl Pts',(40.9682990764158,-24.0858652816558,63.0833076905287));
#2772=CARTESIAN_POINT('Ctrl Pts',(43.9976053799093,-23.23243249038,63.0833076905287));
#2773=CARTESIAN_POINT('Ctrl Pts',(47.0269116834029,-22.805716094742,63.0833076905287));
#2774=CARTESIAN_POINT('Ctrl Pts',(50.0562179868964,-22.805716094742,63.0833076905287));
#2775=CARTESIAN_POINT('Ctrl Pts',(40.9682990764158,-24.0858652816558,64.7230575216325));
#2776=CARTESIAN_POINT('Ctrl Pts',(43.9976053799093,-23.2325577040165,64.62035212358));
#2777=CARTESIAN_POINT('Ctrl Pts',(47.0269116834029,-22.805716094742,64.3961643850148));
#2778=CARTESIAN_POINT('Ctrl Pts',(50.0562179868964,-22.805716094742,64.3961643850148));
#2779=CARTESIAN_POINT('Ctrl Pts',(40.9682990764158,-24.0906643768556,66.3914373198362));
#2780=CARTESIAN_POINT('Ctrl Pts',(43.9976053799094,-23.2189387102193,66.2621237635597));
#2781=CARTESIAN_POINT('Ctrl Pts',(47.0269116834029,-22.4515732282392,65.7078597146009));
#2782=CARTESIAN_POINT('Ctrl Pts',(50.0562179868964,-22.4515732282392,65.7078597146009));
#2783=CARTESIAN_POINT('Ctrl Pts',(40.9682990764158,-24.0994733408142,68.4618964815245));
#2784=CARTESIAN_POINT('Ctrl Pts',(43.9976053799093,-23.1754266044727,68.3041474513817));
#2785=CARTESIAN_POINT('Ctrl Pts',(47.0269116834029,-21.6326523090831,67.1084582713352));
#2786=CARTESIAN_POINT('Ctrl Pts',(50.0562179868964,-21.6326523090831,67.1084582713352));
#2787=CARTESIAN_POINT('Ctrl Pts',(40.9682990764158,-23.7826212180253,69.2484054205324));
#2788=CARTESIAN_POINT('Ctrl Pts',(43.9976053799094,-22.8857087847609,69.0810057279014));
#2789=CARTESIAN_POINT('Ctrl Pts',(47.0269116834029,-21.2874342206488,67.623407449469));
#2790=CARTESIAN_POINT('Ctrl Pts',(50.0562179868964,-21.2874342206488,67.623407449469));
#2791=CARTESIAN_POINT('Ctrl Pts',(40.9682990764158,-23.0231116221393,69.5925316877318));
#2792=CARTESIAN_POINT('Ctrl Pts',(43.9976053799093,-22.2171949315249,69.4809003088035));
#2793=CARTESIAN_POINT('Ctrl Pts',(47.0269116834029,-20.8806644084019,68.0909570107739));
#2794=CARTESIAN_POINT('Ctrl Pts',(50.0562179868964,-20.8806644084019,68.0909570107739));
#2795=CARTESIAN_POINT('Ctrl Pts',(40.9682990764158,-20.2117665077878,69.6790897250201));
#2796=CARTESIAN_POINT('Ctrl Pts',(43.9976053799094,-19.7357670359496,69.9464704364712));
#2797=CARTESIAN_POINT('Ctrl Pts',(47.0269116834029,-19.2835603030495,69.7193525453146));
#2798=CARTESIAN_POINT('Ctrl Pts',(50.0562179868964,-19.2835603030495,69.7193525453146));
#2799=CARTESIAN_POINT('Ctrl Pts',(40.9682990764158,-17.7834419775693,69.7489154066238));
#2800=CARTESIAN_POINT('Ctrl Pts',(43.9976053799093,-17.5456897777725,70.2722571241077));
#2801=CARTESIAN_POINT('Ctrl Pts',(47.0269116834029,-17.3273758284027,70.5362713639772));
#2802=CARTESIAN_POINT('Ctrl Pts',(50.0562179868964,-17.3273758284027,70.5362713639772));
#2803=CARTESIAN_POINT('Ctrl Pts',(40.9682990764158,-12.9276694495882,69.7496722851733));
#2804=CARTESIAN_POINT('Ctrl Pts',(43.9976053799094,-13.165405787441,70.2732544823026));
#2805=CARTESIAN_POINT('Ctrl Pts',(47.0269116834029,-13.3836485686368,70.5367821406084));
#2806=CARTESIAN_POINT('Ctrl Pts',(50.0562179868964,-13.3836485686368,70.5367821406084));
#2807=CARTESIAN_POINT('Ctrl Pts',(40.9682990764158,-10.499552443566,69.676326693305));
#2808=CARTESIAN_POINT('Ctrl Pts',(43.9976053799094,-10.9755962679988,69.94339956892));
#2809=CARTESIAN_POINT('Ctrl Pts',(47.0269116834029,-11.4274573466122,69.7194711045299));
#2810=CARTESIAN_POINT('Ctrl Pts',(50.0562179868965,-11.4274573466122,69.7194711045299));
#2811=CARTESIAN_POINT('Ctrl Pts',(40.9682990764158,-7.68771887968574,69.5931151697384));
#2812=CARTESIAN_POINT('Ctrl Pts',(43.9976053799094,-8.49365176118352,69.4815151896045));
#2813=CARTESIAN_POINT('Ctrl Pts',(47.0269116834029,-9.83073547916706,68.0905471540356));
#2814=CARTESIAN_POINT('Ctrl Pts',(50.0562179868965,-9.83073547916706,68.0905471540356));
#2815=CARTESIAN_POINT('Ctrl Pts',(40.9682990764158,-6.92736438131951,69.2496842195429));
#2816=CARTESIAN_POINT('Ctrl Pts',(43.9976053799094,-7.82422938203738,69.0822915561656));
#2817=CARTESIAN_POINT('Ctrl Pts',(47.0269116834029,-9.42377486353438,67.6233037014942));
#2818=CARTESIAN_POINT('Ctrl Pts',(50.0562179868965,-9.42377486353438,67.6233037014942));
#2819=CARTESIAN_POINT('Ctrl Pts',(40.9682990764158,-6.61118857040226,68.4623145129935));
#2820=CARTESIAN_POINT('Ctrl Pts',(43.9976053799094,-7.53524052998068,68.3045632816197));
#2821=CARTESIAN_POINT('Ctrl Pts',(47.0269116834029,-9.07871480945929,67.1081461085319));
#2822=CARTESIAN_POINT('Ctrl Pts',(50.0562179868965,-9.07871480945929,67.1081461085319));
#2823=CARTESIAN_POINT('Ctrl Pts',(40.9682990764158,-6.6224809653768,66.3915142961451));
#2824=CARTESIAN_POINT('Ctrl Pts',(43.9976053799094,-7.49418410601519,66.2621938968714));
#2825=CARTESIAN_POINT('Ctrl Pts',(47.0269116834029,-8.25941526444864,65.7078156431299));
#2826=CARTESIAN_POINT('Ctrl Pts',(50.0562179868965,-8.25941526444864,65.7078156431299));
#2827=CARTESIAN_POINT('Ctrl Pts',(40.9682990764158,-6.62471557377344,64.7231244722152));
#2828=CARTESIAN_POINT('Ctrl Pts',(43.9976053799094,-7.47810487931884,64.6204247007366));
#2829=CARTESIAN_POINT('Ctrl Pts',(47.0269116834029,-7.90485883702406,64.3964962724738));
#2830=CARTESIAN_POINT('Ctrl Pts',(50.0562179868964,-7.90485883702406,64.3964962724738));
#2831=CARTESIAN_POINT('Ctrl Pts',(40.9682990764158,-6.62471557377342,61.4434909088424));
#2832=CARTESIAN_POINT('Ctrl Pts',(43.9976053799093,-7.47810487931881,61.546190680321));
#2833=CARTESIAN_POINT('Ctrl Pts',(47.0269116834029,-7.90485883702406,61.7701191085838));
#2834=CARTESIAN_POINT('Ctrl Pts',(50.0562179868964,-7.90485883702406,61.7701191085838));
#2835=CARTESIAN_POINT('Ctrl Pts',(40.9682990764158,-6.62248096537686,59.7751010849124));
#2836=CARTESIAN_POINT('Ctrl Pts',(43.9976053799093,-7.49418410601524,59.9044214841862));
#2837=CARTESIAN_POINT('Ctrl Pts',(47.0269116834028,-8.25941526444861,60.4587997379277));
#2838=CARTESIAN_POINT('Ctrl Pts',(50.0562179868964,-8.25941526444861,60.4587997379277));
#2839=CARTESIAN_POINT('Ctrl Pts',(40.9682990764158,-6.61118857040223,57.704300868064));
#2840=CARTESIAN_POINT('Ctrl Pts',(43.9976053799093,-7.53524052998064,57.8620520994379));
#2841=CARTESIAN_POINT('Ctrl Pts',(47.0269116834028,-9.07871480945924,59.0584692725257));
#2842=CARTESIAN_POINT('Ctrl Pts',(50.0562179868964,-9.07871480945924,59.0584692725257));
#2843=CARTESIAN_POINT('Ctrl Pts',(40.9682990764158,-6.92736438131946,56.9169311615146));
#2844=CARTESIAN_POINT('Ctrl Pts',(43.9976053799093,-7.82422938203733,57.084323824892));
#2845=CARTESIAN_POINT('Ctrl Pts',(47.0269116834028,-9.42377486353434,58.5433116795634));
#2846=CARTESIAN_POINT('Ctrl Pts',(50.0562179868964,-9.42377486353434,58.5433116795634));
#2847=CARTESIAN_POINT('Ctrl Pts',(40.9682990764158,-7.68771887968573,56.5735002113191));
#2848=CARTESIAN_POINT('Ctrl Pts',(43.9976053799093,-8.49365176118349,56.685100191453));
#2849=CARTESIAN_POINT('Ctrl Pts',(47.0269116834028,-9.83073547916703,58.0760682270219));
#2850=CARTESIAN_POINT('Ctrl Pts',(50.0562179868964,-9.83073547916703,58.0760682270219));
#2851=CARTESIAN_POINT('Ctrl Pts',(40.9682990764158,-10.499552443566,56.4902886877526));
#2852=CARTESIAN_POINT('Ctrl Pts',(43.9976053799093,-10.9755962679988,56.2232158121376));
#2853=CARTESIAN_POINT('Ctrl Pts',(47.0269116834029,-11.4274573466122,56.4471442765276));
#2854=CARTESIAN_POINT('Ctrl Pts',(50.0562179868964,-11.4274573466122,56.4471442765276));
#2855=CARTESIAN_POINT('Ctrl Pts',(40.9682990764158,-12.9276694495882,56.4169430958842));
#2856=CARTESIAN_POINT('Ctrl Pts',(43.9976053799093,-13.165405787441,55.8933608987548));
#2857=CARTESIAN_POINT('Ctrl Pts',(47.0269116834028,-13.3836485686368,55.6298332404491));
#2858=CARTESIAN_POINT('Ctrl Pts',(50.0562179868964,-13.3836485686368,55.6298332404491));
#2859=CARTESIAN_POINT('Ctrl Pts',(40.9682990764158,-17.7834419775693,56.4176999744336));
#2860=CARTESIAN_POINT('Ctrl Pts',(43.9976053799093,-17.5456897777724,55.8943582569498));
#2861=CARTESIAN_POINT('Ctrl Pts',(47.0269116834028,-17.3273758284026,55.6303440170802));
#2862=CARTESIAN_POINT('Ctrl Pts',(50.0562179868964,-17.3273758284026,55.6303440170802));
#2863=CARTESIAN_POINT('Ctrl Pts',(40.9682990764158,-20.2117665077878,56.4875256560373));
#2864=CARTESIAN_POINT('Ctrl Pts',(43.9976053799093,-19.7357670359495,56.2201449445862));
#2865=CARTESIAN_POINT('Ctrl Pts',(47.0269116834028,-19.2835603030495,56.4472628357428));
#2866=CARTESIAN_POINT('Ctrl Pts',(50.0562179868964,-19.2835603030495,56.4472628357428));
#2867=CARTESIAN_POINT('Ctrl Pts',(40.9682990764158,-23.0231116221393,56.5740836933256));
#2868=CARTESIAN_POINT('Ctrl Pts',(43.9976053799093,-22.2171949315248,56.6857150722539));
#2869=CARTESIAN_POINT('Ctrl Pts',(47.0269116834028,-20.8806644084019,58.0756583702835));
#2870=CARTESIAN_POINT('Ctrl Pts',(50.0562179868964,-20.8806644084019,58.0756583702835));
#2871=CARTESIAN_POINT('Ctrl Pts',(40.9682990764158,-23.7826212180252,56.918209960525));
#2872=CARTESIAN_POINT('Ctrl Pts',(43.9976053799093,-22.8857087847608,57.085609653156));
#2873=CARTESIAN_POINT('Ctrl Pts',(47.0269116834028,-21.2874342206488,58.5432079315884));
#2874=CARTESIAN_POINT('Ctrl Pts',(50.0562179868964,-21.2874342206488,58.5432079315884));
#2875=CARTESIAN_POINT('Ctrl Pts',(40.9682990764158,-24.0994733408142,57.7047188995328));
#2876=CARTESIAN_POINT('Ctrl Pts',(43.9976053799093,-23.1754266044727,57.8624679296757));
#2877=CARTESIAN_POINT('Ctrl Pts',(47.0269116834028,-21.632652309083,59.0581571097222));
#2878=CARTESIAN_POINT('Ctrl Pts',(50.0562179868964,-21.632652309083,59.0581571097222));
#2879=CARTESIAN_POINT('Ctrl Pts',(40.9682990764158,-24.0906643768556,59.7751780612212));
#2880=CARTESIAN_POINT('Ctrl Pts',(43.9976053799093,-23.2189387102194,59.9044916174977));
#2881=CARTESIAN_POINT('Ctrl Pts',(47.0269116834028,-22.4515732282392,60.4587556664565));
#2882=CARTESIAN_POINT('Ctrl Pts',(50.0562179868964,-22.4515732282392,60.4587556664565));
#2883=CARTESIAN_POINT('Ctrl Pts',(40.9682990764158,-24.0858652816558,61.4435578594249));
#2884=CARTESIAN_POINT('Ctrl Pts',(43.9976053799093,-23.2325577040165,61.5462632574774));
#2885=CARTESIAN_POINT('Ctrl Pts',(47.0269116834029,-22.805716094742,61.7704509960426));
#2886=CARTESIAN_POINT('Ctrl Pts',(50.0562179868964,-22.805716094742,61.7704509960426));
#2887=CARTESIAN_POINT('Ctrl Pts',(40.9682990764158,-24.0858652816558,63.0833076905287));
#2888=CARTESIAN_POINT('Ctrl Pts',(43.9976053799093,-23.23243249038,63.0833076905287));
#2889=CARTESIAN_POINT('Ctrl Pts',(47.0269116834029,-22.805716094742,63.0833076905287));
#2890=CARTESIAN_POINT('Ctrl Pts',(50.0562179868964,-22.805716094742,63.0833076905287));
#2891=CARTESIAN_POINT('',(50.0562179868964,-22.805716094742,63.0833076905287));
#2892=CARTESIAN_POINT('Ctrl Pts',(41.0929291771197,-24.0509945621978,63.0833076905288));
#2893=CARTESIAN_POINT('Ctrl Pts',(44.0806921137119,-23.2208089172273,63.0833076905287));
#2894=CARTESIAN_POINT('Ctrl Pts',(47.0684550503042,-22.805716094742,63.0833076905287));
#2895=CARTESIAN_POINT('Ctrl Pts',(50.0562179868964,-22.805716094742,63.0833076905287));
#2896=CARTESIAN_POINT('Origin',(50.0562179868964,-15.355716094742,63.0833076905287));
#2897=CARTESIAN_POINT('Origin',(39.5562179868964,-7.85571609474203,68.0833076905287));
#2898=CARTESIAN_POINT('Origin',(39.0562179868964,-7.85571609474203,68.0833076905287));
#2899=CARTESIAN_POINT('Origin',(39.5562179868964,-22.855716094742,68.0833076905287));
#2900=CARTESIAN_POINT('',(39.0562179868964,-25.355716094742,68.0833076905286));
#2901=CARTESIAN_POINT('Origin',(39.0562179868964,-22.855716094742,68.0833076905287));
#2902=CARTESIAN_POINT('',(39.0562179868964,-25.355716094742,68.0833076905286));
#2903=CARTESIAN_POINT('Origin',(39.5562179868964,-24.855716094742,60.5833076905287));
#2904=CARTESIAN_POINT('',(39.0562179868964,-25.355716094742,60.5833076905287));
#2905=CARTESIAN_POINT('Origin',(39.0562179868964,-15.355716094742,63.0833076905287));
#2906=CARTESIAN_POINT('',(39.0562179868964,-24.355716094742,82.0833076905287));
#2907=CARTESIAN_POINT('',(39.0562179868964,-26.355716094742,80.0833076905287));
#2908=CARTESIAN_POINT('Origin',(39.0562179868964,-24.355716094742,80.0833076905287));
#2909=CARTESIAN_POINT('',(39.0562179868964,-26.355716094742,46.0833076905287));
#2910=CARTESIAN_POINT('',(39.0562179868964,-26.355716094742,80.0833076905287));
#2911=CARTESIAN_POINT('',(39.0562179868964,-24.355716094742,44.0833076905287));
#2912=CARTESIAN_POINT('Origin',(39.0562179868964,-24.355716094742,46.0833076905287));
#2913=CARTESIAN_POINT('',(39.0562179868964,-6.35571609474204,44.0833076905287));
#2914=CARTESIAN_POINT('',(39.0562179868964,-24.355716094742,44.0833076905287));
#2915=CARTESIAN_POINT('',(39.0562179868964,-4.35571609474204,46.0833076905287));
#2916=CARTESIAN_POINT('Origin',(39.0562179868964,-6.35571609474204,46.0833076905287));
#2917=CARTESIAN_POINT('',(39.0562179868964,-4.35571609474204,80.0833076905287));
#2918=CARTESIAN_POINT('',(39.0562179868964,-4.35571609474204,46.0833076905287));
#2919=CARTESIAN_POINT('',(39.0562179868964,-6.35571609474204,82.0833076905287));
#2920=CARTESIAN_POINT('Origin',(39.0562179868964,-6.35571609474204,80.0833076905287));
#2921=CARTESIAN_POINT('',(39.0562179868964,-6.35571609474204,82.0833076905287));
#2922=CARTESIAN_POINT('',(39.0562179868964,-16.955716094742,75.8333076905287));
#2923=CARTESIAN_POINT('Origin',(39.0562179868964,-15.355716094742,75.8333076905287));
#2924=CARTESIAN_POINT('',(39.0562179868964,-16.955716094742,50.3333076905287));
#2925=CARTESIAN_POINT('Origin',(39.0562179868964,-15.355716094742,50.3333076905287));
#2926=CARTESIAN_POINT('Origin',(53.5562179868964,-15.355716094742,63.0833076905287));
#2927=CARTESIAN_POINT('',(54.0562179868964,-22.805716094742,63.0833076905287));
#2928=CARTESIAN_POINT('',(54.0562179868964,-7.90571609474202,63.0833076905287));
#2929=CARTESIAN_POINT('Origin',(54.0562179868964,-15.355716094742,63.0833076905287));
#2930=CARTESIAN_POINT('Origin',(54.0562179868964,-15.355716094742,63.0833076905287));
#2931=CARTESIAN_POINT('',(53.0562179868964,-7.90571609474202,63.0833076905287));
#2932=CARTESIAN_POINT('Origin',(53.5562179868964,-8.00621485095324,63.0833076905287));
#2933=CARTESIAN_POINT('',(53.0562179868964,-22.805716094742,63.0833076905287));
#2934=CARTESIAN_POINT('Origin',(53.0562179868964,-15.355716094742,63.0833076905287));
#2935=CARTESIAN_POINT('Origin',(53.0562179868964,-15.355716094742,63.0833076905287));
#2936=CARTESIAN_POINT('Origin',(50.0562179868964,-15.355716094742,63.0833076905287));
#2937=CARTESIAN_POINT('',(50.0562179868964,-22.805716094742,63.0833076905287));
#2938=CARTESIAN_POINT('Origin',(50.0562179868964,-15.355716094742,63.0833076905287));
#2939=CARTESIAN_POINT('',(55.0562179868964,-22.805716094742,63.0833076905287));
#2940=CARTESIAN_POINT('Origin',(55.0562179868964,-15.355716094742,63.0833076905287));
#2941=CARTESIAN_POINT('',(50.0562179868964,-22.805716094742,63.0833076905287));
#2942=CARTESIAN_POINT('Origin',(55.0562179868964,-15.355716094742,63.0833076905287));
#2943=CARTESIAN_POINT('',(55.0562179868964,-21.805716094742,63.0833076905287));
#2944=CARTESIAN_POINT('Origin',(55.0562179868964,-15.355716094742,63.0833076905287));
#2945=CARTESIAN_POINT('Origin',(49.0562179868964,-15.355716094742,63.0833076905287));
#2946=CARTESIAN_POINT('',(49.0562180503541,-13.4946110943519,56.9076988022347));
#2947=CARTESIAN_POINT('',(49.0562180190101,-17.2168274908428,56.907676771131));
#2948=CARTESIAN_POINT('Ctrl Pts',(49.0562179868964,-17.2168349930239,56.9076509281473));
#2949=CARTESIAN_POINT('Ctrl Pts',(49.0562179868964,-16.9655452262351,56.8346954231392));
#2950=CARTESIAN_POINT('Ctrl Pts',(49.0562179868963,-16.7100197523629,56.7765533236741));
#2951=CARTESIAN_POINT('Ctrl Pts',(49.0562179868963,-15.5885373576112,56.5899401572896));
#2952=CARTESIAN_POINT('Ctrl Pts',(49.0562179868234,-14.7095185011552,56.6179711580912));
#2953=CARTESIAN_POINT('Ctrl Pts',(49.0562179868234,-13.739807181515,56.8402420891062));
#2954=CARTESIAN_POINT('Ctrl Pts',(49.0562179868964,-13.6166035990591,56.872229514722));
#2955=CARTESIAN_POINT('Ctrl Pts',(49.0562179868964,-13.4945971958512,56.9076509283241));
#2956=CARTESIAN_POINT('Origin',(49.0562179868964,-15.355716094742,63.0833076905287));
#2957=CARTESIAN_POINT('Origin',(50.0562179868964,-15.355716094742,63.0833076905287));
#2958=CARTESIAN_POINT('',(49.0562179868964,-21.805716094742,63.0833076905287));
#2959=CARTESIAN_POINT('',(50.0562179868964,-21.805716094742,63.0833076905287));
#2960=CARTESIAN_POINT('',(49.0562180434342,-17.216822225581,69.2589204718524));
#2961=CARTESIAN_POINT('Origin',(49.0562179868964,-15.355716094742,63.0833076905287));
#2962=CARTESIAN_POINT('',(49.0562180284313,-13.4946073679241,69.258929416264));
#2963=CARTESIAN_POINT('Origin',(49.0562179868964,-15.355716094742,63.0833076905287));
#2964=CARTESIAN_POINT('Origin',(49.0562179868964,-15.355716094742,63.0833076905287));
#2965=CARTESIAN_POINT('Origin',(49.0562179868964,-15.355716094742,63.0833076905287));
#2966=CARTESIAN_POINT('Origin',(49.0562179868964,-15.355716094742,63.0833076905287));
#2967=CARTESIAN_POINT('Ctrl Pts',(49.0562179868964,-13.4945971963792,69.2589644528866));
#2968=CARTESIAN_POINT('Ctrl Pts',(49.0562179868964,-13.7428389128214,69.3310350350652));
#2969=CARTESIAN_POINT('Ctrl Pts',(49.0562179868963,-13.9952186177604,69.388650693839));
#2970=CARTESIAN_POINT('Ctrl Pts',(49.0562179868963,-15.1132856601349,69.5763335996971));
#2971=CARTESIAN_POINT('Ctrl Pts',(49.0562179868247,-15.9923374513647,69.5495596718341));
#2972=CARTESIAN_POINT('Ctrl Pts',(49.0562179868247,-16.9654745291358,69.3279677768429));
#2973=CARTESIAN_POINT('Ctrl Pts',(49.0562179868964,-17.0917829637714,69.2952700855151));
#2974=CARTESIAN_POINT('Ctrl Pts',(49.0562179868964,-17.2168349937762,69.2589644526917));
#2975=CARTESIAN_POINT('Origin',(49.0562179868964,-15.355716094742,63.0833076905287));
#2976=CARTESIAN_POINT('Ctrl Pts',(49.0562179868964,-13.4945971958512,56.9076509283241));
#2977=CARTESIAN_POINT('Ctrl Pts',(49.0562179868964,-12.787082789062,57.1130594951979));
#2978=CARTESIAN_POINT('Ctrl Pts',(49.0562179868964,-12.1198296812832,57.4339547827157));
#2979=CARTESIAN_POINT('Ctrl Pts',(49.0562179868964,-11.1057842554227,58.1493503652634));
#2980=CARTESIAN_POINT('Ctrl Pts',(49.0562179868964,-10.705725365514,58.5000251232593));
#2981=CARTESIAN_POINT('Ctrl Pts',(49.0562179868964,-10.1415545532816,59.1663480419452));
#2982=CARTESIAN_POINT('Ctrl Pts',(49.0562179868964,-9.95174337533658,59.436037590387));
#2983=CARTESIAN_POINT('Ctrl Pts',(49.0562179868964,-9.76282695115617,59.7620825116594));
#2984=CARTESIAN_POINT('Ctrl Pts',(49.0562179868964,-9.73904073502829,59.804503049207));
#2985=CARTESIAN_POINT('Ctrl Pts',(49.0562179868964,-9.62335906783421,60.0154619588359));
#2986=CARTESIAN_POINT('Ctrl Pts',(49.0562179869145,-9.53739484833963,60.1901908128144));
#2987=CARTESIAN_POINT('Ctrl Pts',(49.0562179869145,-9.10463551073161,61.1753836321492));
#2988=CARTESIAN_POINT('Ctrl Pts',(49.0562179868846,-8.91400211985752,62.0438411684044));
#2989=CARTESIAN_POINT('Ctrl Pts',(49.0562179868846,-8.87118717887691,63.8007887091295));
#2990=CARTESIAN_POINT('Ctrl Pts',(49.0562179868964,-9.02236995730963,64.6765701576618));
#2991=CARTESIAN_POINT('Ctrl Pts',(49.0562179868964,-9.49221948260439,65.9076222692882));
#2992=CARTESIAN_POINT('Ctrl Pts',(49.0562179868246,-9.72603280970946,66.4049642124833));
#2993=CARTESIAN_POINT('Ctrl Pts',(49.0562179868246,-10.6329249266726,67.672638189261));
#2994=CARTESIAN_POINT('Ctrl Pts',(49.0562179869531,-11.3104581931795,68.193104495547));
#2995=CARTESIAN_POINT('Ctrl Pts',(49.0562179869531,-12.3616641350622,68.8452801962377));
#2996=CARTESIAN_POINT('Ctrl Pts',(49.0562179868964,-12.916928726909,69.0912533062769));
#2997=CARTESIAN_POINT('Ctrl Pts',(49.0562179868964,-13.4945971963792,69.2589644528866));
#2998=CARTESIAN_POINT('Origin',(49.0562179868964,-15.355716094742,63.0833076905287));
#2999=CARTESIAN_POINT('',(49.0562179868964,-21.8207501444906,63.0833076905287));
#3000=CARTESIAN_POINT('Ctrl Pts',(49.0562179868964,-21.820750144492,63.0833076905287));
#3001=CARTESIAN_POINT('Ctrl Pts',(49.0562179868964,-21.820750144492,62.3094085114176));
#3002=CARTESIAN_POINT('Ctrl Pts',(49.0562179868964,-21.6882920886342,61.5430007939437));
#3003=CARTESIAN_POINT('Ctrl Pts',(49.0562179868964,-21.4308913046976,60.8186604531277));
#3004=CARTESIAN_POINT('Ctrl Pts',(49.0562179868964,-21.2325211983882,60.2604357724782));
#3005=CARTESIAN_POINT('Ctrl Pts',(49.0562179868964,-20.9231882410295,59.603626589551));
#3006=CARTESIAN_POINT('Ctrl Pts',(49.0562179868964,-19.8897455083568,58.3447806395489));
#3007=CARTESIAN_POINT('Ctrl Pts',(49.0562179869513,-19.3022071644365,57.9113639522124));
#3008=CARTESIAN_POINT('Ctrl Pts',(49.0562179869513,-18.3439895429159,57.3187740102394));
#3009=CARTESIAN_POINT('Ctrl Pts',(49.0562179868964,-17.7914856091449,57.0744859188358));
#3010=CARTESIAN_POINT('Ctrl Pts',(49.0562179868964,-17.2168349930239,56.9076509281473));
#3011=CARTESIAN_POINT('Ctrl Pts',(49.0562179868964,-17.2168349937762,69.2589644526917));
#3012=CARTESIAN_POINT('Ctrl Pts',(49.0562179868964,-17.9213007173268,69.054440992378));
#3013=CARTESIAN_POINT('Ctrl Pts',(49.0562179868964,-18.5858921485472,68.7354116022965));
#3014=CARTESIAN_POINT('Ctrl Pts',(49.0562179868964,-19.5307793943747,68.0708152596321));
#3015=CARTESIAN_POINT('Ctrl Pts',(49.0562179868964,-19.958106615615,67.7211736122721));
#3016=CARTESIAN_POINT('Ctrl Pts',(49.0562179868964,-20.5636730501601,67.0084688599162));
#3017=CARTESIAN_POINT('Ctrl Pts',(49.0562179868964,-20.7536626541508,66.7396144740981));
#3018=CARTESIAN_POINT('Ctrl Pts',(49.0562179868964,-21.0138905950767,66.2926109370525));
#3019=CARTESIAN_POINT('Ctrl Pts',(49.0562179869719,-21.1051770247898,66.1172699699415));
#3020=CARTESIAN_POINT('Ctrl Pts',(49.0562179869719,-21.5606850596875,65.1432271526427));
#3021=CARTESIAN_POINT('Ctrl Pts',(49.056217986882,-21.7713213943899,64.2798910681151));
#3022=CARTESIAN_POINT('Ctrl Pts',(49.056217986882,-21.8181842905681,63.2987006236921));
#3023=CARTESIAN_POINT('Ctrl Pts',(49.0562179868964,-21.820750144492,63.1909317158075));
#3024=CARTESIAN_POINT('Ctrl Pts',(49.0562179868964,-21.820750144492,63.0833076905287));
#3025=CARTESIAN_POINT('Ctrl Pts',(40.5906964865819,-23.1534894485999,63.0833076905287));
#3026=CARTESIAN_POINT('Ctrl Pts',(42.2179568833349,-22.6898239591574,63.0833076905287));
#3027=CARTESIAN_POINT('Ctrl Pts',(45.0702055881294,-22.0868898354937,63.0833076905287));
#3028=CARTESIAN_POINT('Ctrl Pts',(47.9269220750727,-21.851338062847,63.0833076905287));
#3029=CARTESIAN_POINT('Ctrl Pts',(49.1513948437241,-21.8180245300931,63.0833076905287));
#3030=CARTESIAN_POINT('Ctrl Pts',(40.5906964865819,-23.1534894485999,63.4946396383783));
#3031=CARTESIAN_POINT('Ctrl Pts',(42.2179568833349,-22.6898239591574,63.4813026241269));
#3032=CARTESIAN_POINT('Ctrl Pts',(45.0702055881294,-22.0868898354937,63.4262009925711));
#3033=CARTESIAN_POINT('Ctrl Pts',(47.9269220750727,-21.851338062847,63.3776595788385));
#3034=CARTESIAN_POINT('Ctrl Pts',(49.1513948437241,-21.8180245300931,63.3702793635294));
#3035=CARTESIAN_POINT('Ctrl Pts',(40.590384188363,-23.1539908570375,64.1134514398971));
#3036=CARTESIAN_POINT('Ctrl Pts',(42.2127855129984,-22.6899798732611,64.0836202719469));
#3037=CARTESIAN_POINT('Ctrl Pts',(45.0628266682878,-22.0726591589237,63.9460265766789));
#3038=CARTESIAN_POINT('Ctrl Pts',(47.9228183830336,-21.8256720754804,63.8197460145748));
#3039=CARTESIAN_POINT('Ctrl Pts',(49.1490465458255,-21.7904396698676,63.8010291611597));
#3040=CARTESIAN_POINT('Ctrl Pts',(40.58946030544,-23.1555852442824,64.8394299289374));
#3041=CARTESIAN_POINT('Ctrl Pts',(42.2033016297211,-22.6924485062597,64.79578336732));
#3042=CARTESIAN_POINT('Ctrl Pts',(45.0406407177971,-22.0309109017767,64.5570618007808));
#3043=CARTESIAN_POINT('Ctrl Pts',(47.9071274367332,-21.7502297433931,64.3316216292979));
#3044=CARTESIAN_POINT('Ctrl Pts',(49.1420240641085,-21.7104415110475,64.2976201514557));
#3045=CARTESIAN_POINT('Ctrl Pts',(40.5887347266238,-23.1567268082276,65.2550259252044));
#3046=CARTESIAN_POINT('Ctrl Pts',(42.195992572271,-22.6940356080306,65.2047201899013));
#3047=CARTESIAN_POINT('Ctrl Pts',(45.0243802786441,-22.0002896266178,64.9067388076293));
#3048=CARTESIAN_POINT('Ctrl Pts',(47.8956459439563,-21.6945633368671,64.6217973034013));
#3049=CARTESIAN_POINT('Ctrl Pts',(49.1367998810033,-21.6512575666351,64.5787709138504));
#3050=CARTESIAN_POINT('Ctrl Pts',(40.5878851630542,-23.1580391186997,65.6712357493178));
#3051=CARTESIAN_POINT('Ctrl Pts',(42.1879069335681,-22.6959398616074,65.6150516670766));
#3052=CARTESIAN_POINT('Ctrl Pts',(45.0057051961969,-21.9651872262143,65.2565627926302));
#3053=CARTESIAN_POINT('Ctrl Pts',(47.8822221123447,-21.6305341933286,64.9102912052725));
#3054=CARTESIAN_POINT('Ctrl Pts',(49.1307753727524,-21.5831618321596,64.8578827211298));
#3055=CARTESIAN_POINT('Ctrl Pts',(40.5870219576631,-23.1592762144249,66.0098924588161));
#3056=CARTESIAN_POINT('Ctrl Pts',(42.1797997409223,-22.69755074458,65.9498105134858));
#3057=CARTESIAN_POINT('Ctrl Pts',(44.9877778098723,-21.9314630350543,65.5406121947667));
#3058=CARTESIAN_POINT('Ctrl Pts',(47.869340228375,-21.5685435451851,65.1420870779123));
#3059=CARTESIAN_POINT('Ctrl Pts',(49.1249187660116,-21.5170766003168,65.0818107742064));
#3060=CARTESIAN_POINT('Ctrl Pts',(40.5862664786456,-23.1603415161511,66.2707810282086));
#3061=CARTESIAN_POINT('Ctrl Pts',(42.1731106861154,-22.6990142672986,66.2080718833605));
#3062=CARTESIAN_POINT('Ctrl Pts',(44.9724568566132,-21.902639226502,65.75875549219));
#3063=CARTESIAN_POINT('Ctrl Pts',(47.8581111789946,-21.515237488793,65.3186611497873));
#3064=CARTESIAN_POINT('Ctrl Pts',(49.1198827281746,-21.4601711641128,65.2520154355042));
#3065=CARTESIAN_POINT('Ctrl Pts',(40.5859558857652,-23.1607779782081,66.3751620941221));
#3066=CARTESIAN_POINT('Ctrl Pts',(42.1703988253528,-22.6996221384182,66.311434139869));
#3067=CARTESIAN_POINT('Ctrl Pts',(44.9661934979525,-21.8908576508048,65.8459735108408));
#3068=CARTESIAN_POINT('Ctrl Pts',(47.853500575128,-21.4934178295291,65.3891343486672));
#3069=CARTESIAN_POINT('Ctrl Pts',(49.1178216051804,-21.436871582931,65.3199108499577));
#3070=CARTESIAN_POINT('Ctrl Pts',(40.5855514018109,-23.1613374305382,66.5057079840866));
#3071=CARTESIAN_POINT('Ctrl Pts',(42.1668615277117,-22.7003737406776,66.4407709469554));
#3072=CARTESIAN_POINT('Ctrl Pts',(44.958132229247,-21.8756669521298,65.9549318052399));
#3073=CARTESIAN_POINT('Ctrl Pts',(47.8475662194271,-21.4652210990542,65.4768967881772));
#3074=CARTESIAN_POINT('Ctrl Pts',(49.1151582152108,-21.406742164284,65.4044227478888));
#3075=CARTESIAN_POINT('Ctrl Pts',(40.585035521358,-23.1620365978782,66.662333514292));
#3076=CARTESIAN_POINT('Ctrl Pts',(42.1624425663593,-22.7013149407425,66.5960424020216));
#3077=CARTESIAN_POINT('Ctrl Pts',(44.9480764342884,-21.8567320480731,66.0854812839917));
#3078=CARTESIAN_POINT('Ctrl Pts',(47.8401293267452,-21.4299234745661,65.5816816493082));
#3079=CARTESIAN_POINT('Ctrl Pts',(49.1118251308663,-21.3689914685466,65.5052357544505));
#3080=CARTESIAN_POINT('Ctrl Pts',(40.5839684128806,-23.1634842540956,66.9761542318656));
#3081=CARTESIAN_POINT('Ctrl Pts',(42.1533212773588,-22.7032358148171,66.9072854851427));
#3082=CARTESIAN_POINT('Ctrl Pts',(44.9272624843729,-21.817339366973,66.3464879163347));
#3083=CARTESIAN_POINT('Ctrl Pts',(47.8246534064512,-21.3564086828972,65.7901860092451));
#3084=CARTESIAN_POINT('Ctrl Pts',(49.104890476693,-21.290314629512,65.705621943846));
#3085=CARTESIAN_POINT('Ctrl Pts',(40.5827032952293,-23.1650483088558,67.2888765007136));
#3086=CARTESIAN_POINT('Ctrl Pts',(42.142932405895,-22.7051510070203,67.2179897412744));
#3087=CARTESIAN_POINT('Ctrl Pts',(44.9046806811023,-21.774821002894,66.6058021485793));
#3088=CARTESIAN_POINT('Ctrl Pts',(47.8078335316379,-21.2757666742636,65.9956181535647));
#3089=CARTESIAN_POINT('Ctrl Pts',(49.0972951611374,-21.2037849050997,65.9027218386224));
#3090=CARTESIAN_POINT('Ctrl Pts',(40.5814087463326,-23.1667391772549,67.6042699705379));
#3091=CARTESIAN_POINT('Ctrl Pts',(42.1323177146664,-22.7072966446397,67.5313293245533));
#3092=CARTESIAN_POINT('Ctrl Pts',(44.8807323366855,-21.7285280325836,66.8651366727181));
#3093=CARTESIAN_POINT('Ctrl Pts',(47.7895550647227,-21.1881345846552,66.198086859764));
#3094=CARTESIAN_POINT('Ctrl Pts',(49.0891027102576,-21.1096074657324,66.096118092813));
#3095=CARTESIAN_POINT('Ctrl Pts',(40.5803653510527,-23.1679255359744,67.8110661729485));
#3096=CARTESIAN_POINT('Ctrl Pts',(42.1245233384501,-22.70894304187,67.7370433481577));
#3097=CARTESIAN_POINT('Ctrl Pts',(44.8642534902947,-21.6976160019337,67.035744912728));
#3098=CARTESIAN_POINT('Ctrl Pts',(47.7770552679357,-21.1280693789936,66.3319379586937));
#3099=CARTESIAN_POINT('Ctrl Pts',(49.0834855772646,-21.0448542956826,66.2239365897233));
#3100=CARTESIAN_POINT('Ctrl Pts',(40.579952239055,-23.1687645951262,67.9762870655895));
#3101=CARTESIAN_POINT('Ctrl Pts',(42.1198461634683,-22.7096211933849,67.9008577892352));
#3102=CARTESIAN_POINT('Ctrl Pts',(44.8519839860167,-21.6713102538437,67.1687085188541));
#3103=CARTESIAN_POINT('Ctrl Pts',(47.767276742498,-21.0804958948567,66.4319251365979));
#3104=CARTESIAN_POINT('Ctrl Pts',(49.0791079577264,-20.9939193025184,66.3188244277957));
#3105=CARTESIAN_POINT('Ctrl Pts',(40.5787966620426,-23.1696291884455,68.0930160683204));
#3106=CARTESIAN_POINT('Ctrl Pts',(42.1131301538574,-22.7112425706589,68.0177293618298));
#3107=CARTESIAN_POINT('Ctrl Pts',(44.8408240613132,-21.6534464173553,67.2674481778089));
#3108=CARTESIAN_POINT('Ctrl Pts',(47.7591330567135,-21.0411749688405,66.5124219162034));
#3109=CARTESIAN_POINT('Ctrl Pts',(49.0754094950418,-20.9509968514859,66.3958585167297));
#3110=CARTESIAN_POINT('Ctrl Pts',(40.5771342295046,-23.1697158168715,68.1018092905692));
#3111=CARTESIAN_POINT('Ctrl Pts',(42.1057733558183,-22.7131684052046,68.0291311901761));
#3112=CARTESIAN_POINT('Ctrl Pts',(44.8351450982878,-21.6540517760122,67.2858450724134));
#3113=CARTESIAN_POINT('Ctrl Pts',(47.7562929937787,-21.0277390157979,66.5406203276435));
#3114=CARTESIAN_POINT('Ctrl Pts',(49.0740289537907,-20.9349455398345,66.4243749415303));
#3115=CARTESIAN_POINT('Ctrl Pts',(40.5758370388045,-23.1675975808216,68.1451172451383));
#3116=CARTESIAN_POINT('Ctrl Pts',(42.09579549,-22.7135138952847,68.0764036857583));
#3117=CARTESIAN_POINT('Ctrl Pts',(44.8257395395545,-21.6475486004979,67.3369717912305));
#3118=CARTESIAN_POINT('Ctrl Pts',(47.7508364384146,-20.9988807848472,66.5982688979462));
#3119=CARTESIAN_POINT('Ctrl Pts',(49.0714484657153,-20.9019983699528,66.4817013237463));
#3120=CARTESIAN_POINT('Ctrl Pts',(40.5755496445639,-23.1585336866038,68.2064019262233));
#3121=CARTESIAN_POINT('Ctrl Pts',(42.0792002185983,-22.7089525698792,68.1467805252929));
#3122=CARTESIAN_POINT('Ctrl Pts',(44.810659771538,-21.6340073972537,67.4194415929862));
#3123=CARTESIAN_POINT('Ctrl Pts',(47.7423032814319,-20.947145952014,66.6969779893327));
#3124=CARTESIAN_POINT('Ctrl Pts',(49.0673852497788,-20.8431515858222,66.5809591082569));
#3125=CARTESIAN_POINT('Ctrl Pts',(40.5828056959401,-23.1300982613542,68.2988135659792));
#3126=CARTESIAN_POINT('Ctrl Pts',(42.0649424028182,-22.6843682139154,68.25436511069));
#3127=CARTESIAN_POINT('Ctrl Pts',(44.7949941414455,-21.5977798659301,67.5415526599112));
#3128=CARTESIAN_POINT('Ctrl Pts',(47.7328448694852,-20.8673780184803,66.8349425874626));
#3129=CARTESIAN_POINT('Ctrl Pts',(49.0629271411813,-20.7550937083923,66.7206880576246));
#3130=CARTESIAN_POINT('Ctrl Pts',(40.6029922445138,-23.0741345832343,68.3936284420694));
#3131=CARTESIAN_POINT('Ctrl Pts',(42.0605201414924,-22.6281283973131,68.3689009966179));
#3132=CARTESIAN_POINT('Ctrl Pts',(44.784196411688,-21.5323579408838,67.6794617103213));
#3133=CARTESIAN_POINT('Ctrl Pts',(47.7262701017932,-20.7633022170051,66.9942319403836));
#3134=CARTESIAN_POINT('Ctrl Pts',(49.0598019672095,-20.6433618276469,66.8843315263731));
#3135=CARTESIAN_POINT('Ctrl Pts',(40.6345807472245,-23.0007962999823,68.4737403485081));
#3136=CARTESIAN_POINT('Ctrl Pts',(42.0704025276863,-22.5489280839601,68.465856006762));
#3137=CARTESIAN_POINT('Ctrl Pts',(44.7810231355084,-21.4456952640406,67.8065650170702));
#3138=CARTESIAN_POINT('Ctrl Pts',(47.7245817193851,-20.6509008809305,67.1472979310862));
#3139=CARTESIAN_POINT('Ctrl Pts',(49.0589387544866,-20.5256426012579,67.043772960506));
#3140=CARTESIAN_POINT('Ctrl Pts',(40.6907259918524,-22.8875948898436,68.5544388267902));
#3141=CARTESIAN_POINT('Ctrl Pts',(42.1033850616721,-22.4232771018064,68.5607826514747));
#3142=CARTESIAN_POINT('Ctrl Pts',(44.7864744328192,-21.3070383457503,67.9529589986172));
#3143=CARTESIAN_POINT('Ctrl Pts',(47.729008093359,-20.4905597725397,67.3426873125091));
#3144=CARTESIAN_POINT('Ctrl Pts',(49.0607845976727,-20.3610257849475,67.2503241686798));
#3145=CARTESIAN_POINT('Ctrl Pts',(40.7651632493145,-22.7617419387419,68.5972011795773));
#3146=CARTESIAN_POINT('Ctrl Pts',(42.1691056500484,-22.2861562074876,68.5979413281296));
#3147=CARTESIAN_POINT('Ctrl Pts',(44.8058048367844,-21.1395808405513,68.0562843996132));
#3148=CARTESIAN_POINT('Ctrl Pts',(47.7436597296269,-20.3155744399096,67.5253266123819));
#3149=CARTESIAN_POINT('Ctrl Pts',(49.0670466094932,-20.1853624421189,67.4473968170139));
#3150=CARTESIAN_POINT('Ctrl Pts',(40.8269606673735,-22.6716711283514,68.6052273771952));
#3151=CARTESIAN_POINT('Ctrl Pts',(42.2453293000724,-22.2071402446817,68.5928389643102));
#3152=CARTESIAN_POINT('Ctrl Pts',(44.833403493699,-21.0115563475251,68.086540468744));
#3153=CARTESIAN_POINT('Ctrl Pts',(47.7609800630123,-20.173350076302,67.6545840671737));
#3154=CARTESIAN_POINT('Ctrl Pts',(49.0747229503575,-20.0462624331111,67.5875532950108));
#3155=CARTESIAN_POINT('Ctrl Pts',(40.8477968643883,-22.6379021345037,68.6057591035377));
#3156=CARTESIAN_POINT('Ctrl Pts',(42.2736179763364,-22.1802965851854,68.5899967570901));
#3157=CARTESIAN_POINT('Ctrl Pts',(44.8452213863449,-20.9671390375648,68.0923671945228));
#3158=CARTESIAN_POINT('Ctrl Pts',(47.7675606241484,-20.1218475095081,67.6991724287982));
#3159=CARTESIAN_POINT('Ctrl Pts',(49.0777208853449,-19.9967509644363,67.6357350448937));
#3160=CARTESIAN_POINT('Ctrl Pts',(40.8480723096368,-22.6166538398772,68.6063204698629));
#3161=CARTESIAN_POINT('Ctrl Pts',(42.274468506314,-22.1601986114382,68.5919839686724));
#3162=CARTESIAN_POINT('Ctrl Pts',(44.8473890517356,-20.9526452760456,68.098826286099));
#3163=CARTESIAN_POINT('Ctrl Pts',(47.7688244493695,-20.1116497399644,67.7080483276478));
#3164=CARTESIAN_POINT('Ctrl Pts',(49.078288244126,-19.9871532644715,67.6450628704853));
#3165=CARTESIAN_POINT('Ctrl Pts',(40.8497994725956,-22.5900999816362,68.6069986035619));
#3166=CARTESIAN_POINT('Ctrl Pts',(42.2773549905804,-22.1354270253739,68.5940636278973));
#3167=CARTESIAN_POINT('Ctrl Pts',(44.8506636719677,-20.9330652353389,68.1065811060715));
#3168=CARTESIAN_POINT('Ctrl Pts',(47.7707096000343,-20.0964708620712,67.7211678244763));
#3169=CARTESIAN_POINT('Ctrl Pts',(49.0791375495831,-19.9727887199288,67.6589394999357));
#3170=CARTESIAN_POINT('Ctrl Pts',(40.8510107027151,-22.555881310689,68.6078918078954));
#3171=CARTESIAN_POINT('Ctrl Pts',(42.2797310715353,-22.1032511410389,68.5970447376645));
#3172=CARTESIAN_POINT('Ctrl Pts',(44.8544645004574,-20.9088751897887,68.1167755110458));
#3173=CARTESIAN_POINT('Ctrl Pts',(47.77290657081,-20.0786145743831,67.7365104634736));
#3174=CARTESIAN_POINT('Ctrl Pts',(49.080125470319,-19.955923495224,67.6751114768455));
#3175=CARTESIAN_POINT('Ctrl Pts',(40.8535503350129,-22.4991072730822,68.6093678713391));
#3176=CARTESIAN_POINT('Ctrl Pts',(42.2843628351846,-22.0500012117808,68.6018351197506));
#3177=CARTESIAN_POINT('Ctrl Pts',(44.8609845731425,-20.8681474264887,68.1335433430707));
#3178=CARTESIAN_POINT('Ctrl Pts',(47.7766637055285,-20.0479828613504,67.7626789456616));
#3179=CARTESIAN_POINT('Ctrl Pts',(49.0818151866171,-19.9269541120707,67.702723972029));
#3180=CARTESIAN_POINT('Ctrl Pts',(40.8571106773918,-22.4129949600611,68.6116135510163));
#3181=CARTESIAN_POINT('Ctrl Pts',(42.2909994535589,-21.9691456072445,68.6092207416762));
#3182=CARTESIAN_POINT('Ctrl Pts',(44.8707322231333,-20.8065589668411,68.1589158370688));
#3183=CARTESIAN_POINT('Ctrl Pts',(47.7822601000066,-20.0017448638755,67.8016570836499));
#3184=CARTESIAN_POINT('Ctrl Pts',(49.0843348599722,-19.8831731867939,67.7438357106186));
#3185=CARTESIAN_POINT('Ctrl Pts',(40.8612057916432,-22.3179799963314,68.6141045353851));
#3186=CARTESIAN_POINT('Ctrl Pts',(42.2984884716664,-21.8799791633537,68.6173273915552));
#3187=CARTESIAN_POINT('Ctrl Pts',(44.881518659283,-20.7381988985196,68.1866683751199));
#3188=CARTESIAN_POINT('Ctrl Pts',(47.7884227255603,-19.9498987125262,67.8444136760973));
#3189=CARTESIAN_POINT('Ctrl Pts',(49.0871069429678,-19.833986162963,67.7889306152222));
#3190=CARTESIAN_POINT('Ctrl Pts',(40.8644126503493,-22.2417538195448,68.6161135119001));
#3191=CARTESIAN_POINT('Ctrl Pts',(42.3043591843491,-21.8084292567789,68.6238538322541));
#3192=CARTESIAN_POINT('Ctrl Pts',(44.8901128034038,-20.6833035466923,68.2088250381888));
#3193=CARTESIAN_POINT('Ctrl Pts',(47.7933195277957,-19.9081241014185,67.8783007711708));
#3194=CARTESIAN_POINT('Ctrl Pts',(49.0893073909813,-19.7943071670201,67.8246599213366));
#3195=CARTESIAN_POINT('Ctrl Pts',(40.8692327457575,-22.1275225619485,68.61913091362));
#3196=CARTESIAN_POINT('Ctrl Pts',(42.3131471328896,-21.7012113708227,68.6336327099362));
#3197=CARTESIAN_POINT('Ctrl Pts',(44.9029664541211,-20.600885961652,68.2418936313103));
#3198=CARTESIAN_POINT('Ctrl Pts',(47.8006278534916,-19.8451785272108,67.9288020810761));
#3199=CARTESIAN_POINT('Ctrl Pts',(49.0925905449956,-19.7344659463886,67.877900797802));
#3200=CARTESIAN_POINT('Ctrl Pts',(40.8763886598654,-21.9561454548333,68.6236681978311));
#3201=CARTESIAN_POINT('Ctrl Pts',(42.3261714916514,-21.5403280863325,68.6483673178685));
#3202=CARTESIAN_POINT('Ctrl Pts',(44.9220802842593,-20.476808712457,68.2909993151169));
#3203=CARTESIAN_POINT('Ctrl Pts',(47.8114281965289,-19.7497151781928,68.0033248540175));
#3204=CARTESIAN_POINT('Ctrl Pts',(49.0974483088432,-19.6434957390284,67.9564359380605));
#3205=CARTESIAN_POINT('Ctrl Pts',(40.8889398653488,-21.6516221393655,68.6317963430999));
#3206=CARTESIAN_POINT('Ctrl Pts',(42.348746144177,-21.2544530999717,68.6745060545731));
#3207=CARTESIAN_POINT('Ctrl Pts',(44.9555193021525,-20.2550292266719,68.3767911744641));
#3208=CARTESIAN_POINT('Ctrl Pts',(47.8302181710071,-19.5770140690336,68.132224440876));
#3209=CARTESIAN_POINT('Ctrl Pts',(49.1058808137528,-19.4784274654539,68.0921938944416));
#3210=CARTESIAN_POINT('Ctrl Pts',(40.9042233930684,-21.2710895255508,68.6419751543199));
#3211=CARTESIAN_POINT('Ctrl Pts',(42.3759546252505,-20.8972012369518,68.7070952505405));
#3212=CARTESIAN_POINT('Ctrl Pts',(44.9960392181587,-19.9755209224049,68.4809927080254));
#3213=CARTESIAN_POINT('Ctrl Pts',(47.852790197847,-19.3557502175279,68.2865131901961));
#3214=CARTESIAN_POINT('Ctrl Pts',(49.1160157759171,-19.2659941108285,68.2544952601275));
#3215=CARTESIAN_POINT('Ctrl Pts',(40.9276890692393,-20.662625851744,68.6582230904989));
#3216=CARTESIAN_POINT('Ctrl Pts',(42.4168690405739,-20.3259867248664,68.7583150440911));
#3217=CARTESIAN_POINT('Ctrl Pts',(45.0574714619607,-19.5235470864834,68.640444744246));
#3218=CARTESIAN_POINT('Ctrl Pts',(47.8868858522586,-18.9907031765594,68.5181253713817));
#3219=CARTESIAN_POINT('Ctrl Pts',(49.1312767331093,-18.9138618579618,68.4977526660353));
#3220=CARTESIAN_POINT('Ctrl Pts',(40.9493931835843,-20.0546383189007,68.6740730419571));
#3221=CARTESIAN_POINT('Ctrl Pts',(42.4537374476171,-19.7554035525805,68.8074349081537));
#3222=CARTESIAN_POINT('Ctrl Pts',(45.1127495811752,-19.0644889850952,68.7875613885476));
#3223=CARTESIAN_POINT('Ctrl Pts',(47.9175469620173,-18.6101017117075,68.7260355333841));
#3224=CARTESIAN_POINT('Ctrl Pts',(49.1449826207788,-18.5445572907267,68.7154387841971));
#3225=CARTESIAN_POINT('Ctrl Pts',(40.9689349252505,-19.447164827813,68.6890534103198));
#3226=CARTESIAN_POINT('Ctrl Pts',(42.4858683553533,-19.185323149607,68.8528634524208));
#3227=CARTESIAN_POINT('Ctrl Pts',(45.1607427734318,-18.5988983774083,68.9194805951947));
#3228=CARTESIAN_POINT('Ctrl Pts',(47.9444776193207,-18.2160085856446,68.9083288263995));
#3229=CARTESIAN_POINT('Ctrl Pts',(49.1569473143985,-18.1606089386971,68.9058628706566));
#3230=CARTESIAN_POINT('Ctrl Pts',(40.995853018477,-18.5364095531108,68.7102753544796));
#3231=CARTESIAN_POINT('Ctrl Pts',(42.5294369566018,-18.3312057645087,68.9165286274686));
#3232=CARTESIAN_POINT('Ctrl Pts',(45.2251751753256,-17.894335295429,69.1008590292938));
#3233=CARTESIAN_POINT('Ctrl Pts',(47.9808263267649,-17.6124775163923,69.155580470507));
#3234=CARTESIAN_POINT('Ctrl Pts',(49.1731007767299,-17.5714172476819,69.1635627904994));
#3235=CARTESIAN_POINT('Ctrl Pts',(41.0265716320396,-17.1718297613201,68.7364177195419));
#3236=CARTESIAN_POINT('Ctrl Pts',(42.5765880045468,-17.0525793955372,68.9922917010141));
#3237=CARTESIAN_POINT('Ctrl Pts',(45.292353873847,-16.8157163418045,69.3052670463858));
#3238=CARTESIAN_POINT('Ctrl Pts',(48.0196030032119,-16.665117228357,69.4247047393546));
#3239=CARTESIAN_POINT('Ctrl Pts',(49.1903142772339,-16.6427640071451,69.4422831531232));
#3240=CARTESIAN_POINT('Ctrl Pts',(41.0366723769072,-15.9611889733207,68.7457239201729));
#3241=CARTESIAN_POINT('Ctrl Pts',(42.5908747512761,-15.9217613841826,69.0182563641403));
#3242=CARTESIAN_POINT('Ctrl Pts',(45.3114543429893,-15.8415303901845,69.3692990392701));
#3243=CARTESIAN_POINT('Ctrl Pts',(48.0307737183967,-15.7917495863505,69.5061017049235));
#3244=CARTESIAN_POINT('Ctrl Pts',(49.1952611976089,-15.7846989504312,69.526124407235));
#3245=CARTESIAN_POINT('Ctrl Pts',(41.0366484652999,-15.2050512688526,68.7457075330687));
#3246=CARTESIAN_POINT('Ctrl Pts',(42.5908894393922,-15.2158897972095,69.0182379113695));
#3247=CARTESIAN_POINT('Ctrl Pts',(45.3114487674375,-15.2343053804251,69.3693255918769));
#3248=CARTESIAN_POINT('Ctrl Pts',(48.030749161516,-15.2463957179263,69.5061294526633));
#3249=CARTESIAN_POINT('Ctrl Pts',(49.1952615923364,-15.2484806648101,69.5261247207459));
#3250=CARTESIAN_POINT('Ctrl Pts',(41.036005574543,-14.9025257640462,68.7451255862972));
#3251=CARTESIAN_POINT('Ctrl Pts',(42.5899927835153,-14.9332770021959,69.0166279949439));
#3252=CARTESIAN_POINT('Ctrl Pts',(45.3102476957013,-14.9912734275031,69.3653665143446));
#3253=CARTESIAN_POINT('Ctrl Pts',(48.0300509865062,-15.0282527415137,69.501071896582));
#3254=CARTESIAN_POINT('Ctrl Pts',(49.1949542224138,-15.0339829268238,69.5209051054139));
#3255=CARTESIAN_POINT('Ctrl Pts',(41.0322636189261,-14.2972638068164,68.7417704431443));
#3256=CARTESIAN_POINT('Ctrl Pts',(42.5846361941693,-14.3675074194194,69.0072501541452));
#3257=CARTESIAN_POINT('Ctrl Pts',(45.3029762521983,-14.505257241251,69.3417454333541));
#3258=CARTESIAN_POINT('Ctrl Pts',(48.0258226919917,-14.5928518509823,69.4707323516542));
#3259=CARTESIAN_POINT('Ctrl Pts',(49.1930845607877,-14.6059937033612,69.4895972882084));
#3260=CARTESIAN_POINT('Ctrl Pts',(41.0195464586413,-13.2374955651069,68.7305143419315));
#3261=CARTESIAN_POINT('Ctrl Pts',(42.5660455099022,-13.3763855645455,68.9755720152889));
#3262=CARTESIAN_POINT('Ctrl Pts',(45.2773933877264,-13.6563162325834,69.2600285023959));
#3263=CARTESIAN_POINT('Ctrl Pts',(48.0109500907254,-13.8356317759893,69.364955570578));
#3264=CARTESIAN_POINT('Ctrl Pts',(49.1864904588716,-13.8623087540752,69.3803456909465));
#3265=CARTESIAN_POINT('Ctrl Pts',(40.9972433246905,-12.2523677078398,68.7116012479048));
#3266=CARTESIAN_POINT('Ctrl Pts',(42.5318968755053,-12.4536227503608,68.9209744216718));
#3267=CARTESIAN_POINT('Ctrl Pts',(45.2288192243617,-12.8774277028915,69.1125285799965));
#3268=CARTESIAN_POINT('Ctrl Pts',(47.9829577278941,-13.151363751256,69.1706140670642));
#3269=CARTESIAN_POINT('Ctrl Pts',(49.1740577032173,-13.1916288903943,69.1790651071445));
#3270=CARTESIAN_POINT('Ctrl Pts',(40.9753007363238,-11.4935977420225,68.6941964070687));
#3271=CARTESIAN_POINT('Ctrl Pts',(42.4966350146664,-11.7419365455277,68.8689917770805));
#3272=CARTESIAN_POINT('Ctrl Pts',(45.1767368458673,-12.2891700142385,68.9651606790861));
#3273=CARTESIAN_POINT('Ctrl Pts',(47.9534895624281,-12.6461444134096,68.9702732321728));
#3274=CARTESIAN_POINT('Ctrl Pts',(49.1609849957671,-12.698146828272,68.9702959589892));
#3275=CARTESIAN_POINT('Ctrl Pts',(40.9695606692862,-11.303850172323,68.6897037011443));
#3276=CARTESIAN_POINT('Ctrl Pts',(42.4873306056082,-11.5638988817519,68.8554831075798));
#3277=CARTESIAN_POINT('Ctrl Pts',(45.1629211917327,-12.1427194210377,68.9265350844589));
#3278=CARTESIAN_POINT('Ctrl Pts',(47.945694599622,-12.5210700526774,68.9174225772221));
#3279=CARTESIAN_POINT('Ctrl Pts',(49.1575274976452,-12.5760865403543,68.9151605732853));
#3280=CARTESIAN_POINT('Ctrl Pts',(40.9648198171193,-11.1520230657674,68.6860327777019));
#3281=CARTESIAN_POINT('Ctrl Pts',(42.4795921514214,-11.4214293191987,68.8443986793402));
#3282=CARTESIAN_POINT('Ctrl Pts',(45.1513922557652,-12.0259460332904,68.8945926402129));
#3283=CARTESIAN_POINT('Ctrl Pts',(47.9392079333191,-12.4217812581782,68.8734956795145));
#3284=CARTESIAN_POINT('Ctrl Pts',(49.1546484410106,-12.4792701632116,68.8693007976175));
#3285=CARTESIAN_POINT('Ctrl Pts',(40.959982249184,-11.0001758996636,68.6823140563719));
#3286=CARTESIAN_POINT('Ctrl Pts',(42.4716599651637,-11.278925954027,68.8331352376277));
#3287=CARTESIAN_POINT('Ctrl Pts',(45.1395506507515,-11.9094335151281,68.8619749301946));
#3288=CARTESIAN_POINT('Ctrl Pts',(47.9325557559078,-12.3230194942129,68.8284832451279));
#3289=CARTESIAN_POINT('Ctrl Pts',(49.1516951065269,-12.3830212604683,68.8222836595913));
#3290=CARTESIAN_POINT('Ctrl Pts',(40.953749459027,-10.810362559192,68.6775836262096));
#3291=CARTESIAN_POINT('Ctrl Pts',(42.461361362719,-11.1008006125498,68.8187462374421));
#3292=CARTESIAN_POINT('Ctrl Pts',(45.1241682685898,-11.7642980095228,68.8199723151835));
#3293=CARTESIAN_POINT('Ctrl Pts',(47.9239436520473,-12.200575293721,68.7701842065053));
#3294=CARTESIAN_POINT('Ctrl Pts',(49.1478650684228,-12.2638018150818,68.7613546991783));
#3295=CARTESIAN_POINT('Ctrl Pts',(40.9459989999472,-10.5825218221435,68.6717900122992));
#3296=CARTESIAN_POINT('Ctrl Pts',(42.44843820643,-10.8869559462132,68.8010159707185));
#3297=CARTESIAN_POINT('Ctrl Pts',(45.104800221066,-11.5909533387335,68.7676670991645));
#3298=CARTESIAN_POINT('Ctrl Pts',(47.9131285421298,-12.0553266673195,68.69704290197));
#3299=CARTESIAN_POINT('Ctrl Pts',(49.1430522203258,-12.12256652403,68.6848357889983));
#3300=CARTESIAN_POINT('Ctrl Pts',(40.9393253408445,-10.3925989461575,68.6668791764362));
#3301=CARTESIAN_POINT('Ctrl Pts',(42.4372086019827,-10.7086740007328,68.7858938711615));
#3302=CARTESIAN_POINT('Ctrl Pts',(45.0879254939784,-11.447197451709,68.7225677581074));
#3303=CARTESIAN_POINT('Ctrl Pts',(47.9037254383313,-11.9357466507384,68.6334843839913));
#3304=CARTESIAN_POINT('Ctrl Pts',(49.1388649177319,-12.0064617260998,68.6182741934972));
#3305=CARTESIAN_POINT('Ctrl Pts',(40.9338626722128,-10.2406331253669,68.6629101149554));
#3306=CARTESIAN_POINT('Ctrl Pts',(42.4279510445157,-10.5660152677299,68.7736152804609));
#3307=CARTESIAN_POINT('Ctrl Pts',(45.0740024961675,-11.3326207547139,68.6856286646042));
#3308=CARTESIAN_POINT('Ctrl Pts',(47.8959775700836,-11.8409909868431,68.5810975269492));
#3309=CARTESIAN_POINT('Ctrl Pts',(49.1354118750375,-11.9145726924055,68.5633733154588));
#3310=CARTESIAN_POINT('Ctrl Pts',(40.928321624558,-10.0886411351855,68.6589164863488));
#3311=CARTESIAN_POINT('Ctrl Pts',(42.4185183564844,-10.4233231943149,68.7612237122024));
#3312=CARTESIAN_POINT('Ctrl Pts',(45.0598033669911,-11.2183296789323,68.6481280450151));
#3313=CARTESIAN_POINT('Ctrl Pts',(47.8880797875923,-11.7468507882846,68.5276948851579));
#3314=CARTESIAN_POINT('Ctrl Pts',(49.1318910103847,-11.8233598786219,68.5073800795449));
#3315=CARTESIAN_POINT('Ctrl Pts',(40.918405521337,-9.82266935788976,68.6518769616688));
#3316=CARTESIAN_POINT('Ctrl Pts',(42.4015046458367,-10.1736323771583,68.7392546876065));
#3317=CARTESIAN_POINT('Ctrl Pts',(45.0342547526057,-11.0191031224035,68.5811082019042));
#3318=CARTESIAN_POINT('Ctrl Pts',(47.8738906430153,-11.5837673114097,68.4315868358892));
#3319=CARTESIAN_POINT('Ctrl Pts',(49.1255542173796,-11.6655479750689,68.4065491884115));
#3320=CARTESIAN_POINT('Ctrl Pts',(40.9036540950985,-9.44272486066902,68.641717080376));
#3321=CARTESIAN_POINT('Ctrl Pts',(42.3758096823558,-9.81696399013823,68.7071892888594));
#3322=CARTESIAN_POINT('Ctrl Pts',(44.9958674751978,-10.736752951968,68.4815957438641));
#3323=CARTESIAN_POINT('Ctrl Pts',(47.8525996212597,-11.3556894607931,68.2868501872592));
#3324=CARTESIAN_POINT('Ctrl Pts',(49.1160168336709,-11.4454686736829,68.254519190184));
#3325=CARTESIAN_POINT('Ctrl Pts',(40.8882631082232,-9.06262125552916,68.6315198492736));
#3326=CARTESIAN_POINT('Ctrl Pts',(42.3484832218157,-9.46013275201615,68.6745511418394));
#3327=CARTESIAN_POINT('Ctrl Pts',(44.9553358008811,-10.4574138757583,68.3775598030765));
#3328=CARTESIAN_POINT('Ctrl Pts',(47.8300305689054,-11.1345050265003,68.1326012291175));
#3329=CARTESIAN_POINT('Ctrl Pts',(49.1058819582178,-11.2330414260922,68.0922227837246));
#3330=CARTESIAN_POINT('Ctrl Pts',(40.8756627781773,-8.75829979766687,68.6233922623216));
#3331=CARTESIAN_POINT('Ctrl Pts',(42.3258268758644,-9.17446393681961,68.6483785941395));
#3332=CARTESIAN_POINT('Ctrl Pts',(44.9219006003999,-10.2357121001806,68.2918558812957));
#3333=CARTESIAN_POINT('Ctrl Pts',(47.8112565181974,-10.9618501056814,68.0037108495268));
#3334=CARTESIAN_POINT('Ctrl Pts',(49.0974496337111,-11.0679758077708,67.9564676342075));
#3335=CARTESIAN_POINT('Ctrl Pts',(40.8676738131302,-8.5680336491996,68.6183421064962));
#3336=CARTESIAN_POINT('Ctrl Pts',(42.3113202326627,-8.99586079397365,68.6319950124038));
#3337=CARTESIAN_POINT('Ctrl Pts',(44.9006580469102,-10.0979070223765,68.237348578464));
#3338=CARTESIAN_POINT('Ctrl Pts',(47.799254601284,-10.8558021151446,67.9209225827351));
#3339=CARTESIAN_POINT('Ctrl Pts',(49.0920522055921,-10.9668998031964,67.8692082145902));
#3340=CARTESIAN_POINT('Ctrl Pts',(40.8620281193488,-8.43481401607027,68.6148265128065));
#3341=CARTESIAN_POINT('Ctrl Pts',(42.3010149967833,-8.87082431027918,68.6205780363298));
#3342=CARTESIAN_POINT('Ctrl Pts',(44.8856395024162,-10.0018420823512,68.1987161348209));
#3343=CARTESIAN_POINT('Ctrl Pts',(47.79071130916,-10.7825450429409,67.8618163558509));
#3344=CARTESIAN_POINT('Ctrl Pts',(49.088211475323,-10.897273686879,67.8068882096511));
#3345=CARTESIAN_POINT('Ctrl Pts',(40.858806436762,-8.35860361291924,68.6128216613667));
#3346=CARTESIAN_POINT('Ctrl Pts',(42.2951083303113,-8.79929374775134,68.6140589434938));
#3347=CARTESIAN_POINT('Ctrl Pts',(44.8770210326515,-9.94703170933608,68.1764806973461));
#3348=CARTESIAN_POINT('Ctrl Pts',(47.7857898694678,-10.7409636539463,67.8277137639526));
#3349=CARTESIAN_POINT('Ctrl Pts',(49.0859995642761,-10.8578124601541,67.7709260409908));
#3350=CARTESIAN_POINT('Ctrl Pts',(40.8538994758671,-8.24452453452766,68.6098293501526));
#3351=CARTESIAN_POINT('Ctrl Pts',(42.2861301518349,-8.69224280327335,68.6043368748573));
#3352=CARTESIAN_POINT('Ctrl Pts',(44.8640590002252,-9.8650312303466,68.1430875387554));
#3353=CARTESIAN_POINT('Ctrl Pts',(47.7783713671763,-10.6788857437724,67.7762424763291));
#3354=CARTESIAN_POINT('Ctrl Pts',(49.0826648096198,-10.7989523338006,67.7166385131632));
#3355=CARTESIAN_POINT('Ctrl Pts',(40.8500177382672,-8.14849711658878,68.6073284744869));
#3356=CARTESIAN_POINT('Ctrl Pts',(42.2787983420787,-8.60203786388261,68.596010778548));
#3357=CARTESIAN_POINT('Ctrl Pts',(44.8532103811951,-9.79655941600575,68.1146861495205));
#3358=CARTESIAN_POINT('Ctrl Pts',(47.7721378822754,-10.6277787121748,67.7326718436761));
#3359=CARTESIAN_POINT('Ctrl Pts',(49.0798514760115,-10.7505774879317,67.6706660864483));
#3360=CARTESIAN_POINT('Ctrl Pts',(40.8458762680931,-8.06173782279013,68.6050912844085));
#3361=CARTESIAN_POINT('Ctrl Pts',(42.2713280762816,-8.52072135342681,68.5887604555211));
#3362=CARTESIAN_POINT('Ctrl Pts',(44.8431228826633,-9.73422883905584,68.0889672645355));
#3363=CARTESIAN_POINT('Ctrl Pts',(47.7663048795022,-10.580958413016,67.6919040509716));
#3364=CARTESIAN_POINT('Ctrl Pts',(49.0772237328801,-10.7063507227226,67.6276202433178));
#3365=CARTESIAN_POINT('Ctrl Pts',(40.8399202888738,-8.05768424859726,68.6050144911185));
#3366=CARTESIAN_POINT('Ctrl Pts',(42.2634582912817,-8.5182811706863,68.5900864387213));
#3367=CARTESIAN_POINT('Ctrl Pts',(44.8403512597823,-9.72523928429005,68.0888476967038));
#3368=CARTESIAN_POINT('Ctrl Pts',(47.7647528431882,-10.5688520351893,67.6813759499866));
#3369=CARTESIAN_POINT('Ctrl Pts',(49.0765189025382,-10.6946389875294,67.6161735926972));
#3370=CARTESIAN_POINT('Ctrl Pts',(40.8302620955232,-8.04041490578652,68.6042820291077));
#3371=CARTESIAN_POINT('Ctrl Pts',(42.2507896162001,-8.5037912881234,68.5909471908084));
#3372=CARTESIAN_POINT('Ctrl Pts',(44.8350957211309,-9.70339485877407,68.0846425309157));
#3373=CARTESIAN_POINT('Ctrl Pts',(47.7617039586257,-10.5445638311523,67.6599639368608));
#3374=CARTESIAN_POINT('Ctrl Pts',(49.0751474300858,-10.671184765757,67.5930483983454));
#3375=CARTESIAN_POINT('Ctrl Pts',(40.812133089951,-8.01513324089844,68.6023699695708));
#3376=CARTESIAN_POINT('Ctrl Pts',(42.2279143253303,-8.48254153939011,68.5926254727367));
#3377=CARTESIAN_POINT('Ctrl Pts',(44.8264879830553,-9.66694091397813,68.0773311793469));
#3378=CARTESIAN_POINT('Ctrl Pts',(47.7565517149066,-10.5026815581179,67.6223950427889));
#3379=CARTESIAN_POINT('Ctrl Pts',(49.0728478907214,-10.6304659745718,67.552368344508));
#3380=CARTESIAN_POINT('Ctrl Pts',(40.7770671399579,-7.96061931319852,68.5952102520527));
#3381=CARTESIAN_POINT('Ctrl Pts',(42.1867240403714,-8.43268769302905,68.5920685872231));
#3382=CARTESIAN_POINT('Ctrl Pts',(44.8115842864708,-9.59192221130024,68.0544236256239));
#3383=CARTESIAN_POINT('Ctrl Pts',(47.7470224078568,-10.4206396501187,67.5461504009681));
#3384=CARTESIAN_POINT('Ctrl Pts',(49.0686616874064,-10.5500184399066,67.4698427428582));
#3385=CARTESIAN_POINT('Ctrl Pts',(40.7382150597714,-7.89966820155347,68.5792858200401));
#3386=CARTESIAN_POINT('Ctrl Pts',(42.1474801526102,-8.37046363837772,68.5814649553574));
#3387=CARTESIAN_POINT('Ctrl Pts',(44.7991195331428,-9.50778072626479,68.0136526848353));
#3388=CARTESIAN_POINT('Ctrl Pts',(47.7382520477662,-10.3308218572739,67.456608302511));
#3389=CARTESIAN_POINT('Ctrl Pts',(49.0648638194564,-10.4605620559838,67.3730234634102));
#3390=CARTESIAN_POINT('Ctrl Pts',(40.7029819903278,-7.83851960516777,68.5544855418431));
#3391=CARTESIAN_POINT('Ctrl Pts',(42.1173189636159,-8.30469545468946,68.5574524499478));
#3392=CARTESIAN_POINT('Ctrl Pts',(44.7904212413715,-9.42754857324072,67.9591911340652));
#3393=CARTESIAN_POINT('Ctrl Pts',(47.7318396970806,-10.244514543977,67.364109156901));
#3394=CARTESIAN_POINT('Ctrl Pts',(49.062120774862,-10.3737036838018,67.2737258302485));
#3395=CARTESIAN_POINT('Ctrl Pts',(40.6784793120571,-7.79379043717662,68.5312803187481));
#3396=CARTESIAN_POINT('Ctrl Pts',(42.0988398702557,-8.25554985750916,68.5325342697678));
#3397=CARTESIAN_POINT('Ctrl Pts',(44.7857262023713,-9.37025149748903,67.9123808693141));
#3398=CARTESIAN_POINT('Ctrl Pts',(47.7282601520192,-10.1816067378795,67.2932122857556));
#3399=CARTESIAN_POINT('Ctrl Pts',(49.0606013376417,-10.3099029437271,67.198046124504));
#3400=CARTESIAN_POINT('Ctrl Pts',(40.6562893770477,-7.75065136899134,68.5032977932806));
#3401=CARTESIAN_POINT('Ctrl Pts',(42.0844176932767,-8.20793080581029,68.5005525304412));
#3402=CARTESIAN_POINT('Ctrl Pts',(44.7828127455569,-9.31647670758186,67.8601413525396));
#3403=CARTESIAN_POINT('Ctrl Pts',(47.7259540787978,-10.120569346966,67.2207392867757));
#3404=CARTESIAN_POINT('Ctrl Pts',(49.0596350930255,-10.2474836623084,67.121180635449));
#3405=CARTESIAN_POINT('Ctrl Pts',(40.5902872533708,-7.61333950984233,68.3943073864541));
#3406=CARTESIAN_POINT('Ctrl Pts',(42.0494915756858,-8.05585540081577,68.3713969982012));
#3407=CARTESIAN_POINT('Ctrl Pts',(44.7790804140337,-9.14963415340298,67.6697159819828));
#3408=CARTESIAN_POINT('Ctrl Pts',(47.7224141915637,-9.92334167081316,66.9737438280584));
#3409=CARTESIAN_POINT('Ctrl Pts',(49.0582433707213,-10.0440720861925,66.861102789051));
#3410=CARTESIAN_POINT('Ctrl Pts',(40.5677328001405,-7.53489855460233,68.2308449300266));
#3411=CARTESIAN_POINT('Ctrl Pts',(42.0671978640147,-7.981899631362,68.1685936557238));
#3412=CARTESIAN_POINT('Ctrl Pts',(44.7999339855284,-9.06402946778206,67.4426938155976));
#3413=CARTESIAN_POINT('Ctrl Pts',(47.7367326711009,-9.77293927333829,66.7297881330904));
#3414=CARTESIAN_POINT('Ctrl Pts',(49.0647377037098,-9.88067926715755,66.6118143369134));
#3415=CARTESIAN_POINT('Ctrl Pts',(40.5796211048553,-7.5400922930922,68.0733050477989));
#3416=CARTESIAN_POINT('Ctrl Pts',(42.1160351698375,-7.99864774766085,67.9970889501176));
#3417=CARTESIAN_POINT('Ctrl Pts',(44.8434500770407,-9.05444148502888,67.2485038726112));
#3418=CARTESIAN_POINT('Ctrl Pts',(47.7609298678917,-9.66185055767584,66.4957040913862));
#3419=CARTESIAN_POINT('Ctrl Pts',(49.0762024792152,-9.75119947143139,66.3793203123757));
#3420=CARTESIAN_POINT('Ctrl Pts',(40.5796172457447,-7.54012113246685,68.0658887439999));
#3421=CARTESIAN_POINT('Ctrl Pts',(42.1161613850582,-7.99864920869761,67.9897684953788));
#3422=CARTESIAN_POINT('Ctrl Pts',(44.8439456039047,-9.05320081433493,67.2426880918016));
#3423=CARTESIAN_POINT('Ctrl Pts',(47.7613487034715,-9.65978975939789,66.4915292848698));
#3424=CARTESIAN_POINT('Ctrl Pts',(49.0763888373422,-9.74901118743509,66.3753890452615));
#3425=CARTESIAN_POINT('Ctrl Pts',(40.5797022769535,-7.54020508945093,68.0533058678241));
#3426=CARTESIAN_POINT('Ctrl Pts',(42.1167283349234,-7.99877967344286,67.9772256841338));
#3427=CARTESIAN_POINT('Ctrl Pts',(44.8450380003702,-9.05122772114508,67.2322772152938));
#3428=CARTESIAN_POINT('Ctrl Pts',(47.7621753399741,-9.65578501389097,66.4833273966134));
#3429=CARTESIAN_POINT('Ctrl Pts',(49.076761949221,-9.74467081266976,66.3675721760624));
#3430=CARTESIAN_POINT('Ctrl Pts',(40.5797986968696,-7.5403374831321,68.030028844147));
#3431=CARTESIAN_POINT('Ctrl Pts',(42.1175416190894,-7.99893638060268,67.9541036400871));
#3432=CARTESIAN_POINT('Ctrl Pts',(44.8468896631337,-9.04750077131076,67.2133706032769));
#3433=CARTESIAN_POINT('Ctrl Pts',(47.7636246411663,-9.64873322290051,66.4688797062544));
#3434=CARTESIAN_POINT('Ctrl Pts',(49.0774129420739,-9.73707929044406,66.3538531267695));
#3435=CARTESIAN_POINT('Ctrl Pts',(40.5800298291568,-7.5406132612949,67.98444344979));
#3436=CARTESIAN_POINT('Ctrl Pts',(42.1192943899439,-7.99930345937666,67.908763652152));
#3437=CARTESIAN_POINT('Ctrl Pts',(44.8506255803631,-9.04029662395183,67.1760652144135));
#3438=CARTESIAN_POINT('Ctrl Pts',(47.7665071585043,-9.63474908838064,66.4400103317473));
#3439=CARTESIAN_POINT('Ctrl Pts',(49.0787095873209,-9.72198895442674,66.3263905380201));
#3440=CARTESIAN_POINT('Ctrl Pts',(40.5803306384893,-7.54100181343254,67.9187389303772));
#3441=CARTESIAN_POINT('Ctrl Pts',(42.1216883963352,-7.99979178750709,67.8434510583395));
#3442=CARTESIAN_POINT('Ctrl Pts',(44.8559023504532,-9.02996845855906,67.122403809424));
#3443=CARTESIAN_POINT('Ctrl Pts',(47.7705932488861,-9.61494963078944,66.3986188749903));
#3444=CARTESIAN_POINT('Ctrl Pts',(49.0805451242749,-9.7006543212846,66.2870146670731));
#3445=CARTESIAN_POINT('Ctrl Pts',(40.5806995582641,-7.54146231811747,67.8402417056175));
#3446=CARTESIAN_POINT('Ctrl Pts',(42.1245717636606,-8.00038977594133,67.7654078458906));
#3447=CARTESIAN_POINT('Ctrl Pts',(44.8621930262225,-9.01779644357716,67.058114339845));
#3448=CARTESIAN_POINT('Ctrl Pts',(47.7754372097144,-9.59154039374654,66.3487936426061));
#3449=CARTESIAN_POINT('Ctrl Pts',(49.0827208603599,-9.67542734708262,66.2395652019311));
#3450=CARTESIAN_POINT('Ctrl Pts',(40.5814134904378,-7.54237001622032,67.6830204592323));
#3451=CARTESIAN_POINT('Ctrl Pts',(42.1302263747565,-8.00156020680392,67.6091250561813));
#3452=CARTESIAN_POINT('Ctrl Pts',(44.8746441359714,-8.9936983303318,66.9292490895451));
#3453=CARTESIAN_POINT('Ctrl Pts',(47.7850072120382,-9.54538031740879,66.248778653379));
#3454=CARTESIAN_POINT('Ctrl Pts',(49.0870171268584,-9.62571467612277,66.1442548518824));
#3455=CARTESIAN_POINT('Ctrl Pts',(40.5824281945485,-7.54375743663625,67.4474198994546));
#3456=CARTESIAN_POINT('Ctrl Pts',(42.1384195760826,-8.00329723231183,67.3749629645682));
#3457=CARTESIAN_POINT('Ctrl Pts',(44.8928644790943,-8.95877512225253,66.7355059560549));
#3458=CARTESIAN_POINT('Ctrl Pts',(47.7989026399356,-9.47866770375956,66.097506636471));
#3459=CARTESIAN_POINT('Ctrl Pts',(49.0932519135998,-9.55395280621239,65.999794133017));
#3460=CARTESIAN_POINT('Ctrl Pts',(40.5836772859148,-7.54546612973691,67.1334078954437));
#3461=CARTESIAN_POINT('Ctrl Pts',(42.1487062728866,-8.00550390107957,67.0630750516002));
#3462=CARTESIAN_POINT('Ctrl Pts',(44.916009477109,-8.91470807706464,66.476081801941));
#3463=CARTESIAN_POINT('Ctrl Pts',(47.8163782024802,-9.39523320362212,65.8931852062656));
#3464=CARTESIAN_POINT('Ctrl Pts',(49.1010861890982,-9.4643630145846,65.8041716459319));
#3465=CARTESIAN_POINT('Ctrl Pts',(40.5859751441773,-7.54861875747218,66.505894181449));
#3466=CARTESIAN_POINT('Ctrl Pts',(42.1679215680311,-8.00967514558291,66.4402580368627));
#3467=CARTESIAN_POINT('Ctrl Pts',(44.9597844285092,-8.83188682393004,65.9554868519456));
#3468=CARTESIAN_POINT('Ctrl Pts',(47.8491508981245,-9.23960664518017,65.479609142824));
#3469=CARTESIAN_POINT('Ctrl Pts',(49.1157496870507,-9.29756997053413,65.4073198765575));
#3470=CARTESIAN_POINT('Ctrl Pts',(40.5885380545821,-7.55304041180035,65.5667660217561));
#3471=CARTESIAN_POINT('Ctrl Pts',(42.191931129507,-8.01541529556751,65.5105750319412));
#3472=CARTESIAN_POINT('Ctrl Pts',(45.0148028435531,-8.72890114339549,65.1692116778153));
#3473=CARTESIAN_POINT('Ctrl Pts',(47.889120073205,-9.0493709219178,64.842448853935));
#3474=CARTESIAN_POINT('Ctrl Pts',(49.1337702272651,-9.09464645826066,64.7924999851395));
#3475=CARTESIAN_POINT('Ctrl Pts',(40.5904313755568,-7.55654827789777,64.3204005579091));
#3476=CARTESIAN_POINT('Ctrl Pts',(42.2117265754781,-8.02049182534312,64.2850502362412));
#3477=CARTESIAN_POINT('Ctrl Pts',(45.0603125364177,-8.6432939004993,64.1192765292924));
#3478=CARTESIAN_POINT('Ctrl Pts',(47.9212354505529,-8.89436374900309,63.9677837978172));
#3479=CARTESIAN_POINT('Ctrl Pts',(49.148262512226,-8.93017582546484,63.9446197224838));
#3480=CARTESIAN_POINT('Ctrl Pts',(40.5907200753911,-7.55769640960373,63.49476656512));
#3481=CARTESIAN_POINT('Ctrl Pts',(42.2160944067019,-8.02213866480028,63.4813762459744));
#3482=CARTESIAN_POINT('Ctrl Pts',(45.0705804992973,-8.62415528957086,63.4260884497189));
#3483=CARTESIAN_POINT('Ctrl Pts',(47.9281329950696,-8.85970564621267,63.3779596239842));
#3484=CARTESIAN_POINT('Ctrl Pts',(49.151393504937,-8.89339884149258,63.3702772997099));
#3485=CARTESIAN_POINT('Ctrl Pts',(40.5907036721068,-7.55778658266023,62.980647080589));
#3486=CARTESIAN_POINT('Ctrl Pts',(42.216077987383,-8.02222348418939,62.9839876303263));
#3487=CARTESIAN_POINT('Ctrl Pts',(45.0705788883781,-8.62420017127142,62.9974897445128));
#3488=CARTESIAN_POINT('Ctrl Pts',(47.9281162113548,-8.8597185953348,63.0101223531669));
#3489=CARTESIAN_POINT('Ctrl Pts',(49.1513937983108,-8.89340050196051,63.0115645201882));
#3490=CARTESIAN_POINT('Ctrl Pts',(40.5906782092897,-7.55775567103585,62.7747947779411));
#3491=CARTESIAN_POINT('Ctrl Pts',(42.2157833095521,-8.02216501367298,62.7845051597717));
#3492=CARTESIAN_POINT('Ctrl Pts',(45.0699413942604,-8.62540821440912,62.8255790239544));
#3493=CARTESIAN_POINT('Ctrl Pts',(47.9276888613302,-8.86188333653097,62.8628738564951));
#3494=CARTESIAN_POINT('Ctrl Pts',(49.1511993419438,-8.89569613321579,62.8680534902068));
#3495=CARTESIAN_POINT('Ctrl Pts',(40.590533722127,-7.55749129841836,62.3623296235098));
#3496=CARTESIAN_POINT('Ctrl Pts',(42.2141054750969,-8.02172573728111,62.3835911094112));
#3497=CARTESIAN_POINT('Ctrl Pts',(45.0661093640815,-8.63262812007335,62.4801444796725));
#3498=CARTESIAN_POINT('Ctrl Pts',(47.9250674270906,-8.87487061875492,62.5682878968467));
#3499=CARTESIAN_POINT('Ctrl Pts',(49.1500190323278,-8.90946274208768,62.5812391976383));
#3500=CARTESIAN_POINT('Ctrl Pts',(40.5902188603994,-7.55702287368222,61.9488488562418));
#3501=CARTESIAN_POINT('Ctrl Pts',(42.2106054149658,-8.02099090562096,61.9800337539555));
#3502=CARTESIAN_POINT('Ctrl Pts',(45.0584869926633,-8.64706294589523,62.1326926119935));
#3503=CARTESIAN_POINT('Ctrl Pts',(47.9198491728429,-8.90081239069637,62.2742072297097));
#3504=CARTESIAN_POINT('Ctrl Pts',(49.1476345340526,-8.93697593517022,62.295204495901));
#3505=CARTESIAN_POINT('Ctrl Pts',(40.5898030486295,-7.55632373215365,61.5861647601699));
#3506=CARTESIAN_POINT('Ctrl Pts',(42.2062467853151,-8.01992047664223,61.624704748013));
#3507=CARTESIAN_POINT('Ctrl Pts',(45.048509463495,-8.66586495221902,61.8275480062607));
#3508=CARTESIAN_POINT('Ctrl Pts',(47.9128485613751,-8.93476568307977,62.0179350192305));
#3509=CARTESIAN_POINT('Ctrl Pts',(49.1444806484383,-8.97298991686075,62.0464123927437));
#3510=CARTESIAN_POINT('Ctrl Pts',(40.5895210964778,-7.5558553276239,61.378684476914));
#3511=CARTESIAN_POINT('Ctrl Pts',(42.2033770993231,-8.01920916846123,61.4210827957468));
#3512=CARTESIAN_POINT('Ctrl Pts',(45.0418784877838,-8.67834679176744,61.6529525572637));
#3513=CARTESIAN_POINT('Ctrl Pts',(47.908158181121,-8.9573555912525,61.8719246555789));
#3514=CARTESIAN_POINT('Ctrl Pts',(49.1423740329254,-8.99696062052248,61.90478516976));
#3515=CARTESIAN_POINT('Ctrl Pts',(40.5890531439019,-7.55508417974756,61.067236090405));
#3516=CARTESIAN_POINT('Ctrl Pts',(42.1987007798652,-8.01804281152444,61.1150925196932));
#3517=CARTESIAN_POINT('Ctrl Pts',(45.0310099278748,-8.69879233516131,61.3908761679185));
#3518=CARTESIAN_POINT('Ctrl Pts',(47.9004316884421,-8.99441317134332,61.6533935267892));
#3519=CARTESIAN_POINT('Ctrl Pts',(49.138910355,-9.03629683721662,61.6929406433731));
#3520=CARTESIAN_POINT('Ctrl Pts',(40.5884930156567,-7.55432667930278,60.7813720829383));
#3521=CARTESIAN_POINT('Ctrl Pts',(42.1930351200429,-8.01707571075674,60.8334724535257));
#3522=CARTESIAN_POINT('Ctrl Pts',(45.0190481525092,-8.72141082180167,61.1503735144776));
#3523=CARTESIAN_POINT('Ctrl Pts',(47.8920496331207,-9.03558243885482,61.4545873032045));
#3524=CARTESIAN_POINT('Ctrl Pts',(49.1350404268731,-9.08007710221684,61.5002501397113));
#3525=CARTESIAN_POINT('Ctrl Pts',(40.5879097973378,-7.55344913138791,60.5210337913347));
#3526=CARTESIAN_POINT('Ctrl Pts',(42.1876107655483,-8.01580887403947,60.5765313816773));
#3527=CARTESIAN_POINT('Ctrl Pts',(45.006473038346,-8.74504253113243,60.9317713293372));
#3528=CARTESIAN_POINT('Ctrl Pts',(47.8829537970251,-9.07881438968415,61.2750766873875));
#3529=CARTESIAN_POINT('Ctrl Pts',(49.1309669522637,-9.12608534771457,61.3267177161131));
#3530=CARTESIAN_POINT('Ctrl Pts',(40.587667812658,-7.55308788785442,60.4168778036871));
#3531=CARTESIAN_POINT('Ctrl Pts',(42.1853807670655,-8.01528772987596,60.4736918732644));
#3532=CARTESIAN_POINT('Ctrl Pts',(45.0012994282673,-8.754760897329,60.8443461015387));
#3533=CARTESIAN_POINT('Ctrl Pts',(47.8792036886335,-9.09661759933584,61.2034030909579));
#3534=CARTESIAN_POINT('Ctrl Pts',(49.129288554015,-9.14503859733359,61.2574554683759));
#3535=CARTESIAN_POINT('Ctrl Pts',(40.5872225378501,-7.55243892705906,60.2344754186271));
#3536=CARTESIAN_POINT('Ctrl Pts',(42.181274507848,-8.01438280130191,60.2934757138487));
#3537=CARTESIAN_POINT('Ctrl Pts',(44.9918864221294,-8.77247289963929,60.6913602460306));
#3538=CARTESIAN_POINT('Ctrl Pts',(47.8723785936264,-9.12911365530283,61.0783538450445));
#3539=CARTESIAN_POINT('Ctrl Pts',(49.1262231356924,-9.17964831709628,61.1366526554604));
#3540=CARTESIAN_POINT('Ctrl Pts',(40.5862338815383,-7.5510287663588,59.8696326155282));
#3541=CARTESIAN_POINT('Ctrl Pts',(42.1724509572342,-8.01239216869929,59.9325984063114));
#3542=CARTESIAN_POINT('Ctrl Pts',(44.9715806936333,-8.81058894001967,60.3857510268723));
#3543=CARTESIAN_POINT('Ctrl Pts',(47.8575554271617,-9.19939404232863,60.8297490979542));
#3544=CARTESIAN_POINT('Ctrl Pts',(49.1195852733893,-9.25459401442412,60.8967762813917));
#3545=CARTESIAN_POINT('Ctrl Pts',(40.5849145251066,-7.54923030700578,59.4514071936272));
#3546=CARTESIAN_POINT('Ctrl Pts',(42.1608543284838,-8.01004680009212,59.5180478680337));
#3547=CARTESIAN_POINT('Ctrl Pts',(44.9452556328154,-8.86032165480202,60.0369795217211));
#3548=CARTESIAN_POINT('Ctrl Pts',(47.8381555818656,-9.29169284355953,60.5495417060856));
#3549=CARTESIAN_POINT('Ctrl Pts',(49.1108674314628,-9.35320078062269,60.6269891643454));
#3550=CARTESIAN_POINT('Ctrl Pts',(40.5833305026603,-7.54720388278016,59.0339623774351));
#3551=CARTESIAN_POINT('Ctrl Pts',(42.1477856342642,-8.00736326940031,59.1036200002954));
#3552=CARTESIAN_POINT('Ctrl Pts',(44.9160619625766,-8.91535812374457,59.69038174738));
#3553=CARTESIAN_POINT('Ctrl Pts',(47.8163674194813,-9.39541272198145,60.2739469639877));
#3554=CARTESIAN_POINT('Ctrl Pts',(49.1010928998055,-9.4643839333063,60.3624387492803));
#3555=CARTESIAN_POINT('Ctrl Pts',(40.5821373394076,-7.54560487816171,58.7181399801026));
#3556=CARTESIAN_POINT('Ctrl Pts',(42.1376796257531,-8.00538857103209,58.7899806423489));
#3557=CARTESIAN_POINT('Ctrl Pts',(44.893007472668,-8.95985692701437,59.4299601550041));
#3558=CARTESIAN_POINT('Ctrl Pts',(47.7988951659437,-9.47895688196646,60.0695367419678));
#3559=CARTESIAN_POINT('Ctrl Pts',(49.0932591352326,-9.55399891280086,60.1667756661166));
#3560=CARTESIAN_POINT('Ctrl Pts',(40.5805760025589,-7.54386031016537,58.4084699556876));
#3561=CARTESIAN_POINT('Ctrl Pts',(42.1260218333402,-8.00299283041253,58.4818810572972));
#3562=CARTESIAN_POINT('Ctrl Pts',(44.868526061821,-9.00549772439631,59.1740181166387));
#3563=CARTESIAN_POINT('Ctrl Pts',(47.7804112165962,-9.56770186116385,59.8681584355922));
#3564=CARTESIAN_POINT('Ctrl Pts',(49.0849453426937,-9.64962723999809,59.9742587396443));
#3565=CARTESIAN_POINT('Ctrl Pts',(40.5799233511691,-7.54272809934371,58.1906405382318));
#3566=CARTESIAN_POINT('Ctrl Pts',(42.1194158643023,-8.00194616812346,58.2657562366393));
#3567=CARTESIAN_POINT('Ctrl Pts',(44.852059926095,-9.04003495684327,58.9980689352237));
#3568=CARTESIAN_POINT('Ctrl Pts',(47.7673901366535,-9.63101762458814,59.735014772996));
#3569=CARTESIAN_POINT('Ctrl Pts',(49.0791077111682,-9.71750969759549,59.8477963752085));
#3570=CARTESIAN_POINT('Ctrl Pts',(40.5787832737288,-7.54186865021377,58.0735196220609));
#3571=CARTESIAN_POINT('Ctrl Pts',(42.1127457600681,-8.00034891128834,58.1485131109465));
#3572=CARTESIAN_POINT('Ctrl Pts',(44.8409200063602,-9.05798549103595,58.899117059177));
#3573=CARTESIAN_POINT('Ctrl Pts',(47.7592474934628,-9.67036053510876,59.6544993398358));
#3574=CARTESIAN_POINT('Ctrl Pts',(49.0754093716543,-9.76043711522404,59.770753563043));
#3575=CARTESIAN_POINT('Ctrl Pts',(40.5771119643759,-7.5417815224179,58.0649423794716));
#3576=CARTESIAN_POINT('Ctrl Pts',(42.1053580706298,-7.9984147582607,58.1373114927556));
#3577=CARTESIAN_POINT('Ctrl Pts',(44.8352312067766,-9.05733272010602,58.8808373059909));
#3578=CARTESIAN_POINT('Ctrl Pts',(47.7564085030132,-9.68378634955125,59.6263162639164));
#3579=CARTESIAN_POINT('Ctrl Pts',(49.0740287726999,-9.77648574549564,59.7422419332958));
#3580=CARTESIAN_POINT('Ctrl Pts',(40.5758383799244,-7.54390193691543,58.0210534303507));
#3581=CARTESIAN_POINT('Ctrl Pts',(42.0954578557827,-7.99809130603923,58.0894978560325));
#3582=CARTESIAN_POINT('Ctrl Pts',(44.8258534265964,-9.06396382383167,58.8293954790637));
#3583=CARTESIAN_POINT('Ctrl Pts',(47.7509506829787,-9.71267322172458,59.5686298793346));
#3584=CARTESIAN_POINT('Ctrl Pts',(49.0714484332506,-9.80944014003078,59.6849026438613));
#3585=CARTESIAN_POINT('Ctrl Pts',(40.5756069851138,-7.54908027700792,57.9876632218314));
#3586=CARTESIAN_POINT('Ctrl Pts',(42.0857405961498,-8.00064558404554,58.0507881094819));
#3587=CARTESIAN_POINT('Ctrl Pts',(44.8171622291036,-9.0713433813762,58.7831540935686));
#3588=CARTESIAN_POINT('Ctrl Pts',(47.7460828343482,-9.74216101227704,59.5123445147294));
#3589=CARTESIAN_POINT('Ctrl Pts',(49.0691261863581,-9.84304671527004,59.6282200741404));
#3590=CARTESIAN_POINT('Ctrl Pts',(40.5770515418961,-7.55735866226191,57.9498340583674));
#3591=CARTESIAN_POINT('Ctrl Pts',(42.0783918584609,-8.00690651648848,58.0074682149588));
#3592=CARTESIAN_POINT('Ctrl Pts',(44.8098087023411,-9.08286719531654,58.7341711477937));
#3593=CARTESIAN_POINT('Ctrl Pts',(47.7417515368238,-9.77298151206013,59.4564181786824));
#3594=CARTESIAN_POINT('Ctrl Pts',(49.0670740903621,-9.87749439754378,59.5718741613744));
#3595=CARTESIAN_POINT('Ctrl Pts',(40.5785164688612,-7.56377448394269,57.9277282076583));
#3596=CARTESIAN_POINT('Ctrl Pts',(42.0743212428334,-8.01221646708254,57.9816619387617));
#3597=CARTESIAN_POINT('Ctrl Pts',(44.8056107789598,-9.09105040157165,58.7042850804366));
#3598=CARTESIAN_POINT('Ctrl Pts',(47.7392862766636,-9.79264051727189,59.4218458488837));
#3599=CARTESIAN_POINT('Ctrl Pts',(49.0659041353137,-9.899332166377,59.5368759649453));
#3600=CARTESIAN_POINT('Ctrl Pts',(40.5800711867287,-7.5696401986254,57.9098990744012));
#3601=CARTESIAN_POINT('Ctrl Pts',(42.0715365961261,-8.01734587186686,57.9608153399386));
#3602=CARTESIAN_POINT('Ctrl Pts',(44.8025369856937,-9.09842653339685,58.6802544155871));
#3603=CARTESIAN_POINT('Ctrl Pts',(47.7374568472656,-9.80865719419113,59.3943410502456));
#3604=CARTESIAN_POINT('Ctrl Pts',(49.0650367535748,-9.91700041136272,59.5089860092615));
#3605=CARTESIAN_POINT('Ctrl Pts',(40.5814154957399,-7.57439860538082,57.896785959968));
#3606=CARTESIAN_POINT('Ctrl Pts',(42.0696397465565,-8.02161968366064,57.9453934684699));
#3607=CARTESIAN_POINT('Ctrl Pts',(44.8003580205972,-9.10430006524219,58.6623548526212));
#3608=CARTESIAN_POINT('Ctrl Pts',(47.7361578065933,-9.82079924150547,59.3738122069068));
#3609=CARTESIAN_POINT('Ctrl Pts',(49.0644205588672,-9.93034643914035,59.488130562494));
#3610=CARTESIAN_POINT('Ctrl Pts',(40.582689002635,-7.57865837552611,57.8859468415296));
#3611=CARTESIAN_POINT('Ctrl Pts',(42.0682394764851,-8.02553848080196,57.932606812142));
#3612=CARTESIAN_POINT('Ctrl Pts',(44.7986525278109,-9.10950580037168,58.6474776210978));
#3613=CARTESIAN_POINT('Ctrl Pts',(47.7351354648379,-9.83103158154205,59.3567791458353));
#3614=CARTESIAN_POINT('Ctrl Pts',(49.0639357900954,-9.94154861842771,59.4708002072797));
#3615=CARTESIAN_POINT('Ctrl Pts',(40.5837990784088,-7.58224037165924,57.8773783170289));
#3616=CARTESIAN_POINT('Ctrl Pts',(42.0672197783128,-8.02888677019891,57.9224674807537));
#3617=CARTESIAN_POINT('Ctrl Pts',(44.7973520666882,-9.11384866760783,58.6356272890551));
#3618=CARTESIAN_POINT('Ctrl Pts',(47.7343550148967,-9.8392839006765,59.3432003500825));
#3619=CARTESIAN_POINT('Ctrl Pts',(49.0635653409893,-9.95055812628356,59.4569667114552));
#3620=CARTESIAN_POINT('Ctrl Pts',(40.593736614031,-7.61363832071599,57.8049520306046));
#3621=CARTESIAN_POINT('Ctrl Pts',(42.0591714903232,-8.05847601766727,57.8366294186895));
#3622=CARTESIAN_POINT('Ctrl Pts',(44.7866638738544,-9.15176124537808,58.5351308043213));
#3623=CARTESIAN_POINT('Ctrl Pts',(47.7279228188014,-9.90980594366102,59.2280408631051));
#3624=CARTESIAN_POINT('Ctrl Pts',(49.0605135683616,-10.0274089780183,59.3395534595878));
#3625=CARTESIAN_POINT('Ctrl Pts',(40.6204465246954,-7.68230398346609,57.7136536164577));
#3626=CARTESIAN_POINT('Ctrl Pts',(42.0618735898905,-8.13101178738695,57.724533832471));
#3627=CARTESIAN_POINT('Ctrl Pts',(44.7797228753966,-9.23069000835523,58.3970638416463));
#3628=CARTESIAN_POINT('Ctrl Pts',(47.7234949845049,-10.0204655298625,59.0684298080563));
#3629=CARTESIAN_POINT('Ctrl Pts',(49.0584719807288,-10.144620512632,59.1744926389616));
#3630=CARTESIAN_POINT('Ctrl Pts',(40.676625346689,-7.79581472276583,57.6328214162532));
#3631=CARTESIAN_POINT('Ctrl Pts',(42.0949365816092,-8.25716409888116,57.6298275702567));
#3632=CARTESIAN_POINT('Ctrl Pts',(44.785068013703,-9.36980373165254,58.250443426632));
#3633=CARTESIAN_POINT('Ctrl Pts',(47.7279405705939,-10.1807716923456,58.8730073132692));
#3634=CARTESIAN_POINT('Ctrl Pts',(49.0603247944227,-10.3092526592583,58.9679358444494));
#3635=CARTESIAN_POINT('Ctrl Pts',(40.7364072704679,-7.90194672444647,57.5842125511547));
#3636=CARTESIAN_POINT('Ctrl Pts',(42.1427959418422,-8.37337393611621,57.5798602950167));
#3637=CARTESIAN_POINT('Ctrl Pts',(44.7981120600251,-9.50743758730647,58.1475243827311));
#3638=CARTESIAN_POINT('Ctrl Pts',(47.7377398454413,-10.3297101730546,58.7094355451414));
#3639=CARTESIAN_POINT('Ctrl Pts',(49.0645087698134,-10.4597244126016,58.7927313796518));
#3640=CARTESIAN_POINT('Ctrl Pts',(40.7958933050184,-7.99582550467876,57.564719289875));
#3641=CARTESIAN_POINT('Ctrl Pts',(42.2056971932591,-8.46757751420423,57.5705467888006));
#3642=CARTESIAN_POINT('Ctrl Pts',(44.8185444561368,-9.63681323539614,58.0923781153033));
#3643=CARTESIAN_POINT('Ctrl Pts',(47.7520624444281,-10.4661788484762,58.5764837011731));
#3644=CARTESIAN_POINT('Ctrl Pts',(49.0707362406118,-10.5952464021782,58.6487095569118));
#3645=CARTESIAN_POINT('Ctrl Pts',(40.8369369070445,-8.05556419834664,57.5614861204326));
#3646=CARTESIAN_POINT('Ctrl Pts',(42.2587577820603,-8.51677709550901,57.575390724915));
#3647=CARTESIAN_POINT('Ctrl Pts',(44.8390272303107,-9.72085001864263,58.0776221626486));
#3648=CARTESIAN_POINT('Ctrl Pts',(47.7641512255759,-10.5626135121783,58.4909317497436));
#3649=CARTESIAN_POINT('Ctrl Pts',(49.0761508257685,-10.6887444228131,58.5561240755805));
#3650=CARTESIAN_POINT('Ctrl Pts',(40.8478336418469,-8.07331487425288,57.5612064142585));
#3651=CARTESIAN_POINT('Ctrl Pts',(42.2735503193922,-8.53090197012965,57.5768824225722));
#3652=CARTESIAN_POINT('Ctrl Pts',(44.8452150335467,-9.7441433650492,58.0745427163328));
#3653=CARTESIAN_POINT('Ctrl Pts',(47.7675988681078,-10.5895879136761,58.4675769832341));
#3654=CARTESIAN_POINT('Ctrl Pts',(49.0777208915957,-10.714674132534,58.5308908917443));
#3655=CARTESIAN_POINT('Ctrl Pts',(40.8481602981973,-8.09435585128415,57.5606513017288));
#3656=CARTESIAN_POINT('Ctrl Pts',(42.2744640812422,-8.55079040401074,57.5749294622647));
#3657=CARTESIAN_POINT('Ctrl Pts',(44.8473837214529,-9.75855204167834,58.0681586117263));
#3658=CARTESIAN_POINT('Ctrl Pts',(47.7688623102956,-10.599779524086,58.4587071681769));
#3659=CARTESIAN_POINT('Ctrl Pts',(49.0782882525752,-10.7242689316065,58.5215659044534));
#3660=CARTESIAN_POINT('Ctrl Pts',(40.8502442227863,-8.13064649709214,57.559719374697));
#3661=CARTESIAN_POINT('Ctrl Pts',(42.2780448541153,-8.58471498772172,57.5720054275189));
#3662=CARTESIAN_POINT('Ctrl Pts',(44.8517453339898,-9.78502118754366,58.0574992581982));
#3663=CARTESIAN_POINT('Ctrl Pts',(47.7713764807643,-10.6200431401267,58.4411883988077));
#3664=CARTESIAN_POINT('Ctrl Pts',(49.0794206349512,-10.7434340346451,58.5030515849111));
#3665=CARTESIAN_POINT('Ctrl Pts',(40.8530351252035,-8.20317364745816,57.5578276098231));
#3666=CARTESIAN_POINT('Ctrl Pts',(42.2833728821056,-8.65285674196341,57.5657489424221));
#3667=CARTESIAN_POINT('Ctrl Pts',(44.8598905056803,-9.8365491856272,58.0359600946506));
#3668=CARTESIAN_POINT('Ctrl Pts',(47.7760778912697,-10.6583291958846,58.4083832134312));
#3669=CARTESIAN_POINT('Ctrl Pts',(49.08153520605,-10.7796152566139,58.4684612652041));
#3670=CARTESIAN_POINT('Ctrl Pts',(40.8589220363683,-8.33571918809546,57.5543694287824));
#3671=CARTESIAN_POINT('Ctrl Pts',(42.294110762032,-8.77719887870746,57.5545137146316));
#3672=CARTESIAN_POINT('Ctrl Pts',(44.8750642309048,-9.93178226323837,57.9969888402006));
#3673=CARTESIAN_POINT('Ctrl Pts',(47.7847877706947,-10.7302226983683,58.3477856307777));
#3674=CARTESIAN_POINT('Ctrl Pts',(49.085454741213,-10.8476994054002,58.4045287894226));
#3675=CARTESIAN_POINT('Ctrl Pts',(40.8668368880449,-8.52675983726606,57.5493379236641));
#3676=CARTESIAN_POINT('Ctrl Pts',(42.3087257919447,-8.95657320842219,57.5380799013465));
#3677=CARTESIAN_POINT('Ctrl Pts',(44.8965776353018,-10.0691127579878,57.9413265911914));
#3678=CARTESIAN_POINT('Ctrl Pts',(47.7970465608556,-10.8344155408746,58.262775165484));
#3679=CARTESIAN_POINT('Ctrl Pts',(49.0909712848735,-10.9466384814105,58.3149007644152));
#3680=CARTESIAN_POINT('Ctrl Pts',(40.8764545759503,-8.75495969795612,57.5432795715446));
#3681=CARTESIAN_POINT('Ctrl Pts',(42.3261641595744,-9.17077654328027,57.5184948203091));
#3682=CARTESIAN_POINT('Ctrl Pts',(44.9220708557023,-10.2344285598971,57.8759449380252));
#3683=CARTESIAN_POINT('Ctrl Pts',(47.8114575201648,-10.9617006317391,58.1634178912293));
#3684=CARTESIAN_POINT('Ctrl Pts',(49.097448316637,-11.0679281302468,58.2101910328872));
#3685=CARTESIAN_POINT('Ctrl Pts',(40.8889678283822,-9.05963965501799,57.5351371076697));
#3686=CARTESIAN_POINT('Ctrl Pts',(42.3486912416865,-9.45682137470894,57.4923185828525));
#3687=CARTESIAN_POINT('Ctrl Pts',(44.9555087865284,-10.4562715478379,57.7900918773697));
#3688=CARTESIAN_POINT('Ctrl Pts',(47.830249340155,-11.1344029759461,58.0345153851752));
#3689=CARTESIAN_POINT('Ctrl Pts',(49.1058807222245,-11.2329989979854,58.0744309884413));
#3690=CARTESIAN_POINT('Ctrl Pts',(40.9042783579539,-9.44007577495519,57.5249300069116));
#3691=CARTESIAN_POINT('Ctrl Pts',(42.3759457050297,-9.81400132045403,57.4597137607497));
#3692=CARTESIAN_POINT('Ctrl Pts',(44.9960323761193,-10.7357410368469,57.6859121228448));
#3693=CARTESIAN_POINT('Ctrl Pts',(47.8528199018005,-11.3556486255195,57.8802167938324));
#3694=CARTESIAN_POINT('Ctrl Pts',(49.116015905356,-11.4454309922279,57.9121296646242));
#3695=CARTESIAN_POINT('Ctrl Pts',(40.918901986311,-9.82053003671373,57.5147686529947));
#3696=CARTESIAN_POINT('Ctrl Pts',(42.4016330839378,-10.1711888114535,57.4275626413925));
#3697=CARTESIAN_POINT('Ctrl Pts',(45.0343819234013,-11.0182992527057,57.586228383376));
#3698=CARTESIAN_POINT('Ctrl Pts',(47.8740524701565,-11.5837346052237,57.735387305731));
#3699=CARTESIAN_POINT('Ctrl Pts',(49.1255535538122,-11.6655173271933,57.7600921873875));
#3700=CARTESIAN_POINT('Ctrl Pts',(40.9302033221673,-10.12462530938,57.5067197007688));
#3701=CARTESIAN_POINT('Ctrl Pts',(42.421046807603,-10.4566859977325,57.402456940711));
#3702=CARTESIAN_POINT('Ctrl Pts',(45.0635777175256,-11.2460362899533,57.5095811163581));
#3703=CARTESIAN_POINT('Ctrl Pts',(47.8902699074703,-11.7701342358649,57.6255366144195));
#3704=CARTESIAN_POINT('Ctrl Pts',(49.1327957039857,-11.8458756026024,57.6448549706817));
#3705=CARTESIAN_POINT('Ctrl Pts',(40.937066034914,-10.3146595202946,57.5017436491004));
#3706=CARTESIAN_POINT('Ctrl Pts',(42.4327510500082,-10.6350798455639,57.3870154900205));
#3707=CARTESIAN_POINT('Ctrl Pts',(45.0811487556068,-11.389108348058,57.4630308975178));
#3708=CARTESIAN_POINT('Ctrl Pts',(47.9000309231993,-11.8881965000151,57.5593886286663));
#3709=CARTESIAN_POINT('Ctrl Pts',(49.1371550793471,-11.9603231690824,57.5755395628734));
#3710=CARTESIAN_POINT('Ctrl Pts',(40.9417670146654,-10.4476399758933,57.4982937221101));
#3711=CARTESIAN_POINT('Ctrl Pts',(42.4406866799402,-10.7599154705918,57.376374903146));
#3712=CARTESIAN_POINT('Ctrl Pts',(45.0930835641665,-11.4896228699942,57.4312002889633));
#3713=CARTESIAN_POINT('Ctrl Pts',(47.9066784147944,-11.9716400537115,57.5144460551607));
#3714=CARTESIAN_POINT('Ctrl Pts',(49.1401163117543,-12.0413067496479,57.5284643171043));
#3715=CARTESIAN_POINT('Ctrl Pts',(40.9444218339041,-10.5236210578614,57.4963332682945));
#3716=CARTESIAN_POINT('Ctrl Pts',(42.4451495526281,-10.8312428727039,57.3703430308263));
#3717=CARTESIAN_POINT('Ctrl Pts',(45.0997961017254,-11.5471648233042,57.4132320145899));
#3718=CARTESIAN_POINT('Ctrl Pts',(47.9104212947749,-12.0195451166166,57.4891549480772));
#3719=CARTESIAN_POINT('Ctrl Pts',(49.1417822908479,-12.087826802834,57.5019803694181));
#3720=CARTESIAN_POINT('Ctrl Pts',(40.9483722031766,-10.6375843564694,57.493404335897));
#3721=CARTESIAN_POINT('Ctrl Pts',(42.4517741590959,-10.9382225890047,57.3613459077279));
#3722=CARTESIAN_POINT('Ctrl Pts',(45.1097560938196,-11.6335827644511,57.3865029675413));
#3723=CARTESIAN_POINT('Ctrl Pts',(47.9159780912223,-12.0916242044165,57.4516082324905));
#3724=CARTESIAN_POINT('Ctrl Pts',(49.144254963891,-12.1578480229573,57.4626720712414));
#3725=CARTESIAN_POINT('Ctrl Pts',(40.9541723494107,-10.8085115018326,57.4890595715991));
#3726=CARTESIAN_POINT('Ctrl Pts',(42.4614687135792,-11.0986398131543,57.3480453782903));
#3727=CARTESIAN_POINT('Ctrl Pts',(45.1242775355423,-11.7636142279895,57.3472572336932));
#3728=CARTESIAN_POINT('Ctrl Pts',(47.9240809955819,-12.200567382424,57.3967396543181));
#3729=CARTESIAN_POINT('Ctrl Pts',(49.1478645552819,-12.2637753235862,57.4052826333773));
#3730=CARTESIAN_POINT('Ctrl Pts',(40.961635483585,-11.0363479794488,57.4833814832288));
#3731=CARTESIAN_POINT('Ctrl Pts',(42.4738116842765,-11.3124480271795,57.3307731674015));
#3732=CARTESIAN_POINT('Ctrl Pts',(45.1427360011341,-11.9378005334526,57.2968256009077));
#3733=CARTESIAN_POINT('Ctrl Pts',(47.9344163390198,-12.3475094368577,57.326775732286));
#3734=CARTESIAN_POINT('Ctrl Pts',(49.1524608886596,-12.4068389494192,57.3321653795965));
#3735=CARTESIAN_POINT('Ctrl Pts',(40.9712087464802,-11.3400481116866,57.4759888335223));
#3736=CARTESIAN_POINT('Ctrl Pts',(42.4894776964305,-11.5974534798569,57.3084143689863));
#3737=CARTESIAN_POINT('Ctrl Pts',(45.166105681296,-12.1711040874007,57.232247929448));
#3738=CARTESIAN_POINT('Ctrl Pts',(47.9475556073748,-12.545575068779,57.2378303366209));
#3739=CARTESIAN_POINT('Ctrl Pts',(49.1582933487961,-12.5999201045377,57.2392842596238));
#3740=CARTESIAN_POINT('Ctrl Pts',(40.9958766613559,-12.1749334497493,57.456506440378));
#3741=CARTESIAN_POINT('Ctrl Pts',(42.529422785537,-12.380328002452,57.2500768217965));
#3742=CARTESIAN_POINT('Ctrl Pts',(45.2251656804348,-12.8169928043659,57.0659264032605));
#3743=CARTESIAN_POINT('Ctrl Pts',(47.9808560551863,-13.0988587920597,57.0111354162126));
#3744=CARTESIAN_POINT('Ctrl Pts',(49.1731015832123,-13.1400130175105,57.0030476523756));
#3745=CARTESIAN_POINT('Ctrl Pts',(41.019719338143,-13.2362884114848,57.4361588739408));
#3746=CARTESIAN_POINT('Ctrl Pts',(42.566206070638,-13.3739524299689,57.1913131320359));
#3747=CARTESIAN_POINT('Ctrl Pts',(45.2774132022059,-13.6561418290055,56.9068551599979));
#3748=CARTESIAN_POINT('Ctrl Pts',(48.0108713486553,-13.8360200751011,56.8016804989338));
#3749=CARTESIAN_POINT('Ctrl Pts',(49.1864886764064,-13.8622967920456,56.7862895632054));
#3750=CARTESIAN_POINT('Ctrl Pts',(41.0323481825992,-14.2961823286758,57.424916279753));
#3751=CARTESIAN_POINT('Ctrl Pts',(42.5846666991427,-14.3653618073992,57.1594286758782));
#3752=CARTESIAN_POINT('Ctrl Pts',(45.3030037289284,-14.5050899657339,56.825034468156));
#3753=CARTESIAN_POINT('Ctrl Pts',(48.0258199105433,-14.5931892733858,56.695944876588));
#3754=CARTESIAN_POINT('Ctrl Pts',(49.1930854700838,-14.6059799088474,56.6770185931736));
#3755=CARTESIAN_POINT('Ctrl Pts',(41.0360577700467,-14.9014859403346,57.4215682384615));
#3756=CARTESIAN_POINT('Ctrl Pts',(42.590004951315,-14.9311082309226,57.1500279670424));
#3757=CARTESIAN_POINT('Ctrl Pts',(45.3102679624216,-14.9911446872577,56.8013793343685));
#3758=CARTESIAN_POINT('Ctrl Pts',(48.0300425916451,-15.0286220005695,56.6655963931855));
#3759=CARTESIAN_POINT('Ctrl Pts',(49.1949549373544,-15.0339711431596,56.6457110626316));
#3760=CARTESIAN_POINT('Ctrl Pts',(41.0366880685247,-15.2040024396371,57.4209901169429));
#3761=CARTESIAN_POINT('Ctrl Pts',(42.590884193838,-15.2136646576899,57.1483926433441));
#3762=CARTESIAN_POINT('Ctrl Pts',(45.3114690281111,-15.234184816396,56.7974079778149));
#3763=CARTESIAN_POINT('Ctrl Pts',(48.0307485434267,-15.2467825522554,56.660544245956));
#3764=CARTESIAN_POINT('Ctrl Pts',(49.1952625234758,-15.2484684706312,56.6404895655566));
#3765=CARTESIAN_POINT('Ctrl Pts',(41.0366722531361,-15.6576790905595,57.4209942025209));
#3766=CARTESIAN_POINT('Ctrl Pts',(42.5908580192018,-15.6372004586351,57.1483560393714));
#3767=CARTESIAN_POINT('Ctrl Pts',(45.3114698477568,-15.5985202513716,56.7973939158479));
#3768=CARTESIAN_POINT('Ctrl Pts',(48.0307604165362,-15.5739955852572,56.6605543844088));
#3769=CARTESIAN_POINT('Ctrl Pts',(49.1952627066397,-15.570201065032,56.6404876821548));
#3770=CARTESIAN_POINT('Ctrl Pts',(41.0340778854305,-16.2627717318407,57.4233290242768));
#3771=CARTESIAN_POINT('Ctrl Pts',(42.5872085549604,-16.2022179085587,57.1547274786178));
#3772=CARTESIAN_POINT('Ctrl Pts',(45.3066661477976,-16.0849662489521,56.8132479584655));
#3773=CARTESIAN_POINT('Ctrl Pts',(48.0279937626709,-16.010498420217,56.680844056558));
#3774=CARTESIAN_POINT('Ctrl Pts',(49.1940308862542,-15.9992084615606,56.6613849354086));
#3775=CARTESIAN_POINT('Ctrl Pts',(41.0249689117197,-17.0196932607083,57.4313841212006));
#3776=CARTESIAN_POINT('Ctrl Pts',(42.5738381630238,-16.9098974247212,57.1772853345875));
#3777=CARTESIAN_POINT('Ctrl Pts',(45.2883756751756,-16.6913472598131,56.8716824476012));
#3778=CARTESIAN_POINT('Ctrl Pts',(48.0173932527922,-16.5514258450826,56.7565033162973));
#3779=CARTESIAN_POINT('Ctrl Pts',(49.1893142603433,-16.5303962684201,56.7394622371828));
#3780=CARTESIAN_POINT('Ctrl Pts',(41.0144930177972,-17.6256824739637,57.4404258866921));
#3781=CARTESIAN_POINT('Ctrl Pts',(42.5580711178167,-17.4772334270392,57.2031904429571));
#3782=CARTESIAN_POINT('Ctrl Pts',(45.266138856966,-17.1735959802895,56.9403792451003));
#3783=CARTESIAN_POINT('Ctrl Pts',(48.0045016516679,-16.978300132782,56.8464559566236));
#3784=CARTESIAN_POINT('Ctrl Pts',(49.1836097123937,-16.9492547335233,56.8325777594923));
#3785=CARTESIAN_POINT('Ctrl Pts',(41.0066761545542,-18.0046021450577,57.4470506879213));
#3786=CARTESIAN_POINT('Ctrl Pts',(42.5461096301775,-17.8322463435431,57.2223854662833));
#3787=CARTESIAN_POINT('Ctrl Pts',(45.2490296821459,-17.4734720229832,56.9921076536172));
#3788=CARTESIAN_POINT('Ctrl Pts',(47.9946249393581,-17.2420770746952,56.9147424285114));
#3789=CARTESIAN_POINT('Ctrl Pts',(49.1792411619985,-17.2078800571208,56.9033814110902));
#3790=CARTESIAN_POINT('Ctrl Pts',(40.9997001318433,-18.3078491109409,57.452867776156));
#3791=CARTESIAN_POINT('Ctrl Pts',(42.5352955265199,-18.1164894036974,57.2393913830293));
#3792=CARTESIAN_POINT('Ctrl Pts',(45.2333956150309,-17.7122682605126,57.0385324151508));
#3793=CARTESIAN_POINT('Ctrl Pts',(47.9856388589017,-17.4509496049338,56.9764688530313));
#3794=CARTESIAN_POINT('Ctrl Pts',(49.1752672739933,-17.4125146726946,56.9674756714691));
#3795=CARTESIAN_POINT('Ctrl Pts',(40.9941140140908,-18.5353293230528,57.4574722629599));
#3796=CARTESIAN_POINT('Ctrl Pts',(42.5265562376028,-18.3297540023508,57.2529172023244));
#3797=CARTESIAN_POINT('Ctrl Pts',(45.2206955276578,-17.8907707180005,57.0758029918632));
#3798=CARTESIAN_POINT('Ctrl Pts',(47.9783676344392,-17.6064534235415,57.0262805723509));
#3799=CARTESIAN_POINT('Ctrl Pts',(49.1720488190248,-17.5647672054216,57.0192385088863));
#3800=CARTESIAN_POINT('Ctrl Pts',(40.9881851570701,-18.7628595410739,57.4623008476094));
#3801=CARTESIAN_POINT('Ctrl Pts',(42.5171973128908,-18.5431076802096,57.2671766062787));
#3802=CARTESIAN_POINT('Ctrl Pts',(45.2070196524341,-18.0686370771943,57.1154580332052));
#3803=CARTESIAN_POINT('Ctrl Pts',(47.9705671999963,-17.7607233141311,57.0795654252113));
#3804=CARTESIAN_POINT('Ctrl Pts',(49.1685939662134,-17.7157063770354,57.0746595724539));
#3805=CARTESIAN_POINT('Ctrl Pts',(40.9829654533376,-18.9525016369386,57.4664970113127));
#3806=CARTESIAN_POINT('Ctrl Pts',(42.5088788269195,-18.7209554549972,57.2796281958336));
#3807=CARTESIAN_POINT('Ctrl Pts',(45.1948123791921,-18.216296346295,57.1504278294958));
#3808=CARTESIAN_POINT('Ctrl Pts',(47.9636346472003,-17.8881895882611,57.1268331999554));
#3809=CARTESIAN_POINT('Ctrl Pts',(49.1655197193208,-17.840320498412,57.1238613248227));
#3810=CARTESIAN_POINT('Ctrl Pts',(40.9786328400153,-19.1042553440189,57.4699476215327));
#3811=CARTESIAN_POINT('Ctrl Pts',(42.5019331889352,-18.8633119308106,57.2899246366995));
#3812=CARTESIAN_POINT('Ctrl Pts',(45.1845606846652,-18.334068845463,57.1795239443043));
#3813=CARTESIAN_POINT('Ctrl Pts',(47.9578237742209,-17.9894602955552,57.1663299336108));
#3814=CARTESIAN_POINT('Ctrl Pts',(49.1629444709749,-17.9392671074239,57.1650140173193));
#3815=CARTESIAN_POINT('Ctrl Pts',(40.9753043510969,-19.2180830261587,57.4725805080494));
#3816=CARTESIAN_POINT('Ctrl Pts',(42.4965724757511,-18.9700990061008,57.2978024603694));
#3817=CARTESIAN_POINT('Ctrl Pts',(45.1766307208511,-18.4222165728411,57.2018945926449));
#3818=CARTESIAN_POINT('Ctrl Pts',(47.9533377972404,-18.0650559997042,57.1967930751922));
#3819=CARTESIAN_POINT('Ctrl Pts',(49.1609554804695,-18.0130937842708,57.1967689297986));
#3820=CARTESIAN_POINT('Ctrl Pts',(40.972465204967,-19.312946953454,57.4748102702041));
#3821=CARTESIAN_POINT('Ctrl Pts',(42.4919773550354,-19.0590993026,57.3044909352998));
#3822=CARTESIAN_POINT('Ctrl Pts',(45.169822679001,-18.4955178256395,57.2209846814783));
#3823=CARTESIAN_POINT('Ctrl Pts',(47.9494947771397,-18.12774703316,57.2228761278217));
#3824=CARTESIAN_POINT('Ctrl Pts',(49.1592503492579,-18.0742875918175,57.2239689694388));
#3825=CARTESIAN_POINT('Ctrl Pts',(40.9701576086853,-19.388851433372,57.4766140164151));
#3826=CARTESIAN_POINT('Ctrl Pts',(42.4882325359581,-19.1303234171922,57.3099178883085));
#3827=CARTESIAN_POINT('Ctrl Pts',(45.1642562371602,-18.5540649727156,57.2365227501014));
#3828=CARTESIAN_POINT('Ctrl Pts',(47.946354827024,-18.1777102676498,57.2441527014622));
#3829=CARTESIAN_POINT('Ctrl Pts',(49.1578578676077,-18.1230403463317,57.2461690100504));
#3830=CARTESIAN_POINT('Ctrl Pts',(40.9643239784839,-19.578616109152,57.4811564344971));
#3831=CARTESIAN_POINT('Ctrl Pts',(42.4787403714288,-19.308386067506,57.3235992585917));
#3832=CARTESIAN_POINT('Ctrl Pts',(45.150142829571,-18.7002726285937,57.275801699415));
#3833=CARTESIAN_POINT('Ctrl Pts',(47.9384032492458,-18.3023022858441,57.2980360969312));
#3834=CARTESIAN_POINT('Ctrl Pts',(49.1543295735073,-18.2445804463004,57.3023998487954));
#3835=CARTESIAN_POINT('Ctrl Pts',(40.9538654285505,-19.9010406581284,57.4891322689368));
#3836=CARTESIAN_POINT('Ctrl Pts',(42.4614433880959,-19.6107642424034,57.3476370965671));
#3837=CARTESIAN_POINT('Ctrl Pts',(45.124662730713,-18.9475473304635,57.3457990616549));
#3838=CARTESIAN_POINT('Ctrl Pts',(47.924175084059,-18.5116711475493,57.3950143906258));
#3839=CARTESIAN_POINT('Ctrl Pts',(49.1479723439006,-18.4485465512413,57.403563699259));
#3840=CARTESIAN_POINT('Ctrl Pts',(40.9380848698452,-20.356759664877,57.5008470700884));
#3841=CARTESIAN_POINT('Ctrl Pts',(42.4349939686629,-20.038493358568,57.383534560277));
#3842=CARTESIAN_POINT('Ctrl Pts',(45.0850192270782,-19.2934163017303,57.452313762227));
#3843=CARTESIAN_POINT('Ctrl Pts',(47.9020760874426,-18.8004930821603,57.5445131881754));
#3844=CARTESIAN_POINT('Ctrl Pts',(49.1381294660792,-18.7291880549408,57.5600067885038));
#3845=CARTESIAN_POINT('Ctrl Pts',(40.9212626165722,-20.8124971838173,57.512895129809));
#3846=CARTESIAN_POINT('Ctrl Pts',(42.4061854654625,-20.466184139949,57.4208346954415));
#3847=CARTESIAN_POINT('Ctrl Pts',(45.0420035604733,-19.6358102337795,57.5656375134908));
#3848=CARTESIAN_POINT('Ctrl Pts',(47.8782300953598,-19.0820371313126,57.7064223374067));
#3849=CARTESIAN_POINT('Ctrl Pts',(49.1274603975401,-19.0018669844706,57.7296622652566));
#3850=CARTESIAN_POINT('Ctrl Pts',(40.9065025688356,-21.1924284133775,57.5230918295938));
#3851=CARTESIAN_POINT('Ctrl Pts',(42.3804191629218,-20.822757825428,57.4528009069276));
#3852=CARTESIAN_POINT('Ctrl Pts',(45.0036269920092,-19.9181859301427,57.6651887975757));
#3853=CARTESIAN_POINT('Ctrl Pts',(47.8569643308346,-19.3101689078244,57.8512562621365));
#3854=CARTESIAN_POINT('Ctrl Pts',(49.1179227969821,-19.2219467087785,57.8816925843026));
#3855=CARTESIAN_POINT('Ctrl Pts',(40.8966275279066,-21.4395850818236,57.5297365536485));
#3856=CARTESIAN_POINT('Ctrl Pts',(42.3629733660807,-21.0547667501673,57.4738527964606));
#3857=CARTESIAN_POINT('Ctrl Pts',(44.9776257680491,-20.1003001777378,57.7321557284039));
#3858=CARTESIAN_POINT('Ctrl Pts',(47.8424866229964,-19.4551177436308,57.9500035751526));
#3859=CARTESIAN_POINT('Ctrl Pts',(49.1114321514095,-19.3612700884066,57.9855185377999));
#3860=CARTESIAN_POINT('Ctrl Pts',(40.8924091009998,-21.5442049106588,57.5325454428909));
#3861=CARTESIAN_POINT('Ctrl Pts',(42.3554898620286,-21.1529848217994,57.4827906931452));
#3862=CARTESIAN_POINT('Ctrl Pts',(44.9664575067008,-20.1771007932694,57.7608701605819));
#3863=CARTESIAN_POINT('Ctrl Pts',(47.8362472861363,-19.5158422191654,57.9925729752585));
#3864=CARTESIAN_POINT('Ctrl Pts',(49.1086371858408,-19.4195369135353,58.0303102724451));
#3865=CARTESIAN_POINT('Ctrl Pts',(40.8908708373795,-21.5822543695278,57.5335664744083));
#3866=CARTESIAN_POINT('Ctrl Pts',(42.3527575906641,-21.1887067237445,57.4860435260302));
#3867=CARTESIAN_POINT('Ctrl Pts',(44.9623785470345,-20.2050013156507,57.7713529237763));
#3868=CARTESIAN_POINT('Ctrl Pts',(47.8339661591048,-19.5378581208747,58.0081388772743));
#3869=CARTESIAN_POINT('Ctrl Pts',(49.1076155621954,-19.4406503548462,58.0466921107524));
#3870=CARTESIAN_POINT('Ctrl Pts',(40.8885574334845,-21.6393273640141,57.5350978535373));
#3871=CARTESIAN_POINT('Ctrl Pts',(42.3486425513231,-21.2422878851272,57.4909261720509));
#3872=CARTESIAN_POINT('Ctrl Pts',(44.9562433856671,-20.2468227349372,57.7871149130381));
#3873=CARTESIAN_POINT('Ctrl Pts',(47.8305339820079,-19.5708144093445,58.0315751350388));
#3874=CARTESIAN_POINT('Ctrl Pts',(49.1060778901168,-19.4722456556715,58.0713584687871));
#3875=CARTESIAN_POINT('Ctrl Pts',(40.8850622608747,-21.7249213957922,57.5373944817454));
#3876=CARTESIAN_POINT('Ctrl Pts',(42.3423990245472,-21.3226416643282,57.4982641987939));
#3877=CARTESIAN_POINT('Ctrl Pts',(44.9469801231044,-20.3094407861268,57.8108938215636));
#3878=CARTESIAN_POINT('Ctrl Pts',(47.8253492706568,-19.6199918225448,58.0670583600308));
#3879=CARTESIAN_POINT('Ctrl Pts',(49.1037518674524,-19.5193566765073,58.1087079848326));
#3880=CARTESIAN_POINT('Ctrl Pts',(40.8803655206693,-21.8390732931236,57.5404514462475));
#3881=CARTESIAN_POINT('Ctrl Pts',(42.3339738424619,-21.4298039400342,57.5080608684776));
#3882=CARTESIAN_POINT('Ctrl Pts',(44.9345033955892,-20.3927083228335,57.8429052180102));
#3883=CARTESIAN_POINT('Ctrl Pts',(47.8183471160285,-19.6850218703234,58.1150532188729));
#3884=CARTESIAN_POINT('Ctrl Pts',(49.1006099919876,-19.5815618599607,58.1592469486728));
#3885=CARTESIAN_POINT('Ctrl Pts',(40.875629470541,-21.9532325531088,57.5435020099238));
#3886=CARTESIAN_POINT('Ctrl Pts',(42.3254354999296,-21.5369697484442,57.5178677123397));
#3887=CARTESIAN_POINT('Ctrl Pts',(44.9219129779138,-20.4757451045046,57.8752048909701));
#3888=CARTESIAN_POINT('Ctrl Pts',(47.8112628917081,-19.7495002920988,58.1637278913506));
#3889=CARTESIAN_POINT('Ctrl Pts',(49.097428754122,-19.6431485290396,58.2105174445308));
#3890=CARTESIAN_POINT('Ctrl Pts',(40.8708593293002,-22.0674118116487,57.5465437938448));
#3891=CARTESIAN_POINT('Ctrl Pts',(42.3167971554176,-21.644150708797,57.5276750531746));
#3892=CARTESIAN_POINT('Ctrl Pts',(44.9092179179777,-20.5585551249096,57.9077894178554));
#3893=CARTESIAN_POINT('Ctrl Pts',(47.8040964391969,-19.8134240940784,58.2130737013652));
#3894=CARTESIAN_POINT('Ctrl Pts',(49.0942093401512,-19.7041081940455,58.2625116971597));
#3895=CARTESIAN_POINT('Ctrl Pts',(40.8668540063567,-22.1625638571982,57.549070256667));
#3896=CARTESIAN_POINT('Ctrl Pts',(42.3095064085955,-21.7334679140412,57.5358475959923));
#3897=CARTESIAN_POINT('Ctrl Pts',(44.8985619445099,-20.6273683225903,57.9351666817519));
#3898=CARTESIAN_POINT('Ctrl Pts',(47.7980612842269,-19.8662218578021,58.2547494192042));
#3899=CARTESIAN_POINT('Ctrl Pts',(49.0914956974991,-19.7543780910391,58.3064365159449));
#3900=CARTESIAN_POINT('Ctrl Pts',(40.8640412712653,-22.2291953273514,57.5508327091208));
#3901=CARTESIAN_POINT('Ctrl Pts',(42.3043751272012,-21.7960096445933,57.5415568056256));
#3902=CARTESIAN_POINT('Ctrl Pts',(44.891064737023,-20.6754443018172,57.954455637819));
#3903=CARTESIAN_POINT('Ctrl Pts',(47.7937995942304,-19.9029374361082,58.2842091826873));
#3904=CARTESIAN_POINT('Ctrl Pts',(49.089580529346,-19.7892854680064,58.3374936772883));
#3905=CARTESIAN_POINT('Ctrl Pts',(40.8624309134143,-22.2672750588967,57.5518380331341));
#3906=CARTESIAN_POINT('Ctrl Pts',(42.3014334910269,-21.831750861069,57.5448159041864));
#3907=CARTESIAN_POINT('Ctrl Pts',(44.8867706625647,-20.7028886210269,57.9655119722076));
#3908=CARTESIAN_POINT('Ctrl Pts',(47.7913543696521,-19.9238473785078,58.3011250522861));
#3909=CARTESIAN_POINT('Ctrl Pts',(49.0884817653439,-19.809151539286,58.3553285937821));
#3910=CARTESIAN_POINT('Ctrl Pts',(40.8600121115761,-22.324398297707,57.5533443740203));
#3911=CARTESIAN_POINT('Ctrl Pts',(42.297009576911,-21.8853657306356,57.5497030938578));
#3912=CARTESIAN_POINT('Ctrl Pts',(44.8803203535044,-20.7440269132593,57.9821294831547));
#3913=CARTESIAN_POINT('Ctrl Pts',(47.787677389931,-19.9551405309872,58.3265802992312));
#3914=CARTESIAN_POINT('Ctrl Pts',(49.0868292775438,-19.8388693732567,58.3821686706362));
#3915=CARTESIAN_POINT('Ctrl Pts',(40.8571669410503,-22.3909971179121,57.5550980320057));
#3916=CARTESIAN_POINT('Ctrl Pts',(42.2917758287175,-21.9478795038912,57.5554169746844));
#3917=CARTESIAN_POINT('Ctrl Pts',(44.8727740085272,-20.7919158166514,58.0015864649544));
#3918=CARTESIAN_POINT('Ctrl Pts',(47.7833706178803,-19.9914237140555,58.3565141399564));
#3919=CARTESIAN_POINT('Ctrl Pts',(49.084888825793,-19.8733016291809,58.4137364438008));
#3920=CARTESIAN_POINT('Ctrl Pts',(40.8539183124667,-22.467183451787,57.5570929425748));
#3921=CARTESIAN_POINT('Ctrl Pts',(42.2857947514328,-22.0193815671138,57.5619154149133));
#3922=CARTESIAN_POINT('Ctrl Pts',(44.8641144063203,-20.8465579436529,58.0239781944464));
#3923=CARTESIAN_POINT('Ctrl Pts',(47.7784029925984,-20.0326174474607,58.3910473086743));
#3924=CARTESIAN_POINT('Ctrl Pts',(49.0826546250446,-19.9123232788932,58.4501602805706));
#3925=CARTESIAN_POINT('Ctrl Pts',(40.8514668998137,-22.5242928143038,57.5585842931126));
#3926=CARTESIAN_POINT('Ctrl Pts',(42.2812730784932,-22.0729770274486,57.5667804701749));
#3927=CARTESIAN_POINT('Ctrl Pts',(44.8576068971223,-20.8874672795511,58.0408203848022));
#3928=CARTESIAN_POINT('Ctrl Pts',(47.7746615957747,-20.0633635352549,58.4171060843101));
#3929=CARTESIAN_POINT('Ctrl Pts',(49.0809708695303,-19.9414228301937,58.4776494287819));
#3930=CARTESIAN_POINT('Ctrl Pts',(40.8494333070627,-22.5719453720441,57.5598252724617));
#3931=CARTESIAN_POINT('Ctrl Pts',(42.2775039841332,-22.1177008940378,57.5708391741032));
#3932=CARTESIAN_POINT('Ctrl Pts',(44.8521744744479,-20.9215335049235,58.0549269100752));
#3933=CARTESIAN_POINT('Ctrl Pts',(47.7715300075696,-20.0888641285322,58.4389556339092));
#3934=CARTESIAN_POINT('Ctrl Pts',(49.0795611309405,-19.9655339073311,58.5007000887096));
#3935=CARTESIAN_POINT('Ctrl Pts',(40.8477806261379,-22.609976887958,57.5608123878999));
#3936=CARTESIAN_POINT('Ctrl Pts',(42.2744538966505,-22.1533849830009,57.574061079713));
#3937=CARTESIAN_POINT('Ctrl Pts',(44.8478220049993,-20.9487197965927,58.0662097578391));
#3938=CARTESIAN_POINT('Ctrl Pts',(47.7690151041097,-20.10919052187,58.4565119505476));
#3939=CARTESIAN_POINT('Ctrl Pts',(49.0784294565901,-19.9847373479365,58.5192241544093));
#3940=CARTESIAN_POINT('Ctrl Pts',(40.8469891509438,-22.6291380855294,57.5613096188971));
#3941=CARTESIAN_POINT('Ctrl Pts',(42.2729694370964,-22.1713736516899,57.5756951154147));
#3942=CARTESIAN_POINT('Ctrl Pts',(44.8456448254808,-20.9623623765248,58.0719133361544));
#3943=CARTESIAN_POINT('Ctrl Pts',(47.7677547593128,-20.1193333118526,58.4653205787391));
#3944=CARTESIAN_POINT('Ctrl Pts',(49.0778623458266,-19.9943129633199,58.5285163556691));
#3945=CARTESIAN_POINT('Ctrl Pts',(40.8459846280425,-22.6503099710262,57.5618564816247));
#3946=CARTESIAN_POINT('Ctrl Pts',(42.2711551365617,-22.1912182014062,57.5774630786139));
#3947=CARTESIAN_POINT('Ctrl Pts',(44.8431855830785,-20.9775666563309,58.0781922664341));
#3948=CARTESIAN_POINT('Ctrl Pts',(47.7663321631698,-20.130749862564,58.4752611108793));
#3949=CARTESIAN_POINT('Ctrl Pts',(49.0772217344524,-20.0050951360093,58.5390106251655));
#3950=CARTESIAN_POINT('Ctrl Pts',(40.8400267517675,-22.6543560009582,57.5619335528759));
#3951=CARTESIAN_POINT('Ctrl Pts',(42.2632803716119,-22.1936524192242,57.5761386700358));
#3952=CARTESIAN_POINT('Ctrl Pts',(44.8404145384616,-20.9865529352195,58.0783086835086));
#3953=CARTESIAN_POINT('Ctrl Pts',(47.7647811188259,-20.1428547013269,58.4857889309153));
#3954=CARTESIAN_POINT('Ctrl Pts',(49.0765169032912,-20.0168067729546,58.5504571828624));
#3955=CARTESIAN_POINT('Ctrl Pts',(40.8303675168896,-22.6716219494798,57.5626672517154));
#3956=CARTESIAN_POINT('Ctrl Pts',(42.2506067320857,-22.2081410696007,57.5752803454373));
#3957=CARTESIAN_POINT('Ctrl Pts',(44.8351597932323,-21.0083958494394,58.082512631807));
#3958=CARTESIAN_POINT('Ctrl Pts',(47.7617334136797,-20.1671417864394,58.5072015520612));
#3959=CARTESIAN_POINT('Ctrl Pts',(49.0751454223273,-20.0402609721652,58.5735823532469));
#3960=CARTESIAN_POINT('Ctrl Pts',(40.8122355901495,-22.6968930459647,57.5645834771896));
#3961=CARTESIAN_POINT('Ctrl Pts',(42.2277121461216,-22.2293888564,57.5736116416153));
#3962=CARTESIAN_POINT('Ctrl Pts',(44.826555649798,-21.0448449243558,58.0898201650203));
#3963=CARTESIAN_POINT('Ctrl Pts',(47.7565863820826,-20.2090187055843,58.5447723142802));
#3964=CARTESIAN_POINT('Ctrl Pts',(49.0728458757751,-20.0809796829268,58.6142623530736));
#3965=CARTESIAN_POINT('Ctrl Pts',(40.7771451941188,-22.7513185675103,57.5717537255657));
#3966=CARTESIAN_POINT('Ctrl Pts',(42.1864560140632,-22.2791755623356,57.5741891857145));
#3967=CARTESIAN_POINT('Ctrl Pts',(44.8116591168765,-21.1198260552672,58.1126936321318));
#3968=CARTESIAN_POINT('Ctrl Pts',(47.7470690057276,-20.2910464167468,58.6210208505972));
#3969=CARTESIAN_POINT('Ctrl Pts',(49.0686595513055,-20.1614262467012,58.6967869513987));
#3970=CARTESIAN_POINT('Ctrl Pts',(40.7285683129013,-22.8274729847581,57.5917224772665));
#3971=CARTESIAN_POINT('Ctrl Pts',(42.1371751246571,-22.3570305609907,57.5875620035686));
#3972=CARTESIAN_POINT('Ctrl Pts',(44.7961276549115,-21.2249847201728,58.1636563099627));
#3973=CARTESIAN_POINT('Ctrl Pts',(47.736173955785,-20.4032591472866,58.7329874264891));
#3974=CARTESIAN_POINT('Ctrl Pts',(49.0639121795484,-20.2732471588308,58.8178119430526));
#3975=CARTESIAN_POINT('Ctrl Pts',(40.6773741618579,-22.9187269151609,57.633372882258));
#3976=CARTESIAN_POINT('Ctrl Pts',(42.096163477195,-22.4569569374698,57.6303950740358));
#3977=CARTESIAN_POINT('Ctrl Pts',(44.7849827030811,-21.3431308708929,58.2519421581105));
#3978=CARTESIAN_POINT('Ctrl Pts',(47.7277824036898,-20.530895704026,58.8731999935804));
#3979=CARTESIAN_POINT('Ctrl Pts',(49.0603242991657,-20.4022286095391,58.967990002578));
#3980=CARTESIAN_POINT('Ctrl Pts',(40.6421372040934,-22.9890299248608,57.6840373450134));
#3981=CARTESIAN_POINT('Ctrl Pts',(42.075101787412,-22.5351371791017,57.6897999395395));
#3982=CARTESIAN_POINT('Ctrl Pts',(44.781669899031,-21.4297761739829,58.3433789452917));
#3983=CARTESIAN_POINT('Ctrl Pts',(47.7250813422747,-20.6310008128834,58.9953394395188));
#3984=CARTESIAN_POINT('Ctrl Pts',(49.0591685623585,-20.5051134758997,59.097082895194));
#3985=CARTESIAN_POINT('Ctrl Pts',(40.6221675256484,-23.033437354982,57.7277219538201));
#3986=CARTESIAN_POINT('Ctrl Pts',(42.0671748044694,-22.5834451429881,57.7424257430675));
#3987=CARTESIAN_POINT('Ctrl Pts',(44.7824693102884,-21.4827968323194,58.4148758754061));
#3988=CARTESIAN_POINT('Ctrl Pts',(47.7253376642142,-20.6976928719646,59.0836735257515));
#3989=CARTESIAN_POINT('Ctrl Pts',(49.0593443375887,-20.5746175852702,59.1894250964701));
#3990=CARTESIAN_POINT('Ctrl Pts',(40.612117440847,-23.056960646645,57.7548920531187));
#3991=CARTESIAN_POINT('Ctrl Pts',(42.0644402694689,-22.608628229347,57.775274937605));
#3992=CARTESIAN_POINT('Ctrl Pts',(44.7838523255185,-21.510668236749,58.4575038514888));
#3993=CARTESIAN_POINT('Ctrl Pts',(47.7261067900688,-20.7347925239488,59.134950921368));
#3994=CARTESIAN_POINT('Ctrl Pts',(49.0597268869608,-20.6136008448782,59.2427385788211));
#3995=CARTESIAN_POINT('Ctrl Pts',(40.6069878369797,-23.0694488258568,57.7709761788479));
#3996=CARTESIAN_POINT('Ctrl Pts',(42.0635597671051,-22.6218206535366,57.7947310126753));
#3997=CARTESIAN_POINT('Ctrl Pts',(44.7849837490392,-21.5254048821513,58.4820915128387));
#3998=CARTESIAN_POINT('Ctrl Pts',(47.726774894761,-20.7552767339027,59.1640938733597));
#3999=CARTESIAN_POINT('Ctrl Pts',(49.0600479696433,-20.6352517395933,59.2729294231477));
#4000=CARTESIAN_POINT('Ctrl Pts',(40.6037929458797,-23.077454828463,57.7820116214947));
#4001=CARTESIAN_POINT('Ctrl Pts',(42.0632716362014,-22.6301809219074,57.808058612931));
#4002=CARTESIAN_POINT('Ctrl Pts',(44.7858825712725,-21.5348347262939,58.498719219555));
#4003=CARTESIAN_POINT('Ctrl Pts',(47.7273086290155,-20.7687757276031,59.1836449969696));
#4004=CARTESIAN_POINT('Ctrl Pts',(49.0603060928999,-20.6495694687492,59.293139545145));
#4005=CARTESIAN_POINT('Ctrl Pts',(40.6017221114226,-23.0827011413948,57.789451787395));
#4006=CARTESIAN_POINT('Ctrl Pts',(42.0631522332016,-22.6356360505002,57.81703967796));
#4007=CARTESIAN_POINT('Ctrl Pts',(44.7865216421719,-21.5410126392513,58.5098636776286));
#4008=CARTESIAN_POINT('Ctrl Pts',(47.7276900347589,-20.7777319762126,59.1967118286459));
#4009=CARTESIAN_POINT('Ctrl Pts',(49.0604899242599,-20.6590835275118,59.3066349369865));
#4010=CARTESIAN_POINT('Ctrl Pts',(40.5982528733373,-23.0916359045795,57.8026869651317));
#4011=CARTESIAN_POINT('Ctrl Pts',(42.0631307301698,-22.6448642369825,57.8330017101498));
#4012=CARTESIAN_POINT('Ctrl Pts',(44.7877455370161,-21.5515355710572,58.5295163198148));
#4013=CARTESIAN_POINT('Ctrl Pts',(47.7284250428855,-20.7932912307205,59.2196648607952));
#4014=CARTESIAN_POINT('Ctrl Pts',(49.0608424524801,-20.6756513220244,59.3303092685681));
#4015=CARTESIAN_POINT('Ctrl Pts',(40.5953187866828,-23.099453561492,57.8153652247764));
#4016=CARTESIAN_POINT('Ctrl Pts',(42.0634493999461,-22.6528256796761,57.8482583174489));
#4017=CARTESIAN_POINT('Ctrl Pts',(44.7890806110848,-21.5607595865929,58.5480245925458));
#4018=CARTESIAN_POINT('Ctrl Pts',(47.7292348653611,-20.8075259349863,59.2411364753193));
#4019=CARTESIAN_POINT('Ctrl Pts',(49.0612269838191,-20.6908831708318,59.3523982016733));
#4020=CARTESIAN_POINT('Ctrl Pts',(40.5932327178764,-23.1051880602119,57.8253230796793));
#4021=CARTESIAN_POINT('Ctrl Pts',(42.0639059245775,-22.6585840925035,57.8602065735104));
#4022=CARTESIAN_POINT('Ctrl Pts',(44.7902212396243,-21.5675396719958,58.5623974176703));
#4023=CARTESIAN_POINT('Ctrl Pts',(47.7299250047362,-20.8183534414207,59.2577438735921));
#4024=CARTESIAN_POINT('Ctrl Pts',(49.0615556673864,-20.7025115523854,59.3694496536487));
#4025=CARTESIAN_POINT('Ctrl Pts',(40.5926184003707,-23.1068900761997,57.8283239088275));
#4026=CARTESIAN_POINT('Ctrl Pts',(42.0640574739779,-22.6602872556528,57.8638047488273));
#4027=CARTESIAN_POINT('Ctrl Pts',(44.7905709381878,-21.5695528406439,58.5667183086687));
#4028=CARTESIAN_POINT('Ctrl Pts',(47.7301363717191,-20.8215936116779,59.2627321239721));
#4029=CARTESIAN_POINT('Ctrl Pts',(49.0616564637555,-20.7059941723156,59.374569081249));
#4030=CARTESIAN_POINT('Ctrl Pts',(40.5920152349015,-23.1085722037121,57.8313383241309));
#4031=CARTESIAN_POINT('Ctrl Pts',(42.0642217980306,-22.6619655798969,57.8674171090904));
#4032=CARTESIAN_POINT('Ctrl Pts',(44.7909284522283,-21.571544271835,58.5710475004561));
#4033=CARTESIAN_POINT('Ctrl Pts',(47.7303525918681,-20.8248254674538,59.2677263814664));
#4034=CARTESIAN_POINT('Ctrl Pts',(49.0617594503616,-20.7094708767458,59.3796924786764));
#4035=CARTESIAN_POINT('Ctrl Pts',(40.5908314811754,-23.1118974205397,57.8373938814406));
#4036=CARTESIAN_POINT('Ctrl Pts',(42.0645772773326,-22.6652726272181,57.8746691992563));
#4037=CARTESIAN_POINT('Ctrl Pts',(44.7916589282423,-21.5754840962836,58.5797225719756));
#4038=CARTESIAN_POINT('Ctrl Pts',(47.7307943450701,-20.8312727314052,59.2777268523696));
#4039=CARTESIAN_POINT('Ctrl Pts',(49.0619698016961,-20.7164124575333,59.3899472042077));
#4040=CARTESIAN_POINT('Ctrl Pts',(40.5891391075133,-23.1167320933498,57.8465775809545));
#4041=CARTESIAN_POINT('Ctrl Pts',(42.0652039249615,-22.6700454404214,57.8856513704747));
#4042=CARTESIAN_POINT('Ctrl Pts',(44.7928137859981,-21.5812285134208,58.5927942625212));
#4043=CARTESIAN_POINT('Ctrl Pts',(47.7314940166499,-20.8408812688406,59.2927719307209));
#4044=CARTESIAN_POINT('Ctrl Pts',(49.0623017377654,-20.7267803758968,59.4053589143847));
#4045=CARTESIAN_POINT('Ctrl Pts',(40.5875825451326,-23.121323980442,57.8559127979694));
#4046=CARTESIAN_POINT('Ctrl Pts',(42.0659897172682,-22.6745133127492,57.8967822155703));
#4047=CARTESIAN_POINT('Ctrl Pts',(44.794062527874,-21.5867107226515,58.6059556898933));
#4048=CARTESIAN_POINT('Ctrl Pts',(47.7322494463729,-20.8503904599593,59.3078882339298));
#4049=CARTESIAN_POINT('Ctrl Pts',(49.0626598687442,-20.7370770519638,59.4208176372225));
#4050=CARTESIAN_POINT('Ctrl Pts',(40.5866023105544,-23.1242844312981,57.8621954210969));
#4051=CARTESIAN_POINT('Ctrl Pts',(42.0665827406921,-22.677362542112,57.9042571616279));
#4052=CARTESIAN_POINT('Ctrl Pts',(44.7949340815214,-21.5902570218768,58.6147649583286));
#4053=CARTESIAN_POINT('Ctrl Pts',(47.7327751321095,-20.8566883293489,59.3179959319465));
#4054=CARTESIAN_POINT('Ctrl Pts',(49.0629095091083,-20.7439117628255,59.4311428686593));
#4055=CARTESIAN_POINT('Ctrl Pts',(40.5861235611289,-23.1257438718219,57.8653485499156));
#4056=CARTESIAN_POINT('Ctrl Pts',(42.0668925194363,-22.6787612591327,57.9080056362652));
#4057=CARTESIAN_POINT('Ctrl Pts',(44.795377761297,-21.5920080792125,58.6191762365833));
#4058=CARTESIAN_POINT('Ctrl Pts',(47.7330425666057,-20.8598289536079,59.3230556706965));
#4059=CARTESIAN_POINT('Ctrl Pts',(49.0630365048633,-20.7473231613297,59.4363093547082));
#4060=CARTESIAN_POINT('Ctrl Pts',(40.5857340704665,-23.1269426031081,57.8679858745501));
#4061=CARTESIAN_POINT('Ctrl Pts',(42.0671616120965,-22.679905125065,57.9111382872729));
#4062=CARTESIAN_POINT('Ctrl Pts',(44.7957541163723,-21.5934488293501,58.6228576787743));
#4063=CARTESIAN_POINT('Ctrl Pts',(47.7332692725144,-20.8624391697168,59.3272770750604));
#4064=CARTESIAN_POINT('Ctrl Pts',(49.0631441464007,-20.7501610252841,59.4406179764972));
#4065=CARTESIAN_POINT('Ctrl Pts',(40.5854663760574,-23.1277724075852,57.8698370586093));
#4066=CARTESIAN_POINT('Ctrl Pts',(42.06735566987,-22.6806944702064,57.9133358243048));
#4067=CARTESIAN_POINT('Ctrl Pts',(44.7960210490912,-21.5944475572609,58.6254373991754));
#4068=CARTESIAN_POINT('Ctrl Pts',(47.733430008076,-20.8642626988671,59.3302345662553));
#4069=CARTESIAN_POINT('Ctrl Pts',(49.0632204458334,-20.7521449193078,59.4436356957672));
#4070=CARTESIAN_POINT('Ctrl Pts',(40.585314921123,-23.1282442855512,57.870896196628));
#4071=CARTESIAN_POINT('Ctrl Pts',(42.067468537401,-22.6811421453802,57.9145925277657));
#4072=CARTESIAN_POINT('Ctrl Pts',(44.7961745401777,-21.5950157297388,58.626912426405));
#4073=CARTESIAN_POINT('Ctrl Pts',(47.7335223105207,-20.8653036266658,59.3319254510918));
#4074=CARTESIAN_POINT('Ctrl Pts',(49.0632643170961,-20.7532778303816,59.445360589649));
#4075=CARTESIAN_POINT('Ctrl Pts',(40.580416230581,-23.1434960095699,57.9053573013894));
#4076=CARTESIAN_POINT('Ctrl Pts',(42.071146314536,-22.6956294250974,57.9554883504954));
#4077=CARTESIAN_POINT('Ctrl Pts',(44.8011875095755,-21.6134013040309,58.6748574141135));
#4078=CARTESIAN_POINT('Ctrl Pts',(47.7365440604956,-20.8991147407125,59.3868830246616));
#4079=CARTESIAN_POINT('Ctrl Pts',(49.0646960019475,-20.7900810175024,59.5014298771832));
#4080=CARTESIAN_POINT('Ctrl Pts',(40.5767308429018,-23.1574607867551,57.95068727887));
#4081=CARTESIAN_POINT('Ctrl Pts',(42.0782406988289,-22.7079320295038,58.0087036299845));
#4082=CARTESIAN_POINT('Ctrl Pts',(44.809147271622,-21.6311312041171,58.7354991642632));
#4083=CARTESIAN_POINT('Ctrl Pts',(47.7413863404838,-20.9392223274701,59.4560880166671));
#4084=CARTESIAN_POINT('Ctrl Pts',(49.0669394473226,-20.8343659629529,59.5717008162839));
#4085=CARTESIAN_POINT('Ctrl Pts',(40.5761548317711,-23.1660010180798,58.0015972791157));
#4086=CARTESIAN_POINT('Ctrl Pts',(42.0900862939026,-22.7132506034017,58.0667899679979));
#4087=CARTESIAN_POINT('Ctrl Pts',(44.8203508163495,-21.6438291810576,58.8019394646509));
#4088=CARTESIAN_POINT('Ctrl Pts',(47.7478494216755,-20.9805174139681,59.5335245365697));
#4089=CARTESIAN_POINT('Ctrl Pts',(49.0700077754468,-20.8809973145742,59.6495506549804));
#4090=CARTESIAN_POINT('Ctrl Pts',(40.576306012372,-23.1683303567787,58.0203311040608));
#4091=CARTESIAN_POINT('Ctrl Pts',(42.0947848702545,-22.7143375754962,58.087976522579));
#4092=CARTESIAN_POINT('Ctrl Pts',(44.8247028262721,-21.6477142618984,58.8261143911377));
#4093=CARTESIAN_POINT('Ctrl Pts',(47.7503392182553,-20.9952663662781,59.5618663172673));
#4094=CARTESIAN_POINT('Ctrl Pts',(49.071189715169,-20.897760775722,59.6779718950109));
#4095=CARTESIAN_POINT('Ctrl Pts',(40.5767138992382,-23.1701409416784,58.0388379399074));
#4096=CARTESIAN_POINT('Ctrl Pts',(42.0998003409425,-22.7148411847074,58.1088452790671));
#4097=CARTESIAN_POINT('Ctrl Pts',(44.8292573999298,-21.6510349251399,58.8500925305076));
#4098=CARTESIAN_POINT('Ctrl Pts',(47.7529172313524,-21.0098186888604,59.5903080855923));
#4099=CARTESIAN_POINT('Ctrl Pts',(49.0724156568705,-20.9143906922628,59.7064591972061));
#4100=CARTESIAN_POINT('Ctrl Pts',(40.5776283829051,-23.1714259438512,58.0632659519492));
#4101=CARTESIAN_POINT('Ctrl Pts',(42.1063999044653,-22.7144860516884,58.1359389531528));
#4102=CARTESIAN_POINT('Ctrl Pts',(44.8352564337902,-21.6545023524279,58.8806067551787));
#4103=CARTESIAN_POINT('Ctrl Pts',(47.7563180569925,-21.0277281317134,59.6261546811765));
#4104=CARTESIAN_POINT('Ctrl Pts',(49.0740293815159,-20.9349492720783,59.74222927436));
#4105=CARTESIAN_POINT('Ctrl Pts',(40.5789494057619,-23.1713895785004,58.080309871612));
#4106=CARTESIAN_POINT('Ctrl Pts',(42.112579265341,-22.7129835516962,58.1550402849385));
#4107=CARTESIAN_POINT('Ctrl Pts',(44.8405616368736,-21.6557145155678,58.9034704272528));
#4108=CARTESIAN_POINT('Ctrl Pts',(47.759202377462,-21.0415680240829,59.6548963740979));
#4109=CARTESIAN_POINT('Ctrl Pts',(49.0754070902693,-20.9511039807943,59.7709289314529));
#4110=CARTESIAN_POINT('Ctrl Pts',(40.5799180293061,-23.171013060103,58.0989326161602));
#4111=CARTESIAN_POINT('Ctrl Pts',(42.1167242645411,-22.7117154004694,58.1747519745829));
#4112=CARTESIAN_POINT('Ctrl Pts',(44.8445202521391,-21.6575056559906,58.9239111807716));
#4113=CARTESIAN_POINT('Ctrl Pts',(47.7615028751005,-21.0522908350765,59.6773588040017));
#4114=CARTESIAN_POINT('Ctrl Pts',(49.0764917849514,-20.9634370858303,59.7930681664185));
#4115=CARTESIAN_POINT('Ctrl Pts',(40.5798327090235,-23.1708967144208,58.1303163823509));
#4116=CARTESIAN_POINT('Ctrl Pts',(42.1169776606475,-22.7117781114928,58.2056345234295));
#4117=CARTESIAN_POINT('Ctrl Pts',(44.8464215329481,-21.662828792246,58.9481072491613));
#4118=CARTESIAN_POINT('Ctrl Pts',(47.7631856370289,-21.060596757612,59.6941817902786));
#4119=CARTESIAN_POINT('Ctrl Pts',(49.0772352611895,-20.972188395511,59.8088445830756));
#4120=CARTESIAN_POINT('Ctrl Pts',(40.5802044255106,-23.1705627826046,58.1797814463449));
#4121=CARTESIAN_POINT('Ctrl Pts',(42.1193559055188,-22.7112277453493,58.2549992574011));
#4122=CARTESIAN_POINT('Ctrl Pts',(44.8508102608585,-21.6704799838086,58.9893146303663));
#4123=CARTESIAN_POINT('Ctrl Pts',(47.7664659283583,-21.0764505555443,59.7269986420734));
#4124=CARTESIAN_POINT('Ctrl Pts',(49.0787180051553,-20.9894015062253,59.8401718843817));
#4125=CARTESIAN_POINT('Ctrl Pts',(40.5805557305322,-23.1700343512665,58.2734736452974));
#4126=CARTESIAN_POINT('Ctrl Pts',(42.1224719661517,-22.7106352817756,58.3480303224133));
#4127=CARTESIAN_POINT('Ctrl Pts',(44.8581190298221,-21.6853183579197,59.0653654815712));
#4128=CARTESIAN_POINT('Ctrl Pts',(47.7721930034708,-21.1042531358616,59.78505855313));
#4129=CARTESIAN_POINT('Ctrl Pts',(49.081287143112,-21.0192914688593,59.8953360322608));
#4130=CARTESIAN_POINT('Ctrl Pts',(40.5814575141204,-23.1689417237935,58.4553054465665));
#4131=CARTESIAN_POINT('Ctrl Pts',(42.1293530202804,-22.7091948753129,58.5289042576837));
#4132=CARTESIAN_POINT('Ctrl Pts',(44.8727869363711,-21.7132415304745,59.2147417338403));
#4133=CARTESIAN_POINT('Ctrl Pts',(47.7834140589924,-21.1584248218297,59.9014174714698));
#4134=CARTESIAN_POINT('Ctrl Pts',(49.086332670122,-21.0777056295585,60.0062621920131));
#4135=CARTESIAN_POINT('Ctrl Pts',(40.5825304548749,-23.1674286479272,58.718346778705));
#4136=CARTESIAN_POINT('Ctrl Pts',(42.1383202365045,-22.7073824312748,58.790298490333));
#4137=CARTESIAN_POINT('Ctrl Pts',(44.892964128551,-21.7523314233755,59.43069249831));
#4138=CARTESIAN_POINT('Ctrl Pts',(47.7988459192854,-21.2326143408212,60.0695629300695));
#4139=CARTESIAN_POINT('Ctrl Pts',(49.0932591007739,-21.1574570037881,60.1668025383031));
#4140=CARTESIAN_POINT('Ctrl Pts',(40.5837942139003,-23.1657093244258,59.0318331599134));
#4141=CARTESIAN_POINT('Ctrl Pts',(42.148727668507,-22.7052020510524,59.1017470043945));
#4142=CARTESIAN_POINT('Ctrl Pts',(44.9161249238618,-21.7962672598593,59.689812902651));
#4143=CARTESIAN_POINT('Ctrl Pts',(47.8163005969385,-21.3160306052531,60.2738220084161));
#4144=CARTESIAN_POINT('Ctrl Pts',(49.1010937609532,-21.2470413986798,60.3624123002674));
#4145=CARTESIAN_POINT('Ctrl Pts',(40.5849274987383,-23.1641384465606,59.3459065952029));
#4146=CARTESIAN_POINT('Ctrl Pts',(42.1583118990887,-22.7031545513141,59.4134645990623));
#4147=CARTESIAN_POINT('Ctrl Pts',(44.937987120689,-21.8377475187925,59.9502813944143));
#4148=CARTESIAN_POINT('Ctrl Pts',(47.8326762283065,-21.3938577510502,60.4806196085706));
#4149=CARTESIAN_POINT('Ctrl Pts',(49.1084241278754,-21.3304398468974,60.5608467108283));
#4150=CARTESIAN_POINT('Ctrl Pts',(40.5857722383051,-23.1628166567001,59.6070921275364));
#4151=CARTESIAN_POINT('Ctrl Pts',(42.1659013571382,-22.7015473110076,59.6725067872025));
#4152=CARTESIAN_POINT('Ctrl Pts',(44.9550257985501,-21.8698418975569,60.1677329252119));
#4153=CARTESIAN_POINT('Ctrl Pts',(47.8452510148376,-21.4539072242826,60.6547468666573));
#4154=CARTESIAN_POINT('Ctrl Pts',(49.1140933124232,-21.3946873023361,60.728369383897));
#4155=CARTESIAN_POINT('Ctrl Pts',(40.5863315242348,-23.1620111505981,59.7898890135145));
#4156=CARTESIAN_POINT('Ctrl Pts',(42.1708068397742,-22.7004576715826,59.8536052586825));
#4157=CARTESIAN_POINT('Ctrl Pts',(44.966317268417,-21.891111476206,60.320283001034));
#4158=CARTESIAN_POINT('Ctrl Pts',(47.8535814808025,-21.493386057595,60.7776272497103));
#4159=CARTESIAN_POINT('Ctrl Pts',(49.1178220651035,-21.436868627634,60.8466864415585));
#4160=CARTESIAN_POINT('Ctrl Pts',(40.586640367262,-23.1615687256679,59.8942761197843));
#4161=CARTESIAN_POINT('Ctrl Pts',(42.1735200684619,-22.6998470543324,59.9569736990586));
#4162=CARTESIAN_POINT('Ctrl Pts',(44.9725794494283,-21.9028911572836,60.40750207161));
#4163=CARTESIAN_POINT('Ctrl Pts',(47.8581897144552,-21.5152053384017,60.8480986795323));
#4164=CARTESIAN_POINT('Ctrl Pts',(49.1198831853699,-21.4601682031193,60.9145819115666));
#4165=CARTESIAN_POINT('Ctrl Pts',(40.5873877274142,-23.1604784328003,60.1552077796016));
#4166=CARTESIAN_POINT('Ctrl Pts',(42.1801649058336,-22.6983492408435,60.2152751293552));
#4167=CARTESIAN_POINT('Ctrl Pts',(44.9879044032324,-21.9317170475165,60.6256578925993));
#4168=CARTESIAN_POINT('Ctrl Pts',(47.869438492528,-21.5685162899916,61.0246829003159));
#4169=CARTESIAN_POINT('Ctrl Pts',(49.1249191981727,-21.5170738131288,61.0847872099129));
#4170=CARTESIAN_POINT('Ctrl Pts',(40.5881633973963,-23.1589453571121,60.4941810563515));
#4171=CARTESIAN_POINT('Ctrl Pts',(42.1883782104425,-22.6966321517157,60.5503652221061));
#4172=CARTESIAN_POINT('Ctrl Pts',(45.0057648721436,-21.9653423024335,60.9097682845427));
#4173=CARTESIAN_POINT('Ctrl Pts',(47.882178404972,-21.6304868066055,61.2563724269357));
#4174=CARTESIAN_POINT('Ctrl Pts',(49.1307757946987,-21.583159204122,61.3087181851985));
#4175=CARTESIAN_POINT('Ctrl Pts',(40.589002657696,-23.1575993847862,60.9104347940732));
#4176=CARTESIAN_POINT('Ctrl Pts',(42.196448046966,-22.6947035801928,60.9607404842521));
#4177=CARTESIAN_POINT('Ctrl Pts',(45.024437437887,-22.000438563586,61.2596026885709));
#4178=CARTESIAN_POINT('Ctrl Pts',(47.8956029271179,-21.6945177959098,61.5448634146414));
#4179=CARTESIAN_POINT('Ctrl Pts',(49.1368003083709,-21.6512551097409,61.5878305240248));
#4180=CARTESIAN_POINT('Ctrl Pts',(40.5896937795989,-23.1563482555512,61.3261938177391));
#4181=CARTESIAN_POINT('Ctrl Pts',(42.2036262852889,-22.6930018370373,61.3698481519097));
#4182=CARTESIAN_POINT('Ctrl Pts',(45.0407041821677,-22.0310521380144,61.6093180050748));
#4183=CARTESIAN_POINT('Ctrl Pts',(47.9071354138346,-21.7502049215754,61.8350580533999));
#4184=CARTESIAN_POINT('Ctrl Pts',(49.142024357025,-21.7104393457227,61.8689834766311));
#4185=CARTESIAN_POINT('Ctrl Pts',(40.5906081163707,-23.1547184985403,62.0521893794429));
#4186=CARTESIAN_POINT('Ctrl Pts',(42.213219334241,-22.6905577368196,62.082002134265));
#4187=CARTESIAN_POINT('Ctrl Pts',(45.0628645313903,-22.0727755649896,62.2203620121063));
#4188=CARTESIAN_POINT('Ctrl Pts',(47.9227478200321,-21.8256186699708,62.3468883743086));
#4189=CARTESIAN_POINT('Ctrl Pts',(49.1490468418495,-21.7904371545564,62.3655741559673));
#4190=CARTESIAN_POINT('Ctrl Pts',(40.5906964865819,-23.1534894485999,62.6719757426791));
#4191=CARTESIAN_POINT('Ctrl Pts',(42.2179568833349,-22.6898239591574,62.6853127569305));
#4192=CARTESIAN_POINT('Ctrl Pts',(45.0702055881294,-22.0868898354937,62.7404143884863));
#4193=CARTESIAN_POINT('Ctrl Pts',(47.9269220750727,-21.851338062847,62.7889558022189));
#4194=CARTESIAN_POINT('Ctrl Pts',(49.1513948437241,-21.8180245300931,62.796336017528));
#4195=CARTESIAN_POINT('Ctrl Pts',(40.5906964865819,-23.1534894485999,63.0833076905287));
#4196=CARTESIAN_POINT('Ctrl Pts',(42.2179568833349,-22.6898239591574,63.0833076905287));
#4197=CARTESIAN_POINT('Ctrl Pts',(45.0702055881294,-22.0868898354937,63.0833076905287));
#4198=CARTESIAN_POINT('Ctrl Pts',(47.9269220750727,-21.851338062847,63.0833076905287));
#4199=CARTESIAN_POINT('Ctrl Pts',(49.1513948437241,-21.8180245300931,63.0833076905287));
#4200=CARTESIAN_POINT('Ctrl Pts',(41.0562191917874,-23.0241147152553,63.0833076905287));
#4201=CARTESIAN_POINT('Ctrl Pts',(42.5287671056571,-22.6252154157562,63.0833076905287));
#4202=CARTESIAN_POINT('Ctrl Pts',(44.0033508617849,-22.3238783623141,63.0833076905287));
#4203=CARTESIAN_POINT('Ctrl Pts',(45.4791285564548,-22.1207179732616,63.0833076905287));
#4204=CARTESIAN_POINT('Ctrl Pts',(46.6709148303625,-21.9566527729614,63.0833076905287));
#4205=CARTESIAN_POINT('Ctrl Pts',(47.8634797445145,-21.8566145717386,63.0833076905287));
#4206=CARTESIAN_POINT('Ctrl Pts',(49.0562179867252,-21.8207501764851,63.0833076905287));
#4207=CARTESIAN_POINT('Origin',(39.0562179868964,-6.35571609474204,80.0833076905287));
#4208=CARTESIAN_POINT('',(39.0562179868964,-6.35571609474204,82.0833076905287));
#4209=CARTESIAN_POINT('',(39.0562179868964,-4.35571609474204,80.0833076905287));
#4210=CARTESIAN_POINT('Origin',(39.0562179868964,-24.355716094742,82.0833076905287));
#4211=CARTESIAN_POINT('',(39.0562179868964,-24.355716094742,82.0833076905287));
#4212=CARTESIAN_POINT('Origin',(39.0562179868964,-24.355716094742,80.0833076905287));
#4213=CARTESIAN_POINT('',(39.0562179868964,-26.355716094742,80.0833076905287));
#4214=CARTESIAN_POINT('Origin',(39.0562179868964,-26.355716094742,46.0833076905287));
#4215=CARTESIAN_POINT('',(39.0562179868964,-26.355716094742,46.0833076905287));
#4216=CARTESIAN_POINT('Origin',(39.0562179868964,-15.355716094742,75.8333076905287));
#4217=CARTESIAN_POINT('',(39.0562179868964,-16.955716094742,75.8333076905287));
#4218=CARTESIAN_POINT('Origin',(39.0562179868964,-15.355716094742,50.3333076905287));
#4219=CARTESIAN_POINT('',(39.0562179868964,-16.955716094742,50.3333076905287));
#4220=CARTESIAN_POINT('Origin',(39.0562179868964,-24.355716094742,46.0833076905287));
#4221=CARTESIAN_POINT('',(39.0562179868964,-24.355716094742,44.0833076905287));
#4222=CARTESIAN_POINT('Origin',(39.0562179868964,-6.35571609474204,44.0833076905287));
#4223=CARTESIAN_POINT('',(39.0562179868964,-6.35571609474204,44.0833076905287));
#4224=CARTESIAN_POINT('Origin',(39.0562179868964,-6.35571609474204,46.0833076905287));
#4225=CARTESIAN_POINT('',(39.0562179868964,-4.35571609474204,46.0833076905287));
#4226=CARTESIAN_POINT('Origin',(39.0562179868964,-4.35571609474204,80.0833076905287));
#4227=UNCERTAINTY_MEASURE_WITH_UNIT(LENGTH_MEASURE(0.01),#4231,
'DISTANCE_ACCURACY_VALUE',
'Maximum model space distance between geometric entities at asserted c
onnectivities');
#4228=UNCERTAINTY_MEASURE_WITH_UNIT(LENGTH_MEASURE(0.01),#4231,
'DISTANCE_ACCURACY_VALUE',
'Maximum model space distance between geometric entities at asserted c
onnectivities');
#4229=(
GEOMETRIC_REPRESENTATION_CONTEXT(3)
GLOBAL_UNCERTAINTY_ASSIGNED_CONTEXT((#4227))
GLOBAL_UNIT_ASSIGNED_CONTEXT((#4231,#4233,#4234))
REPRESENTATION_CONTEXT('','3D')
);
#4230=(
GEOMETRIC_REPRESENTATION_CONTEXT(3)
GLOBAL_UNCERTAINTY_ASSIGNED_CONTEXT((#4228))
GLOBAL_UNIT_ASSIGNED_CONTEXT((#4231,#4233,#4234))
REPRESENTATION_CONTEXT('','3D')
);
#4231=(
LENGTH_UNIT()
NAMED_UNIT(*)
SI_UNIT(.MILLI.,.METRE.)
);
#4232=(
LENGTH_UNIT()
NAMED_UNIT(*)
SI_UNIT($,.METRE.)
);
#4233=(
NAMED_UNIT(*)
PLANE_ANGLE_UNIT()
SI_UNIT($,.RADIAN.)
);
#4234=(
NAMED_UNIT(*)
SI_UNIT($,.STERADIAN.)
SOLID_ANGLE_UNIT()
);
#4235=SHAPE_DEFINITION_REPRESENTATION(#4236,#4237);
#4236=PRODUCT_DEFINITION_SHAPE('',$,#4239);
#4237=SHAPE_REPRESENTATION('',(#998),#4229);
#4238=PRODUCT_DEFINITION_CONTEXT('part definition',#4243,'design');
#4239=PRODUCT_DEFINITION('Intake','Intake',#4240,#4238);
#4240=PRODUCT_DEFINITION_FORMATION('',$,#4245);
#4241=PRODUCT_RELATED_PRODUCT_CATEGORY('Intake','Intake',(#4245));
#4242=APPLICATION_PROTOCOL_DEFINITION('international standard',
'automotive_design',2009,#4243);
#4243=APPLICATION_CONTEXT(
'Core Data for Automotive Mechanical Design Process');
#4244=PRODUCT_CONTEXT('part definition',#4243,'mechanical');
#4245=PRODUCT('Intake','Intake',$,(#4244));
#4246=PRESENTATION_STYLE_ASSIGNMENT((#4247));
#4247=SURFACE_STYLE_USAGE(.BOTH.,#4248);
#4248=SURFACE_SIDE_STYLE('',(#4249));
#4249=SURFACE_STYLE_FILL_AREA(#4250);
#4250=FILL_AREA_STYLE('Steel - Satin',(#4251));
#4251=FILL_AREA_STYLE_COLOUR('Steel - Satin',#4252);
#4252=COLOUR_RGB('Steel - Satin',0.627450980392157,0.627450980392157,0.627450980392157);
ENDSEC;
END-ISO-10303-21;
